{
  "type": "minecraft:jigsaw",
  "biomes": "#ati_structures:sinking_temple",
  "max_distance_from_center": 80,
  "project_start_to_heightmap": "WORLD_SURFACE_WG",
  "size": 7,
  "spawn_overrides": {
    "monster": {
      "bounding_box": "full",
      "spawns": [
        {
          "type": "minecraft:drowned",
          "weight": 1,
          "minCount": 1,
          "maxCount": 2
        }
      ]
    }
  },
  "start_height": {
    "absolute": 0
  },
  "start_pool": "ati_structures:sinking_temple",
  "step": "surface_structures",
  "terrain_adaptation": "none",
  "use_expansion_hack": true
}