{"format_version":"1.8.0","animations":{"animation.mantine.ground_idle":{"loop":true,"animation_length":4,"bones":{"RightArm":{"rotation":[0,0,-22.5]},"RightArm2":{"rotation":[0,0,-12.5]},"RightArm3":{"rotation":[0,0,-7.5]},"LeftArm":{"rotation":[0,0,22.5]},"LeftArm2":{"rotation":[0,0,12.5]},"LeftArm3":{"rotation":[0,0,7.5]},"Tail":{"rotation":[22.5,0,0]},"Tail2":{"rotation":[-10,0,0]},"Tail4":{"rotation":[-10,0,0]},"Tail5":{"rotation":[-2.5,0,0]},"AntennaLeft":{"rotation":["-22.2+math.cos(q.anim_time*90)*5",-22.5,0]},"AntennaLeft2":{"rotation":["-45+math.sin(q.anim_time*90)*5",0,0]},"AntennaRight":{"rotation":["-22.2+math.cos(q.anim_time*90)*5",22.5,0]},"AntennaRight2":{"rotation":["-45+math.sin(q.anim_time*90)*5",0,0]}}},"animation.mantine.battle_idle":{"loop":true,"animation_length":4,"bones":{"RightArm":{"rotation":[0,0,-22.5]},"RightArm2":{"rotation":[0,0,-12.5]},"RightArm3":{"rotation":[0,0,-7.5]},"LeftArm":{"rotation":[0,0,22.5]},"LeftArm2":{"rotation":[0,0,12.5]},"LeftArm3":{"rotation":[0,0,7.5]},"Tail":{"rotation":["-22.5+math.cos(q.anim_time*90*4)",0,0]},"Tail2":{"rotation":["-22.5+math.cos(q.anim_time*90*4)",0,0]},"Tail4":{"rotation":["-22.5+math.sin(q.anim_time*90*4)",0,0]},"Tail5":{"rotation":["-22.5+math.sin(q.anim_time*90*4)",0,0]},"AntennaLeft":{"rotation":["22.2+math.cos(q.anim_time*90)*5",-22.5,0]},"AntennaLeft2":{"rotation":["45+math.sin(q.anim_time*90)*5",0,0]},"AntennaRight":{"rotation":["22.2+math.cos(q.anim_time*90)*5",22.5,0]},"AntennaRight2":{"rotation":["45+math.sin(q.anim_time*90)*5",0,0]},"Tail3":{"rotation":["-22.5+math.sin(q.anim_time*90*4)",0,0]},"Angry_eyeLeft":{"position":[0,0,0.1]},"Angry_eyeRight":{"position":[0,0,0.1]}}},"animation.mantine.ground_walk":{"loop":true,"animation_length":2,"bones":{"RightArm":{"rotation":["math.cos(q.anim_time*90*2)*10","math.cos(q.anim_time*90*2)*20","-27.5-math.sin(q.anim_time*90*2)*10+math.clamp(-math.sin(q.anim_time*90*2)*15,0,15)"]},"RightArm2":{"rotation":[0,0,"-12.5+math.sin(q.anim_time*90*2-90)*10"]},"RightArm3":{"rotation":[0,0,"-7.5+math.sin(q.anim_time*90*2-180)*10"]},"LeftArm":{"rotation":["math.cos(q.anim_time*90*2)*10","-math.cos(q.anim_time*90*2)*20","27.5+math.sin(q.anim_time*90*2)*10-math.clamp(-math.sin(q.anim_time*90*2)*15,0,15)"]},"LeftArm2":{"rotation":[0,0,"12.5-math.sin(q.anim_time*90*2-90)*10"]},"LeftArm3":{"rotation":[0,0,"7.5-math.sin(q.anim_time*90*2-180)*10"]},"Tail":{"rotation":["22.5+math.clamp(math.sin(q.anim_time*90*2)*10,0,10)",0,0]},"Tail2":{"rotation":["-10-math.clamp(math.sin(q.anim_time*90*2-45)*10,0,10)",0,0]},"Tail4":{"rotation":["-10-math.clamp(math.sin(q.anim_time*90*2-90)*10,0,10)",0,0]},"Tail5":{"rotation":["-2.5-math.clamp(math.sin(q.anim_time*90*2-90)*10,0,10)",0,0]},"AntennaLeft":{"rotation":["-22.2+math.sin(q.anim_time*90*2)*7.5",-22.5,0]},"AntennaLeft2":{"rotation":["-45+math.sin(q.anim_time*90*2-90)*7.5",0,0]},"AntennaRight":{"rotation":["-22.2+math.sin(q.anim_time*90*2)*7.5",22.5,0]},"AntennaRight2":{"rotation":["-45+math.sin(q.anim_time*90*2-90)*7.5",0,0]},"Torso":{"rotation":["math.clamp(math.sin(q.anim_time*90*2)*10,0,2)",0,0],"position":{"0.0":[0,"math.clamp(math.sin(q.anim_time*90*2)*3,0,3)+math.clamp(math.sin(q.anim_time*90*2-45)*5,0,5)","-math.cos(q.anim_time*90*2)*5"],"1.0":[0,"math.clamp(math.sin(q.anim_time*90*2)*3,0,3)","-math.cos(q.anim_time*90*2)*5"],"1.0417":[0,"-0.75+math.clamp(math.sin(q.anim_time*90*2)*3,0,3)","0-math.cos(q.anim_time*90*2)*5"],"1.1667":[0,"math.clamp(math.sin(q.anim_time*90*2)*3,0,3)","-math.cos(q.anim_time*90*2)*5"]}},"Tail3":{"rotation":["-math.clamp(math.sin(q.anim_time*90*2-45)*10,0,10)",0,0]}}},"animation.mantine.water_idle":{"loop":true,"animation_length":4,"bones":{"Torso":{"rotation":["math.cos(q.anim_time*90)*5",0,0],"position":[0,"math.sin(q.anim_time*90)*2",0]},"RightArm":{"rotation":[0,0,"-math.sin(q.anim_time*90)*7.5"]},"RightArm2":{"rotation":[0,0,"math.sin(q.anim_time*90)*7.5"]},"RightArm3":{"rotation":[0,0,"math.sin(q.anim_time*90-90)*7.5"]},"LeftArm":{"rotation":[0,0,"math.sin(q.anim_time*90)*7.5"]},"LeftArm2":{"rotation":[0,0,"-math.sin(q.anim_time*90)*7.5"]},"LeftArm3":{"rotation":[0,0,"-math.sin(q.anim_time*90-90)*7.5"]},"AntennaLeft":{"rotation":["math.cos(q.anim_time*90-90)*5*2",0,0]},"AntennaLeft2":{"rotation":["math.sin(q.anim_time*90-90)*5*2",0,0]},"AntennaRight":{"rotation":["math.cos(q.anim_time*90-90-22.5)*5*2",0,0]},"AntennaRight2":{"rotation":["math.sin(q.anim_time*90-90-22.5)*5*2",0,0]},"Tail":{"rotation":["math.cos(q.anim_time*90-90)*10",0,0]},"Tail2":{"rotation":["math.cos(q.anim_time*90-90)*10",0,0]},"Tail3":{"rotation":["math.cos(q.anim_time*90-180)*10",0,0]},"Tail4":{"rotation":["math.cos(q.anim_time*90-180)*10",0,0]},"Tail5":{"rotation":["math.cos(q.anim_time*90-180)*10",0,0]}}},"animation.mantine.water_swim":{"loop":true,"animation_length":8,"bones":{"Torso":{"rotation":["math.cos(q.anim_time*90)*5*2+math.cos(q.anim_time*90*2)*5*2",0,"math.cos(q.anim_time*90/2)*5"],"position":[0,"math.sin(q.anim_time*90)*3*2+math.sin(q.anim_time*90*2)*3*2",0]},"RightArm":{"rotation":["-math.cos(q.anim_time*90)*10-math.cos(q.anim_time*90*2)*10","math.cos(q.anim_time*90)*10+math.cos(q.anim_time*90*2)*10","-math.sin(q.anim_time*90*2)*7.5*2"]},"RightArm2":{"rotation":[0,0,"math.sin(q.anim_time*90)*7.5*2+math.sin(q.anim_time*90*2)*7.5*2"]},"RightArm3":{"rotation":[0,0,"math.sin(q.anim_time*90-90)*7.5*2+math.sin(q.anim_time*90*2-90)*7.5*2"]},"LeftArm":{"rotation":["-math.cos(q.anim_time*90)*10-math.cos(q.anim_time*90*2)*10","-math.cos(q.anim_time*90)*10-math.cos(q.anim_time*90*2)*10","math.sin(q.anim_time*90)*7.5*2+math.sin(q.anim_time*90*2)*7.5*2"]},"LeftArm2":{"rotation":[0,0,"-math.sin(q.anim_time*90)*7.5*2-math.sin(q.anim_time*90*2)*7.5*2"]},"LeftArm3":{"rotation":[0,0,"-math.sin(q.anim_time*90-90)*7.5*2-math.sin(q.anim_time*90*2-90)*7.5*2"]},"Tail":{"rotation":["math.cos(q.anim_time*90-90)*10*2+math.cos(q.anim_time*90*2-90)*10*2",0,0]},"Tail2":{"rotation":["math.cos(q.anim_time*90-90)*10*2+math.cos(q.anim_time*90*2-90)*10*2",0,0]},"Tail3":{"rotation":["math.cos(q.anim_time*90-180)*10*2+math.cos(q.anim_time*90*2-180)*10*2",0,0]},"Tail4":{"rotation":["math.cos(q.anim_time*90-180)*10*2+math.cos(q.anim_time*90*2-180)*10*2",0,0]},"Tail5":{"rotation":["math.cos(q.anim_time*90*2-180)*10*2",0,0]},"AntennaLeft":{"rotation":["math.cos(q.anim_time*90-90)*5*4+math.cos(q.anim_time*90*2-90)*5*4",0,0]},"AntennaLeft2":{"rotation":["math.sin(q.anim_time*90-90)*5*4+math.sin(q.anim_time*90*2-90)*5*4",0,0]},"AntennaRight":{"rotation":["math.cos(q.anim_time*90-90-22.5)*5*4+math.cos(q.anim_time*90*2-90-22.5)*5*4",0,0]},"AntennaRight2":{"rotation":["math.sin(q.anim_time*90-90-22.5)*5*4+math.sin(q.anim_time*90*2-90-22.5)*5*4",0,0]}}},"animation.mantine.walkspeed":{"loop":true,"bones":{"Mantine":{"position":[0,0,"-q.anim_time*90*0.175"]}}},"animation.mantine.swimspeed":{"animation_length":10,"bones":{"Mantine":{"position":[0,0,"-q.anim_time*90*0.3"]}}}}}