{"format_version":"1.8.0","animations":{"animation.alakazam_mega.ground_idle":{"loop":true,"bones":{"body":{"position":[0,"0 - (0/1) + math.abs(math.sin(((query.anim_time) - (1/2)) * 90 * 2) * (0/1))",0]},"torso":{"rotation":[1,"0 - math.sin(((query.anim_time) - (0.25/2)) * 90 * 2) * 2",0]},"head":{"rotation":["0 - (1 * 1.5)","math.sin(((query.anim_time) - (0.5/2)) * 90 * 2) * (2 * 1.5)",0],"position":[0,0,"0 - (1 / 10)"]},"arm_left":{"rotation":[-0.27059,"-0.0539 - math.sin(((query.anim_time) - (0.5/2)) * 90 * 2) * 1","-22.5016 - 0"]},"arm_left2":{"rotation":[-72.25802,"-56.1899+math.clamp(math.sin(((query.anim_time) + (0.75/2)) * 90 * 2) * 1, 0, 1)",-14.89455],"position":[-0.1,0,-0.63]},"arm_right":{"rotation":[-4.7294,"60.0539 - math.sin(((query.anim_time) - (0.5/2)) * 90 * 2) * 1","22.5016 - 0"]},"arm_right2":{"rotation":[-80," - math.clamp(math.sin(((query.anim_time) - (0.75/2)) * 90 * 2) * 1, 0, 1)",0]},"torso2":{"rotation":[1,"0 - math.sin(((query.anim_time) - (0.5/2)) * 90 * 2) * 2",0]},"leg_left":{"rotation":[-125.96115,-26.47039,99.18974],"position":[0,"math.clamp(math.sin(((query.anim_time) + (1/2)) * 90 * 2) * 0, 0, 0)",0]},"leg_left2":{"rotation":[39.95376,4.88119,-1.08482]},"leg_right":{"rotation":[-119.83837,27.25311,-100.26823],"position":[0,"math.clamp(math.sin(((query.anim_time) - (1/2)) * 90 * 2) * 0, 0, 0)",0]},"leg_right2":{"rotation":[47.41043,-4.43385,2.31336]},"foot_left":{"rotation":[70,0,0]},"foot_right":{"rotation":[55,0,0]},"hand_right":{"rotation":[0,0,0]},"hand_left":{"rotation":[0,0,0]},"tail":{"rotation":[0,"4*(math.sin(q.anim_time*0*3)*1)+0*(math.sin(q.anim_time*0*0/2)*1)",0]},"tail2":{"rotation":[0,"6*(math.sin(q.anim_time*0*3-0)*1)+0*(math.sin(q.anim_time*0*0/2-0)*1)",0]},"tail3":{"rotation":[0,"6*(math.sin(q.anim_time*0*3-0)*1)+0*(math.sin(q.anim_time*0*0/2-0)*1)",0]},"finger_index_right":{"rotation":[0,0,-5]},"finger_index_right2":{"rotation":[-7.5,15,-32.5]},"finger_index_right3":{"rotation":[-5,0,-50]},"finger_pinky_right":{"rotation":[0,0,-22.5]},"finger_pinky_right2":{"rotation":[0,-5,0]},"finger_pinky_right3":{"rotation":[0,0,-27.5]},"thumb_right":{"rotation":[-65,0,0]},"thumb_right2":{"rotation":[2.5,0,0]},"finger_index_left":{"rotation":[0,-30,-10]},"finger_index_left2":{"rotation":[-4.3361,-11.73507,25.44582]},"finger_index_left3":{"rotation":[0,0,50]},"finger_pinky_left":{"rotation":[0,0,-20]},"finger_pinky_left2":{"rotation":[0,-5,0],"position":[0,0,0.2]},"finger_pinky_left3":{"rotation":[0,0,27.5]},"thumb_left":{"rotation":[-65,0,0]},"thumb_left2":{"rotation":[5,0,0]},"alakazam":{"position":[0,"1+1*(math.sin(q.anim_time*90*2*1-90)*1)",0]},"head_angle":{"rotation":["5-math.sin(q.anim_time*90*1-45)*2",0,0]},"spoon_right":{"rotation":[37.5,29.68826,-116.37221],"position":[12,28.2,-16]},"spoon_right2":{"rotation":[25,0,0]},"spoon_left":{"rotation":[-1.42455,29.65718,-119.24937],"position":[0,13.2,-20]},"toe_inner_right":{"rotation":[50,0,0],"position":[0,1,1]},"toe_outer_right":{"rotation":[50,0,0],"position":[0,1,1]},"toe_inner_left":{"rotation":[50,0,0],"position":[0,1,1]},"toe_outer_left":{"rotation":[50,0,0],"position":[0,1,1]},"spoon_left3":{"rotation":[17.5,29.68826,-116.37221],"position":[2,5,-11]},"spoon_left4":{"rotation":[12.5,0,0]},"spoon_left5":{"rotation":[37.5,29.68826,-116.37221],"position":[0,-0.8,-2]},"spoon_left6":{"rotation":[25,0,0]},"spoon_left9":{"rotation":[17.5,29.68826,-116.37221],"position":[-5,9,-19.4]},"spoon_left10":{"rotation":[12.5,0,0]},"bone":{"position":[0,-3,-4]},"bone2":{"rotation":["-22.5+math.cos((query.anim_time)*40*2-40)*9","math.cos((query.anim_time)*90*4-100)*3",0],"position":[0,0,-1]},"bone3":{"rotation":["-22.5+math.cos((query.anim_time)*40*2-40)*9","math.cos((query.anim_time)*90*4-100)*3",0],"position":[0,0,-1]}}}}}