{"format_version":"1.8.0","animations":{"animation.sharpedo_mega.water_idle":{"loop":true,"bones":{"sharpedo":{"position":[0,7,0]},"body":{"rotation":[2.5,"math.sin(q.anim_time*90*1-135)*2",0],"position":[0,"1*(math.sin(q.anim_time*45*1*1-90)*1+1)",0]},"jaw":{"rotation":["-10-math.sin(q.anim_time*90*1-45)*4",0,0]},"fin_left":{"rotation":[0,0,"0-math.sin(q.anim_time*90*2)*6"]},"fin_right":{"rotation":[0,0,"0+math.sin(q.anim_time*90*2)*6"]},"bone":{"rotation":[0,"0-math.sin(q.anim_time*90*2)*1","math.sin(q.anim_time*90*2)*1"],"position":[0,-0.2,0]},"bone2":{"rotation":["5-math.sin(q.anim_time*90*2-45)*1","0-math.sin(q.anim_time*90*1-45)*2",0]}}},"animation.sharpedo_mega.sleep":{"loop":true,"bones":{"body":{"rotation":[2.5,"math.sin(q.anim_time*90*1-135)*2",0],"position":[0,"1*(math.sin(q.anim_time*45*1*1-90)*1+1)",0]},"jaw":{"rotation":["-32.5-math.sin(q.anim_time*90*1-45)*1",0,0]},"fin_left":{"rotation":[0,0,"55-math.sin(q.anim_time*90*2)*3"]},"fin_right":{"rotation":[0,0,"-55+math.sin(q.anim_time*90*2)*3"]},"bone":{"rotation":[-27.5,"-math.sin(q.anim_time*90*2)*1","0+math.sin(q.anim_time*90*2)*1"],"position":[0,0.8,0]},"bone2":{"rotation":[10,0,0],"position":[0,0,0]},"sharpedo":{"position":[0,7,0]},"eye_left":{"position":[0,0,1]},"eye_right":{"position":[0,0,1]},"bone6":{"rotation":[15,0,0]},"bone7":{"rotation":[27.5,0,0]},"bone8":{"rotation":[-15,0,0]}}},"animation.sharpedo_mega.water_swim":{"loop":true,"bones":{"body":{"rotation":[2.5,"math.sin(q.anim_time*90*1-135)*2",0],"position":[0,0,"-1*(math.sin(q.anim_time*90*1*1-90)*1+2)"]},"jaw":{"rotation":["-22.5-math.sin(q.anim_time*90*1-45)*4",0,0]},"fin_left":{"rotation":[0,"0-math.sin(q.anim_time*90*2)*8","0-math.sin(q.anim_time*90*2)*6"],"position":[-1.2,0,0]},"fin_right":{"rotation":[0,"0+math.sin(q.anim_time*90*2)*8","0+math.sin(q.anim_time*90*2)*6"],"position":[1.2,0,0]},"bone":{"rotation":["0+math.sin(q.anim_time*90*2)*2","0-math.sin(q.anim_time*90*2)*1","math.sin(q.anim_time*90*2)*1"],"position":[0,-0.3,0]},"bone2":{"rotation":["5-math.sin(q.anim_time*90*2-45)*1",0,0],"position":[0,0,"0*(math.sin(q.anim_time*90*1*1-90)*1+2)"]},"sharpedo":{"position":[0,7,0]},"eye_right":{"position":[0,0,0]},"bone6":{"rotation":["0+math.sin(q.anim_time*90*2)*2","0-math.sin(q.anim_time*90*2)*1","math.sin(q.anim_time*90*2)*1"],"position":[0,0.7,0]},"bone7":{"position":[0,-0.3,0]}}},"animation.sharpedo_mega.faint":{"loop":true,"animation_length":2.5,"bones":{"body":{"rotation":{"0.0":{"post":[2.5,"math.sin(q.anim_time*90*1-135)*2",0],"lerp_mode":"catmullrom"},"0.7917":{"post":[-17.5,"0+math.sin(q.anim_time*90*1-135)*2",0],"lerp_mode":"catmullrom"},"1.625":{"post":[-180,"0+math.sin(q.anim_time*90*1-135)*2",0],"lerp_mode":"catmullrom"},"2.3333":{"post":[-185,"0+math.sin(q.anim_time*90*1-135)*2",0],"lerp_mode":"catmullrom"}},"position":{"0.0":{"post":[0,"1*(math.sin(q.anim_time*45*1*1-90)*1+1)",0],"lerp_mode":"catmullrom"},"0.7917":{"post":[0,"3+1*(math.sin(q.anim_time*45*1*1-90)*1+1)",-4],"lerp_mode":"catmullrom"},"1.625":[0,"1*(math.sin(q.anim_time*90*1*1-90)*1+1)",0],"2.9583":{"pre":[0,"-3+1*(math.sin(q.anim_time*45*1*1-90)*1+1)",0],"post":[0,"-3+1*(math.sin(q.anim_time*45*1*1-90)*1+1)",0],"lerp_mode":"catmullrom"}}},"jaw":{"rotation":{"0.0":["-10-math.sin(q.anim_time*90*1-45)*4",0,0],"1.375":{"pre":["-10-math.sin(q.anim_time*90*1-45)*4",0,0],"post":["-10-math.sin(q.anim_time*90*1-45)*4",0,0],"lerp_mode":"catmullrom"},"2.75":{"post":["-35-math.sin(q.anim_time*90*1-45)*4",0,0],"lerp_mode":"catmullrom"}}},"fin_left":{"rotation":{"0.0":[0,0,"0-math.sin(q.anim_time*90*2)*6"],"1.375":{"pre":[0,0,"-math.sin(q.anim_time*90*2)*6"],"post":[0,0,"-math.sin(q.anim_time*90*2)*6"],"lerp_mode":"catmullrom"},"2.9167":{"post":[0,0,"42.5-math.sin(q.anim_time*90*2)*1"],"lerp_mode":"catmullrom"}}},"fin_right":{"rotation":{"0.0":[0,0,"0+math.sin(q.anim_time*90*2)*6"],"1.375":{"pre":[0,0,"0+math.sin(q.anim_time*90*2)*6"],"post":[0,0,"0+math.sin(q.anim_time*90*2)*6"],"lerp_mode":"catmullrom"},"2.9167":{"post":[0,0,"-42.5-math.sin(q.anim_time*90*2)*1"],"lerp_mode":"catmullrom"}}},"bone":{"rotation":{"0.0":[0,"0-math.sin(q.anim_time*90*2)*1","math.sin(q.anim_time*90*2)*1"],"1.7083":{"pre":[0,"0-math.sin(q.anim_time*90*2)*1","math.sin(q.anim_time*90*2)*1"],"post":[0,"0-math.sin(q.anim_time*90*2)*1","math.sin(q.anim_time*90*2)*1"],"lerp_mode":"catmullrom"},"1.9583":{"post":[-2.5,"-math.sin(q.anim_time*90*2)*1","0+math.sin(q.anim_time*90*2)*1"],"lerp_mode":"catmullrom"},"2.2083":{"post":[0,"0-math.sin(q.anim_time*90*2)*1","math.sin(q.anim_time*90*2)*1"],"lerp_mode":"catmullrom"}},"position":{"0.0":[0,-0.2,0],"1.7083":{"pre":[0,-0.2,0],"post":[0,-0.2,0],"lerp_mode":"catmullrom"},"1.9583":{"post":[0,-0.2,0],"lerp_mode":"catmullrom"},"2.2083":{"post":[0,-0.2,0],"lerp_mode":"catmullrom"}}},"bone2":{"rotation":{"0.0":["5-math.sin(q.anim_time*90*2-45)*1","0-math.sin(q.anim_time*90*1-45)*2",0],"1.3333":{"pre":["5-math.sin(q.anim_time*90*2-45)*1","0-math.sin(q.anim_time*90*1-45)*2",0],"post":["5-math.sin(q.anim_time*90*2-45)*1","0-math.sin(q.anim_time*90*1-45)*2",0],"lerp_mode":"catmullrom"},"2.875":{"post":["12.5-math.sin(q.anim_time*90*2-45)*1","-math.sin(q.anim_time*90*1-45)*2",0],"lerp_mode":"catmullrom"}}},"eye_left":{"position":{"2.5":{"pre":[0,0,0],"post":[0,0,0],"lerp_mode":"catmullrom"},"2.5417":{"post":[0,0,1],"lerp_mode":"catmullrom"}}},"eye_right":{"position":{"2.5":{"pre":[0,0,0],"post":[0,0,0],"lerp_mode":"catmullrom"},"2.5417":{"post":[0,0,1],"lerp_mode":"catmullrom"}}},"bone11":{"position":{"0.0":[0,0,0],"0.0417":[0.2,0,-0.1],"0.0833":[0,0,0],"0.125":[-0.2,0,-0.1],"0.1667":[0,0,0],"0.2083":[0.2,0,-0.1],"0.25":[0,0,0],"0.2917":[-0.2,0,-0.1],"0.3333":[0,0,0],"0.375":[0.2,0,-0.1],"0.4167":[0,0,0],"0.4583":[0,0,0]}},"bone10":{"position":{"0.0":[0,0,0],"0.0417":[0.2,0,-0.1],"0.0833":[0,0,0],"0.125":[-0.2,0,-0.1],"0.1667":[0,0,0],"0.2083":[0.2,0,-0.1],"0.25":[0,0,0],"0.2917":[-0.2,0,-0.1],"0.3333":[0,0,0],"0.375":[0.2,0,-0.1],"0.4167":[0,0,0],"0.4583":[0,0,0]}},"sharpedo":{"position":[0,7,0]}}}}}