{"format_version":"1.8.0","animations":{"animation.aerodactyl_mega.ground_idle":{"loop":true,"bones":{"torso":{"rotation":["-12.5+math.sin(q.anim_time*90*1.5+0)*1",0,"0+math.sin(q.anim_time*90*0.75+0)*1"]},"upper_torso":{"rotation":["10+math.sin(q.anim_time*90*1.5-25)*2","0+math.sin(q.anim_time*90*1-20)*2",0]},"neck":{"rotation":["10+math.sin(q.anim_time*90*1.5-50)*1.5","0+math.sin(q.anim_time*90*1-40)*1",0]},"upper_neck":{"rotation":["-20+math.sin(q.anim_time*90*1.5-75)*1","0+math.sin(q.anim_time*90*1-120)*1.5","0+math.sin(q.anim_time*90*0.75-60)*1.5"]},"head":{"rotation":["25+math.sin(q.anim_time*90*1.5-100)*3","0+math.sin(q.anim_time*90*1-80)*1","0+math.sin(q.anim_time*90*0.75-80)*2"]},"jaw":{"rotation":["10+math.sin(q.anim_time*90*1.5-130)*5",0,0]},"left_upper_arm":{"rotation":["7.939+math.sin(q.anim_time*90*1.5-35+180)*3","-19.4797+math.sin(q.anim_time*90*1-20+180)*2","13.1277+math.sin(q.anim_time*90*0.75-25+180)*1"]},"left_lower_arm":{"rotation":["34.8896+math.sin(q.anim_time*90*1.5-45+180)*0.5","24.5946+math.sin(q.anim_time*90*1.5-45)*1","44.2565+math.sin(q.anim_time*90*1.5-45)*1.5"]},"left_pinky_finger":{"rotation":[18.13851,"1.6534+math.sin(q.anim_time*90*1.5-70)*2","-45.9582+math.sin(q.anim_time*90*0.75-170)*3"]},"left_pinky_finger2":{"rotation":[0,"-7.5+math.sin(q.anim_time*90*1.5-100)*3",0]},"left_wing_membrane2":{"rotation":[0,-2.5,-4.5]},"left_hand":{"rotation":["14.9609+math.sin(q.anim_time*90*1.5-80)*5",0.20467,"-42.4003+math.sin(q.anim_time*90*0.75-150)*3"]},"left_index_finger":{"rotation":[-17.5,17.5,0]},"left_index_finger2":{"rotation":[32.5,0,0]},"left_middle_finger":{"rotation":[-20,0,0]},"left_middle_finger2":{"rotation":[30,0,0]},"left_ring_finger":{"rotation":[-17.5,-17.5,0]},"left_ring_finger2":{"rotation":[32.5,0,0]},"left_wing_membrane":{"rotation":[-3.5,7.5,0],"position":[0,0,-0.25]},"right_upper_arm":{"rotation":["7.9655+math.sin(q.anim_time*90*1.5-35+180)*3","19.4795+math.sin(q.anim_time*90*1-20+180)*2","-13.1189+math.sin(q.anim_time*90*0.75-25+180)*1"]},"right_lower_arm":{"rotation":["34.8896+math.sin(q.anim_time*90*1.5-45+180)*0.5","-24.5946+math.sin(q.anim_time*90*1.5-45+180)*1","-44.2565+math.sin(q.anim_time*90*1.5-45+180)*1.5"]},"right_pinky_finger":{"rotation":[18.13851,"-1.6534+math.sin(q.anim_time*90*1.5-70+180)*2","45.9582+math.sin(q.anim_time*90*0.75-170)*3"]},"right_pinky_finger2":{"rotation":[0,"7.5+math.sin(q.anim_time*90*1.5-100+180)*3",0]},"right_wing_membrane2":{"rotation":[0,2.5,4.5]},"right_hand":{"rotation":["14.9609+math.sin(q.anim_time*90*1.5-80)*5",-0.20467,"42.4003+math.sin(q.anim_time*90*0.75-150+180)*3"]},"right_index_finger":{"rotation":[-17.5,-17.5,0]},"right_index_finger2":{"rotation":[32.5,0,0]},"right_middle_finger":{"rotation":[-20,0,0]},"right_middle_finger2":{"rotation":[30,0,0]},"right_ring_finger":{"rotation":[-17.5,17.5,0]},"right_ring_finger2":{"rotation":[32.5,0,0]},"right_wing_membrane":{"rotation":[-3.5,-7.5,0],"position":[0,0,-0.25]},"tail_1":{"rotation":["-12.5+math.sin(q.anim_time*90*1.5-20)*1","0+math.sin(q.anim_time*90*1-25)*2.75",0]},"tail_2":{"rotation":["5+math.sin(q.anim_time*90*1.5-40)*2","0+math.sin(q.anim_time*90*1-50)*3",0]},"tail_3":{"rotation":["12.5+math.sin(q.anim_time*90*1.5-60)*4.5","0+math.sin(q.anim_time*90*1-75)*4.5",0]},"tail_4":{"rotation":["15+math.sin(q.anim_time*90*1.5-80)*6","0+math.sin(q.anim_time*90*1-100)*5",0]},"tail_5":{"rotation":["17.5+math.sin(q.anim_time*90*1.5-100)*7.5","0+math.sin(q.anim_time*90*1-125)*6",0]},"tail_tip":{"rotation":[5,0,0]},"left_upper_leg":{"rotation":["2.9549+math.sin(q.anim_time*90*1.5-20)*1",-9.45227,-2.30786]},"left_foot":{"rotation":["-0.9635+math.sin(q.anim_time*90*1.5-30+180)*2",0.17458,0.38461],"position":["math.sin(q.anim_time*90*1.5-20)*0.02","-math.sin(q.anim_time*90*1.5-20)*0.05","-math.sin(q.anim_time*90*1.5-60)*0.05"]},"right_upper_leg":{"rotation":["2.9549+math.sin(q.anim_time*90*1.5-20)*1",9.45227,2.30786]},"right_foot":{"rotation":["-0.9635+math.sin(q.anim_time*90*1.5-30+180)*2",-0.17458,-0.38461],"position":["-math.sin(q.anim_time*90*1.5-20)*0.02","-math.sin(q.anim_time*90*1.5-20)*0.05","-math.sin(q.anim_time*90*1.5-60)*0.05"]},"body":{"position":[0,0,"0+math.sin(q.anim_time*90*1.5-20+180)*0.2"]},"left_lower_leg":{"rotation":["0+math.sin(q.anim_time*90*1.5-40)*1",0,0]},"left_inner_toe":{"rotation":[0,7.5,0]},"left_outer_toe":{"rotation":[0,-7.5,0]},"left_back_toe":{"rotation":[-5,0,0]},"right_lower_leg":{"rotation":["0+math.sin(q.anim_time*90*1.5-40)*1",0,0]},"right_inner_toe":{"rotation":[0,-7.5,0]},"right_outer_toe":{"rotation":[0,7.5,0]},"right_back_toe":{"rotation":[-5,0,0]}}},"animation.aerodactyl_mega.ground_walk":{"loop":true,"animation_length":1.33333,"bones":{"torso":{"rotation":["-15+math.sin(q.anim_time*90*6-60)*2","0+math.sin(q.anim_time*90*3-80+180)*13",0],"position":[0,"0+math.sin(q.anim_time*90*6-60+180)*0.2",0]},"upper_torso":{"rotation":["10+math.sin(q.anim_time*90*6-80)*2","0+math.sin(q.anim_time*90*3-100)*7.5","-0+math.sin(q.anim_time*90*3-100)*3.5"]},"neck":{"rotation":["-7.5+math.sin(q.anim_time*90*6-100)*1.5","0+math.sin(q.anim_time*90*3-120)*3",0]},"upper_neck":{"rotation":["-12.5+math.sin(q.anim_time*90*6-120)*1","0+math.sin(q.anim_time*90*3-140)*2",0]},"tail_1":{"rotation":["-17.5+math.sin(q.anim_time*90*6-80)*2","0+math.sin(q.anim_time*90*3-100+180)*2.5",0]},"tail_2":{"rotation":["17.5+math.sin(q.anim_time*90*6-100)*3","0+math.sin(q.anim_time*90*3-120+180)*3.5",0]},"tail_3":{"rotation":["12.5+math.sin(q.anim_time*90*6-120)*4","0+math.sin(q.anim_time*90*3-135+180)*5",0]},"tail_4":{"rotation":["15+math.sin(q.anim_time*90*6-140)*6","0+math.sin(q.anim_time*90*3-145+180)*7",0]},"tail_5":{"rotation":["17.5+math.sin(q.anim_time*90*6-160)*8","0+math.sin(q.anim_time*90*3-150+180)*10",0]},"hump":{"rotation":[0,0,0]},"left_upper_leg":{"rotation":["0.4218+math.clamp(math.sin(query.anim_time*90*3*1-20)*27.5,-27,0)+math.clamp(math.sin(query.anim_time*90*3*1-20)*22.5,0,22)","-9.5438+math.sin(q.anim_time*90*3+20)*2",-1.88981],"position":[0,"math.clamp(math.sin(query.anim_time*90*3*1+180)*0.75,-0.1,0.75)","0+math.sin(q.anim_time*90*3-95)*1"]},"left_lower_leg":{"rotation":["0+math.clamp(math.sin(query.anim_time*90*3*1-75)*25,-25,14)",0,0]},"left_lower_arm":{"rotation":{"0.0":["34.8896+math.clamp(math.sin(query.anim_time*90*3*1-220)*12.5,-12.5,10)","24.5946+math.clamp(math.sin(query.anim_time*90*3*1-250)*12.5,-12.5,10)","44.2565+math.clamp(math.sin(query.anim_time*90*3*1-20)*10,-0,6)+math.sin(q.anim_time*90*3-100+180)*3.5"],"0.3333":["39.4568+math.clamp(math.sin(query.anim_time*90*3*1-220)*12.5,-12.5,10)","21.3889+math.clamp(math.sin(query.anim_time*90*3*1-250)*12.5,-12.5,10)","50.2714+math.clamp(math.sin(query.anim_time*90*3*1-20)*10,-0,6)+math.sin(q.anim_time*90*3-100+180)*3.5"],"0.5":["37.0798+math.clamp(math.sin(query.anim_time*90*3*1-220)*12.5,-12.5,10)","18.8954+math.clamp(math.sin(query.anim_time*90*3*1-250)*12.5,-12.5,10)","46.7371+math.clamp(math.sin(query.anim_time*90*3*1-20)*10,-0,6)+math.sin(q.anim_time*90*3-100+180)*3.5"],"0.6667":["35.7076+math.clamp(math.sin(query.anim_time*90*3*1-220)*12.5,-12.5,10)","24.1365+math.clamp(math.sin(query.anim_time*90*3*1-250)*12.5,-12.5,10)","45.4645+math.clamp(math.sin(query.anim_time*90*3*1-20)*10,-0,6)+math.sin(q.anim_time*90*3-100+180)*3.5"],"0.8333":["34.8896+math.clamp(math.sin(query.anim_time*90*3*1-220)*12.5,-12.5,10)","24.5946+math.clamp(math.sin(query.anim_time*90*3*1-250)*12.5,-12.5,10)","44.2565+math.clamp(math.sin(query.anim_time*90*3*1-20)*10,-0,6)+math.sin(q.anim_time*90*3-100+180)*3.5"],"1.3333":["34.8896+math.clamp(math.sin(query.anim_time*90*3*1-220)*12.5,-12.5,10)","24.5946+math.clamp(math.sin(query.anim_time*90*3*1-250)*12.5,-12.5,10)","44.2565+math.clamp(math.sin(query.anim_time*90*3*1-20)*10,-0,6)+math.sin(q.anim_time*90*3-100+180)*3.5"]}},"left_upper_arm":{"rotation":["10.4503+math.sin(q.anim_time*90*3-20)*5","-18.8278+math.clamp(math.sin(query.anim_time*90*3*1-20)*15,-15,15)+math.sin(q.anim_time*90*3-20)*7.5","7.5709+math.clamp(math.sin(query.anim_time*90*3*1-220+180)*2.5,-2.5,1)+math.sin(q.anim_time*90*3-60)*5"]},"left_pinky_finger":{"rotation":["19.837+math.sin(q.anim_time*90*3-40)*5",2.40785,"-48.8849+math.clamp(math.sin(query.anim_time*90*3*1-30+180)*20,-20,2)"]},"left_pinky_finger2":{"rotation":[0,-7.5,"0+math.clamp(math.sin(query.anim_time*90*3*1-60+180)*10,-5,10)"]},"left_foot":{"rotation":["1.5+math.clamp(math.sin(query.anim_time*90*3*1-60)*30,0,30)+math.clamp(math.sin(query.anim_time*90*3*1-180)*25,0,20)","0+math.sin(q.anim_time*90*2-0+180)*1",0]},"left_inner_toe":{"rotation":["0+math.clamp(math.sin(query.anim_time*90*3*1-50+180)*50,-47.5,20)",7.5,0]},"left_outer_toe":{"rotation":["0+math.clamp(math.sin(query.anim_time*90*3*1-50+180)*50,-47.5,20)",-7.5,0]},"head":{"rotation":["30+math.sin(q.anim_time*90*6-140)*2","0+math.sin(q.anim_time*90*3-160)*3",0]},"jaw":{"rotation":["12.5+math.sin(q.anim_time*90*6-170)*5",0,0]},"tail_tip":{"rotation":[5,0,0]},"right_upper_leg":{"rotation":["0.4218+math.clamp(math.sin(query.anim_time*90*3*1-20+180)*27.5,-27,0)+math.clamp(math.sin(query.anim_time*90*3*1-20+180)*22.5,0,22)","9.5438+math.sin(q.anim_time*90*3+20+180)*2",1.88981],"position":[0,"math.clamp(math.sin(query.anim_time*90*3*1+0)*0.75,-0.1,0.75)","0+math.sin(q.anim_time*90*3-95+180)*1"]},"right_lower_leg":{"rotation":["0+math.clamp(math.sin(query.anim_time*90*3*1-75+180)*25,-25,14)",0,0]},"right_foot":{"rotation":["1.5+math.clamp(math.sin(query.anim_time*90*3*1-60+180)*30,0,30)+math.clamp(math.sin(query.anim_time*90*3*1-180+180)*25,0,20)","0+math.sin(q.anim_time*90*2-0)*1",0]},"right_inner_toe":{"rotation":["0+math.clamp(math.sin(query.anim_time*90*3*1-50)*50,-47.5,20)",-7.5,0]},"right_outer_toe":{"rotation":["0+math.clamp(math.sin(query.anim_time*90*3*1-50)*50,-47.5,20)",7.5,0]},"left_wing_membrane":{"rotation":[-6,7.5,0],"position":[0,0,-0.25]},"left_wing_membrane2":{"rotation":[0,-2.5,"-2+math.sin(q.anim_time*90*3-220+180)*2.5"]},"right_upper_arm":{"rotation":["10.4503+math.sin(q.anim_time*90*3-20+180)*5","18.8278+math.clamp(math.sin(query.anim_time*90*3*1-20)*15,-15,15)+math.sin(q.anim_time*90*3-20)*7.5","-7.5709+math.clamp(math.sin(query.anim_time*90*3*1-220+180)*2.5,-1,2.5)+math.sin(q.anim_time*90*3-60)*5"]},"right_lower_arm":{"rotation":{"0.0":["35.7076+math.clamp(math.sin(query.anim_time*90*3*1-220+180)*12.5,-12.5,10)","-24.1365+math.clamp(math.sin(query.anim_time*90*3*1-250)*12.5,-10,12.5)","-45.4645+math.clamp(math.sin(query.anim_time*90*3*1-20)*10,-6,0)+math.sin(q.anim_time*90*3-100+180)*3.5"],"0.1667":["34.8896+math.clamp(math.sin(query.anim_time*90*3*1-220+180)*12.5,-12.5,10)","-24.5946+math.clamp(math.sin(query.anim_time*90*3*1-250)*12.5,-10,12.5)","-44.2565+math.clamp(math.sin(query.anim_time*90*3*1-20)*10,-6,0)+math.sin(q.anim_time*90*3-100+180)*3.5"],"0.6667":["34.8896+math.clamp(math.sin(query.anim_time*90*3*1-220+180)*12.5,-12.5,10)","-24.5946+math.clamp(math.sin(query.anim_time*90*3*1-250)*12.5,-10,12.5)","-44.2565+math.clamp(math.sin(query.anim_time*90*3*1-20)*10,-6,0)+math.sin(q.anim_time*90*3-100+180)*3.5"],"1.0":["39.4568+math.clamp(math.sin(query.anim_time*90*3*1-220+180)*12.5,-12.5,10)","-21.3889+math.clamp(math.sin(query.anim_time*90*3*1-250)*12.5,-10,12.5)","-50.2714+math.clamp(math.sin(query.anim_time*90*3*1-20)*10,-6,0)+math.sin(q.anim_time*90*3-100+180)*3.5"],"1.1667":["37.0798+math.clamp(math.sin(query.anim_time*90*3*1-220+180)*12.5,-12.5,10)","-18.8954+math.clamp(math.sin(query.anim_time*90*3*1-250)*12.5,-10,12.5)","-46.7371+math.clamp(math.sin(query.anim_time*90*3*1-20)*10,-6,0)+math.sin(q.anim_time*90*3-100+180)*3.5"],"1.3333":["35.7076+math.clamp(math.sin(query.anim_time*90*3*1-220+180)*12.5,-12.5,10)","-24.1365+math.clamp(math.sin(query.anim_time*90*3*1-250)*12.5,-10,12.5)","-45.4645+math.clamp(math.sin(query.anim_time*90*3*1-20)*10,-6,0)+math.sin(q.anim_time*90*3-100+180)*3.5"]}},"right_pinky_finger":{"rotation":["19.837+math.sin(q.anim_time*90*3-40+180)*5",-2.4078,"48.8849+math.clamp(math.sin(query.anim_time*90*3*1-30+180)*20,-2,20)"]},"right_pinky_finger2":{"rotation":[0,7.5,"0+math.clamp(math.sin(query.anim_time*90*3*1-60+180)*10,-5,10)"]},"right_wing_membrane2":{"rotation":[0,2.5,"2+math.sin(q.anim_time*90*3-220+180)*2.5"]},"right_wing_membrane":{"rotation":[-6,-7.5,0],"position":[0,0,-0.25]},"left_hand":{"rotation":["14.9609+math.clamp(math.sin(query.anim_time*90*3*1-90+180)*20,0,20)",0.20467,"-42.4003+math.clamp(math.sin(query.anim_time*90*3*1-0+180)*20,-20,-15)"]},"left_index_finger":{"rotation":["-17.5+math.clamp(math.sin(query.anim_time*90*3*1-90+180)*20,10,20)+math.clamp(math.sin(query.anim_time*90*3*1-230+180)*10,0,10)",17.5,0]},"left_index_finger2":{"rotation":[32.5,0,0]},"left_middle_finger":{"rotation":["-20+math.clamp(math.sin(query.anim_time*90*3*1-90+180)*20,10,20)+math.clamp(math.sin(query.anim_time*90*3*1-230+180)*10,0,10)",0,0]},"left_middle_finger2":{"rotation":[30,0,0]},"left_ring_finger":{"rotation":["-17.5+math.clamp(math.sin(query.anim_time*90*3*1-90+180)*20,10,20)+math.clamp(math.sin(query.anim_time*90*3*1-230+180)*10,0,10)",-17.5,0]},"left_ring_finger2":{"rotation":[32.5,0,0]},"right_hand":{"rotation":["14.9609+math.clamp(math.sin(query.anim_time*90*3*1-90)*20,0,20)",-0.2047,"42.4003+math.clamp(math.sin(query.anim_time*90*3*1-0+180)*20,15,20)"]},"right_index_finger":{"rotation":["-17.5+math.clamp(math.sin(query.anim_time*90*3*1-90+180)*20,10,20)+math.clamp(math.sin(query.anim_time*90*3*1-230+180)*10,10,0)",-17.5,0]},"right_index_finger2":{"rotation":[32.5,0,0]},"right_middle_finger":{"rotation":["-20+math.clamp(math.sin(query.anim_time*90*3*1-90+180)*20,10,20)+math.clamp(math.sin(query.anim_time*90*3*1-230+180)*10,10,0)",0,0]},"right_middle_finger2":{"rotation":[30,0,0]},"right_ring_finger":{"rotation":["-17.5+math.clamp(math.sin(query.anim_time*90*3*1-90+180)*20,10,20)+math.clamp(math.sin(query.anim_time*90*3*1-230+180)*10,10,0)",17.5,0]},"right_ring_finger2":{"rotation":[32.5,0,0]},"body":{"position":[0,"1.15+math.clamp(math.sin(query.anim_time*90*6*1-160)*0.75,-0.5,0.75)",0]},"left_back_toe":{"rotation":["-5+math.clamp(math.sin(query.anim_time*90*3*1-50+180)*40,-30,20)",0,0]},"left_back_toe2":{"rotation":{"0.5":[0,0,0],"0.7917":[-15,0,0],"1.3333":[0,0,0]}},"right_back_toe":{"rotation":["-5+math.clamp(math.sin(query.anim_time*90*3*1-50)*40,-37.5,20)",0,0]},"right_back_toe2":{"rotation":{"0.0":[-7.5,0,0],"0.1667":[-15,0,0],"0.6667":[0,0,0],"1.125":[0,0,0],"1.3333":[-7.5,0,0]}},"left_inner_toe2":{"rotation":[7.5,0,0]},"left_horn":{"rotation":["math.sin(q.anim_time*90*6-160)*5",0,0]},"right_horn":{"rotation":["math.sin(q.anim_time*90*6-160)*5",0,0]}}},"animation.aerodactyl_mega.air_idle":{"loop":true,"bones":{"aerodactyl":{"position":[0,3,0]},"torso":{"rotation":["-37.5+math.sin(q.anim_time*90*3+180)*5",0,0]},"upper_torso":{"rotation":["10+math.sin(q.anim_time*90*3+150)*5",0,0]},"neck":{"rotation":["15+math.sin(q.anim_time*90*3-50)*7.5",0,0]},"upper_neck":{"rotation":["12.5+math.sin(q.anim_time*90*3-75)*5",0,0]},"left_upper_arm":{"rotation":["math.sin(q.anim_time*90*3+0)*15",0,"-10+math.sin(q.anim_time*90*3+0)*45"]},"left_lower_arm":{"rotation":[9.97231,"0.6395+math.sin(q.anim_time*90*3-50)*5","25.1139+math.sin(q.anim_time*90*3-50)*35"]},"left_pinky_finger":{"rotation":[-9.9861,0.10695,"22.4732+math.sin(q.anim_time*90*3-80)*20"]},"left_pinky_finger2":{"rotation":[-8.96339,-2.30079,"14.561+math.sin(q.anim_time*90*3-100)*10"]},"tail_1":{"rotation":["5+math.sin(q.anim_time*90*3+150)*10",0,0]},"tail_2":{"rotation":["5+math.sin(q.anim_time*90*3+125)*12.5",0,0]},"tail_3":{"rotation":["math.sin(q.anim_time*90*3+105)*15",0,0]},"tail_4":{"rotation":["math.sin(q.anim_time*90*3+90)*17.5",0,0]},"tail_5":{"rotation":["2.5+math.sin(q.anim_time*90*3+80)*20",0,0]},"left_upper_leg":{"rotation":["17.4017+math.sin(q.anim_time*90*3+150)*7.5",-9.08664,"-6.8906+math.sin(q.anim_time*90*3+130+180)*5"]},"left_lower_leg":{"rotation":["-10+math.sin(q.anim_time*90*3+180)*5",0,5]},"left_foot":{"rotation":["47.5508+math.sin(q.anim_time*90*3+115)*10",2.15188,1.50107]},"left_inner_toe":{"rotation":[25.33761,9.05478,4.26175]},"left_inner_toe2":{"rotation":[27.5,0,0]},"left_outer_toe":{"rotation":[20.28356,-9.39129,-3.45118]},"left_outer_toe2":{"rotation":[30,0,0]},"left_back_toe":{"rotation":[-22.5,0,0]},"left_back_toe2":{"rotation":[-32.5,0,0]},"head":{"rotation":["20+math.sin(q.anim_time*90*3-85)*3",0,0]},"jaw":{"rotation":["22.5+math.sin(q.anim_time*90*3-50)*10",0,0]},"tail_tip":{"rotation":[5,0,0]},"right_upper_leg":{"rotation":["17.4017+math.sin(q.anim_time*90*3+155)*7.5",9.08664,"6.8906+math.sin(q.anim_time*90*3+130)*5"]},"right_lower_leg":{"rotation":["-10+math.sin(q.anim_time*90*3+190)*5",0,-5]},"right_foot":{"rotation":["47.5508+math.sin(q.anim_time*90*3+110)*10",-2.15188,-1.50107]},"right_inner_toe":{"rotation":[25.33761,-9.05478,-4.26175]},"right_inner_toe2":{"rotation":[27.5,0,0]},"right_outer_toe":{"rotation":[20.28356,9.39129,3.45118]},"right_outer_toe2":{"rotation":[30,0,0]},"right_back_toe":{"rotation":[-22.5,0,0]},"right_back_toe2":{"rotation":[-32.5,0,0]},"right_upper_arm":{"rotation":["math.sin(q.anim_time*90*3+0)*15",0,"10+math.sin(q.anim_time*90*3+0+180)*45"]},"right_lower_arm":{"rotation":[9.97231,"-0.6395+math.sin(q.anim_time*90*3-50+190)*5","-25.1139+math.sin(q.anim_time*90*3-50+180)*35"]},"right_pinky_finger":{"rotation":[-9.9861,-0.10695,"-22.4732+math.sin(q.anim_time*90*3-80+180)*20"]},"right_pinky_finger2":{"rotation":[-8.96339,2.30079,"-14.561+math.sin(q.anim_time*90*3-100+180)*10"]},"left_hand":{"rotation":[13.68664,-7.14962,23.20451]},"left_ring_finger2":{"rotation":[35,0,0]},"left_ring_finger":{"rotation":[10,-17.5,0]},"left_index_finger":{"rotation":[10,17.5,0]},"left_index_finger2":{"rotation":[35,0,0]},"left_middle_finger2":{"rotation":[22.5,0,0]},"right_hand":{"rotation":[13.68664,7.14962,-23.20451]},"right_index_finger":{"rotation":[10,-17.5,0]},"right_index_finger2":{"rotation":[35,0,0]},"right_middle_finger2":{"rotation":[22.5,0,0]},"right_ring_finger":{"rotation":[10,17.5,0]},"right_ring_finger2":{"rotation":[35,0,0]},"body":{"position":[0,"0+math.sin(q.anim_time*90*3-55)*5",0]},"left_wing_membrane3":{"rotation":["0+math.sin(q.anim_time*90*3-50+180)*1.5",0,0]},"left_wing_membrane2":{"rotation":["0+math.sin(q.anim_time*90*3+0)*3","0+math.sin(q.anim_time*90*3-50+180)*2.5","0+math.sin(q.anim_time*90*3+0)*3"]},"left_wing_membrane":{"rotation":[0,"0+math.sin(q.anim_time*90*3+90)*3","0+math.sin(q.anim_time*90*3+90+180)*1.5"]},"right_wing_membrane3":{"rotation":["0+math.sin(q.anim_time*90*3-50+180)*1.5",0,0]},"right_wing_membrane2":{"rotation":["0+math.sin(q.anim_time*90*3+0)*3","0+math.sin(q.anim_time*90*3-50)*2.5","0+math.sin(q.anim_time*90*3+180)*3"]},"right_wing_membrane":{"rotation":[0,"0+math.sin(q.anim_time*90*3+90)*3","0+math.sin(q.anim_time*90*3+90)*1.5"]}}},"animation.aerodactyl_mega.air_fly":{"loop":true,"bones":{"aerodactyl":{"position":[0,3,0]},"torso":{"rotation":["-10+math.sin(q.anim_time*90*3+180)*5",0,0]},"upper_torso":{"rotation":["7.5+math.sin(q.anim_time*90*3+150)*5",0,0]},"neck":{"rotation":["20+math.sin(q.anim_time*90*3-50)*7.5",0,0]},"upper_neck":{"rotation":["0.1585+math.sin(q.anim_time*90*3-75)*5",0.51764,0.69633]},"left_upper_arm":{"rotation":["math.sin(q.anim_time*90*3+0)*15",0,"-10+math.sin(q.anim_time*90*3+0)*45"]},"left_lower_arm":{"rotation":[9.97231,"0.6395+math.sin(q.anim_time*90*3-50)*5","25.1139+math.sin(q.anim_time*90*3-50)*35"]},"left_pinky_finger":{"rotation":[-9.9861,0.10695,"22.4732+math.sin(q.anim_time*90*3-80)*20"]},"left_pinky_finger2":{"rotation":[-8.96339,-2.30079,"14.561+math.sin(q.anim_time*90*3-100)*10"]},"tail_1":{"rotation":["2.5+math.sin(q.anim_time*90*3+150)*10",0,0]},"tail_2":{"rotation":["math.sin(q.anim_time*90*3+125)*12.5",0,0]},"tail_3":{"rotation":["math.sin(q.anim_time*90*3+105)*15",0,0]},"tail_4":{"rotation":["-7.5+math.sin(q.anim_time*90*3+90)*17.5",0,0]},"tail_5":{"rotation":["math.sin(q.anim_time*90*3+80)*20",0,0]},"left_upper_leg":{"rotation":["73.3267+math.sin(q.anim_time*90*3+150)*15",4.9362,"-14.179+math.sin(q.anim_time*90*3+130+180)*5"]},"left_lower_leg":{"rotation":["-10+math.sin(q.anim_time*90*3+130)*5",0,5]},"left_foot":{"rotation":["57.5508+math.sin(q.anim_time*90*3+115)*10",2.15188,1.50107]},"left_inner_toe":{"rotation":[25.33761,9.05478,4.26175]},"left_inner_toe2":{"rotation":[27.5,0,0]},"left_outer_toe":{"rotation":[20.28356,-9.39129,-3.45118]},"left_outer_toe2":{"rotation":[30,0,0]},"left_back_toe":{"rotation":[-22.5,0,0]},"left_back_toe2":{"rotation":[-32.5,0,0]},"head":{"rotation":["-5+math.sin(q.anim_time*90*3-85)*3",0,0]},"jaw":{"rotation":["22.5+math.sin(q.anim_time*90*3-50)*10",0,0]},"tail_tip":{"rotation":[5,0,0]},"right_upper_leg":{"rotation":["73.3267+math.sin(q.anim_time*90*3+155)*15",-4.9362,"14.179+math.sin(q.anim_time*90*3+130)*5"]},"right_lower_leg":{"rotation":["-10+math.sin(q.anim_time*90*3+140)*5",0,-5]},"right_foot":{"rotation":["57.5508+math.sin(q.anim_time*90*3+110)*10",-2.15188,-1.50107]},"right_inner_toe":{"rotation":[25.33761,-9.05478,-4.26175]},"right_inner_toe2":{"rotation":[27.5,0,0]},"right_outer_toe":{"rotation":[20.28356,9.39129,3.45118]},"right_outer_toe2":{"rotation":[30,0,0]},"right_back_toe":{"rotation":[-22.5,0,0]},"right_back_toe2":{"rotation":[-32.5,0,0]},"right_upper_arm":{"rotation":["math.sin(q.anim_time*90*3+0)*15",0,"10+math.sin(q.anim_time*90*3+0+180)*45"]},"right_lower_arm":{"rotation":[9.97231,"-0.6395+math.sin(q.anim_time*90*3-50+190)*5","-25.1139+math.sin(q.anim_time*90*3-50+180)*35"]},"right_pinky_finger":{"rotation":[-9.9861,-0.10695,"-22.4732+math.sin(q.anim_time*90*3-80+180)*20"]},"right_pinky_finger2":{"rotation":[-8.96339,2.30079,"-14.561+math.sin(q.anim_time*90*3-100+180)*10"]},"left_hand":{"rotation":[13.68664,-7.14962,23.20451]},"left_ring_finger2":{"rotation":[35,0,0]},"left_ring_finger":{"rotation":[10,-17.5,0]},"left_index_finger":{"rotation":[10,17.5,0]},"left_index_finger2":{"rotation":[35,0,0]},"left_middle_finger2":{"rotation":[22.5,0,0]},"right_hand":{"rotation":[13.68664,7.14962,-23.20451]},"right_index_finger":{"rotation":[10,-17.5,0]},"right_index_finger2":{"rotation":[35,0,0]},"right_middle_finger2":{"rotation":[22.5,0,0]},"right_ring_finger":{"rotation":[10,17.5,0]},"right_ring_finger2":{"rotation":[35,0,0]},"body":{"position":[0,"0+math.sin(q.anim_time*90*3-55)*5",0]},"left_wing_membrane3":{"rotation":["0+math.sin(q.anim_time*90*3-50+180)*1.5",0,0]},"left_wing_membrane2":{"rotation":["0+math.sin(q.anim_time*90*3+0)*3","0+math.sin(q.anim_time*90*3-50+180)*2.5","0+math.sin(q.anim_time*90*3+0)*3"]},"left_wing_membrane":{"rotation":[0,"0+math.sin(q.anim_time*90*3+90)*3","0+math.sin(q.anim_time*90*3+90+180)*1.5"]},"right_wing_membrane3":{"rotation":["0+math.sin(q.anim_time*90*3-50+180)*1.5",0,0]},"right_wing_membrane2":{"rotation":["0+math.sin(q.anim_time*90*3+0)*3","0+math.sin(q.anim_time*90*3-50)*2.5","0+math.sin(q.anim_time*90*3+180)*3"]},"right_wing_membrane":{"rotation":[0,"0+math.sin(q.anim_time*90*3+90)*3","0+math.sin(q.anim_time*90*3+90)*1.5"]},"left_horn":{"rotation":["math.sin(q.anim_time*90*12-160)*2",0,0]},"right_horn":{"rotation":["math.sin(q.anim_time*90*12-160)*2",0,0]}}},"animation.aerodactyl_mega.sleep":{"loop":true,"animation_length":4,"bones":{"aerodactyl":{"position":[6,0,0]},"body":{"rotation":[0,0,-65],"position":[0,2,0]},"torso":{"rotation":["0+math.sin(q.anim_time*90*1+0)*1",0,0]},"upper_torso":{"rotation":["5+math.sin(q.anim_time*90*1-25)*1",0,30],"position":[2,-1,0]},"neck":{"rotation":["24.7527+math.sin(q.anim_time*90*1-50)*1","9.7944+math.sin(q.anim_time*90*1-50)*1",-9.26067]},"upper_neck":{"rotation":[2.41893,"-3.2646+math.sin(q.anim_time*90*1-75)*2",-8.39851]},"head":{"rotation":["17.1421+math.sin(q.anim_time*90*1-100)*5","-30.0689+math.sin(q.anim_time*90*1-62.5+180)*3.5","-24.7104+math.sin(q.anim_time*90*1-62.5+180)*3"]},"jaw":{"rotation":["15+math.sin(q.anim_time*90*1-130)*5","0+math.sin(q.anim_time*90*1-62.5+180)*2",0]},"right_horn":{"rotation":[0,0,0]},"right_eyelid":{"position":[-0.1,0,0]},"left_eyelid":{"position":[0.1,0,0]},"left_upper_arm":{"rotation":[15.00634,"-14.9684+2*math.sin(q.anim_time*90*1-25)*1.5","59.5527+math.sin(q.anim_time*90*1-25+180)*1.5"]},"left_lower_arm":{"rotation":["-72.5+math.sin(q.anim_time*90*1-25+180)*3",52.5,-90]},"left_pinky_finger":{"rotation":[12.58262,"-24.2568+math.sin(q.anim_time*90*1-50)*3",-22.81354]},"left_pinky_finger2":{"rotation":[0.89813,"0.0078+math.sin(q.anim_time*90*1-75)*2",-1.34408]},"left_wing_membrane2":{"rotation":[2.5,-10,0],"position":[0,0,-0.75]},"left_hand":{"rotation":["15.2016+math.sin(q.anim_time*90*1-25)*5",-9.72189,-21.558]},"left_index_finger":{"rotation":[-25.83693,17.83455,2.18741]},"left_index_finger2":{"rotation":[57.5,0,0]},"left_middle_finger":{"rotation":[-27.5,0,0]},"left_middle_finger2":{"rotation":[47.5,0,0]},"left_ring_finger":{"rotation":[-29.71428,-25.34895,6.1274]},"left_ring_finger2":{"rotation":[55,0,0]},"left_wing_membrane":{"rotation":[-1.10693,12.45167,-5.12076],"position":[0,0,-1]},"right_upper_arm":{"rotation":[6.98482,"-24.8803-2*math.sin(q.anim_time*90*1-25+180)*0.5","19.225+math.sin(q.anim_time*90*1-25)*3"],"position":[1,-0.5,0]},"right_lower_arm":{"rotation":["18.358+math.sin(q.anim_time*90*1-25)*0.5","-56.9412+math.sin(q.anim_time*90*1-25)*0.5",-7.78553]},"right_pinky_finger":{"rotation":[9.4188,"24.9854+math.sin(q.anim_time*90*1-50+180)*3",12.02451]},"right_pinky_finger2":{"rotation":[0,"10+math.sin(q.anim_time*90*1-75+180)*2",0]},"right_wing_membrane2":{"rotation":[2.5,10,0],"position":[0,0,-0.75]},"right_hand":{"rotation":["-1.6727+math.sin(q.anim_time*90*1-25+180)*5",18.41498,-9.56768]},"right_index_finger":{"rotation":[-25.83693,-17.83455,-2.18741]},"right_index_finger2":{"rotation":[57.5,0,0]},"right_middle_finger":{"rotation":[-27.5,0,0]},"right_middle_finger2":{"rotation":[47.5,0,0]},"right_ring_finger":{"rotation":[-29.71428,25.34895,-6.1274]},"right_ring_finger2":{"rotation":[55,0,0]},"right_wing_membrane":{"rotation":[-1.10693,-12.45167,5.12076],"position":[0,0,-1]},"tail_1":{"rotation":["-20.0703+math.sin(q.anim_time*90*1-20)*1",-4.69776,1.71394]},"tail_2":{"rotation":["-27.5224+math.sin(q.anim_time*90*1-40)*1.5",-2.21738,1.15495]},"tail_3":{"rotation":["-43.0148+math.sin(q.anim_time*90*1-60)*2",17.9502,-6.3998]},"tail_4":{"rotation":["-22.2151+math.sin(q.anim_time*90*1-80)*2",18.97861,"9.4985+math.sin(q.anim_time*90*1-80)*1"]},"tail_5":{"rotation":["-7.5227+math.sin(q.anim_time*90*1-100+180)*2.5","21.5171+math.sin(q.anim_time*90*1-100)*2.5",58.92838]},"tail_tip":{"rotation":["7.5+math.sin(q.anim_time*90*1-30)*3",0,0]},"left_upper_leg":{"rotation":["32.3636+math.sin(q.anim_time*90*1-30)*2",-9.72351,14.70825],"position":[0,-1,0]},"left_lower_leg":{"rotation":["-15.0236+math.sin(q.anim_time*90*1-60)*3",2.16489,-1.2506]},"left_foot":{"rotation":["23.3937+math.sin(q.anim_time*90*1-90+180)*5",7.01208,29.52294],"position":[-0.25,0,0]},"left_inner_toe":{"rotation":[10,0,0]},"left_inner_toe2":{"rotation":[17.5,0,0]},"left_outer_toe":{"rotation":[32.5,0,0]},"left_outer_toe2":{"rotation":[22.5,0,0]},"left_back_toe":{"rotation":[-37.5,0,0]},"left_back_toe2":{"rotation":[-27.5,0,0]},"right_upper_leg":{"rotation":[52.5,0,-20]},"right_foot":{"rotation":["-0.009+math.sin(q.anim_time*90*1-50)*2.5",-5.98135,-0.61516]},"right_inner_toe":{"rotation":[20,5,0]},"right_inner_toe2":{"rotation":[30,0,0]},"right_outer_toe":{"rotation":[35,0,0]},"right_outer_toe2":{"rotation":[30,0,0]},"right_back_toe":{"rotation":[-20,0,0]},"right_back_toe2":{"rotation":[-35,0,0]}}},"animation.aerodactyl_mega.blink":{"animation_length":0.16667,"bones":{"right_eyelid":{"position":{"0.0":[-0.1,0,0],"0.125":[-0.1,0,0],"0.1667":[0,0,0]}},"left_eyelid":{"position":{"0.0":[0.1,0,0],"0.125":[0.1,0,0],"0.1667":[0,0,0]}}}},"animation.aerodactyl_mega.cry":{"animation_length":1.5,"sound_effects":{"0.042":{"effect":"pokemon.aerodactyl.cry"}},"bones":{"neck":{"rotation":{"0.0":{"post":[0,0,0],"lerp_mode":"catmullrom"},"0.25":{"post":[-12.5,0,0],"lerp_mode":"catmullrom"},"1.5":{"post":[0,0,0],"lerp_mode":"catmullrom"}}},"upper_neck":{"rotation":{"0.0":{"post":[0,0,0],"lerp_mode":"catmullrom"},"0.2083":{"post":[10,0,0],"lerp_mode":"catmullrom"},"0.4583":{"post":[-15,0,0],"lerp_mode":"catmullrom"},"1.0":{"post":[-15,0,0],"lerp_mode":"catmullrom"},"1.25":{"post":[5,0,0],"lerp_mode":"catmullrom"},"1.5":{"post":[0,0,0],"lerp_mode":"catmullrom"}}},"head":{"rotation":{"0.0":{"post":[0,0,0],"lerp_mode":"catmullrom"},"0.25":{"post":[22.5,0,0],"lerp_mode":"catmullrom"},"0.7917":{"post":[2.5,0,0],"lerp_mode":"catmullrom"},"1.5":{"post":[0,0,0],"lerp_mode":"catmullrom"}}},"jaw":{"rotation":{"0.0":[0,0,0],"0.25":[35,0,0],"1.25":[35,0,0],"1.5":[0,0,0]}}}}}}