{"format_version":"1.8.0","animations":{"animation.musharna.ground_idle":{"loop":true,"bones":{"leg_right2":{"rotation":["0+math.sin(q.anim_time*90*1.5)*2",0,"0+math.sin(q.anim_time*90*0.75-90)*2"]},"leg_left2":{"rotation":["0+math.sin(q.anim_time*90*1.5)*2",0,"0+math.sin(q.anim_time*90*0.75-90)*2"]},"leg_left":{"rotation":["0+math.sin(q.anim_time*90*1.5)*2",0,"0+math.sin(q.anim_time*90*0.75-90)*2"]},"bone3":{"rotation":["6.5623+math.sin(q.anim_time*90*2+140)*1.5","2.3731+math.sin(q.anim_time*90*1+250)*6",-19.92086]},"bone4":{"rotation":["-11.5+math.sin(q.anim_time*90*2+90)*2","0+math.sin(q.anim_time*90*1+90)*2",0]},"bone5":{"rotation":["15+math.sin(q.anim_time*90*2+90)*3","math.sin(q.anim_time*90*1+90)*3",0]},"bone6":{"rotation":["2-math.sin(q.anim_time*90*2+240)*1",0,0]},"leg_right":{"rotation":["0+math.sin(q.anim_time*90*1.5)*2",0,"0+math.sin(q.anim_time*90*0.75-90)*2"]},"head":{"rotation":["0+math.sin(q.anim_time*90*1.5)*4",0,"0+math.sin(q.anim_time*90*0.75)*0.8"],"position":[0,"0+math.sin(q.anim_time*90*1-90)*0.2",0]},"body":{"rotation":["0+math.sin(q.anim_time*90*0.75-90)*3",0,"0+math.sin(q.anim_time*90*1.5-90)*3"],"position":["0+math.sin(q.anim_time*90*0.75)*3","0+math.sin(q.anim_time*90*1.5)*1","0+math.sin(q.anim_time*90*1.5)*0.5"]},"musharna":{"position":[0,11,0]}}},"animation.musharna.ground_walk":{"loop":true,"bones":{"leg_right2":{"rotation":["0+math.sin(q.anim_time*90*1.5)*2",0,"0+math.sin(q.anim_time*90*0.75-90)*2"]},"leg_left2":{"rotation":["0+math.sin(q.anim_time*90*1.5)*2",0,"0+math.sin(q.anim_time*90*0.75-90)*2"]},"leg_left":{"rotation":["0+math.sin(q.anim_time*90*1.5)*2",0,"0+math.sin(q.anim_time*90*0.75-90)*2"]},"bone3":{"rotation":["6.5623+math.sin(q.anim_time*90*2+140)*1.5","2.3731+math.sin(q.anim_time*90*1+250)*6",-19.92086]},"bone4":{"rotation":["-11.5+math.sin(q.anim_time*90*2+90)*2","0+math.sin(q.anim_time*90*1+90)*2",0]},"bone5":{"rotation":["15+math.sin(q.anim_time*90*2+90)*3","math.sin(q.anim_time*90*1+90)*3",0]},"bone6":{"rotation":["2-math.sin(q.anim_time*90*2+240)*1",0,0]},"leg_right":{"rotation":["0+math.sin(q.anim_time*90*1.5)*2",0,"0+math.sin(q.anim_time*90*0.75-90)*2"]},"head":{"rotation":["0+math.sin(q.anim_time*90*1.5)*4",0,"0+math.sin(q.anim_time*90*0.75)*0.8"],"position":[0,"0+math.sin(q.anim_time*90*1-90)*0.2",0]},"body":{"rotation":["0+math.sin(q.anim_time*90*0.75-90)*3",0,"0+math.sin(q.anim_time*90*1.5-90)*3"],"position":["0+math.sin(q.anim_time*90*0.75)*3","0+math.sin(q.anim_time*90*1.5)*1","0+math.sin(q.anim_time*90*1.5)*0.5"]},"musharna":{"position":[0,11,0]}}}}}