{
  "type": "minecraft:chest",
  "pools": [
    {
      "bonus_rolls": 0.0,
      "entries": [
        {
          "type": "loot_table",
          "weight": 1,
          "value": "minecraft:cobblemon/cobblefood_loot_tier1"
        },
        {
          "type": "minecraft:item",
          "weight": 3,
          "name": "minecraft:air"
        }
      ],
      "rolls": {
        "type": "minecraft:uniform",
        "max": 1.0,
        "min": 1.0
      }
    },
    {
      "bonus_rolls": 0.0,
      "entries": [
        {
          "type": "loot_table",
          "weight": 1,
          "value": "minecraft:cobblemon/pokeblocks_tier1"
        },
        {
          "type": "minecraft:item",
          "weight": 30,
          "name": "minecraft:air"
        }
      ],
      "rolls": {
        "type": "minecraft:uniform",
        "max": 1.0,
        "min": 1.0
      }
    },
    {
      "bonus_rolls": 0.0,
      "entries": [
        {
          "type": "loot_table",
          "weight": 1,
          "value": "minecraft:cobblemon/nature_changer"
        },
        {
          "type": "minecraft:item",
          "weight": 100,
          "name": "minecraft:air"
        }
      ],
      "rolls": 1.0
    },
    {
      "bonus_rolls": 0.0,
      "entries": [
        {
          "type": "loot_table",
          "weight": 3,
          "value": "minecraft:cobblemon/basic_loot"
        },
        {
          "type": "loot_table",
          "value": "minecraft:cobblemon/status_healing_loot"
        }
      ],
      "rolls": {
        "type": "minecraft:uniform",
        "max": 3.0,
        "min": 1.0
      }
    },
    {
      "bonus_rolls": 0.0,
      "entries": [
        {
          "type": "loot_table",
          "weight": 20,
          "value": "minecraft:cobblemon/special_ball_loot"
        },
        {
          "type": "minecraft:item",
          "name": "cobblemon:exp_candy_s",
          "functions": [
            {
              "add": false,
              "count": {
                "type": "minecraft:uniform",
                "max": 4.0,
                "min": 1.0
              },
              "function": "minecraft:set_count"
            }
          ],
          "weight": 2
        }
      ],
      "rolls": {
        "type": "minecraft:uniform",
        "max": 1.0,
        "min": 0.0
      }
    },
    {
      "bonus_rolls": 0.0,
      "entries": [
        {
          "type": "loot_table",
          "value": "minecraft:cobblemon/x_item_loot"
        }
      ],
      "rolls": {
        "type": "minecraft:uniform",
        "max": 3.0,
        "min": 1.0
      }
    }
  ],
  "random_sequence": "minecraft:chests/desert_pyramid"
}