{"format_version":"1.8.0","animations":{"animation.lopunny_mega.ground_idle":{"loop":true,"bones":{"body":{"rotation":[7.5,0,0],"position":[0,"-0.1*(math.sin(q.anim_time*90*3-90)*3+3)",0]},"torso_top":{"rotation":[7.5,0,0],"position":[0,"-0.1*(math.sin(q.anim_time*90*3-90)*2+2)",0]},"head":{"rotation":["10+math.sin(q.anim_time*90*2-45)*3",0,0]},"tuft":{"rotation":[-5,0,0]},"ear_right":{"rotation":[0,0,"-45-math.sin(q.anim_time*90*2)*6"]},"ear_right2":{"rotation":[0.24671,"-0.0108-math.sin(q.anim_time*90*2-45)*4",-14.99393]},"ear_right3":{"rotation":[0,"0-math.sin(q.anim_time*90*2-45)*5",-15]},"ear_right4":{"rotation":[0,"0-math.sin(q.anim_time*90*2-45)*6",-25]},"ear_left":{"rotation":[0,0,"45-math.sin(q.anim_time*90*2)*6"]},"ear_left2":{"rotation":[0,"0-math.sin(q.anim_time*90*2-45)*4",20]},"ear_left3":{"rotation":[0,"17.5-math.sin(q.anim_time*90*2-45)*5",15]},"ear_left4":{"rotation":[0,"0-math.sin(q.anim_time*90*2-45)*6",25]},"arm_right":{"rotation":["0+math.sin(q.anim_time*90*2-45)*3",0,-27.5]},"arm_right2":{"rotation":[0,-27.5,0]},"arm_right_hand":{"rotation":["0+math.sin(q.anim_time*90*2-45)*4",-22.5,0]},"finger_right_index":{"rotation":[0,0,-25]},"finger_right_ring":{"rotation":[0,0,-25]},"finger_right_middle":{"rotation":[0,0,-20]},"arm_left":{"rotation":["0+math.sin(q.anim_time*90*2-45)*2",-37.5,0]},"arm_left2":{"rotation":[22.5,102.5,0]},"arm_left_hand":{"rotation":["0+math.sin(q.anim_time*90*2-45)*6",0,15]},"finger_left_index":{"rotation":[0,0,25]},"finger_left_ring":{"rotation":[0,0,25]},"finger_left_middle":{"rotation":[0,0,20]},"torso_bottom":{"rotation":[-15,0,0],"position":[0,"-0.1*(math.sin(q.anim_time*90*3-90)*3+3)",0]},"leg_right":{"rotation":[-10,15,0],"position":[0,"-0.1*(math.sin(q.anim_time*-90*3+90)*1+1)",0]},"leg_right2":{"rotation":[35,0,0],"position":[0,"-0.1*(math.sin(q.anim_time*-90*1+45)*1+1)",0]},"leg_left":{"rotation":["-72.5+math.sin(q.anim_time*90*2-45)*3",-20,0]},"leg_left2":{"rotation":["110+math.sin(q.anim_time*90*2-45)*5",0,0]}}},"animation.lopunny_mega.faint":{"loop":true,"animation_length":2.58333,"bones":{"ear_right":{"rotation":{"0.0":{"post":[0,0,-10],"lerp_mode":"catmullrom"},"0.625":{"post":[-0.04292,7.4713,-10.6574],"lerp_mode":"catmullrom"},"1.0":{"post":[-0.63304,27.38656,-12.59775],"lerp_mode":"catmullrom"},"1.75":{"post":[-2.05323,44.78238,-14.98107],"lerp_mode":"catmullrom"},"2.125":{"post":[-2.05323,44.78238,-14.98107],"lerp_mode":"catmullrom"}}},"ear_right2":{"rotation":{"0.0":{"post":[0,0,-50],"lerp_mode":"catmullrom"},"0.625":{"post":[0,0,-45],"lerp_mode":"catmullrom"},"1.0":{"post":[0,0,-40],"lerp_mode":"catmullrom"},"1.375":{"post":[0,0,-45],"lerp_mode":"catmullrom"},"1.75":{"post":[0,0,-22.5],"lerp_mode":"catmullrom"},"2.125":{"post":[0,0,-50],"lerp_mode":"catmullrom"},"2.4583":{"post":[0,0,-57.5],"lerp_mode":"catmullrom"}}},"ear_right3":{"rotation":{"0.0":{"post":[0,0,-5],"lerp_mode":"catmullrom"},"0.625":{"post":[0,0,-7.5],"lerp_mode":"catmullrom"},"1.0":{"post":[0,0,0],"lerp_mode":"catmullrom"},"1.375":{"post":[0,0,12.5],"lerp_mode":"catmullrom"},"1.75":{"post":[0,0,10],"lerp_mode":"catmullrom"},"2.125":{"post":[0,0,-2.5],"lerp_mode":"catmullrom"}}},"ear_right4":{"rotation":{"0.0":{"post":[0,0,-5],"lerp_mode":"catmullrom"},"0.625":{"post":[0,0,-7.5],"lerp_mode":"catmullrom"},"1.0":{"post":[0,0,0],"lerp_mode":"catmullrom"},"1.375":{"post":[0,0,7.5],"lerp_mode":"catmullrom"},"1.75":{"post":[0,0,5],"lerp_mode":"catmullrom"},"2.125":{"post":[0,0,3.5],"lerp_mode":"catmullrom"}}},"ear_right5":{"rotation":{"0.0":{"post":[0,0,-5],"lerp_mode":"catmullrom"},"0.625":{"post":[0,0,-7.5],"lerp_mode":"catmullrom"},"1.0":{"post":[0,0,7.5],"lerp_mode":"catmullrom"},"1.375":{"post":[0,0,15],"lerp_mode":"catmullrom"},"1.75":{"post":[0,0,17.5],"lerp_mode":"catmullrom"},"2.125":{"post":[0,0,12.5],"lerp_mode":"catmullrom"},"2.4583":{"post":[0,0,15],"lerp_mode":"catmullrom"}}},"ear_left":{"rotation":{"0.0":{"post":[0,0,10],"lerp_mode":"catmullrom"},"0.625":{"post":[-0.04292,-7.4713,10.6574],"lerp_mode":"catmullrom"},"1.0":{"post":[-0.63304,-27.38656,12.59775],"lerp_mode":"catmullrom"},"1.75":{"post":[-2.05323,-44.78238,14.98107],"lerp_mode":"catmullrom"},"2.125":{"post":[-2.05323,-44.78238,14.98107],"lerp_mode":"catmullrom"}}},"ear_left2":{"rotation":{"0.0":{"post":[0,0,50],"lerp_mode":"catmullrom"},"0.625":{"post":[0,0,45],"lerp_mode":"catmullrom"},"1.0":{"post":[0,0,40],"lerp_mode":"catmullrom"},"1.375":{"post":[0,0,45],"lerp_mode":"catmullrom"},"1.75":{"post":[0,0,22.5],"lerp_mode":"catmullrom"},"2.125":{"post":[0,0,50],"lerp_mode":"catmullrom"},"2.4583":{"post":[0,0,57.5],"lerp_mode":"catmullrom"}}},"ear_left3":{"rotation":{"0.0":{"post":[0,0,5],"lerp_mode":"catmullrom"},"0.625":{"post":[0,0,7.5],"lerp_mode":"catmullrom"},"1.0":{"post":[0,0,0],"lerp_mode":"catmullrom"},"1.375":{"post":[0,0,-12.5],"lerp_mode":"catmullrom"},"1.75":{"post":[0,0,-10],"lerp_mode":"catmullrom"},"2.125":{"post":[0,0,12.5],"lerp_mode":"catmullrom"}}},"ear_left4":{"rotation":{"0.0":{"post":[0,0,5],"lerp_mode":"catmullrom"},"0.625":{"post":[0,0,7.5],"lerp_mode":"catmullrom"},"1.0":{"post":[0,0,0],"lerp_mode":"catmullrom"},"1.375":{"post":[0,0,-7.5],"lerp_mode":"catmullrom"},"1.75":{"post":[0,0,-5],"lerp_mode":"catmullrom"},"2.125":{"post":[0,0,-3.5],"lerp_mode":"catmullrom"}}},"ear_left5":{"rotation":{"0.0":{"post":[0,0,5],"lerp_mode":"catmullrom"},"0.625":{"post":[0,0,7.5],"lerp_mode":"catmullrom"},"1.0":{"post":[0,0,-7.5],"lerp_mode":"catmullrom"},"1.375":{"post":[0,0,-15],"lerp_mode":"catmullrom"},"1.75":{"post":[0,0,-17.5],"lerp_mode":"catmullrom"},"2.125":{"post":[0,0,-12.5],"lerp_mode":"catmullrom"},"2.4583":{"post":[0,0,-15],"lerp_mode":"catmullrom"}}},"arm_right":{"rotation":{"0.0":{"post":[15,15,-50],"lerp_mode":"catmullrom"},"0.25":{"post":[17.86023,-32.74713,-31.06979],"lerp_mode":"catmullrom"},"0.625":{"post":[15.77242,-18.37937,-26.27165],"lerp_mode":"catmullrom"},"1.0":{"post":[17.16872,-11.43171,-24.14756],"lerp_mode":"catmullrom"},"1.375":{"post":[15.66964,12.21206,-24.89287],"lerp_mode":"catmullrom"},"1.75":{"post":[18.52733,7.02834,-7.93178],"lerp_mode":"catmullrom"},"2.125":{"post":[15.22074,-9.65594,37.38702],"lerp_mode":"catmullrom"}}},"arm_right2":{"rotation":{"0.0":{"post":[0,-30,0],"lerp_mode":"catmullrom"},"0.25":{"post":[-4.18273,-39.8173,6.51543],"lerp_mode":"catmullrom"},"0.625":{"post":[-13.20953,-21.52004,29.56431],"lerp_mode":"catmullrom"},"1.0":{"post":[-12.4409,-9.32924,26.69132],"lerp_mode":"catmullrom"},"1.375":{"post":[-11.20376,-21.15554,18.70424],"lerp_mode":"catmullrom"},"1.75":{"post":[-17.08129,0.61664,33.86703],"lerp_mode":"catmullrom"},"2.125":{"post":[0,-17.5,0],"lerp_mode":"catmullrom"}}},"arm_left":{"rotation":{"0.0":{"post":[15,-15,50],"lerp_mode":"catmullrom"},"0.25":{"post":[17.86023,32.74713,31.06979],"lerp_mode":"catmullrom"},"0.625":{"post":[15.77242,18.37937,26.27165],"lerp_mode":"catmullrom"},"1.0":{"post":[17.16872,11.43171,24.14756],"lerp_mode":"catmullrom"},"1.375":{"post":[15.66964,-12.21206,24.89287],"lerp_mode":"catmullrom"},"1.75":{"post":[18.52733,-7.02834,7.93178],"lerp_mode":"catmullrom"},"2.125":{"post":[15.22074,9.65594,-37.38702],"lerp_mode":"catmullrom"}}},"arm_left2":{"rotation":{"0.0":{"post":[0,30,0],"lerp_mode":"catmullrom"},"0.25":{"post":[-4.18273,39.8173,-6.51543],"lerp_mode":"catmullrom"},"0.625":{"post":[-13.20953,21.52004,-29.56431],"lerp_mode":"catmullrom"},"1.0":{"post":[-12.4409,9.32924,-26.69132],"lerp_mode":"catmullrom"},"1.375":{"post":[-11.20376,21.15554,-18.70424],"lerp_mode":"catmullrom"},"1.75":{"post":[-17.08129,-0.61664,-33.86703],"lerp_mode":"catmullrom"},"2.125":{"post":[0,17.5,0],"lerp_mode":"catmullrom"},"2.25":{"post":[0,5,0],"lerp_mode":"catmullrom"}}},"eye_left":{"position":{"0.0":{"post":[0,0,0],"lerp_mode":"catmullrom"},"2.125":{"post":[0,0,0],"lerp_mode":"catmullrom"}}},"lopunny":{"rotation":{"0.0":{"post":[0,0,0],"lerp_mode":"catmullrom"}},"position":{"0.0":{"post":[0,0,0],"lerp_mode":"catmullrom"},"0.25":{"post":[0,0,6],"lerp_mode":"catmullrom"},"0.625":{"post":[0,0,6],"lerp_mode":"catmullrom"},"0.8333":{"post":[0,-2.4,-3.12],"lerp_mode":"catmullrom"},"1.0":{"post":[0,-8.4,-7],"lerp_mode":"catmullrom"},"1.2083":{"post":[0,-8.34,-15],"lerp_mode":"catmullrom"},"1.375":{"post":[0,-12.7,-22],"lerp_mode":"catmullrom"},"1.75":{"post":[0,-18.2,-27],"lerp_mode":"catmullrom"},"2.0":{"post":[0,-19.54,-28.31],"lerp_mode":"catmullrom"},"2.25":{"post":[0,-18.2,-29],"lerp_mode":"catmullrom"}}},"torso_top":{"rotation":{"0.0":{"post":[0,0,0],"lerp_mode":"catmullrom"},"0.25":{"post":[10,0,0],"lerp_mode":"catmullrom"},"0.625":{"post":[-7.5,0,0],"lerp_mode":"catmullrom"},"1.0":{"post":[-12.5,0,0],"lerp_mode":"catmullrom"},"1.75":{"post":[60,0,0],"lerp_mode":"catmullrom"},"2.25":{"post":[80,0,0],"lerp_mode":"catmullrom"}}},"head":{"rotation":{"0.0":{"post":[0,0,0],"lerp_mode":"catmullrom"},"0.625":{"post":[10,0,0],"lerp_mode":"catmullrom"},"1.0":{"post":[-10,0,0],"lerp_mode":"catmullrom"},"1.375":{"post":[-17.5,0,0],"lerp_mode":"catmullrom"},"1.75":{"post":[-27.5,0,0],"lerp_mode":"catmullrom"},"2.125":{"post":[-28.36,0,0],"lerp_mode":"catmullrom"}}},"eye_right":{"position":{"0.0":{"post":[0,0,0],"lerp_mode":"catmullrom"},"2.125":{"post":[0,0,0],"lerp_mode":"catmullrom"}}},"eyelid_right":{"position":{"0.0":{"post":[0,0,0],"lerp_mode":"catmullrom"},"0.5":{"post":[-0.1,0,0],"lerp_mode":"catmullrom"},"2.125":{"post":[-0.1,0,0],"lerp_mode":"catmullrom"}}},"eyelid_left":{"position":{"0.0":{"post":[0,0,0],"lerp_mode":"catmullrom"},"0.5":{"post":[0.1,0,0],"lerp_mode":"catmullrom"},"2.125":{"post":[0.1,0,0],"lerp_mode":"catmullrom"}}},"tuft_right2":{"rotation":{"0.0":{"post":[0,0,0],"lerp_mode":"catmullrom"},"0.25":{"post":[0,2.5,0],"lerp_mode":"catmullrom"},"2.125":{"post":[0,2.5,0],"lerp_mode":"catmullrom"}}},"tuft_right3":{"rotation":{"0.0":{"post":[0,0,0],"lerp_mode":"catmullrom"},"0.25":{"post":[0,5,0],"lerp_mode":"catmullrom"},"2.125":{"post":[0,5,0],"lerp_mode":"catmullrom"}}},"tuft_left2":{"rotation":{"0.0":{"post":[0,0,0],"lerp_mode":"catmullrom"},"0.25":{"post":[0,-2.5,0],"lerp_mode":"catmullrom"},"2.125":{"post":[0,-2.5,0],"lerp_mode":"catmullrom"}}},"tuft_left3":{"rotation":{"0.0":{"post":[0,0,0],"lerp_mode":"catmullrom"},"0.25":{"post":[0,-5,0],"lerp_mode":"catmullrom"},"2.125":{"post":[0,-5,0],"lerp_mode":"catmullrom"}}},"arm_right_hand":{"rotation":{"0.0":{"post":[0,0,0],"lerp_mode":"catmullrom"},"0.25":{"post":[0.98448,-7.43547,-7.56397],"lerp_mode":"catmullrom"},"1.0":{"post":[-0.98448,-7.43547,7.56397],"lerp_mode":"catmullrom"},"1.375":{"post":[0,-7.5,0],"lerp_mode":"catmullrom"},"1.75":{"post":[-1.95382,7.74834,14.61387],"lerp_mode":"catmullrom"},"2.125":{"post":[5.7626,32.70221,14.79463],"lerp_mode":"catmullrom"}}},"arm_left_hand":{"rotation":{"0.0":{"post":[0,0,0],"lerp_mode":"catmullrom"},"0.25":{"post":[0.98448,7.43547,7.56397],"lerp_mode":"catmullrom"},"1.0":{"post":[-0.98448,7.43547,-7.56397],"lerp_mode":"catmullrom"},"1.375":{"post":[0,7.5,0],"lerp_mode":"catmullrom"},"1.75":{"post":[-1.95382,-7.74834,-14.61387],"lerp_mode":"catmullrom"},"2.125":{"post":[5.7626,-32.70221,-14.79463],"lerp_mode":"catmullrom"},"2.25":{"post":[-4.98508,-10.29719,-12.99926],"lerp_mode":"catmullrom"}}},"torso_bottom":{"rotation":{"0.0":{"post":[0,0,0],"lerp_mode":"catmullrom"},"0.25":{"post":[-10,0,0],"lerp_mode":"catmullrom"},"0.625":{"post":[10,0,0],"lerp_mode":"catmullrom"},"1.0":{"post":[-5,0,0],"lerp_mode":"catmullrom"},"1.375":{"post":[25,0,0],"lerp_mode":"catmullrom"},"1.75":{"post":[77.5,0,0],"lerp_mode":"catmullrom"}}},"tail":{"rotation":{"0.0":{"post":[0,0,0],"lerp_mode":"catmullrom"},"1.1667":{"post":[0,-5,0],"lerp_mode":"catmullrom"},"2.4583":{"post":[0,5,0],"lerp_mode":"catmullrom"},"3.0":{"post":[0,5,0],"lerp_mode":"catmullrom"}}},"leg_right":{"rotation":{"0.0":{"post":[0,0,0],"lerp_mode":"catmullrom"},"0.25":{"post":[-10,0,0],"lerp_mode":"catmullrom"},"0.625":{"post":[-30,0,0],"lerp_mode":"catmullrom"},"1.0":{"post":[-35,0,0],"lerp_mode":"catmullrom"},"1.2083":{"post":[6.88,0,0],"lerp_mode":"catmullrom"},"1.375":{"post":[95,0,0],"lerp_mode":"catmullrom"},"1.75":{"post":[95,0,0],"lerp_mode":"catmullrom"},"2.125":{"post":[95,0,0],"lerp_mode":"catmullrom"}},"position":{"0.0":[0,0,0],"1.25":[0,0,0],"1.3333":[-0.17,-1,0.83],"1.75":[-1,6,5],"2.125":[-1,4,5]}},"leg_right2":{"rotation":{"0.0":{"post":[0,0,0],"lerp_mode":"catmullrom"},"0.25":{"post":[5,0,0],"lerp_mode":"catmullrom"},"0.625":{"post":[35,0,0],"lerp_mode":"catmullrom"},"1.0":{"post":[137.5,0,0],"lerp_mode":"catmullrom"},"1.2083":{"post":[97.86,0,0],"lerp_mode":"catmullrom"},"1.375":{"post":[10,0,0],"lerp_mode":"catmullrom"},"1.9583":{"post":[-2.34,0,0],"lerp_mode":"catmullrom"},"2.125":{"post":[-7.5,0,0],"lerp_mode":"catmullrom"}}},"leg_left":{"rotation":{"0.0":{"post":[0,0,0],"lerp_mode":"catmullrom"},"0.25":{"post":[-10,0,0],"lerp_mode":"catmullrom"},"0.625":{"post":[-30,0,0],"lerp_mode":"catmullrom"},"1.0":{"post":[-35,0,0],"lerp_mode":"catmullrom"},"1.2083":{"post":[6.88,0,0],"lerp_mode":"catmullrom"},"1.375":{"post":[50,0,0],"lerp_mode":"catmullrom"},"1.75":{"post":[20,0,0],"lerp_mode":"catmullrom"},"2.125":{"post":[12.5,0,0],"lerp_mode":"catmullrom"}}},"leg_left2":{"rotation":{"0.0":{"post":[0,0,0],"lerp_mode":"catmullrom"},"0.25":{"post":[5,0,0],"lerp_mode":"catmullrom"},"0.625":{"post":[35,0,0],"lerp_mode":"catmullrom"},"1.0":{"post":[137.5,0,0],"lerp_mode":"catmullrom"},"1.2083":{"post":[88.38,0,0],"lerp_mode":"catmullrom"},"1.375":{"post":[30,0,0],"lerp_mode":"catmullrom"},"1.9583":{"post":[-2.34,0,0],"lerp_mode":"catmullrom"},"2.125":{"post":[-7.5,0,0],"lerp_mode":"catmullrom"}}},"lopunny_mega":{"rotation":{"0.0":{"post":[0,0,0],"lerp_mode":"catmullrom"}},"position":{"0.0":{"post":[0,0,0],"lerp_mode":"catmullrom"},"0.25":{"post":[0,0,6],"lerp_mode":"catmullrom"},"0.625":{"post":[0,0,6],"lerp_mode":"catmullrom"},"0.8333":{"post":[0,-2.4,-3.12],"lerp_mode":"catmullrom"},"1.0":{"post":[0,-8.4,-7],"lerp_mode":"catmullrom"},"1.2083":{"post":[0,-8.34,-15],"lerp_mode":"catmullrom"},"1.375":{"post":[0,-12.7,-22],"lerp_mode":"catmullrom"},"1.75":{"post":[0,-18.2,-27],"lerp_mode":"catmullrom"},"2.0":{"post":[0,-19.54,-28.31],"lerp_mode":"catmullrom"},"2.25":{"post":[0,-18.2,-29],"lerp_mode":"catmullrom"}}}}},"animation.lopunny_mega.ground_walk":{"loop":true,"animation_length":1.25,"bones":{"head":{"rotation":{"0.0":{"post":[2.5,0,0],"lerp_mode":"catmullrom"},"0.3333":{"post":[0,0,0],"lerp_mode":"catmullrom"},"0.625":{"post":[2.5,0,0],"lerp_mode":"catmullrom"},"0.9583":{"post":[0,0,0],"lerp_mode":"catmullrom"},"1.25":{"post":[2.5,0,0],"lerp_mode":"catmullrom"}}},"ear_right2":{"rotation":{"0.0":{"post":[-0.26184,17.55428,-35.08411],"lerp_mode":"catmullrom"},"0.625":{"post":[-0.08072,-0.04427,-20.00031],"lerp_mode":"catmullrom"},"1.25":{"post":[-0.26184,17.55428,-35.08411],"lerp_mode":"catmullrom"}}},"ear_right4":{"rotation":{"0.0":{"post":[0.27614,-0.33625,-32.48901],"lerp_mode":"catmullrom"},"0.625":{"post":[0.38692,-27.76798,-45.16766],"lerp_mode":"catmullrom"},"1.0":{"post":[0.32048,3.65247,-37.77949],"lerp_mode":"catmullrom"},"1.25":{"post":[0.27614,-0.33625,-32.48901],"lerp_mode":"catmullrom"}}},"ear_right5":{"rotation":{"0.0":{"post":[0.19085,-1.11932,-22.49597],"lerp_mode":"catmullrom"},"0.3333":{"post":[-0.02295,-0.05962,-10.0008],"lerp_mode":"catmullrom"},"0.625":{"post":[0.19085,-1.11932,-22.49597],"lerp_mode":"catmullrom"},"0.9583":{"post":[0,0,-12.5],"lerp_mode":"catmullrom"},"1.25":{"post":[0.19085,-1.11932,-22.49597],"lerp_mode":"catmullrom"}}},"arm_right":{"rotation":{"0.0":{"post":[12.1748,-12.45894,-51.50491],"lerp_mode":"catmullrom"},"0.625":{"post":[-11.0313,6.72237,-50.31091],"lerp_mode":"catmullrom"},"1.25":{"post":[12.1748,-12.45894,-51.50491],"lerp_mode":"catmullrom"},"3.0":{"post":[-11.0313,6.72237,-50.31091],"lerp_mode":"catmullrom"}}},"arm_right2":{"rotation":{"0.0":{"post":[8.05046,-28.45294,23.86277],"lerp_mode":"catmullrom"},"0.625":{"post":[0.37432,-12.4946,27.17334],"lerp_mode":"catmullrom"},"1.25":{"post":[8.05046,-28.45294,23.86277],"lerp_mode":"catmullrom"},"3.0":{"post":[0.37432,-12.4946,27.17334],"lerp_mode":"catmullrom"}}},"arm_right_hand":{"rotation":{"0.0":{"post":[-2.52307,-22.73483,10.56487],"lerp_mode":"catmullrom"},"0.625":{"post":[0.80731,-14.48661,12.28792],"lerp_mode":"catmullrom"},"1.25":{"post":[-2.52307,-22.73483,10.56487],"lerp_mode":"catmullrom"},"3.0":{"post":[0.80731,-14.48661,12.28792],"lerp_mode":"catmullrom"}}},"leg_right":{"rotation":{"0.0":{"post":[22.51826,-0.20968,1.13327],"lerp_mode":"catmullrom"},"0.625":{"post":[-50.03135,0.70152,1.58344],"lerp_mode":"catmullrom"},"1.25":{"post":[22.51826,-0.20968,1.13327],"lerp_mode":"catmullrom"},"3.0":{"post":[-50.03135,0.70152,1.58344],"lerp_mode":"catmullrom"}}},"leg_right2":{"rotation":{"0.0":{"post":[12.48304,-0.08913,0.63637],"lerp_mode":"catmullrom"},"0.1667":{"post":[61.22121,-1.24742,-0.02982],"lerp_mode":"catmullrom"},"0.625":{"post":[47.49348,0.0534,-0.35292],"lerp_mode":"catmullrom"},"1.25":{"post":[12.48304,-0.08913,0.63637],"lerp_mode":"catmullrom"}}},"torso_top":{"rotation":{"0.0":{"post":[0,2.5,-5.00001],"lerp_mode":"catmullrom"},"0.625":{"post":[0,-2.5,5],"lerp_mode":"catmullrom"},"1.25":{"post":[0,2.5,-5.00001],"lerp_mode":"catmullrom"},"3.0":{"post":[0,-2.5,5],"lerp_mode":"catmullrom"}}},"tuft_right2":{"rotation":{"0.0":{"post":[0,0,0],"lerp_mode":"catmullrom"},"0.3333":{"post":[0,0,0],"lerp_mode":"catmullrom"},"0.625":{"post":[0,2.5,0],"lerp_mode":"catmullrom"},"0.9583":{"post":[0,0,0],"lerp_mode":"catmullrom"},"1.25":{"post":[0,0,0],"lerp_mode":"catmullrom"}}},"ear_right":{"rotation":{"0.0":{"post":[-0.37934,1.99507,-10.31349],"lerp_mode":"catmullrom"},"0.625":{"post":[2.41373,-6.21252,-24.42123],"lerp_mode":"catmullrom"},"1.25":{"post":[-0.37934,1.99507,-10.31349],"lerp_mode":"catmullrom"}}},"ear_right3":{"rotation":{"0.0":{"post":[0.00685,-12.48281,-15.00141],"lerp_mode":"catmullrom"},"0.625":{"post":[-1.38774,-16.1776,-1.0622],"lerp_mode":"catmullrom"},"1.25":{"post":[0.00685,-12.48281,-15.00141],"lerp_mode":"catmullrom"}}},"ear_left":{"rotation":{"0.0":{"post":[-0.37934,1.99507,10.3135],"lerp_mode":"catmullrom"},"0.625":{"post":[2.41373,-6.21252,10.3135],"lerp_mode":"catmullrom"},"1.25":{"post":[-0.37934,1.99507,10.3135],"lerp_mode":"catmullrom"}}},"ear_left2":{"rotation":{"0.0":{"post":[3.66237,17.1817,33.0942],"lerp_mode":"catmullrom"},"0.625":{"post":[-0.08072,-0.04427,20.0003],"lerp_mode":"catmullrom"},"1.25":{"post":[3.66237,17.1817,33.0942],"lerp_mode":"catmullrom"}}},"ear_left3":{"rotation":{"0.0":{"post":[0.00685,-12.48281,15.0014],"lerp_mode":"catmullrom"},"0.625":{"post":[0.06637,-16.2353,15.0014],"lerp_mode":"catmullrom"},"1.25":{"post":[0.00685,-12.48281,15.0014],"lerp_mode":"catmullrom"},"3.0":{"post":[0.01025,-0.01534,2.49993],"lerp_mode":"catmullrom"}}},"ear_left4":{"rotation":{"0.0":{"post":[0.27614,-0.33625,37.7795],"lerp_mode":"catmullrom"},"0.625":{"post":[0.38692,-27.76798,37.7795],"lerp_mode":"catmullrom"},"1.0":{"post":[0.32048,3.65247,37.7795],"lerp_mode":"catmullrom"},"1.25":{"post":[0.27614,-0.33625,37.7795],"lerp_mode":"catmullrom"}}},"ear_left5":{"rotation":{"0.0":{"post":[0.19085,1.11932,22.49597],"lerp_mode":"catmullrom"},"0.3333":{"post":[0,0,12.5],"lerp_mode":"catmullrom"},"0.625":{"post":[0.19085,1.11932,22.49597],"lerp_mode":"catmullrom"},"0.9583":{"post":[-0.02295,0.05962,10.0008],"lerp_mode":"catmullrom"},"1.25":{"post":[0.19085,1.11932,22.49597],"lerp_mode":"catmullrom"}}},"arm_left":{"rotation":{"0.0":{"post":[-11.0313,-6.72237,50.31091],"lerp_mode":"catmullrom"},"0.625":{"post":[12.1748,12.45894,51.50491],"lerp_mode":"catmullrom"},"1.25":{"post":[-11.0313,-6.72237,50.31091],"lerp_mode":"catmullrom"},"3.0":{"post":[12.1748,12.45894,51.50491],"lerp_mode":"catmullrom"}}},"arm_left2":{"rotation":{"0.0":{"post":[0.37432,12.4946,-27.17334],"lerp_mode":"catmullrom"},"0.625":{"post":[8.05046,28.45294,-23.86277],"lerp_mode":"catmullrom"},"1.25":{"post":[0.37432,12.4946,-27.17334],"lerp_mode":"catmullrom"},"3.0":{"post":[8.05046,28.45294,-23.86277],"lerp_mode":"catmullrom"}}},"arm_left_hand":{"rotation":{"0.0":{"post":[0.80731,14.48661,-12.28792],"lerp_mode":"catmullrom"},"0.625":{"post":[-2.52307,22.73483,-10.56487],"lerp_mode":"catmullrom"},"1.25":{"post":[0.80731,14.48661,-12.28792],"lerp_mode":"catmullrom"},"3.0":{"post":[-2.52307,22.73483,-10.56487],"lerp_mode":"catmullrom"}}},"torso_bottom":{"rotation":{"0.0":{"post":[0,-5,0.00001],"lerp_mode":"catmullrom"},"0.625":{"post":[0,5,0],"lerp_mode":"catmullrom"},"1.25":{"post":[0,-5,0.00001],"lerp_mode":"catmullrom"},"3.0":{"post":[0,5,0],"lerp_mode":"catmullrom"}},"scale":{"0.0":{"post":[1,1,1],"lerp_mode":"catmullrom"},"0.625":{"post":[1,1,1],"lerp_mode":"catmullrom"},"1.25":{"post":[1,1,1],"lerp_mode":"catmullrom"}}},"tail":{"rotation":{"0.0":{"post":[0.08232,-3.35749,-10.18412],"lerp_mode":"catmullrom"},"0.625":{"post":[-0.6289,2.8982,5.16015],"lerp_mode":"catmullrom"},"1.25":{"post":[0.08232,-3.35749,-10.18412],"lerp_mode":"catmullrom"},"3.0":{"post":[-0.63439,0.40546,4.96966],"lerp_mode":"catmullrom"}}},"leg_left":{"rotation":{"0.0":{"post":[-50.03135,-0.70152,-1.58344],"lerp_mode":"catmullrom"},"0.625":{"post":[22.51826,0.20968,-1.13327],"lerp_mode":"catmullrom"},"1.25":{"post":[-50.03135,-0.70152,-1.58344],"lerp_mode":"catmullrom"},"3.0":{"post":[22.51826,0.20968,-1.13327],"lerp_mode":"catmullrom"}}},"leg_left2":{"rotation":{"0.0":{"post":[47.49348,-0.0534,0.35292],"lerp_mode":"catmullrom"},"0.625":{"post":[12.48304,0.08913,-0.63637],"lerp_mode":"catmullrom"},"0.7917":{"post":[61.22121,1.24742,0.02982],"lerp_mode":"catmullrom"},"1.25":{"post":[47.49348,-0.0534,0.35292],"lerp_mode":"catmullrom"},"3.0":{"post":[12.48304,0.08913,-0.63637],"lerp_mode":"catmullrom"}}},"lopunny":{"position":{"0.0":{"post":[0,-1,0],"lerp_mode":"catmullrom"},"0.125":{"post":[0,-1,0],"lerp_mode":"catmullrom"},"0.1667":{"post":[0,-1.01,0],"lerp_mode":"catmullrom"},"0.25":{"post":[0,-0.22,0],"lerp_mode":"catmullrom"},"0.3333":{"post":[0,0.58,0],"lerp_mode":"catmullrom"},"0.625":{"post":[0,-0.9,0],"lerp_mode":"catmullrom"},"0.75":{"post":[0,-1,0],"lerp_mode":"catmullrom"},"0.7917":{"post":[0,-1.01,0],"lerp_mode":"catmullrom"},"0.9167":{"post":[0,-0.22,0],"lerp_mode":"catmullrom"},"0.9583":{"post":[0,0.58,0],"lerp_mode":"catmullrom"},"1.25":{"post":[0,-1,0],"lerp_mode":"catmullrom"}}},"tuft_right":{"rotation":{"0.0":{"post":[0,0,0],"lerp_mode":"catmullrom"},"0.625":{"post":[5,0,0],"lerp_mode":"catmullrom"},"1.25":{"post":[0,0,0],"lerp_mode":"catmullrom"},"3.0":{"post":[5,0,0],"lerp_mode":"catmullrom"}}},"tuft_right3":{"rotation":{"0.0":{"post":[0,17.5,0],"lerp_mode":"catmullrom"},"0.625":{"post":[0,7.5,0],"lerp_mode":"catmullrom"},"1.25":{"post":[0,17.5,0],"lerp_mode":"catmullrom"},"3.0":{"post":[0,7.5,0],"lerp_mode":"catmullrom"}}},"tuft_left3":{"rotation":{"0.0":{"post":[0,-17.5,0],"lerp_mode":"catmullrom"},"0.625":{"post":[0,-7.5,0],"lerp_mode":"catmullrom"},"1.25":{"post":[0,-17.5,0],"lerp_mode":"catmullrom"},"3.0":{"post":[0,-15.23,0],"lerp_mode":"catmullrom"}}},"lopunny_mega":{"position":{"0.0":{"post":[0,-1,0],"lerp_mode":"catmullrom"},"0.125":{"post":[0,-1,0],"lerp_mode":"catmullrom"},"0.1667":{"post":[0,-1.01,0],"lerp_mode":"catmullrom"},"0.25":{"post":[0,-0.22,0],"lerp_mode":"catmullrom"},"0.3333":{"post":[0,0.58,0],"lerp_mode":"catmullrom"},"0.625":{"post":[0,-0.9,0],"lerp_mode":"catmullrom"},"0.75":{"post":[0,-1,0],"lerp_mode":"catmullrom"},"0.7917":{"post":[0,-1.01,0],"lerp_mode":"catmullrom"},"0.9167":{"post":[0,-0.22,0],"lerp_mode":"catmullrom"},"0.9583":{"post":[0,0.58,0],"lerp_mode":"catmullrom"},"1.25":{"post":[0,-1,0],"lerp_mode":"catmullrom"}}}}},"animation.lopunny_mega.sleep":{"loop":true,"animation_length":3,"bones":{"lopunny":{"position":[0,-14,0]},"torso_top":{"rotation":{"0.0":{"post":[10,0,0],"lerp_mode":"catmullrom"},"1.5":{"post":[7.5,0,0],"lerp_mode":"catmullrom"},"3.0":{"post":[10,0,0],"lerp_mode":"catmullrom"}}},"head":{"rotation":[15,0,0]},"eye_right":{"position":[0,0,0]},"eyelid_right":{"position":[-0.1,0,0]},"eye_left":{"position":[0,0,0]},"eyelid_left":{"position":[0.1,0,0]},"ear_right":{"rotation":[-17.5,0,-2.5]},"ear_right2":{"rotation":[0,0,-37.5]},"ear_right3":{"rotation":[0.17969,-0.0828,-18.98703]},"ear_right4":{"rotation":{"0.0":{"post":[0,0,-25],"lerp_mode":"catmullrom"},"1.5":{"post":[0,0,-25],"lerp_mode":"catmullrom"},"3.0":{"post":[0,0,-25],"lerp_mode":"catmullrom"}}},"ear_right5":{"rotation":{"0.0":{"post":[0,0,17.5],"lerp_mode":"catmullrom"},"1.5":{"post":[0.21563,-0.0534,15.00979],"lerp_mode":"catmullrom"},"3.0":{"post":[0,0,17.5],"lerp_mode":"catmullrom"}}},"ear_left":{"rotation":[-17.5,0,2.5]},"ear_left2":{"rotation":[0,0,37.5]},"ear_left3":{"rotation":[0.17969,0.0828,18.98703]},"ear_left4":{"rotation":{"0.0":{"post":[0,0,25],"lerp_mode":"catmullrom"},"1.5":{"post":[0,0,25],"lerp_mode":"catmullrom"},"3.0":{"post":[0,0,25],"lerp_mode":"catmullrom"}}},"ear_left5":{"rotation":{"0.0":{"post":[0,0,-17.5],"lerp_mode":"catmullrom"},"1.5":{"post":[0.21563,0.0534,-15.00979],"lerp_mode":"catmullrom"},"3.0":{"post":[0,0,-17.5],"lerp_mode":"catmullrom"}}},"arm_right":{"rotation":[20.61737,-28.93057,-37.87289]},"arm_right2":{"rotation":{"0.0":{"post":[0.66963,-14.98539,-0.08807],"lerp_mode":"catmullrom"},"1.5":{"post":[1.3378,-14.94159,-2.67544],"lerp_mode":"catmullrom"},"3.0":{"post":[0.66963,-14.98539,-0.08807],"lerp_mode":"catmullrom"}}},"arm_right_hand":{"rotation":{"0.0":{"post":[0,0,2.5],"lerp_mode":"catmullrom"},"1.5":{"post":[0,0,-2.5],"lerp_mode":"catmullrom"},"3.0":{"post":[0,0,2.5],"lerp_mode":"catmullrom"}}},"arm_left":{"rotation":[20.61737,28.93057,37.87289]},"arm_left2":{"rotation":{"0.0":{"post":[0.66963,14.98539,0.08807],"lerp_mode":"catmullrom"},"1.5":{"post":[1.3378,14.94159,2.67544],"lerp_mode":"catmullrom"},"3.0":{"post":[0.66963,14.98539,0.08807],"lerp_mode":"catmullrom"}}},"arm_left_hand":{"rotation":{"0.0":{"post":[0,0,-2.5],"lerp_mode":"catmullrom"},"1.5":{"post":[0,0,2.5],"lerp_mode":"catmullrom"},"3.0":{"post":[0,0,-2.5],"lerp_mode":"catmullrom"}}},"torso_bottom":{"rotation":{"0.0":{"post":[1,0,0],"lerp_mode":"catmullrom"},"1.5":{"post":[0,0,0],"lerp_mode":"catmullrom"},"3.0":{"post":[1,0,0],"lerp_mode":"catmullrom"}}},"leg_right":{"rotation":[-97.0019,-0.00152,-0.0873]},"leg_right2":{"rotation":{"0.0":{"post":[19.49294,0.32621,0.02136],"lerp_mode":"catmullrom"},"1.5":{"post":[21.49103,0.23899,0.01983],"lerp_mode":"catmullrom"},"3.0":{"post":[19.49294,0.32621,0.02136],"lerp_mode":"catmullrom"}}},"leg_left":{"rotation":[-97.0019,0.00152,0.0873]},"leg_left2":{"rotation":{"0.0":{"post":[19.49294,-0.32621,-0.02136],"lerp_mode":"catmullrom"},"1.5":{"post":[21.49103,-0.23899,-0.01983],"lerp_mode":"catmullrom"},"3.0":{"post":[19.49294,-0.32621,-0.02136],"lerp_mode":"catmullrom"}}},"lopunny_mega":{"position":[0,-14,0]},"tail":{"rotation":{"0.0":{"post":[0.08232,-3.35749,-10.18412],"lerp_mode":"catmullrom"},"1.6":{"post":[-0.6289,2.8982,5.16015],"lerp_mode":"catmullrom"},"3.0":{"post":[0.08232,-3.35749,-10.18412],"lerp_mode":"catmullrom"}}}}}}}