{"format_version":"1.8.0","animations":{"animation.abomasnow.ground_idle":{"loop":true,"animation_length":4,"bones":{"arm_right":{"rotation":[0,0,"-37.5-math.cos(q.anim_time*90-45)*2"]},"arm_right2":{"rotation":[0,-22.5,"-27.5-math.cos(q.anim_time*90-90)*2"]},"finger_right":{"rotation":[0,0,-7.5]},"finger_right_front":{"rotation":[0,7.5,0]},"finger_right_back":{"rotation":[0,-7.5,0]},"arm_left":{"rotation":[0,0,"37.5+math.cos(q.anim_time*90-45)*2"]},"arm_left2":{"rotation":[0,22.5,"27.5+math.cos(q.anim_time*90-90)*2"]},"finger_left":{"rotation":[0,0,7.5]},"finger_left_front":{"rotation":[0,-7.5,0]},"finger_left_back":{"rotation":[0,7.5,0]},"torso":{"rotation":["-7.5+math.cos(q.anim_time*90+90)",0,0],"position":[0,"-1/3+math.cos(q.anim_time*90)/1/3",-0.5]},"needle_front_right":{"rotation":[22.5,0,0]},"needle_back_right2":{"rotation":[-22.5,0,0]},"needle_back_left2":{"rotation":[-22.5,0,0]},"needle_back_right":{"rotation":[-22.5,0,0]},"needle_back_left":{"rotation":[-22.5,0,0]},"needle_back_left5":{"rotation":[-22.5,0,0]},"needle_front_left":{"rotation":[22.5,0,0]},"needle_front_right2":{"rotation":[22.5,0,0]},"needle_back_right3":{"rotation":[-22.5,0,0]},"needle_back_left3":{"rotation":[-22.5,0,0]},"needle_front_left2":{"rotation":[22.5,0,0]},"needle_front_right3":{"rotation":[0,0,-22.5]},"needle_back_right4":{"rotation":[0,0,-22.5]},"needle_back_left4":{"rotation":[0,0,22.5]},"needle_front_left3":{"rotation":[0,0,22.5]},"beard_right3":{"rotation":[0,0,-22.5]},"beard_left3":{"rotation":[0,0,22.5]},"tail":{"rotation":[-12.5,"math.cos(q.anim_time*90*2)*10/2",0]},"tail2":{"rotation":["12.5/2","math.cos(q.anim_time*90*2-45)*10/2",0]},"leg_right":{"rotation":[7.5,15,0]},"foot_right":{"rotation":[-7.5,0,0]},"leg_left":{"rotation":[7.5,-15,0]},"foot_left":{"rotation":[-7.5,0,0]},"torso_top":{"rotation":["7.5/2",0,0]},"head":{"rotation":["7.5/2",0,0]},"tail3":{"rotation":["12.5/2","math.cos(q.anim_time*90*2-90)*10/2",0]}}},"animation.abomasnow.ground_walk":{"loop":true,"animation_length":4,"bones":{"torso":{"rotation":{"0.0":[0,"-math.cos(q.anim_time*90)*5",0],"1.75":[0,"-math.cos(q.anim_time*90)*5",-8],"1.9167":[0,"-math.cos(q.anim_time*90)*5",-8],"2.0":[0,"-math.cos(q.anim_time*90)*5",0],"3.75":[0,"-math.cos(q.anim_time*90)*5",8],"3.9167":[0,"-math.cos(q.anim_time*90)*5",8],"4.0":[0,"-math.cos(q.anim_time*90)*5",0]},"position":{"0.0":{"post":[0,0,0],"lerp_mode":"catmullrom"},"0.0417":{"post":[0,-1,0],"lerp_mode":"catmullrom"},"0.125":{"post":[0,0,0],"lerp_mode":"catmullrom"},"0.1667":{"post":[0,-0.5,0],"lerp_mode":"catmullrom"},"0.25":{"post":[0,0,0],"lerp_mode":"catmullrom"},"1.75":{"post":[0,2,0],"lerp_mode":"catmullrom"},"1.9167":{"post":[0,2,0],"lerp_mode":"catmullrom"},"2.0":{"post":[0,0,0],"lerp_mode":"catmullrom"},"2.0417":{"post":[0,-1,0],"lerp_mode":"catmullrom"},"2.125":{"post":[0,0,0],"lerp_mode":"catmullrom"},"2.1667":{"post":[0,-0.5,0],"lerp_mode":"catmullrom"},"2.25":{"post":[0,0,0],"lerp_mode":"catmullrom"},"3.75":{"post":[0,2,0],"lerp_mode":"catmullrom"},"3.9167":{"post":[0,2,0],"lerp_mode":"catmullrom"},"4.0":{"post":[0,0,0],"lerp_mode":"catmullrom"}}},"arm_right":{"rotation":[0,"math.cos(q.anim_time*90)*5",-45]},"arm_right2":{"rotation":[0,"-5+math.cos(q.anim_time*90-45)*5",0]},"arm_left":{"rotation":[0,"math.cos(q.anim_time*90)*5",45]},"arm_left2":{"rotation":[0,"5+math.cos(q.anim_time*90-45)*5",0]},"leg_right":{"rotation":{"0.0":{"post":[0,0,0],"lerp_mode":"catmullrom"},"2.0":{"post":[0,0,0],"lerp_mode":"catmullrom"},"3.75":{"post":[-5,0,0],"lerp_mode":"catmullrom"},"3.9167":{"post":[-5,0,0],"lerp_mode":"catmullrom"},"4.0":{"post":[0,0,0],"lerp_mode":"catmullrom"}},"position":{"0.0":[0,0,"-math.cos(q.anim_time*90)*2"],"0.0417":[0,-1,"-math.cos(q.anim_time*90)*2"],"0.125":[0,0,"-math.cos(q.anim_time*90)*2"],"0.1667":[0,-0.5,"-math.cos(q.anim_time*90)*2"],"0.2083":[0,0,"-math.cos(q.anim_time*90)*2"],"2.0":[0,0,"-math.cos(q.anim_time*90)*2"],"2.25":[0,0.19,"-math.cos(q.anim_time*90)*2"],"2.5":[0,0.375,"-math.cos(q.anim_time*90)*2"],"2.75":[0,0.63,"-math.cos(q.anim_time*90)*2"],"3.0":[0,0.835,"-math.cos(q.anim_time*90)*2"],"3.25":[0,1.225,"-math.cos(q.anim_time*90)*2"],"3.5":[0,1.655,"-math.cos(q.anim_time*90)*2"],"3.75":[0,2,"-math.cos(q.anim_time*90)*2"],"3.9167":[0,2,"-math.cos(q.anim_time*90)*2"],"4.0":[0,0,"-math.cos(q.anim_time*90)*2"]}},"foot_right":{"rotation":{"2.0":{"pre":[0,0,0],"post":[0,0,0],"lerp_mode":"catmullrom"},"2.5":{"post":[5,0,0],"lerp_mode":"catmullrom"},"3.5":{"post":[-10,0,0],"lerp_mode":"catmullrom"},"3.9167":{"post":[-10,0,0],"lerp_mode":"catmullrom"},"4.0":{"post":[0,0,0],"lerp_mode":"catmullrom"}}},"leg_left":{"rotation":{"0.0":{"post":[0,0,0],"lerp_mode":"catmullrom"},"1.75":{"post":[-5,0,0],"lerp_mode":"catmullrom"},"1.9167":{"post":[-5,0,0],"lerp_mode":"catmullrom"},"2.0":{"post":[0,0,0],"lerp_mode":"catmullrom"}},"position":{"0.0":[0,0,"math.cos(q.anim_time*90)*2"],"0.25":[0,0.19,"math.cos(q.anim_time*90)*2"],"0.5":[0,0.375,"math.cos(q.anim_time*90)*2"],"0.75":[0,0.63,"math.cos(q.anim_time*90)*2"],"1.0":[0,0.835,"math.cos(q.anim_time*90)*2"],"1.25":[0,1.225,"math.cos(q.anim_time*90)*2"],"1.5":[0,1.655,"math.cos(q.anim_time*90)*2"],"1.75":[0,2,"math.cos(q.anim_time*90)*2"],"1.9167":[0,2,"math.cos(q.anim_time*90)*2"],"2.0":[0,0,"math.cos(q.anim_time*90)*2"],"2.0417":[0,-1,"math.cos(q.anim_time*90)*2"],"2.125":[0,0,"math.cos(q.anim_time*90)*2"],"2.1667":[0,-0.5,"math.cos(q.anim_time*90)*2"],"2.2083":[0,0,"math.cos(q.anim_time*90)*2"]}},"foot_left":{"rotation":{"0.0":{"post":[0,0,0],"lerp_mode":"catmullrom"},"0.5":{"post":[5,0,0],"lerp_mode":"catmullrom"},"1.5":{"post":[-10,0,0],"lerp_mode":"catmullrom"},"1.9167":{"post":[-10,0,0],"lerp_mode":"catmullrom"},"2.0":{"post":[0,0,0],"lerp_mode":"catmullrom"}}}}},"animation.abomasnow.cry":{"animation_length":2.5,"bones":{"torso":{"rotation":{"0.0":{"post":[0,0,0],"lerp_mode":"catmullrom"},"0.125":{"post":[15,0,0],"lerp_mode":"catmullrom"},"0.1667":{"post":[12.5,0,0],"lerp_mode":"catmullrom"},"0.2083":{"post":[15,0,0],"lerp_mode":"catmullrom"},"0.25":{"post":[12.5,0,0],"lerp_mode":"catmullrom"},"0.2917":{"post":[15,0,0],"lerp_mode":"catmullrom"},"0.3333":{"post":[12.5,0,0],"lerp_mode":"catmullrom"},"0.375":{"post":[15,0,0],"lerp_mode":"catmullrom"},"0.4167":{"post":[12.5,0,0],"lerp_mode":"catmullrom"},"0.4583":{"post":[15,0,0],"lerp_mode":"catmullrom"},"0.5":{"post":[12.5,0,0],"lerp_mode":"catmullrom"},"0.5417":{"post":[15,0,0],"lerp_mode":"catmullrom"},"0.5833":{"post":[12.5,0,0],"lerp_mode":"catmullrom"},"0.625":{"post":[15,0,0],"lerp_mode":"catmullrom"},"0.6667":{"post":[12.5,0,0],"lerp_mode":"catmullrom"},"0.7083":{"post":[15,0,0],"lerp_mode":"catmullrom"},"0.75":{"post":[12.5,0,0],"lerp_mode":"catmullrom"},"0.7917":{"post":[17.5,0,0],"lerp_mode":"catmullrom"},"1.0":{"post":[-5,0,0],"lerp_mode":"catmullrom"},"1.125":{"post":[-5,0,0],"lerp_mode":"catmullrom"},"1.25":{"post":[10,0,0],"lerp_mode":"catmullrom"},"2.0":{"post":[10,0,0],"lerp_mode":"catmullrom"},"2.5":{"post":[0,0,0],"lerp_mode":"catmullrom"}},"position":{"0.0":{"post":[0,0,0],"lerp_mode":"catmullrom"},"0.1667":{"post":[0,0,0],"lerp_mode":"catmullrom"},"0.2083":{"post":[0,0.25,0],"lerp_mode":"catmullrom"},"0.25":{"post":[0,0,0],"lerp_mode":"catmullrom"},"0.2917":{"post":[0,0.25,0],"lerp_mode":"catmullrom"},"0.3333":{"post":[0,0,0],"lerp_mode":"catmullrom"},"0.375":{"post":[0,0.25,0],"lerp_mode":"catmullrom"},"0.4167":{"post":[0,0,0],"lerp_mode":"catmullrom"},"0.4583":{"post":[0,0.25,0],"lerp_mode":"catmullrom"},"0.5":{"post":[0,0,0],"lerp_mode":"catmullrom"},"0.5417":{"post":[0,0.25,0],"lerp_mode":"catmullrom"},"0.5833":{"post":[0,0,0],"lerp_mode":"catmullrom"},"0.625":{"post":[0,0.25,0],"lerp_mode":"catmullrom"},"0.6667":{"post":[0,0,0],"lerp_mode":"catmullrom"},"0.7083":{"post":[0,0.25,0],"lerp_mode":"catmullrom"},"0.75":{"post":[0,0,0],"lerp_mode":"catmullrom"},"0.7917":{"post":[0,0,0],"lerp_mode":"catmullrom"},"1.0":{"post":[0,0,-1],"lerp_mode":"catmullrom"},"1.125":{"post":[0,0,-1],"lerp_mode":"catmullrom"},"1.25":{"post":[0,0,0],"lerp_mode":"catmullrom"},"2.0":{"post":[0,0,0],"lerp_mode":"catmullrom"},"2.5":{"post":[0,0,0],"lerp_mode":"catmullrom"}}},"arm_right":{"rotation":{"0.0833":{"pre":[0,0,0],"post":[0,0,0],"lerp_mode":"catmullrom"},"0.2083":{"post":[0,-37.5,0],"lerp_mode":"catmullrom"},"0.875":{"post":[0,-37.5,0],"lerp_mode":"catmullrom"},"1.0833":{"post":[0,0,25],"lerp_mode":"catmullrom"},"1.2083":{"post":[0,0,25],"lerp_mode":"catmullrom"},"1.3333":{"post":[0,-37.5,0],"lerp_mode":"catmullrom"},"2.0833":{"post":[0,-37.5,0],"lerp_mode":"catmullrom"},"2.5":{"post":[0,0,0],"lerp_mode":"catmullrom"}}},"arm_right2":{"rotation":{"0.9583":{"pre":[0,0,0],"post":[0,0,0],"lerp_mode":"catmullrom"},"1.1667":{"post":[0,22.5,27.5],"lerp_mode":"catmullrom"},"1.2917":{"post":[0,22.5,27.5],"lerp_mode":"catmullrom"},"1.4167":{"post":[0,0,0],"lerp_mode":"catmullrom"}}},"finger_right":{"rotation":{"0.875":{"pre":[0,0,0],"post":[0,0,0],"lerp_mode":"catmullrom"},"1.0833":{"post":[0,0,50],"lerp_mode":"catmullrom"},"1.2083":{"post":[0,0,50],"lerp_mode":"catmullrom"},"1.3333":{"post":[0,0,0],"lerp_mode":"catmullrom"}}},"finger_right_front":{"rotation":{"0.875":{"pre":[0,0,0],"post":[0,0,0],"lerp_mode":"catmullrom"},"1.0833":{"post":[0,-50,0],"lerp_mode":"catmullrom"},"1.2083":{"post":[0,-50,0],"lerp_mode":"catmullrom"},"1.3333":{"post":[0,0,0],"lerp_mode":"catmullrom"}}},"finger_right_back":{"rotation":{"0.875":{"pre":[0,0,0],"post":[0,0,0],"lerp_mode":"catmullrom"},"1.0833":{"post":[0,50,0],"lerp_mode":"catmullrom"},"1.2083":{"post":[0,50,0],"lerp_mode":"catmullrom"},"1.3333":{"post":[0,0,0],"lerp_mode":"catmullrom"}}},"arm_left":{"rotation":{"0.0833":{"pre":[0,0,0],"post":[0,0,0],"lerp_mode":"catmullrom"},"0.2083":{"post":[0,37.5,0],"lerp_mode":"catmullrom"},"0.875":{"post":[0,37.5,0],"lerp_mode":"catmullrom"},"1.0833":{"post":[0,0,-25],"lerp_mode":"catmullrom"},"1.2083":{"post":[0,0,-25],"lerp_mode":"catmullrom"},"1.3333":{"post":[0,37.5,0],"lerp_mode":"catmullrom"},"2.0833":{"post":[0,37.5,0],"lerp_mode":"catmullrom"},"2.5":{"post":[0,0,0],"lerp_mode":"catmullrom"}}},"arm_left2":{"rotation":{"0.9583":{"pre":[0,0,0],"post":[0,0,0],"lerp_mode":"catmullrom"},"1.1667":{"post":[0,-22.5,-27.5],"lerp_mode":"catmullrom"},"1.2917":{"post":[0,-22.5,-27.5],"lerp_mode":"catmullrom"},"1.4167":{"post":[0,0,0],"lerp_mode":"catmullrom"}}},"finger_left":{"rotation":{"0.875":{"pre":[0,0,0],"post":[0,0,0],"lerp_mode":"catmullrom"},"1.0833":{"post":[0,0,-50],"lerp_mode":"catmullrom"},"1.2083":{"post":[0,0,-50],"lerp_mode":"catmullrom"},"1.3333":{"post":[0,0,0],"lerp_mode":"catmullrom"}}},"finger_left_front":{"rotation":{"0.875":{"pre":[0,0,0],"post":[0,0,0],"lerp_mode":"catmullrom"},"1.0833":{"post":[0,50,0],"lerp_mode":"catmullrom"},"1.2083":{"post":[0,50,0],"lerp_mode":"catmullrom"},"1.3333":{"post":[0,0,0],"lerp_mode":"catmullrom"}}},"finger_left_back":{"rotation":{"0.875":{"pre":[0,0,0],"post":[0,0,0],"lerp_mode":"catmullrom"},"1.0833":{"post":[0,-50,0],"lerp_mode":"catmullrom"},"1.2083":{"post":[0,-50,0],"lerp_mode":"catmullrom"},"1.3333":{"post":[0,0,0],"lerp_mode":"catmullrom"}}},"leg_left":{"rotation":{"0.8333":{"pre":[0,0,0],"post":[0,0,0],"lerp_mode":"catmullrom"},"1.0417":{"post":[-15,5,0],"lerp_mode":"catmullrom"},"1.1667":{"post":[-15,5,0],"lerp_mode":"catmullrom"},"1.2083":{"post":[0,0,0],"lerp_mode":"catmullrom"}},"position":{"0.8333":{"pre":[0,0,0],"post":[0,0,0],"lerp_mode":"catmullrom"},"1.0417":{"post":[1,2,0],"lerp_mode":"catmullrom"},"1.1667":{"post":[1,2,0],"lerp_mode":"catmullrom"},"1.2083":{"post":[0,0,0],"lerp_mode":"catmullrom"}}}},"sound_effects":{"0.0":{"effect":"pokemon.abomasnow.cry"}}}}}