{"format_version":"1.8.0","animations":{"animation.abomasnow_mega.battle_idle":{"loop":true,"animation_length":2,"bones":{"torso":{"rotation":["math.cos(q.anim_time*90*2)",0,0]},"arm_right":{"rotation":["-math.cos(q.anim_time*90*2)",0,"math.cos(q.anim_time*90*2)"],"position":[0,"-math.cos(q.anim_time*90*2)*0.3","math.cos(q.anim_time*90*2)*0.2"]},"arm_right2":{"rotation":["-math.cos(q.anim_time*90*2)*2",0,"math.cos(q.anim_time*90*2)*2"]},"arm_left":{"rotation":["-math.cos(q.anim_time*90*2)",0,"-math.cos(q.anim_time*90*2)"],"position":[0,"-math.cos(q.anim_time*90*2)*0.3","math.cos(q.anim_time*90*2)*0.2"]},"arm_left2":{"rotation":["-math.cos(q.anim_time*90*2)*2",0,"-math.cos(q.anim_time*90*2)*2"]},"tail":{"rotation":[0,"math.cos(q.anim_time*90*2*2)*2/3",0]},"tail2":{"rotation":[0,"math.cos(q.anim_time*90*2*2-45)*2/3",0]},"tail3":{"rotation":[0,"math.cos(q.anim_time*90*2*2-90)*2/3",0]}}},"animation.abomasnow_mega.ground_idle":{"loop":true,"animation_length":2,"bones":{"torso":{"rotation":["-27.5+math.cos(q.anim_time*90*2)",0,0]},"arm_right":{"rotation":["13.3006-math.cos(q.anim_time*90*2)",11.92762,"-27.5604+math.cos(q.anim_time*90*2)"],"position":[0,"-math.cos(q.anim_time*90*2)*0.3","math.cos(q.anim_time*90*2)*0.2"]},"arm_right2":{"rotation":[0.14935,-2.51617,"-1.0895+math.cos(q.anim_time*90*2)*2"]},"arm_left":{"rotation":["13.3006-math.cos(q.anim_time*90*2)",-11.92762,"27.5604-math.cos(q.anim_time*90*2)"]},"arm_left2":{"rotation":[0.14935,2.51617,"1.0895-math.cos(q.anim_time*90*2)*2"]},"tail":{"rotation":[22.5,"0+math.cos(q.anim_time*90*2*2)*2/3",0]},"tail2":{"rotation":[0,"math.cos(q.anim_time*90*2*2-45)*2/3",0]},"tail3":{"rotation":[0,"math.cos(q.anim_time*90*2*2-90)*2/3",0]}}},"animation.abomasnow_mega.ground_walk":{"loop":true,"animation_length":2,"bones":{"torso":{"rotation":[-17.5,0,"math.cos(q.anim_time*90*2)*3"],"position":[0,"math.cos(q.anim_time*90*2*2)/3",0]},"arm_right":{"rotation":[0,"25+math.cos(q.anim_time*90*2)*5",0]},"arm_right2":{"rotation":[0,"-5+math.cos(q.anim_time*90*2-45)*5",0]},"arm_left":{"rotation":[0,"-25+math.cos(q.anim_time*90*2)*5",0]},"arm_left2":{"rotation":[0,"5+math.cos(q.anim_time*90*2-45)*5",0]},"leg_right":{"rotation":{"0.0":{"post":[-10,0,0],"lerp_mode":"catmullrom"},"0.0417":{"post":[0,0,0],"lerp_mode":"catmullrom"},"1.0":{"post":[0,0,0],"lerp_mode":"catmullrom"},"1.5":{"post":[-10,0,0],"lerp_mode":"catmullrom"},"2.0":{"post":[-10,0,0],"lerp_mode":"catmullrom"}},"position":{"0.0":[0,2,"-math.cos(q.anim_time*90*2)*2"],"0.0417":[0,0,"-math.cos(q.anim_time*90*2)*2"],"0.0833":[0,-1.5,"-math.cos(q.anim_time*90*2)*2"],"0.1667":[0,0,"-math.cos(q.anim_time*90*2)*2"],"0.2083":[0,-1,"-math.cos(q.anim_time*90*2)*2"],"0.2917":[0,0,"-math.cos(q.anim_time*90*2)*2"],"1.0":[0,0,"-math.cos(q.anim_time*90*2)*2"],"1.125":[0,0.205,"-math.cos(q.anim_time*90*2)*2"],"1.25":[0,0.7,"-math.cos(q.anim_time*90*2)*2"],"1.375":[0,1.255,"-math.cos(q.anim_time*90*2)*2"],"1.5":[0,2,"-math.cos(q.anim_time*90*2)*2"],"1.5833":[0,2.2,"-math.cos(q.anim_time*90*2)*2"],"1.6667":[0,2.2,"-math.cos(q.anim_time*90*2)*2"],"1.75":[0,2,"-math.cos(q.anim_time*90*2)*2"],"1.8333":[0,1.875,"-math.cos(q.anim_time*90*2)*2"],"1.9167":[0,1.88,"-math.cos(q.anim_time*90*2)*2"],"2.0":[0,2,"-math.cos(q.anim_time*90*2)*2"]}},"foot_right":{"rotation":{"0.0":{"post":[10,0,0],"lerp_mode":"catmullrom"},"0.0417":{"post":[0,0,0],"lerp_mode":"catmullrom"},"1.0":{"post":[0,0,0],"lerp_mode":"catmullrom"},"1.375":{"post":[10,0,0],"lerp_mode":"catmullrom"},"2.0":{"post":[10,0,0],"lerp_mode":"catmullrom"}}},"leg_left":{"rotation":{"0.0":{"post":[0,0,0],"lerp_mode":"catmullrom"},"0.5":{"post":[-10,0,0],"lerp_mode":"catmullrom"},"1.0":{"post":[-10,0,0],"lerp_mode":"catmullrom"},"1.0417":{"post":[0,0,0],"lerp_mode":"catmullrom"}},"position":{"0.0":[0,0,"math.cos(q.anim_time*90*2)*2"],"0.125":[0,0.205,"math.cos(q.anim_time*90*2)*2"],"0.25":[0,0.7,"math.cos(q.anim_time*90*2)*2"],"0.375":[0,1.255,"math.cos(q.anim_time*90*2)*2"],"0.5":[0,2,"math.cos(q.anim_time*90*2)*2"],"0.5833":[0,2.2,"math.cos(q.anim_time*90*2)*2"],"0.6667":[0,2.2,"math.cos(q.anim_time*90*2)*2"],"0.75":[0,2,"math.cos(q.anim_time*90*2)*2"],"0.8333":[0,1.875,"math.cos(q.anim_time*90*2)*2"],"0.9167":[0,1.88,"math.cos(q.anim_time*90*2)*2"],"1.0":[0,2,"math.cos(q.anim_time*90*2)*2"],"1.0417":[0,0,"math.cos(q.anim_time*90*2)*2"],"1.0833":[0,-1.5,"math.cos(q.anim_time*90*2)*2"],"1.1667":[0,0,"math.cos(q.anim_time*90*2)*2"],"1.2083":[0,-1,"math.cos(q.anim_time*90*2)*2"],"1.2917":[0,0,"math.cos(q.anim_time*90*2)*2"]}},"foot_left":{"rotation":{"0.0":{"post":[0,0,0],"lerp_mode":"catmullrom"},"0.375":{"post":[10,0,0],"lerp_mode":"catmullrom"},"1.0":{"post":[10,0,0],"lerp_mode":"catmullrom"},"1.0417":{"post":[0,0,0],"lerp_mode":"catmullrom"}}}}},"animation.abomasnow_mega.cry":{"animation_length":2.5,"bones":{"torso":{"rotation":{"0.0":{"post":[0,0,0],"lerp_mode":"catmullrom"},"0.125":{"post":[15,0,0],"lerp_mode":"catmullrom"},"0.1667":{"post":[12.5,0,0],"lerp_mode":"catmullrom"},"0.2083":{"post":[15,0,0],"lerp_mode":"catmullrom"},"0.25":{"post":[12.5,0,0],"lerp_mode":"catmullrom"},"0.2917":{"post":[15,0,0],"lerp_mode":"catmullrom"},"0.3333":{"post":[12.5,0,0],"lerp_mode":"catmullrom"},"0.375":{"post":[15,0,0],"lerp_mode":"catmullrom"},"0.4167":{"post":[12.5,0,0],"lerp_mode":"catmullrom"},"0.4583":{"post":[15,0,0],"lerp_mode":"catmullrom"},"0.5":{"post":[12.5,0,0],"lerp_mode":"catmullrom"},"0.5417":{"post":[15,0,0],"lerp_mode":"catmullrom"},"0.5833":{"post":[12.5,0,0],"lerp_mode":"catmullrom"},"0.625":{"post":[15,0,0],"lerp_mode":"catmullrom"},"0.6667":{"post":[12.5,0,0],"lerp_mode":"catmullrom"},"0.7083":{"post":[15,0,0],"lerp_mode":"catmullrom"},"0.75":{"post":[12.5,0,0],"lerp_mode":"catmullrom"},"0.7917":{"post":[17.5,0,0],"lerp_mode":"catmullrom"},"1.0":{"post":[-5,0,0],"lerp_mode":"catmullrom"},"1.125":{"post":[-5,0,0],"lerp_mode":"catmullrom"},"1.25":{"post":[10,0,0],"lerp_mode":"catmullrom"},"2.0":{"post":[10,0,0],"lerp_mode":"catmullrom"},"2.5":{"post":[0,0,0],"lerp_mode":"catmullrom"}},"position":{"0.0":{"post":[0,0,0],"lerp_mode":"catmullrom"},"0.1667":{"post":[0,0,0],"lerp_mode":"catmullrom"},"0.2083":{"post":[0,0.25,0],"lerp_mode":"catmullrom"},"0.25":{"post":[0,0,0],"lerp_mode":"catmullrom"},"0.2917":{"post":[0,0.25,0],"lerp_mode":"catmullrom"},"0.3333":{"post":[0,0,0],"lerp_mode":"catmullrom"},"0.375":{"post":[0,0.25,0],"lerp_mode":"catmullrom"},"0.4167":{"post":[0,0,0],"lerp_mode":"catmullrom"},"0.4583":{"post":[0,0.25,0],"lerp_mode":"catmullrom"},"0.5":{"post":[0,0,0],"lerp_mode":"catmullrom"},"0.5417":{"post":[0,0.25,0],"lerp_mode":"catmullrom"},"0.5833":{"post":[0,0,0],"lerp_mode":"catmullrom"},"0.625":{"post":[0,0.25,0],"lerp_mode":"catmullrom"},"0.6667":{"post":[0,0,0],"lerp_mode":"catmullrom"},"0.7083":{"post":[0,0.25,0],"lerp_mode":"catmullrom"},"0.75":{"post":[0,0,0],"lerp_mode":"catmullrom"},"0.7917":{"post":[0,0,0],"lerp_mode":"catmullrom"},"1.0":{"post":[0,0,-1],"lerp_mode":"catmullrom"},"1.125":{"post":[0,0,-1],"lerp_mode":"catmullrom"},"1.25":{"post":[0,0,0],"lerp_mode":"catmullrom"},"2.0":{"post":[0,0,0],"lerp_mode":"catmullrom"},"2.5":{"post":[0,0,0],"lerp_mode":"catmullrom"}}},"arm_right":{"rotation":{"0.0833":{"pre":[0,0,0],"post":[0,0,0],"lerp_mode":"catmullrom"},"0.2083":{"post":[0,0,0],"lerp_mode":"catmullrom"},"0.875":{"post":[0,0,0],"lerp_mode":"catmullrom"},"1.0833":{"post":[0,0,25],"lerp_mode":"catmullrom"},"1.2083":{"post":[0,0,25],"lerp_mode":"catmullrom"},"1.3333":{"post":[0,0,0],"lerp_mode":"catmullrom"},"2.0833":{"post":[0,0,0],"lerp_mode":"catmullrom"},"2.5":{"post":[0,0,0],"lerp_mode":"catmullrom"}}},"arm_right2":{"rotation":{"0.9583":{"pre":[0,0,0],"post":[0,0,0],"lerp_mode":"catmullrom"},"1.1667":{"post":[0,22.5,27.5],"lerp_mode":"catmullrom"},"1.2917":{"post":[0,22.5,27.5],"lerp_mode":"catmullrom"},"1.4167":{"post":[0,0,0],"lerp_mode":"catmullrom"}}},"finger_right":{"rotation":{"0.875":{"pre":[0,0,0],"post":[0,0,0],"lerp_mode":"catmullrom"},"1.0833":{"post":[0,0,50],"lerp_mode":"catmullrom"},"1.2083":{"post":[0,0,50],"lerp_mode":"catmullrom"},"1.3333":{"post":[0,0,0],"lerp_mode":"catmullrom"}}},"finger_right_front":{"rotation":{"0.875":{"pre":[0,0,0],"post":[0,0,0],"lerp_mode":"catmullrom"},"1.0833":{"post":[0,-50,0],"lerp_mode":"catmullrom"},"1.2083":{"post":[0,-50,0],"lerp_mode":"catmullrom"},"1.3333":{"post":[0,0,0],"lerp_mode":"catmullrom"}}},"finger_right_back":{"rotation":{"0.875":{"pre":[0,0,0],"post":[0,0,0],"lerp_mode":"catmullrom"},"1.0833":{"post":[0,50,0],"lerp_mode":"catmullrom"},"1.2083":{"post":[0,50,0],"lerp_mode":"catmullrom"},"1.3333":{"post":[0,0,0],"lerp_mode":"catmullrom"}}},"arm_left":{"rotation":{"0.0833":{"pre":[0,0,0],"post":[0,0,0],"lerp_mode":"catmullrom"},"0.2083":{"post":[0,0,0],"lerp_mode":"catmullrom"},"0.875":{"post":[0,0,0],"lerp_mode":"catmullrom"},"1.0833":{"post":[0,0,-25],"lerp_mode":"catmullrom"},"1.2083":{"post":[0,0,-25],"lerp_mode":"catmullrom"},"1.3333":{"post":[0,0,0],"lerp_mode":"catmullrom"},"2.0833":{"post":[0,0,0],"lerp_mode":"catmullrom"},"2.5":{"post":[0,0,0],"lerp_mode":"catmullrom"}}},"arm_left2":{"rotation":{"0.9583":{"pre":[0,0,0],"post":[0,0,0],"lerp_mode":"catmullrom"},"1.1667":{"post":[0,-22.5,-27.5],"lerp_mode":"catmullrom"},"1.2917":{"post":[0,-22.5,-27.5],"lerp_mode":"catmullrom"},"1.4167":{"post":[0,0,0],"lerp_mode":"catmullrom"}}},"finger_left":{"rotation":{"0.875":{"pre":[0,0,0],"post":[0,0,0],"lerp_mode":"catmullrom"},"1.0833":{"post":[0,0,-50],"lerp_mode":"catmullrom"},"1.2083":{"post":[0,0,-50],"lerp_mode":"catmullrom"},"1.3333":{"post":[0,0,0],"lerp_mode":"catmullrom"}}},"finger_left_front":{"rotation":{"0.875":{"pre":[0,0,0],"post":[0,0,0],"lerp_mode":"catmullrom"},"1.0833":{"post":[0,50,0],"lerp_mode":"catmullrom"},"1.2083":{"post":[0,50,0],"lerp_mode":"catmullrom"},"1.3333":{"post":[0,0,0],"lerp_mode":"catmullrom"}}},"finger_left_back":{"rotation":{"0.875":{"pre":[0,0,0],"post":[0,0,0],"lerp_mode":"catmullrom"},"1.0833":{"post":[0,-50,0],"lerp_mode":"catmullrom"},"1.2083":{"post":[0,-50,0],"lerp_mode":"catmullrom"},"1.3333":{"post":[0,0,0],"lerp_mode":"catmullrom"}}},"leg_left":{"rotation":{"0.8333":{"pre":[0,0,0],"post":[0,0,0],"lerp_mode":"catmullrom"},"1.0417":{"post":[0,5,0],"lerp_mode":"catmullrom"},"1.1667":{"post":[0,5,0],"lerp_mode":"catmullrom"},"1.2083":{"post":[0,0,0],"lerp_mode":"catmullrom"}},"position":{"0.8333":{"pre":[0,0,0],"post":[0,0,0],"lerp_mode":"catmullrom"},"1.0417":{"post":[1,2,0],"lerp_mode":"catmullrom"},"1.1667":{"post":[1,2,0],"lerp_mode":"catmullrom"},"1.2083":{"post":[0,0,0],"lerp_mode":"catmullrom"},"1.25":{"post":[0,-1,0],"lerp_mode":"catmullrom"},"1.3333":{"post":[0,0,0],"lerp_mode":"catmullrom"}}}},"sound_effects":{"0.0":{"effect":"pokemon.abomasnow.cry"}}}}}