{"format_version":"1.8.0","animations":{"animation.aggron_mega.ground_idle":{"loop":true,"animation_length":4,"bones":{"torso":{"rotation":["0+math.sin(query.anim_time*90*2-0)*2","0+math.sin(query.anim_time*90*1-0)*2",0]},"neck":{"rotation":["0+math.sin(query.anim_time*90*2-40)*2","0-math.sin(query.anim_time*90*1-40)*1",0]},"skull":{"rotation":["2.5-math.sin(query.anim_time*90*2-80)*3",0,0]},"jaw":{"rotation":["-7.5+math.clamp(math.sin(query.anim_time*90*1-0)*10+0,0,10)",0,0]},"leftarm1":{"rotation":[0,"0+math.sin(query.anim_time*90*2-40)*2","25+math.sin(query.anim_time*90*2-40)*2"]},"leftarm3":{"rotation":[0.25163,"22.4479+math.sin(query.anim_time*90*2-120)*4","13.9231+math.sin(query.anim_time*90*2-120)*4"],"position":[-1,0,0.1]},"rightarm1":{"rotation":[0,"0-math.sin(query.anim_time*90*2-40)*2","-25-math.sin(query.anim_time*90*2-40)*2"]},"rightarm3":{"rotation":[0.25163,"-22.4479-math.sin(query.anim_time*90*2-120)*4","-13.9231-math.sin(query.anim_time*90*2-120)*4"],"position":[1,0,0.1]},"rightlegtop":{"position":[0,"-math.cos(query.anim_time*90*2-130)*0.15+0.15",0]},"rightlegbottom":{"position":[0,"-math.cos(query.anim_time*90*2-130)*0.15+0.15",0]},"leftlegtop":{"position":[0,"-math.cos(query.anim_time*90*2-130)*0.15+0.15",0]},"leftlegbottom":{"position":[0,"-math.cos(query.anim_time*90*2-130)*0.15+0.15",0]},"tail1":{"rotation":["0-math.cos(query.anim_time*90*2-130)*4+4",0,0]},"tail2":{"rotation":["0-math.cos(query.anim_time*90*2-170)*4+4","0+math.sin(query.anim_time*90*1-80)*4",0]},"tail3":{"rotation":["0-math.cos(query.anim_time*90*2-210)*6+6","0+math.sin(query.anim_time*90*1-120)*6",0]},"tail4":{"rotation":["0-math.cos(query.anim_time*90*2-270)*8+8","0+math.sin(query.anim_time*90*1-160)*8",0]},"body":{"position":[0,"math.cos(query.anim_time*90*2-130)*0.3-0.3",0]},"leftarm2":{"rotation":[35.03142,"51.5738+math.sin(query.anim_time*90*2-80)*3","47.2354+math.sin(query.anim_time*90*2-80)*3"],"position":[-2,0,1]},"rightarm2":{"rotation":[35.03142,"-51.5738-math.sin(query.anim_time*90*2-80)*3","-47.2354-math.sin(query.anim_time*90*2-80)*3"],"position":[2,0,1]}}},"animation.aggron_mega.ground_walk":{"loop":true,"animation_length":2,"bones":{"torso":{"rotation":["0+math.sin(query.anim_time*90*4-0)*2","0-math.sin(query.anim_time*90*2-0)*2",0],"position":[0,"math.cos(query.anim_time*90*4)/2",0]},"neck":{"rotation":["0+math.sin(query.anim_time*90*4-40)*2","0-math.sin(query.anim_time*90*2-40)*1",0]},"skull":{"rotation":["2.5-math.sin(query.anim_time*90*4-80)*3",0,0]},"jaw":{"rotation":["math.sin(query.anim_time*90*4-0)*7.5",0,0]},"leftarm1":{"rotation":[0,"0+math.sin(query.anim_time*90*2)*20",35]},"leftarm3":{"rotation":[0,10,0]},"rightarm1":{"rotation":[0,"0+math.sin(query.anim_time*90*2)*20",-35]},"rightarm3":{"rotation":[0,-10,0]},"rightlegtop":{"rotation":["-math.sin(q.anim_time*90*2)*20",0,0],"position":[0,"math.clamp(math.cos(q.anim_time*90*2)*2,0,2)","-math.sin(q.anim_time*90*2)*2"]},"rightlegbottom":{"rotation":["math.clamp(math.cos(q.anim_time*90*2)*20,0,20)",0,0]},"leftlegtop":{"rotation":["math.sin(q.anim_time*90*2)*20",0,0],"position":[0,"math.clamp(-math.cos(q.anim_time*90*2)*2,0,2)","math.sin(q.anim_time*90*2)*2"]},"leftlegbottom":{"rotation":["math.clamp(-math.cos(q.anim_time*90*2)*20,0,20)",0,0]},"tail1":{"rotation":["0-math.cos(query.anim_time*90*4-130)*4+4","0+math.sin(query.anim_time*90*2-80+90)*6",0]},"tail2":{"rotation":["0-math.cos(query.anim_time*90*4-170)*4+4","0+math.sin(query.anim_time*90*2-80)*4",0]},"tail3":{"rotation":["0-math.cos(query.anim_time*90*4-210)*6+6","0+math.sin(query.anim_time*90*2-120)*6",0]},"tail4":{"rotation":["0-math.cos(query.anim_time*90*4-270)*8+8","0+math.sin(query.anim_time*90*2-160)*8",0]},"body":{"position":{"0.4583":{"pre":[0,0,0],"post":[0,0,0],"lerp_mode":"catmullrom"},"0.5":{"post":[0,-1,0],"lerp_mode":"catmullrom"},"0.5417":{"post":[0,0,0],"lerp_mode":"catmullrom"},"0.625":{"post":[0,-0.5,0],"lerp_mode":"catmullrom"},"0.7083":{"post":[0,0,0],"lerp_mode":"catmullrom"},"1.4583":{"post":[0,0,0],"lerp_mode":"catmullrom"},"1.5":{"post":[0,-1,0],"lerp_mode":"catmullrom"},"1.5417":{"post":[0,0,0],"lerp_mode":"catmullrom"},"1.625":{"post":[0,-0.5,0],"lerp_mode":"catmullrom"},"1.7083":{"post":[0,0,0],"lerp_mode":"catmullrom"}}},"leftarm2":{"rotation":[0,"15-math.cos(query.anim_time*90*2)*10",0]},"rightarm2":{"rotation":[0,"-15-math.cos(query.anim_time*90*2)*10",0]}}}}}