{"format_version":"1.8.0","animations":{"animation.audino_mega.pose":{"loop":true,"bones":{"arm_right":{"rotation":[0,-27.5,-45]},"arm_right2":{"rotation":[0,-52.5,0]},"hand_right":{"rotation":[0,0,-5]},"finger_right1":{"rotation":[0,-25,0]},"finger_right3":{"rotation":[0,-22.5,0]},"finger_right2":{"rotation":[0,-12.5,0]},"leg_right":{"rotation":[0,-7.5,0]},"head":{"rotation":[0,0,-5]},"right_coil":{"scale":0},"right_uncoil":{"rotation":[-1.4854,17.66046,15.45987]},"right_uncoil2":{"rotation":[0,0,47.5]},"right_uncoil3":{"rotation":[0,0,42.5]},"left_uncoil":{"scale":0},"arm_left":{"rotation":[0,2.5,35]},"arm_left2":{"rotation":[0,17.5,0]},"finger_left1":{"rotation":[0,27.5,0]},"finger_left2":{"rotation":[0,25,0]},"finger_left3":{"rotation":[0,25,0]}}},"animation.audino.ground_walk":{"loop":true,"animation_length":1,"bones":{"body":{"position":[0,"0.15 - 0.15 * math.cos(q.anim_time * 6 * 120)",0]},"torso":{"position":[0,"- 0.05 * math.cos(q.anim_time * 6 * 120 + 15)",0]},"chest":{"rotation":["1.5 + 1.5 * math.cos(q.anim_time * 6 * 120 + 30)",0,0]},"right_uncoil":{"rotation":["5 * (1 + math.sin(q.anim_time * 6 * 120 - 30))",0,0]},"right_uncoil2":{"rotation":["5 * (1 + math.sin(q.anim_time * 6 * 120 - 60))",0,0]},"right_uncoil3":{"rotation":["5 * (1 + math.sin(q.anim_time * 6 * 120 - 90))",0,0]},"left_uncoil":{"rotation":["5 * (1 + math.sin(q.anim_time * 6 * 120 - 30))",0,0]},"left_uncoil2":{"rotation":["5 * (1 + math.sin(q.anim_time * 6 * 120 - 60))",0,0]},"left_uncoil3":{"rotation":["5 * (1 + math.sin(q.anim_time * 6 * 120 - 90))",0,0]},"head":{"rotation":["1.5 * (1 + math.sin(q.anim_time * 6 * 120 + 45))",0,0]},"ear_right":{"rotation":["2.5 * (1 + math.sin(q.anim_time * 6 * 120 + 60))",0,0]},"ear_left":{"rotation":["2.5 * (1 + math.sin(q.anim_time * 6 * 120 + 60))",0,0]},"arm_right":{"rotation":[0,"45 * ((1/0.917)*((7/16) * math.sin(q.anim_time * 6 * 60 - (180) - 90) +(7/64) * math.sin(2 * q.anim_time * 6 * 60 - (180 * 2) - 90)  +(1/48) * math.sin(3 * q.anim_time * 6 * 60 - (180 * 3) - 90) +(1/512) * math.sin(4 * q.anim_time * 6 * 60 - (180 * 4) - 90))+0.122) + 5",-55]},"arm_right2":{"rotation":{"0.0":[0,-5,0],"0.25":{"pre":[0,-10,0],"post":[0,-10,0],"lerp_mode":"catmullrom"},"0.5":{"post":[0,-20,0],"lerp_mode":"catmullrom"},"0.75":{"post":[0,-10,0],"lerp_mode":"catmullrom"},"1.0":{"post":[0,-5,0],"lerp_mode":"catmullrom"}}},"arm_left":{"rotation":[0,"-45 * ((1/0.917)*((7/16) * math.sin(q.anim_time * 6 * 60 - 90) +(7/64) * math.sin(2 * q.anim_time * 6 * 60 - 90)  +(1/48) * math.sin(3 * q.anim_time * 6 * 60 - 90) +(1/512) * math.sin(4 * q.anim_time * 6 * 60 - (180 * 4) - 90))+0.122) - 5",55]},"arm_left2":{"rotation":{"0.0":[0,20,0],"0.25":{"pre":[0,10,0],"post":[0,10,0],"lerp_mode":"catmullrom"},"0.5":{"post":[0,5,0],"lerp_mode":"catmullrom"},"0.75":{"post":[0,10,0],"lerp_mode":"catmullrom"},"1.0":{"post":[0,20,0],"lerp_mode":"catmullrom"}}},"tail":{"rotation":["- 2 * math.sin(q.anim_time * 6 * 120 - 45)",0,0]},"leg_right":{"rotation":{"0.0":[-35,0,0],"0.125":{"pre":[-15,0,0],"post":[-15,0,0],"lerp_mode":"catmullrom"},"0.25":{"post":[0,0,0],"lerp_mode":"catmullrom"},"0.375":{"post":[19.83,0,0],"lerp_mode":"catmullrom"},"0.5":{"post":[35,0,0],"lerp_mode":"catmullrom"},"1.0":{"post":[-35,0,0],"lerp_mode":"catmullrom"}},"position":[0,"- 0.3 * math.sin(q.anim_time * 6 * 60)","0.5 * math.sin(q.anim_time * 6 * 60)"]},"foot_right":{"rotation":["17.5 * ((1/0.95)*((7/16) * math.sin((q.anim_time + 0.18) * 6 * 60 - 90 - 90 +180) +(7/64) * math.sin(2 * (q.anim_time + 0.18) * 6 * 60 - 90 - 90)  +(1/48) * math.sin(3 * (q.anim_time + 0.18) * 6 * 60 - 90 - 90 + 180) +(1/512) * math.sin(4 * (q.anim_time + 0.18) * 6 * 60 - 90 - 90))) - 0.75",0,0]},"leg_left":{"rotation":{"0.0":[35,0,0],"0.125":{"pre":[22.5,0,0],"post":[22.5,0,0],"lerp_mode":"catmullrom"},"0.5":{"post":[-35,0,0],"lerp_mode":"catmullrom"},"0.625":{"post":[-15,0,0],"lerp_mode":"catmullrom"},"0.75":{"post":[0,0,0],"lerp_mode":"catmullrom"},"0.875":{"post":[19.83,0,0],"lerp_mode":"catmullrom"},"1.0":{"post":[35,0,0],"lerp_mode":"catmullrom"}},"position":[0,"0.3 * math.sin(q.anim_time * 6 * 60)","0.5 * math.sin(q.anim_time * 6 * 60)"]},"foot_left":{"rotation":["17.5 * ((1/0.95)*((7/16) * math.sin((q.anim_time + 0.18) * 6 * 60 - 90 - 90) +(7/64) * math.sin(2 * (q.anim_time + 0.18) * 6 * 60 - 90 - 90)  +(1/48) * math.sin(3 * (q.anim_time + 0.18) * 6 * 60 - 90 - 90) +(1/512) * math.sin(4 * (q.anim_time + 0.18) * 6 * 60 - 90 - 90))) - 0.75",0,0]}}},"animation.audino.ground_idle":{"loop":true,"animation_length":3,"bones":{"torso":{"position":[0,"0.1 * math.sin(q.anim_time * 6 * 20)",0]},"head":{"rotation":[0,0,"2 * math.sin(q.anim_time * 6 * 20)"]},"skirt_right":{"rotation":[0,0,"-2 * math.sin(q.anim_time * 6 * 20 - 15)"]},"skirt_left":{"rotation":[0,0,"2 * math.sin(q.anim_time * 6 * 20 - 15)"]},"chest":{"position":[0,"0.1 * math.sin(q.anim_time * 6 * 20)",0]},"right_uncoil":{"rotation":["5 + 2.5 * math.sin(q.anim_time * 6 * 20 - 90)",0,0]},"right_uncoil2":{"rotation":["5 * math.sin(q.anim_time * 6 * 20 - 180)",0,0]},"right_uncoil3":{"rotation":["7.5 * math.sin(q.anim_time * 6 * 20 - 270)",0,0]},"left_uncoil":{"rotation":["5 + 2.5 * math.sin(q.anim_time * 6 * 20 - 90)",0,0]},"left_uncoil2":{"rotation":["5 * math.sin(q.anim_time * 6 * 20 - 180)",0,0]},"left_uncoil3":{"rotation":["7.5 * math.sin(q.anim_time * 6 * 20 - 270)",0,0]},"ear_right":{"rotation":[0,0,"2 * math.sin(q.anim_time * 6 * 20 - 30)"]},"ear_left":{"rotation":[0,0,"4 * math.sin(q.anim_time * 6 * 20 - 30)"]},"arm_right":{"rotation":[0,0,"-50 + 2 * math.sin(q.anim_time * 6 * 20 - 30)"]},"arm_right2":{"rotation":[0,-12.5,"3 * (-1 + math.sin(q.anim_time * 6 * 20 - 60))"]},"arm_left":{"rotation":[0,0,"50 - 2 * math.sin(q.anim_time * 6 * 20 - 30)"]},"arm_left2":{"rotation":[0,12.5,"3 * (1 - math.sin(q.anim_time * 6 * 20 - 60))"]}}},"animation.audino_mega.blink":{"animation_length":0.20833,"bones":{"eyelid_right":{"position":{"0.0":[0,0,-0.1],"0.125":[0,0,-0.1],"0.2083":[0,0,0]}},"eyelid_left":{"position":{"0.0":[0,0,-0.1],"0.125":[0,0,-0.1],"0.2083":[0,0,0]}}}}}}