{"format_version":"1.8.0","animations":{"animation.azurill.ground_idle":{"loop":true,"animation_length":2,"bones":{"tail":{"rotation":{"0.0":{"post":[0,0,0],"lerp_mode":"catmullrom"},"0.5":{"post":[-1,0,0],"lerp_mode":"catmullrom"},"1.0":{"post":[0,0,0],"lerp_mode":"catmullrom"},"1.5":{"post":[-1,0,0],"lerp_mode":"catmullrom"},"2.0":{"post":[0,0,0],"lerp_mode":"catmullrom"}}},"bone2":{"rotation":{"0.0":{"post":[0,0,0],"lerp_mode":"catmullrom"},"0.5":{"post":[1,0,0],"lerp_mode":"catmullrom"},"1.0":{"post":[0,0,0],"lerp_mode":"catmullrom"},"1.5":{"post":[1,0,0],"lerp_mode":"catmullrom"},"2.0":{"post":[0,0,0],"lerp_mode":"catmullrom"}}},"bone3":{"rotation":{"0.0":{"post":[0,0,0],"lerp_mode":"catmullrom"},"0.5":{"post":[1,0,0],"lerp_mode":"catmullrom"},"1.0":{"post":[0,0,0],"lerp_mode":"catmullrom"},"1.5":{"post":[1,0,0],"lerp_mode":"catmullrom"},"2.0":{"post":[0,0,0],"lerp_mode":"catmullrom"}}},"body":{"rotation":{"0.0":{"post":[0,-2.5,0],"lerp_mode":"catmullrom"},"0.5":{"post":[1,0,0],"lerp_mode":"catmullrom"},"1.0":{"post":[0,2.5,0],"lerp_mode":"catmullrom"},"1.5":{"post":[1,0,0],"lerp_mode":"catmullrom"},"2.0":{"post":[0,-2.5,0],"lerp_mode":"catmullrom"}},"position":{"0.0":{"post":[0,0,0],"lerp_mode":"catmullrom"},"0.5":{"post":[0,0.03421,0.13722],"lerp_mode":"catmullrom"},"1.0":{"post":[0,0,0],"lerp_mode":"catmullrom"},"1.5":{"post":[0,0.03421,0.13722],"lerp_mode":"catmullrom"},"2.0":{"post":[0,0,0],"lerp_mode":"catmullrom"}}},"rightEar":{"rotation":{"0.0":{"post":[0.31,0,0],"lerp_mode":"catmullrom"},"0.25":{"post":[-2.5,0,0],"lerp_mode":"catmullrom"},"0.75":{"post":[2.5,0,0],"lerp_mode":"catmullrom"},"1.25":{"post":[-2.5,0,0],"lerp_mode":"catmullrom"},"1.75":{"post":[2.5,0,0],"lerp_mode":"catmullrom"},"2.0":{"post":[0.31,0,0],"lerp_mode":"catmullrom"}}},"leftEar":{"rotation":{"0.0":{"post":[0.31,0,0],"lerp_mode":"catmullrom"},"0.25":{"post":[-2.5,0,0],"lerp_mode":"catmullrom"},"0.75":{"post":[2.5,0,0],"lerp_mode":"catmullrom"},"1.25":{"post":[-2.5,0,0],"lerp_mode":"catmullrom"},"1.75":{"post":[2.5,0,0],"lerp_mode":"catmullrom"},"2.0":{"post":[0.31,0,0],"lerp_mode":"catmullrom"}}},"rightFoot":{"rotation":{"0.0":{"post":[-0.78,0,0],"lerp_mode":"catmullrom"},"0.25":{"post":[-5,0,0],"lerp_mode":"catmullrom"},"0.75":{"post":[2.5,0,0],"lerp_mode":"catmullrom"},"1.25":{"post":[-5,0,0],"lerp_mode":"catmullrom"},"1.75":{"post":[2.5,0,0],"lerp_mode":"catmullrom"},"2.0":{"post":[-0.78,0,0],"lerp_mode":"catmullrom"}}},"leftFoot":{"rotation":{"0.0":{"post":[-0.78,0,0],"lerp_mode":"catmullrom"},"0.25":{"post":[-5,0,0],"lerp_mode":"catmullrom"},"0.75":{"post":[2.5,0,0],"lerp_mode":"catmullrom"},"1.25":{"post":[-5,0,0],"lerp_mode":"catmullrom"},"1.75":{"post":[2.5,0,0],"lerp_mode":"catmullrom"},"2.0":{"post":[-0.78,0,0],"lerp_mode":"catmullrom"}}}}},"animation.azurill.ground_walk":{"loop":true,"animation_length":2,"bones":{"tail":{"rotation":{"0.0":{"post":[0,0,0],"lerp_mode":"catmullrom"},"0.5":{"post":[5,0,0],"lerp_mode":"catmullrom"},"1.0":{"post":[0,0,0],"lerp_mode":"catmullrom"},"1.5":{"post":[5,0,0],"lerp_mode":"catmullrom"},"2.0":{"post":[0,0,0],"lerp_mode":"catmullrom"}}},"bone2":{"rotation":{"0.0":{"post":[0,0,0],"lerp_mode":"catmullrom"},"0.7083":{"post":[-7.5,0,0],"lerp_mode":"catmullrom"},"1.0":{"post":[0,0,0],"lerp_mode":"catmullrom"},"1.7083":{"post":[-7.5,0,0],"lerp_mode":"catmullrom"},"2.0":{"post":[0,0,0],"lerp_mode":"catmullrom"}}},"bone3":{"rotation":{"0.0":{"post":[0,0,0],"lerp_mode":"catmullrom"},"0.5":{"post":[-1,0,0],"lerp_mode":"catmullrom"},"1.0":{"post":[0,0,0],"lerp_mode":"catmullrom"},"1.5":{"post":[-1,0,0],"lerp_mode":"catmullrom"},"2.0":{"post":[0,0,0],"lerp_mode":"catmullrom"}}},"body":{"rotation":{"0.0":{"post":[0,-2.5,0],"lerp_mode":"catmullrom"},"0.5":{"post":[-1,0,0],"lerp_mode":"catmullrom"},"1.0":{"post":[0,2.5,0],"lerp_mode":"catmullrom"},"1.5":{"post":[-1,0,0],"lerp_mode":"catmullrom"},"2.0":{"post":[0,-2.5,0],"lerp_mode":"catmullrom"}},"position":{"0.0":{"post":[0,0,0],"lerp_mode":"catmullrom"},"0.5":{"post":[0,0.03421,0.13722],"lerp_mode":"catmullrom"},"1.0":{"post":[0,0,0],"lerp_mode":"catmullrom"},"1.5":{"post":[0,0.03421,0.13722],"lerp_mode":"catmullrom"},"2.0":{"post":[0,0,0],"lerp_mode":"catmullrom"}}},"rightEar":{"rotation":{"0.0":{"post":[0.63,0,0],"lerp_mode":"catmullrom"},"0.25":{"post":[-5,0,0],"lerp_mode":"catmullrom"},"0.75":{"post":[5,0,0],"lerp_mode":"catmullrom"},"1.25":{"post":[-5,0,0],"lerp_mode":"catmullrom"},"1.75":{"post":[5,0,0],"lerp_mode":"catmullrom"},"2.0":{"post":[0.63,0,0],"lerp_mode":"catmullrom"}}},"leftEar":{"rotation":{"0.0":{"post":[0.63,0,0],"lerp_mode":"catmullrom"},"0.25":{"post":[-5,0,0],"lerp_mode":"catmullrom"},"0.75":{"post":[5,0,0],"lerp_mode":"catmullrom"},"1.25":{"post":[-5,0,0],"lerp_mode":"catmullrom"},"1.75":{"post":[5,0,0],"lerp_mode":"catmullrom"},"2.0":{"post":[0.63,0,0],"lerp_mode":"catmullrom"}}},"rightFoot":{"rotation":{"0.0":{"post":[-1.87,0,0],"lerp_mode":"catmullrom"},"0.25":{"post":[-7.5,0,0],"lerp_mode":"catmullrom"},"0.75":{"post":[2.5,0,0],"lerp_mode":"catmullrom"},"1.25":{"post":[-7.5,0,0],"lerp_mode":"catmullrom"},"1.75":{"post":[2.5,0,0],"lerp_mode":"catmullrom"},"2.0":{"post":[-1.87,0,0],"lerp_mode":"catmullrom"}}},"leftFoot":{"rotation":{"0.0":{"post":[-1.87,0,0],"lerp_mode":"catmullrom"},"0.25":{"post":[-7.5,0,0],"lerp_mode":"catmullrom"},"0.75":{"post":[2.5,0,0],"lerp_mode":"catmullrom"},"1.25":{"post":[-7.5,0,0],"lerp_mode":"catmullrom"},"1.75":{"post":[2.5,0,0],"lerp_mode":"catmullrom"},"2.0":{"post":[-1.87,0,0],"lerp_mode":"catmullrom"}}},"tailball":{"rotation":{"0.0":{"post":[0,0,0],"lerp_mode":"catmullrom"},"0.375":{"post":[5,0,0],"lerp_mode":"catmullrom"},"0.75":{"post":[-1,0,0],"lerp_mode":"catmullrom"},"1.0":{"post":[0,0,0],"lerp_mode":"catmullrom"},"1.375":{"post":[5,0,0],"lerp_mode":"catmullrom"},"1.75":{"post":[-1,0,0],"lerp_mode":"catmullrom"},"2.0":{"post":[0,0,0],"lerp_mode":"catmullrom"}},"position":{"0.0":{"post":[0,0,0],"lerp_mode":"catmullrom"},"0.375":{"post":[0,3,0],"lerp_mode":"catmullrom"},"1.0":{"post":[0,0,0],"lerp_mode":"catmullrom"},"1.375":{"post":[0,3,0],"lerp_mode":"catmullrom"},"2.0":{"post":[0,0,0],"lerp_mode":"catmullrom"}}},"bone":{"rotation":{"0.0":{"post":[0,0,0],"lerp_mode":"catmullrom"},"0.5":{"post":[-5,0,0],"lerp_mode":"catmullrom"},"1.0":{"post":[0,0,0],"lerp_mode":"catmullrom"},"1.5":{"post":[-5,0,0],"lerp_mode":"catmullrom"},"2.0":{"post":[0,0,0],"lerp_mode":"catmullrom"}}}}},"animation.azurill.blink":{"animation_length":0.625,"bones":{"RightEye":{"scale":{"0.0":[1,1,1],"0.2083":[1,1,1],"0.2917":[1,0,1],"0.375":[1,0,1],"0.4583":[1,1.1,1],"0.5":[1,1,1],"0.625":[1,1,1]}},"LeftEye":{"scale":{"0.0":[1,1,1],"0.2083":[1,1,1],"0.2917":[1,0,1],"0.375":[1,0,1],"0.4583":[1,1.1,1],"0.5":[1,1,1],"0.625":[1,1,1]}}}},"animation.azurill.faint":{"loop":"hold_on_last_frame"}}}