{"format_version":"1.8.0","animations":{"animation.baile_oricorio.ground_idle":{"loop":true,"bones":{"right_wings":{"rotation":[58.68934,75.4534,-30.48811]},"right_wings2":{"rotation":[0,37.5,0]},"left_wings":{"rotation":[58.68934,-75.4534,30.48811],"position":[0,-1,0]},"left_wings2":{"rotation":[0,-37.5,0]}}},"animation.baile_oricorio.pose":{"loop":true,"bones":{"oricorio":{"rotation":[0,82.5,0]},"torso":{"rotation":[-4.0752,-23.96304,8.95514]},"right_wings":{"rotation":[-180,-12.5,-267.5]},"right_wings2":{"rotation":[0,22.5,0]},"right_hair_wings":{"rotation":[0,-25,0]},"right_hair_wings2":{"rotation":[0,-20,0]},"right_hair_wings3":{"rotation":[0,-22.5,0]},"left_wings":{"rotation":[0,70,87.5]},"left_wings2":{"rotation":[0,-15,0]},"left_hair_wings":{"rotation":[0,47.5,0]},"left_hair_wings2":{"rotation":[0,37.5,0]},"left_hair_wings3":{"rotation":[0,32.5,0]},"tail":{"rotation":[28.83844,-8.64738,15.27269]},"neck":{"rotation":[79.75501,-28.65666,-128.85606]},"head":{"rotation":[-11.68703,-8.08016,17.45661]},"leftLeg2":{"rotation":[-57.5,0,0]},"left_foot":{"rotation":[62.5,0,0]},"rightLeg2":{"rotation":[40,0,0]},"right_foot":{"rotation":[-35,0,0]}}}}}