{"format_version":"1.8.0","animations":{"animation.barbaracle.pose":{"loop":true,"bones":{"left_stalk":{"rotation":[0,-30,0]},"left_stalk2":{"rotation":[22.5,0,0]},"left_stalkclaws":{"rotation":[25,0,0]},"left_arm":{"rotation":[-90,12.5,127.5]},"left_arm2":{"rotation":[12.02501,-12.80911,-26.3547]},"left_hand":{"rotation":[13.42482,-4.75113,-22.01816]},"left_claws":{"rotation":[-30,0,0]},"leg_left":{"rotation":[-32.5,-72.5,0]},"lower_leg_left":{"rotation":[32.89875,8.42145,5.41207]},"head_fingertips":{"rotation":[27.5,0,0]},"head_fingers":{"rotation":[2.5,0,0]},"thumb":{"rotation":[-15,17.5,0]},"right_arm":{"rotation":[-128.53851,-13.44812,192.00942]},"right_arm2":{"rotation":[-10,0,12.5]},"leg_right":{"rotation":[-37.5,77.5,0]},"lower_leg_right":{"rotation":[37.5,0,0]},"pupil_right":{"position":[0.4,0,0]},"pupil_left":{"position":[0.1,0.1,0]},"right_stalk":{"rotation":[0,30,0]},"right_stalk2":{"rotation":[14.93704,10.90011,-15.18577]},"right_stalkpalm":{"rotation":[0,-25,0]},"right_stalkclaws":{"rotation":[45,0,0]},"right_hand":{"rotation":[-7.5,0,0]},"right_claws":{"rotation":[10,0,0]}}},"animation.barbaracle.blink":{"animation_length":0.16667,"bones":{"eyelid_head_left":{"position":{"0.0":[0,0,-1],"0.125":[0,0,-1],"0.1667":[0,0,0]}},"eyelid_head_right":{"position":{"0.0":[0,0,-1],"0.125":[0,0,-1],"0.1667":[0,0,0]}}}},"animation.barbaracle.blink2":{"animation_length":0.20833,"bones":{"eyelid_left":{"position":{"0.0":[0,0,-1],"0.1667":[0,0,-1],"0.2083":[0,0,0]}},"eyelid_right":{"position":{"0.0":[0,0,-1],"0.1667":[0,0,-1],"0.2083":[0,0,0]}}}},"animation.barbaracle.blink3":{"animation_length":0.20833,"bones":{"hand_eyelidleft":{"position":{"0.0":[0,0,-1],"0.1667":[0,0,-1],"0.2083":[0,0,0]}},"hand_eyelidright":{"position":{"0.0":[0,0,-1],"0.1667":[0,0,-1],"0.2083":[0,0,0]}}}}}}