{"format_version":"1.8.0","animations":{"animation.beedrill_mega.air_idle":{"loop":true,"bones":{"body":{"rotation":["math.sin(q.anim_time*90*2)*2+22.5",0,0],"position":["math.clamp(math.sin(q.anim_time*90*4*0.5)*0.6,-0.5,0)+math.clamp(math.sin(q.anim_time*90*4*0.5)*0.6,0,0.5)","4+(math.clamp(math.sin(q.anim_time*90*4*2)*2,-1.5,0)+math.clamp(math.sin(q.anim_time*90*4*2)*2,0,1.5)+math.sin(q.anim_time*90*4*2)*2)*0.1","math.sin(q.anim_time*90*2)*1"]},"antenna_right":{"rotation":["math.sin(q.anim_time*90*2)*5+5",0,0]},"antenna_right2":{"rotation":["math.sin(q.anim_time*90*2+45)*5+5",0,0]},"antenna_left":{"rotation":["math.sin(q.anim_time*90*2)*5+5",0,0]},"antenna_left2":{"rotation":["math.sin(q.anim_time*90*2+45)*5+5",0,0]},"wing_right":{"rotation":[0,"45-30*(math.sin(q.anim_time*90*4*6)*1+1)",0]},"wing_right2":{"rotation":[0,"-4*(math.sin(q.anim_time*90*4*6-22.5)*1)+5",0]},"wing_left":{"rotation":[0,"-45+30*(math.sin(q.anim_time*90*4*6)*1+1)",0]},"wing_left2":{"rotation":[0,"4*(math.sin(q.anim_time*90*4*6-22.5)*1)-5",0]},"abdomen":{"rotation":[-22.5,0,0]},"arm_right":{"rotation":[-31.39882,-2.30894,"-9.5366-math.sin(q.anim_time*90*4)*2-math.clamp(math.sin(q.anim_time*90*4)*1,0,5)"]},"arm_left":{"rotation":[-31.47367,-0.30001,"5.2703+math.sin(q.anim_time*90*4)*2+math.clamp(math.sin(q.anim_time*90*4)*1,0,5)"]},"leg_right":{"rotation":["math.sin(q.anim_time*90*2-45)*5+67.4572",-30.43997,-3.32387]},"leg_right2":{"rotation":["-20.7585+math.sin(q.anim_time*90*2-45)*5",-4.43289,35.43017]},"leg_left":{"rotation":["math.sin(q.anim_time*90*2-45)*5+66.6274",35.10311,0.16218]},"leg_left2":{"rotation":["-20.546+math.sin(q.anim_time*90*2-45)*5",11.26707,-38.62059]},"head_AI":{"rotation":[-22.5,0,0]},"head":{"rotation":[7.5,0,0]},"arm_right2":{"rotation":[45,-60,-60]},"arm_left2":{"rotation":[45,60,60]}}},"animation.beedrill_mega.air_fly":{"loop":true,"bones":{"body":{"rotation":["math.sin(q.anim_time*90*2)*2+45",0,0],"position":["math.clamp(math.sin(q.anim_time*90*4*0.5)*0.6,-0.5,0)+math.clamp(math.sin(q.anim_time*90*4*0.5)*0.6,0,0.5)","4+(math.clamp(math.sin(q.anim_time*90*4*2)*2,-1.5,0)+math.clamp(math.sin(q.anim_time*90*4*2)*2,0,1.5)+math.sin(q.anim_time*90*4*2)*2)*0.1","math.sin(q.anim_time*90*2)*1"]},"antenna_right":{"rotation":["math.sin(q.anim_time*90*4)*5+22.5",0,0]},"antenna_right2":{"rotation":["math.sin(q.anim_time*90*2+45)*5+5",0,0]},"antenna_left":{"rotation":["math.sin(q.anim_time*90*4)*5+22.5",0,0]},"antenna_left2":{"rotation":["math.sin(q.anim_time*90*2+45)*5+5",0,0]},"wing_right":{"rotation":[0,"40-30*(math.sin(q.anim_time*90*4*6)*1+1)",0]},"wing_right2":{"rotation":[0,"-4*(math.sin(q.anim_time*90*4*6-22.5)*1)+5",0]},"wing_left":{"rotation":[0,"-40+30*(math.sin(q.anim_time*90*4*6)*1+1)",0]},"wing_left2":{"rotation":[0,"4*(math.sin(q.anim_time*90*4*6-22.5)*1)-5",0]},"abdomen":{"rotation":[25,0,0]},"arm_right":{"rotation":[-35,-30,"-44-math.sin(q.anim_time*90*4)*2-math.clamp(math.sin(q.anim_time*90*4)*1,0,5)"]},"arm_left":{"rotation":[-35,30,"44+math.sin(q.anim_time*90*4)*2+math.clamp(math.sin(q.anim_time*90*4)*1,0,5)"]},"leg_right":{"rotation":["math.sin(q.anim_time*90*2-45)*5+70",-16,-17]},"leg_right2":{"rotation":["-4.3395+math.sin(q.anim_time*90*2-45)*5",-5,-62]},"leg_left":{"rotation":["math.sin(q.anim_time*90*2-45)*5+70",16,17]},"leg_left2":{"rotation":["-4.3395+math.sin(q.anim_time*90*2-45)*5",5,62]},"head":{"rotation":["-math.sin(q.anim_time*90*2)*2-15",0,0],"position":[0,0,-1]},"head_AI":{"rotation":[-22.5,0,0]},"arm_right2":{"rotation":[45,-60,-60]},"arm_left2":{"rotation":[45,60,60]}}},"animation.beedrill_mega.sleep":{"loop":true,"bones":{"body":{"rotation":[82.5,0,0],"position":[0,-13.25,0]},"head":{"rotation":["-44.5+math.sin(q.anim_time*90*2)*0.5",14.25,0.25]},"antenna_right":{"rotation":["17.5+math.sin(q.anim_time*90*2-60)*2",0,0]},"antenna_right2":{"rotation":["-30+math.sin(q.anim_time*90*2)*1.5",0,0]},"antenna_left":{"rotation":["-12.5+8*(math.sin(q.anim_time*90*2/4)*0.25)+4*(math.sin(q.anim_time*90*2/3)*0.25)",0,0]},"antenna_left2":{"rotation":["-37.5+math.sin(q.anim_time*90*2-60)*2.5",0,0]},"torso":{"rotation":[5,0,0]},"wing_right":{"rotation":[0,"60-8*(math.sin(q.anim_time*90*1)*0.25)-4*(math.sin(q.anim_time*90*1)*0.25)",0]},"wing_left":{"rotation":[0,"-60+8*(math.sin(q.anim_time*90*1)*0.25)+4*(math.sin(q.anim_time*90*1)*0.25)",0]},"abdomen":{"rotation":[5,0,0]},"arm_right":{"rotation":[-84.56463,-17.91591,50.27542]},"arm_stinger_right":{"rotation":[-181.54408,-75.70409,-160.32882]},"arm_left":{"rotation":[-87.12723,4.09405,-54.8973]},"arm_stinger_left":{"rotation":[-26.49955,84.41125,-26.60872]},"leg_right":{"rotation":[0,2.5,-17.5]},"leg_right2":{"rotation":[-25.26299,1.2419,-31.14626]},"leg_left":{"rotation":[0,0,10]},"leg_left2":{"rotation":[-14.41412,-4.4972,20.34559]}}}},"geckolib_format_version":2}