{"format_version":"1.8.0","animations":{"animation.black_kyurem.ground_idle":{"loop":true,"bones":{"torso":{"rotation":["10+1*math.sin(q.anim_time*90*1+90)*3","0.8*math.cos(q.anim_time*90*1+90)*2","0.8*math.sin(q.anim_time*90*1+90)*2"],"position":[0,"0.4*math.sin(q.anim_time*90*1-20)",0]},"leg_left":{"rotation":[0,-17.5,0],"position":[0,"0.3*math.sin(q.anim_time*90*1-20)*2",0]},"neck":{"rotation":[-27.5,0,0]},"right_arm":{"rotation":["2*math.sin(q.anim_time*90*1+150)","-40+2*math.sin(q.anim_time*90*1+160)","-35+6*math.sin(q.anim_time*90*1+160)"]},"right_arm3":{"rotation":[-22.5,"-40-2*math.sin(q.anim_time*90*1+260)",0]},"chest":{"rotation":["12.5+1*math.sin(q.anim_time*90*1+150)",0,0]},"right_hand":{"rotation":[0,0,-25]},"tailbase":{"rotation":[-15,0,0]},"tail":{"rotation":["12.5+4*math.sin(q.anim_time*90*1-80)*2","-4*math.sin(q.anim_time*90*1-80)",0]},"leg_right":{"rotation":[0,17.5,0],"position":[0,"0.3*math.sin(q.anim_time*90*1-20)*2",0]},"neck2":{"rotation":[7.5,0,0]},"head":{"rotation":["12.5-6*math.sin(q.anim_time*90*1+120)*1",0,0]},"finger5":{"rotation":[0,-12.5,"-12.5+12*math.sin(q.anim_time*90*1+160)"]},"finger6":{"rotation":[0,0,-37.5]},"finger":{"rotation":[0,12.5,"-12.5+12*math.sin(q.anim_time*90*1+160)"]},"finger2":{"rotation":[0,0,-37.5]},"finger3":{"rotation":[51,12,15]},"finger4":{"rotation":[45,0,0]},"left_arm":{"rotation":["-2*math.sin(q.anim_time*90*1+150)","40-2*math.sin(q.anim_time*90*1+160)","35-6*math.sin(q.anim_time*90*1+160)"]},"left_arm3":{"rotation":[-22.5,"40-2*math.sin(q.anim_time*90*1+260)",0]},"left_hand":{"rotation":[0,0,25]},"finger7":{"rotation":[0,-12.5,"12.5-12*math.sin(q.anim_time*90*1+160)"]},"finger8":{"rotation":[0,0,37.5]},"finger9":{"rotation":[51,-12,-15]},"finger10":{"rotation":[45,0,0]},"finger11":{"rotation":[0,12.5,"12.5-12*math.sin(q.anim_time*90*1+160)"]},"finger12":{"rotation":[0,0,37.5]},"leg_right2":{"position":[0,"-0.3*math.sin(q.anim_time*90*1-20)*2",0]},"foot_right":{"rotation":[0,"2*math.sin(q.anim_time*90*1+260)*1",0]},"leg_left2":{"position":[0,"-0.3*math.sin(q.anim_time*90*1-20)*2",0]},"foot_left":{"rotation":[0,"-2*math.sin(q.anim_time*90*1+260)*1",0]},"wing_left":{"rotation":[0,15,0]},"ja":{"rotation":["10-math.sin(q.anim_time*90*2-120)*2",0,0]},"top_cable_left":{"position":[0,0,-4]},"cable_left":{"position":[0,0,-5]},"cable_left2":{"position":[0,0,-5]},"cable_left3":{"position":[0,0,-5]},"cable_left4":{"position":[0,0,-5]},"cable_left5":{"position":[0,0,-5]},"cable_left6":{"position":[0,0,-5]},"cable_left7":{"position":[0,0,-5]},"cable_left8":{"position":[0,0,-5]},"cable_left9":{"position":[0,0,-5]},"cable_left10":{"position":[0,0,-5]},"bottom_cable_left":{"position":[0,0,-4]},"cable_left_bot":{"position":[0,0,-5]},"cable_left_bot2":{"position":[0,0,-5]},"cable_left_bot3":{"position":[0,0,-5]},"cable_left_bot4":{"position":[0,0,-5]},"cable_left_bot5":{"position":[0,0,-5]},"cable_left_bot6":{"position":[0,0,-5]},"cable_left_bot7":{"position":[0,0,-5]},"cable_left_bot8":{"position":[0,0,-5]},"cable_left_bot9":{"position":[0,0,-5]},"cable_left_bot10":{"position":[0,0,-5]},"top_cable_right":{"position":[0,0,-4]},"cable_right":{"position":[0,0,-5]},"cable_right2":{"position":[0,0,-5]},"cable_right3":{"position":[0,0,-5]},"cable_right4":{"position":[0,0,-5]},"cable_right5":{"position":[0,0,-5]},"cable_right6":{"position":[0,0,-5]},"cable_right7":{"position":[0,0,-5]},"cable_right8":{"position":[0,0,-5]},"cable_right9":{"position":[0,0,-5]},"cable_right10":{"position":[0,0,-5]},"bottom_cable_right":{"position":[0,0,-4]},"cable_right_bot":{"position":[0,0,-5]},"cable_right_bot2":{"position":[0,0,-5]},"cable_right_bot3":{"position":[0,0,-5]},"cable_right_bot4":{"position":[0,0,-5]},"cable_right_bot5":{"position":[0,0,-5]},"cable_right_bot6":{"position":[0,0,-5]},"cable_right_bot7":{"position":[0,0,-5]},"cable_right_bot8":{"position":[0,0,-5]},"cable_right_bot9":{"position":[0,0,-5]},"cable_right_bot10":{"position":[0,0,-5]},"wing_right":{"rotation":[0,-15,0]},"right_arm_od":{"scale":0},"tail_od":{"scale":0}}},"animation.black_kyurem.ground_walk":{"loop":true,"animation_length":4,"bones":{"torso":{"rotation":["5+1*math.sin(q.anim_time*90*1)","-16*math.sin(q.anim_time*90*2)","6*math.cos(q.anim_time*90*2)"],"position":[0,"0.4*math.sin(q.anim_time*90*4-20)",0]},"leg_left":{"rotation":{"0.0":{"post":[-4.43336,-22.54185,-1.17031],"lerp_mode":"catmullrom"},"0.5":{"post":[-4.43,-22.54,-1.17],"lerp_mode":"catmullrom"},"1.0":{"post":[6.96,-20.98,-12.62],"lerp_mode":"catmullrom"},"1.25":{"post":[-7.28026,-20.53046,-15.88702],"lerp_mode":"catmullrom"},"1.5":{"post":[-4.43,-22.54,-1.17],"lerp_mode":"catmullrom"},"2.0":{"post":[-4.43336,-22.54185,-1.17031],"lerp_mode":"catmullrom"},"2.5":{"post":[-4.43,-22.54,-1.17],"lerp_mode":"catmullrom"},"3.25":{"post":[-7.28026,-20.53046,-15.88702],"lerp_mode":"catmullrom"},"3.5":{"post":[-4.43,-22.54,-1.17],"lerp_mode":"catmullrom"},"4.0":{"post":[-4.43336,-22.54185,-1.17031],"lerp_mode":"catmullrom"}},"position":{"0.0":[0,0,0],"0.5":[0,0,4],"1.0":[0,1.64,-0.09],"1.4167":[0,3,-5.5],"1.5":[0,0,-6],"2.0":[0,0,0],"2.5":[0,0,4],"3.4167":[0,3,-5.5],"3.5":[0,0,-6],"4.0":[0,0,0]}},"neck":{"rotation":["-27.5-4*math.sin(q.anim_time*90*4+160)",0,0]},"right_arm":{"rotation":[-2,"-30-16*math.sin(q.anim_time*90*1+190)",-35]},"right_arm3":{"rotation":[-25,-46,4]},"chest":{"rotation":["12.5+1*math.sin(q.anim_time*90*4+120)",0,0]},"right_hand":{"rotation":[0,0,-25]},"tailbase":{"rotation":[-10,0,0]},"tail":{"rotation":["12.5-10*math.sin(q.anim_time*90*2-20)","-15*math.sin(q.anim_time*90*2-20)","-3*math.cos(q.anim_time*90*2-20)"]},"leg_right":{"rotation":{"0.0":{"post":[6.96,20.98,12.62],"lerp_mode":"catmullrom"},"0.25":{"post":[-7.28026,20.53046,15.88702],"lerp_mode":"catmullrom"},"0.5":{"post":[-4.43,22.54,1.17],"lerp_mode":"catmullrom"},"1.0":{"post":[-4.43336,22.54185,1.17031],"lerp_mode":"catmullrom"},"1.5":{"post":[-4.43,22.54,1.17],"lerp_mode":"catmullrom"},"2.0":{"post":[6.96,20.98,12.62],"lerp_mode":"catmullrom"},"2.25":{"post":[-7.28026,20.53046,15.88702],"lerp_mode":"catmullrom"},"2.5":{"post":[-4.43,22.54,1.17],"lerp_mode":"catmullrom"},"3.0":{"post":[-4.43336,22.54185,1.17031],"lerp_mode":"catmullrom"},"3.5":{"post":[-4.43,22.54,1.17],"lerp_mode":"catmullrom"},"4.0":{"post":[6.96,20.98,12.62],"lerp_mode":"catmullrom"}},"position":{"0.0":[0,1.64,-0.09],"0.4167":[0,3,-5.5],"0.5":[0,0,-6],"1.0":[0,0,0],"1.5":[0,0,4],"2.0":[0,1.64,-0.09],"2.4167":[0,3,-5.5],"2.5":[0,0,-6],"3.0":[0,0,0],"3.5":[0,0,4],"4.0":[0,1.64,-0.09]}},"neck2":{"rotation":[7.5,0,0]},"head":{"rotation":["7.5-1*math.sin(q.anim_time*90*4+160)","16*math.sin(q.anim_time*90*2)",0]},"finger5":{"rotation":[0,-12.5,-12.5]},"finger6":{"rotation":[0,0,-37.5]},"finger":{"rotation":[0,12.5,-12.5]},"finger2":{"rotation":[0,0,-37.5]},"finger3":{"rotation":[51,12,15]},"finger4":{"rotation":[45,0,0]},"left_arm":{"rotation":[-2,"30-16*math.sin(q.anim_time*90*1+190)",35]},"left_arm3":{"rotation":[-25,46,-4]},"left_hand":{"rotation":[0,0,25]},"finger7":{"rotation":[0,-12.5,12.5]},"finger8":{"rotation":[0,0,37.5]},"finger9":{"rotation":[51,-12,-15]},"finger10":{"rotation":[45,0,0]},"finger11":{"rotation":[0,12.5,12.5]},"finger12":{"rotation":[0,0,37.5]},"body":{"position":{"0.0":[0,-0.2,0],"0.5":[0,-0.2,0],"0.5417":[0,-0.4,0],"0.5833":[0,0.15,0],"0.6667":[0,-0.55,0],"1.0":[0,-0.2,0],"1.5":[0,-0.2,0],"1.5417":[0,-0.4,0],"1.5833":[0,0.15,0],"1.6667":[0,-0.55,0],"2.0":[0,-0.2,0],"2.5":[0,-0.2,0],"2.5417":[0,-0.4,0],"2.5833":[0,0.15,0],"2.6667":[0,-0.55,0],"3.0":[0,-0.2,0],"3.5":[0,-0.2,0],"3.5417":[0,-0.4,0],"3.5833":[0,0.15,0],"3.6667":[0,-0.55,0],"4.0":[0,-0.2,0]}},"leg_right2":{"rotation":{"0.0":[17,0,0],"0.3333":[0,0,0],"0.5":[5,0,0],"1.0":[5,0,0],"1.5":[5,0,0],"2.0":[17,0,0],"2.3333":[0,0,0],"2.5":[5,0,0],"3.0":[5,0,0],"3.5":[5,0,0],"4.0":[17,0,0]},"position":{"0.0":[0,0,0],"1.0":[0,0,0],"2.0":[0,0,0],"3.0":[0,0,0],"4.0":[0,0,0]}},"foot_right":{"rotation":{"0.0":[2.5,0,0],"1.0":[2.5,0,0],"2.0":[2.5,0,0],"3.0":[2.5,0,0],"4.0":[2.5,0,0]},"position":{"0.0":[0,0,0],"1.0":[0,0,0],"2.0":[0,0,0],"3.0":[0,0,0],"4.0":[0,0,0]}},"foot_right2":{"rotation":{"0.0":[-16.71,0,0],"0.2917":[-25,0,0],"0.5":[-2.5,0,0],"1.0":[-2.5,0,0],"1.5":[-2.5,0,0],"2.0":[-16.71,0,0],"2.2917":[-25,0,0],"2.5":[-2.5,0,0],"3.0":[-2.5,0,0],"3.5":[-2.5,0,0],"4.0":[-16.71,0,0]}},"leg_left2":{"rotation":{"0.0":[5,0,0],"0.5":[5,0,0],"1.0":[17,0,0],"1.3333":[0,0,0],"1.5":[5,0,0],"2.0":[5,0,0],"2.5":[5,0,0],"3.3333":[0,0,0],"3.5":[5,0,0],"4.0":[5,0,0]},"position":{"0.0":[0,0,0],"1.0":[0,0,0],"2.0":[0,0,0],"4.0":[0,0,0]}},"foot_left":{"rotation":{"0.0":[2.5,0,0],"1.0":[2.5,0,0],"2.0":[2.5,0,0],"4.0":[2.5,0,0]},"position":{"0.0":[0,0,0],"1.0":[0,0,0],"2.0":[0,0,0],"4.0":[0,0,0]}},"foot_left2":{"rotation":{"0.0":[-2.5,0,0],"0.5":[-2.5,0,0],"1.0":[-16.71,0,0],"1.2917":[-25,0,0],"1.5":[-2.5,0,0],"2.0":[-2.5,0,0],"2.5":[-2.5,0,0],"3.2917":[-25,0,0],"3.5":[-2.5,0,0],"4.0":[-2.5,0,0]}},"wing_left":{"rotation":[0,15,0]},"cable_left10":{"position":[0,0,-5]},"cable_left9":{"position":[0,0,-5]},"cable_left8":{"position":[0,0,-5]},"cable_left7":{"position":[0,0,-5]},"cable_left6":{"position":[0,0,-5]},"cable_left5":{"position":[0,0,-5]},"cable_left4":{"position":[0,0,-5]},"cable_left3":{"position":[0,0,-5]},"cable_left2":{"position":[0,0,-5]},"cable_left":{"position":[0,0,-5]},"top_cable_left":{"position":[0,0,-4]},"bottom_cable_left":{"position":[0,0,-4]},"cable_left_bot":{"position":[0,0,-5]},"cable_left_bot2":{"position":[0,0,-5]},"cable_left_bot3":{"position":[0,0,-5]},"cable_left_bot4":{"position":[0,0,-5]},"cable_left_bot5":{"position":[0,0,-5]},"cable_left_bot6":{"position":[0,0,-5]},"cable_left_bot7":{"position":[0,0,-5]},"cable_left_bot8":{"position":[0,0,-5]},"cable_left_bot9":{"position":[0,0,-5]},"cable_left_bot10":{"position":[0,0,-5]},"top_cable_right":{"position":[0,0,-4]},"cable_right":{"position":[0,0,-5]},"cable_right2":{"position":[0,0,-5]},"cable_right3":{"position":[0,0,-5]},"cable_right4":{"position":[0,0,-5]},"cable_right5":{"position":[0,0,-5]},"cable_right6":{"position":[0,0,-5]},"cable_right7":{"position":[0,0,-5]},"cable_right8":{"position":[0,0,-5]},"cable_right9":{"position":[0,0,-5]},"cable_right10":{"position":[0,0,-5]},"bottom_cable_right":{"position":[0,0,-4]},"cable_right_bot":{"position":[0,0,-5]},"cable_right_bot2":{"position":[0,0,-5]},"cable_right_bot3":{"position":[0,0,-5]},"cable_right_bot4":{"position":[0,0,-5]},"cable_right_bot5":{"position":[0,0,-5]},"cable_right_bot6":{"position":[0,0,-5]},"cable_right_bot7":{"position":[0,0,-5]},"cable_right_bot8":{"position":[0,0,-5]},"cable_right_bot9":{"position":[0,0,-5]},"cable_right_bot10":{"position":[0,0,-5]},"wing_right":{"rotation":[0,-15,0]},"right_arm_od":{"scale":0},"tail_od":{"scale":0}}},"animation.black_kyurem.battle_idle":{"loop":true,"bones":{"torso":{"rotation":["10+1*math.sin(q.anim_time*90*1+90)*5","0.8*math.cos(q.anim_time*90*1+90)*2","0.8*math.sin(q.anim_time*90*1+90)*2"],"position":[0,"0.4*math.sin(q.anim_time*90*1-20)*2",0]},"leg_left":{"rotation":[2.4225,-18.6478,-7.7971],"position":[0,"-0.3+0.3*math.sin(q.anim_time*90*1-20)*2",-3]},"neck":{"rotation":[-27.5701,1.70818,-4.69986]},"chest":{"rotation":[12.5,0,0]},"tailbase":{"rotation":[-15,0,0]},"leg_right":{"rotation":[-12.6317,20.53276,7.2571],"position":[0,"-1+0.3*math.sin(q.anim_time*90*1-20)*2",0]},"neck2":{"rotation":[7.5,0,0]},"head":{"rotation":["12.5-6*math.sin(q.anim_time*90*1+120)*1.7",7,2.5]},"left_arm":{"rotation":["-1.53*math.sin(q.anim_time*90*1+150)","0.01-2*math.sin(q.anim_time*90*1+160)*2","36.2-6*math.sin(q.anim_time*90*1+160)*2"]},"left_arm3":{"rotation":[-35.7,"59.8-2*math.sin(q.anim_time*90*1+260)*2",-16.9]},"left_hand":{"rotation":[0,0,25]},"finger7":{"rotation":[0,-12.5,"12.5-12*math.sin(q.anim_time*90*1+160)"]},"finger8":{"rotation":[0,0,37.5]},"finger9":{"rotation":[51,-12,-15]},"finger10":{"rotation":[45,0,0]},"finger11":{"rotation":[0,12.5,"12.5-12*math.sin(q.anim_time*90*1+160)"]},"finger12":{"rotation":[0,0,37.5]},"wing_left":{"rotation":[0,15,0]},"top_cable_left":{"rotation":[-10,-5,0]},"cable_left2":{"rotation":[2.50238,-2.49762,-0.10912]},"cable_left3":{"rotation":[-2.50238,-2.49762,0.10912]},"cable_left4":{"rotation":[-12.53742,-4.92385,0.87038]},"cable_left5":{"rotation":[-22.51754,-2.34914,0.85553]},"cable_left6":{"rotation":[-22.5,0,0]},"cable_left7":{"rotation":[-27.5,0,0]},"cable_left8":{"rotation":[-22.5,0,0]},"cable_left9":{"rotation":[-10,0,0]},"cable_left10":{"rotation":[-17.5,0,0],"position":[0,0,-3]},"bottom_cable_left":{"rotation":[-12.44165,-0.16951,-1.29257]},"cable_left_bot":{"rotation":[-10.08453,7.38542,-1.30962]},"cable_left_bot2":{"rotation":[-7.56397,7.43547,-0.98448]},"cable_left_bot3":{"rotation":[-7.56397,7.43547,-0.98448]},"cable_left_bot4":{"rotation":[-12.51845,2.4194,-0.64846]},"cable_left_bot5":{"rotation":[-10.00474,-2.49048,0.21803]},"cable_left_bot6":{"rotation":[-17.68664,-9.76061,2.18558]},"cable_left_bot7":{"rotation":[-15.80524,-22.13991,4.11405]},"cable_left_bot8":{"rotation":[-13.4936,-21.93857,5.123]},"cable_left_bot9":{"rotation":[-11.50839,-29.4987,5.72511]},"cable_left_bot10":{"rotation":[-10.34527,-14.76689,2.66399]},"top_cable_right":{"rotation":[-10,5,0]},"cable_right2":{"rotation":[2.50238,2.49762,0.10912]},"cable_right3":{"rotation":[-2.50238,2.49762,-0.10912]},"cable_right4":{"rotation":[-12.53742,4.92385,-0.87038]},"cable_right5":{"rotation":[-22.51754,2.34914,-0.85553]},"cable_right6":{"rotation":[-22.5,0,0]},"cable_right7":{"rotation":[-27.5,0,0]},"cable_right8":{"rotation":[-22.5,0,0]},"cable_right9":{"rotation":[-10,0,0]},"cable_right10":{"rotation":[-17.5,0,0],"position":[0,0,-3]},"bottom_cable_right":{"rotation":[-12.44165,0.16951,1.29257]},"cable_right_bot":{"rotation":[-10.08453,-7.38542,1.30962]},"cable_right_bot2":{"rotation":[-7.56397,-7.43547,0.98448]},"cable_right_bot3":{"rotation":[-7.56397,-7.43547,0.98448]},"cable_right_bot4":{"rotation":[-12.51845,-2.4194,0.64846]},"cable_right_bot5":{"rotation":[-10.00474,2.49048,-0.21803]},"cable_right_bot6":{"rotation":[-17.68664,9.76061,-2.18558]},"cable_right_bot7":{"rotation":[-15.80524,22.13991,-4.11405]},"cable_right_bot8":{"rotation":[-13.4936,21.93857,-5.123]},"cable_right_bot9":{"rotation":[-11.50839,29.4987,-5.72511]},"cable_right_bot10":{"rotation":[-10.34527,14.76689,-2.66399]},"ja":{"rotation":["15-math.sin(q.anim_time*90*2-90)*3",0,0]},"leg_right2":{"rotation":[2.27652,6.3202,-4.04618],"position":[0,"-0.3*math.sin(q.anim_time*90*1-20)*2",0]},"foot_right":{"rotation":[12.5,"1*math.sin(q.anim_time*90*1+260)*3.5",0]},"leg_left2":{"position":[0,"-0.3*math.sin(q.anim_time*90*1-20)*2",0]},"foot_left":{"rotation":[0,"-1*math.sin(q.anim_time*90*1+260)*3.5",8]},"wingbase_left_spikes":{"position":[0,0,-6]},"wingbase_right_spikes":{"position":[0,0,-7]},"wing_right":{"rotation":[0,-15,0]},"body":{"rotation":[0,-17.5,0]},"right_arm_od":{"rotation":["1.76*math.sin(q.anim_time*90*1+150)","-30+2*math.sin(q.anim_time*90*1+160)*2","-35+6*math.sin(q.anim_time*90*1+160)*2"]},"right_arm_od3":{"rotation":[-29.5,"-53-2*math.sin(q.anim_time*90*1+260)*2",10]},"right_hand_od":{"rotation":[0,0,-25]},"finger_od":{"rotation":[0,12.5,"-12.5+12*math.sin(q.anim_time*90*1+160)"]},"finger_od2":{"rotation":[0,0,-37.5]},"finger_od3":{"rotation":[51,12,15]},"finger_od4":{"rotation":[45,0,0]},"finger_od5":{"rotation":[0,-12.5,"-12.5+12*math.sin(q.anim_time*90*1+160)"]},"finger_od6":{"rotation":[0,0,-37.5]},"tail_od":{"rotation":[12.5,0,0]},"right_arm":{"scale":0},"tail":{"scale":0}}},"animation.black_kyurem.air_idle":{"loop":true,"bones":{"torso":{"rotation":[5,0.8,0.8],"position":[0,0.4,0]},"leg_left":{"rotation":["11-5*math.sin(q.anim_time*90*1+160)",-17,"3*math.sin(q.anim_time*90*1+160)"],"position":[0,"0.2*(math.sin(q.anim_time*90*1-90)*1)",0]},"neck":{"rotation":[-25,0,0]},"right_arm":{"rotation":["-17-2*math.sin(q.anim_time*90*1+150)","-12+6*math.sin(q.anim_time*90*1+90)","-44.6+2*math.sin(q.anim_time*90*1+160)"],"position":[0,0,-1]},"right_arm3":{"rotation":[-44,"-41+5*math.sin(q.anim_time*90*2+260)",6]},"chest":{"rotation":["15+3*math.sin(q.anim_time*90*1+150)",0,0]},"right_hand":{"rotation":[0,0,-25]},"tailbase":{"rotation":[-15,0,0]},"tail":{"rotation":["12.5+4*math.sin(q.anim_time*90*1-80)*1","-4*math.sin(q.anim_time*90*1-80)",0]},"leg_right":{"rotation":["11-5*math.sin(q.anim_time*90*1+160)",17,"-3*math.sin(q.anim_time*90*1+160)"],"position":[0,"0.2*(math.sin(q.anim_time*90*1-90)*1)",0]},"neck2":{"rotation":[7.5,0,0]},"head":{"rotation":["12.5-6*math.sin(q.anim_time*90*1+120)*1",0,0]},"finger5":{"rotation":[0,-12.5,"-12.5+12*math.sin(q.anim_time*90*1+160)"]},"finger6":{"rotation":[0,0,-37.5]},"finger":{"rotation":[0,12.5,"-12.5+12*math.sin(q.anim_time*90*1+160)"]},"finger2":{"rotation":[0,0,-37.5]},"finger3":{"rotation":["51-12*math.sin(q.anim_time*90*1+160)",12,15]},"finger4":{"rotation":[45,0,0]},"left_arm":{"rotation":["-17-2*math.sin(q.anim_time*90*1+150)","12-6*math.sin(q.anim_time*90*1+90)","44.6-2*math.sin(q.anim_time*90*1+160)"],"position":[0,0,-1]},"left_arm3":{"rotation":[-44,"41-5*math.sin(q.anim_time*90*2+260)",-6]},"left_hand":{"rotation":[0,0,25]},"finger7":{"rotation":[0,-12.5,"12.5-12*math.sin(q.anim_time*90*1+160)"]},"finger8":{"rotation":[0,0,37.5]},"finger9":{"rotation":["51-12*math.sin(q.anim_time*90*1+160)",-12,-15]},"finger10":{"rotation":[45,0,0]},"finger11":{"rotation":[0,12.5,"12.5-12*math.sin(q.anim_time*90*1+160)"]},"finger12":{"rotation":[0,0,37.5]},"leg_right2":{"position":[0,-0.3,0]},"foot_right":{"rotation":["20+5*math.sin(q.anim_time*90*1+160)",0,0]},"leg_left2":{"position":[0,-0.3,0]},"foot_left":{"rotation":["20+5*math.sin(q.anim_time*90*1+160)",0,0]},"wing_left":{"rotation":[0,15,0]},"ja":{"rotation":["20-5*math.sin(q.anim_time*90*2+160)",0,0]},"top_cable_left":{"position":[0,0,-4]},"cable_left":{"position":[0,0,-5]},"cable_left2":{"position":[0,0,-5]},"cable_left3":{"position":[0,0,-5]},"cable_left4":{"position":[0,0,-5]},"cable_left5":{"position":[0,0,-5]},"cable_left6":{"position":[0,0,-5]},"cable_left7":{"position":[0,0,-5]},"cable_left8":{"position":[0,0,-5]},"cable_left9":{"position":[0,0,-5]},"cable_left10":{"position":[0,0,-5]},"bottom_cable_left":{"position":[0,0,-4]},"cable_left_bot":{"position":[0,0,-5]},"cable_left_bot2":{"position":[0,0,-5]},"cable_left_bot3":{"position":[0,0,-5]},"cable_left_bot4":{"position":[0,0,-5]},"cable_left_bot5":{"position":[0,0,-5]},"cable_left_bot6":{"position":[0,0,-5]},"cable_left_bot7":{"position":[0,0,-5]},"cable_left_bot8":{"position":[0,0,-5]},"cable_left_bot9":{"position":[0,0,-5]},"cable_left_bot10":{"position":[0,0,-5]},"top_cable_right":{"position":[0,0,-4]},"cable_right":{"position":[0,0,-5]},"cable_right2":{"position":[0,0,-5]},"cable_right3":{"position":[0,0,-5]},"cable_right4":{"position":[0,0,-5]},"cable_right5":{"position":[0,0,-5]},"cable_right6":{"position":[0,0,-5]},"cable_right7":{"position":[0,0,-5]},"cable_right8":{"position":[0,0,-5]},"cable_right9":{"position":[0,0,-5]},"cable_right10":{"position":[0,0,-5]},"bottom_cable_right":{"position":[0,0,-4]},"cable_right_bot":{"position":[0,0,-5]},"cable_right_bot2":{"position":[0,0,-5]},"cable_right_bot3":{"position":[0,0,-5]},"cable_right_bot4":{"position":[0,0,-5]},"cable_right_bot5":{"position":[0,0,-5]},"cable_right_bot6":{"position":[0,0,-5]},"cable_right_bot7":{"position":[0,0,-5]},"cable_right_bot8":{"position":[0,0,-5]},"cable_right_bot9":{"position":[0,0,-5]},"cable_right_bot10":{"position":[0,0,-5]},"wing_right":{"rotation":[0,-15,0]},"body":{"rotation":[7.5,0,0],"position":[0,"10+2.5*math.sin(q.anim_time*90*1+160)",0]},"leg_right3":{"rotation":[7.5,0,0]},"leg_left3":{"rotation":[7.5,0,0]},"right_arm_od":{"scale":0},"tail_od":{"scale":0}}},"animation.black_kyurem.air_fly":{"loop":true,"bones":{"torso":{"rotation":[5,0.8,0.8],"position":[0,0.4,0]},"leg_left":{"rotation":["26-4*math.sin(q.anim_time*90*1.5+160)*2",-17,-13],"position":[0,0.3,0]},"neck":{"rotation":[-40,0,0]},"right_arm":{"rotation":[-17,"-10+3.5*math.sin(q.anim_time*90*1.5+160)*2","-39+2*math.sin(q.anim_time*90*1+160)*2"]},"right_arm3":{"rotation":[-99,-41,6]},"chest":{"rotation":["15+3*math.sin(q.anim_time*90*2+150)*1",0,0]},"right_hand":{"rotation":[0,0,-25]},"tailbase":{"rotation":[-22.5,0,0]},"tail":{"rotation":["12.5+4*math.sin(q.anim_time*90*1-160)*1","-9*math.sin(q.anim_time*90*1+160)*2",0]},"leg_right":{"rotation":["26-4*math.sin(q.anim_time*90*1.5+160)*2",17,13],"position":[0,0.3,0]},"neck2":{"rotation":[5,0,0]},"head":{"rotation":["5*math.sin(q.anim_time*90*1+160)",0,0]},"finger5":{"rotation":[0,-12.5,"-12.5+12*math.sin(q.anim_time*90*1+160)"]},"finger6":{"rotation":[0,0,-37.5]},"finger":{"rotation":[0,12.5,"-22.5+12*math.sin(q.anim_time*90*1+160)"]},"finger2":{"rotation":[0,0,-37.5]},"finger3":{"rotation":["51+12*math.sin(q.anim_time*90*1+160)",12,15]},"finger4":{"rotation":[45,0,0]},"left_arm":{"rotation":[-17,"10-3.5*math.sin(q.anim_time*90*1.5+160)*2","40-2*math.sin(q.anim_time*90*1+160)*2"]},"left_arm3":{"rotation":[-99,41,-6]},"left_hand":{"rotation":[0,0,25]},"finger7":{"rotation":[0,-12.5,"22.5-12*math.sin(q.anim_time*90*1+160)"]},"finger8":{"rotation":[0,0,37.5]},"finger9":{"rotation":["51+12*math.sin(q.anim_time*90*1+160)",-12,-15]},"finger10":{"rotation":[45,0,0]},"finger11":{"rotation":[0,12.5,"12.5-12*math.sin(q.anim_time*90*1+160)"]},"finger12":{"rotation":[0,0,37.5]},"leg_right2":{"position":[0,-0.3,0]},"foot_right":{"rotation":["22.5-5*math.sin(q.anim_time*90*1+160)*2",1,0],"position":[0,-0.25,0.25]},"leg_left2":{"position":[0,-0.3,0]},"foot_left":{"rotation":["22.5-5*math.sin(q.anim_time*90*1+160)*2",-1,0],"position":[0,-0.25,0.25]},"wing_left":{"rotation":[0,15,0]},"ja":{"rotation":["20-5*math.sin(q.anim_time*90*2+160)*2",0,0]},"top_cable_left":{"position":[0,0,-4]},"cable_left":{"position":[0,0,-5]},"cable_left2":{"position":[0,0,-5]},"cable_left3":{"position":[0,0,-5]},"cable_left4":{"position":[0,0,-5]},"cable_left5":{"position":[0,0,-5]},"cable_left6":{"position":[0,0,-5]},"cable_left7":{"position":[0,0,-5]},"cable_left8":{"position":[0,0,-5]},"cable_left9":{"position":[0,0,-5]},"cable_left10":{"position":[0,0,-5]},"bottom_cable_left":{"position":[0,0,-4]},"cable_left_bot":{"position":[0,0,-5]},"cable_left_bot2":{"position":[0,0,-5]},"cable_left_bot3":{"position":[0,0,-5]},"cable_left_bot4":{"position":[0,0,-5]},"cable_left_bot5":{"position":[0,0,-5]},"cable_left_bot6":{"position":[0,0,-5]},"cable_left_bot7":{"position":[0,0,-5]},"cable_left_bot8":{"position":[0,0,-5]},"cable_left_bot9":{"position":[0,0,-5]},"cable_left_bot10":{"position":[0,0,-5]},"top_cable_right":{"position":[0,0,-4]},"cable_right":{"position":[0,0,-5]},"cable_right2":{"position":[0,0,-5]},"cable_right3":{"position":[0,0,-5]},"cable_right4":{"position":[0,0,-5]},"cable_right5":{"position":[0,0,-5]},"cable_right6":{"position":[0,0,-5]},"cable_right7":{"position":[0,0,-5]},"cable_right8":{"position":[0,0,-5]},"cable_right9":{"position":[0,0,-5]},"cable_right10":{"position":[0,0,-5]},"bottom_cable_right":{"position":[0,0,-4]},"cable_right_bot":{"position":[0,0,-5]},"cable_right_bot2":{"position":[0,0,-5]},"cable_right_bot3":{"position":[0,0,-5]},"cable_right_bot4":{"position":[0,0,-5]},"cable_right_bot5":{"position":[0,0,-5]},"cable_right_bot6":{"position":[0,0,-5]},"cable_right_bot7":{"position":[0,0,-5]},"cable_right_bot8":{"position":[0,0,-5]},"cable_right_bot9":{"position":[0,0,-5]},"cable_right_bot10":{"position":[0,0,-5]},"wing_right":{"rotation":[0,-15,0]},"body":{"rotation":[32.5,0,0],"position":[0,"9+3*math.sin(q.anim_time*90*2+160)*2","2+2*math.sin(q.anim_time*90*1+160)"]},"leg_right3":{"rotation":[7.5,0,0]},"leg_left3":{"rotation":[7.5,0,0]},"right_arm_od":{"scale":0},"tail_od":{"scale":0}}},"animation.black_kyurem.blink":{"animation_length":0.16667,"bones":{"eyelid_left":{"position":{"0.0":[0.65,0,-0.75],"0.125":[0.65,0,-0.75],"0.1667":[0,0,0]}},"eyelid_right":{"position":{"0.0":[-0.65,0,-0.75],"0.125":[-0.65,0,-0.75],"0.1667":[0,0,0]}}}},"animation.black_kyurem.cry":{"animation_length":2,"sound_effects":{"0.0417":{"effect":"pokemon.kyurem_black.cry"}},"bones":{"torso":{"rotation":{"0.0":{"post":[0,0,0],"lerp_mode":"catmullrom"},"0.125":{"post":[5,0,0],"lerp_mode":"catmullrom"},"1.0833":{"post":[7.5,0,0],"lerp_mode":"catmullrom"},"2.0":{"post":[0,0,0],"lerp_mode":"catmullrom"}}},"neck":{"rotation":{"0.0":{"post":[0,0,0],"lerp_mode":"catmullrom"},"0.5417":{"post":[-17.5,0,0],"lerp_mode":"catmullrom"},"1.375":{"post":[0.71,0,0],"lerp_mode":"catmullrom"},"2.0":{"post":[0,0,0],"lerp_mode":"catmullrom"}}},"neck2":{"rotation":{"0.0":{"post":[0,0,0],"lerp_mode":"catmullrom"},"0.125":{"post":[0,0,0],"lerp_mode":"catmullrom"},"0.25":{"post":[-1,0,0],"lerp_mode":"catmullrom"},"0.375":{"post":[0.03,0,0],"lerp_mode":"catmullrom"},"0.5833":{"post":[-0.91,0,0],"lerp_mode":"catmullrom"},"1.2917":{"post":[0,0,0],"lerp_mode":"catmullrom"},"2.0":{"post":[0,0,0],"lerp_mode":"catmullrom"}}},"head":{"rotation":{"0.0":{"post":[0,0,0],"lerp_mode":"catmullrom"},"0.2083":{"post":[-13.92,0,0],"lerp_mode":"catmullrom"},"0.2917":{"post":[-13.43,0,0],"lerp_mode":"catmullrom"},"0.375":{"post":[-16.83,0,0],"lerp_mode":"catmullrom"},"0.4583":{"post":[-14.36,0,0],"lerp_mode":"catmullrom"},"0.5833":{"post":[-14.45,0,0],"lerp_mode":"catmullrom"},"0.75":{"post":[-12.14,0,0],"lerp_mode":"catmullrom"},"1.0":{"post":[-13.26,0,0],"lerp_mode":"catmullrom"},"2.0":{"post":[0,0,0],"lerp_mode":"catmullrom"}}},"ja":{"rotation":{"0.0":{"post":[0,0,0],"lerp_mode":"catmullrom"},"0.0833":{"post":[42.5,0,0],"lerp_mode":"catmullrom"},"0.375":{"post":[42.5,0,0],"lerp_mode":"catmullrom"},"0.625":{"post":[32.5,0,0],"lerp_mode":"catmullrom"},"0.7083":{"post":[26.42,0,0],"lerp_mode":"catmullrom"},"1.0":{"post":[26.12,0,0],"lerp_mode":"catmullrom"},"1.0833":{"post":[19.78,0,0],"lerp_mode":"catmullrom"},"1.3333":{"post":[11.43,0,0],"lerp_mode":"catmullrom"},"1.75":{"post":[5,0,0],"lerp_mode":"catmullrom"},"2.0":{"post":[0,0,0],"lerp_mode":"catmullrom"}}},"left_arm3":{"rotation":{"0.0":[0,0,0],"0.25":[0,0,0],"0.5":[0,"1*math.sin(q.anim_time*90*30+260)",0],"1.4583":[0,0,0]}},"right_arm":{"rotation":{"0.0":{"post":[0,0,0],"lerp_mode":"catmullrom"},"0.125":{"post":[0,-2.5,0],"lerp_mode":"catmullrom"},"0.3333":{"post":[0,35,0],"lerp_mode":"catmullrom"},"1.5":{"post":[0,30,0],"lerp_mode":"catmullrom"},"2.0":{"post":[0,0,0],"lerp_mode":"catmullrom"}}},"right_arm3":{"rotation":{"0.0":[0,0,0],"0.25":[0,0,0],"0.5":[0,"-1*math.sin(q.anim_time*90*30+260)",0],"1.4583":[0,0,0]}},"left_arm":{"rotation":{"0.0":{"post":[0,0,0],"lerp_mode":"catmullrom"},"0.125":{"post":[0,2.5,0],"lerp_mode":"catmullrom"},"0.3333":{"post":[0,-35,0],"lerp_mode":"catmullrom"},"1.5":{"post":[0,-30,0],"lerp_mode":"catmullrom"},"2.0":{"post":[0,0,0],"lerp_mode":"catmullrom"}}},"finger7":{"rotation":{"0.0":[0,0,0],"0.25":[0,-15,-37.5],"1.75":[0,0,-25],"2.0":[0,0,0]}},"finger9":{"rotation":{"0.0":[0,0,0],"0.25":[-37.5,0,0],"1.75":[-25,0,0],"2.0":[0,0,0]}},"finger11":{"rotation":{"0.0":[0,0,0],"0.25":[0,15,-37.5],"1.75":[0,0,-25],"2.0":[0,0,0]}},"finger":{"rotation":{"0.0":[0,0,0],"0.25":[0,15,37.5],"1.75":[0,0,25],"2.0":[0,0,0]}},"finger3":{"rotation":{"0.0":[0,0,0],"0.25":[-37.5,0,0],"1.75":[-25,0,0],"2.0":[0,0,0]}},"finger5":{"rotation":{"0.0":[0,0,0],"0.25":[0,-15,37.5],"1.75":[0,0,25],"2.0":[0,0,0]}},"right_arm_od":{"rotation":{"0.0":{"post":[0,0,0],"lerp_mode":"catmullrom"},"0.125":{"post":[0,-2.5,0],"lerp_mode":"catmullrom"},"0.3333":{"post":[0,35,0],"lerp_mode":"catmullrom"},"1.5":{"post":[0,30,0],"lerp_mode":"catmullrom"},"2.0":{"post":[0,0,0],"lerp_mode":"catmullrom"}}},"right_arm_od3":{"rotation":{"0.0":[0,0,0],"0.25":[0,0,0],"0.5":[0,"-1*math.sin(q.anim_time*90*30+260)",0],"1.4583":[0,0,0]}},"finger_od":{"rotation":{"0.0":[0,0,0],"0.25":[0,15,37.5],"1.75":[0,0,25],"2.0":[0,0,0]}},"finger_od3":{"rotation":{"0.0":[0,0,0],"0.25":[-37.5,0,0],"1.75":[-25,0,0],"2.0":[0,0,0]}},"finger_od5":{"rotation":{"0.0":[0,0,0],"0.25":[0,-15,37.5],"1.75":[0,0,25],"2.0":[0,0,0]}}}},"animation.black_kyurem.sleep":{"loop":true,"bones":{"torso":{"rotation":["10+1*math.sin(q.anim_time*90*1+90)*2",0.8,0.8],"position":[0,0.4,0]},"leg_left":{"rotation":[0,-17.5,0],"position":[0,0.3,0]},"neck":{"rotation":["-10+1*math.sin(q.anim_time*90*1+150)*2",0,0]},"right_arm":{"rotation":["11-2*math.sin(q.anim_time*90*1+90)*2",-41,-56],"position":[-2,0,0]},"right_arm3":{"rotation":[-22.5,-50,0]},"chest":{"rotation":[12.5,0,0]},"right_hand":{"rotation":[0,0,-25]},"tailbase":{"rotation":[-30.66171,-7.57131,9.97528]},"tail":{"rotation":[10.08453,-7.38542,-1.30962]},"leg_right":{"rotation":[0,17.5,0],"position":[0,0.3,0]},"neck2":{"rotation":[10,0,0]},"head":{"rotation":[27.5,0,0]},"finger5":{"rotation":[0,-12.5,"-7.5+5*math.sin(q.anim_time*90*1+160)"]},"finger6":{"rotation":[0,0,-37.5]},"finger":{"rotation":[0,12.5,"-12.5+5*math.sin(q.anim_time*90*1+90)"]},"finger2":{"rotation":[0,0,-37.5]},"finger3":{"rotation":["62.5-5*math.sin(q.anim_time*90*1+160)",0,45]},"finger4":{"rotation":[45,0,0]},"left_arm":{"rotation":["11-2*math.sin(q.anim_time*90*1+90)*2",41,56],"position":[2,0,0]},"left_arm3":{"rotation":[-22.5,50,0]},"left_hand":{"rotation":[0,0,25]},"finger7":{"rotation":[0,-12.5,"12.5-5*math.sin(q.anim_time*90*1+90)"]},"finger8":{"rotation":[0,0,37.5]},"finger9":{"rotation":["62.5-5*math.sin(q.anim_time*90*1+160)",0,-45]},"finger10":{"rotation":[45,0,0]},"finger11":{"rotation":[0,12.5,"7.5-5*math.sin(q.anim_time*90*1+160)"]},"finger12":{"rotation":[0,0,37.5]},"leg_right2":{"position":[0,-0.3,0]},"foot_right":{"rotation":[0,1,0]},"leg_left2":{"position":[0,-0.3,0]},"foot_left":{"rotation":[0,-1,0]},"wing_left":{"rotation":[-25,15,0]},"top_cable_left":{"position":[0,0,-4]},"cable_left":{"position":[0,0,-5]},"cable_left2":{"position":[0,0,-5]},"cable_left3":{"position":[0,0,-5]},"cable_left4":{"position":[0,0,-5]},"cable_left5":{"position":[0,0,-5]},"cable_left6":{"position":[0,0,-5]},"cable_left7":{"position":[0,0,-5]},"cable_left8":{"position":[0,0,-5]},"cable_left9":{"position":[0,0,-5]},"cable_left10":{"position":[0,0,-5]},"bottom_cable_left":{"position":[0,0,-4]},"cable_left_bot":{"position":[0,0,-5]},"cable_left_bot2":{"position":[0,0,-5]},"cable_left_bot3":{"position":[0,0,-5]},"cable_left_bot4":{"position":[0,0,-5]},"cable_left_bot5":{"position":[0,0,-5]},"cable_left_bot6":{"position":[0,0,-5]},"cable_left_bot7":{"position":[0,0,-5]},"cable_left_bot8":{"position":[0,0,-5]},"cable_left_bot9":{"position":[0,0,-5]},"cable_left_bot10":{"position":[0,0,-5]},"top_cable_right":{"position":[0,0,-4]},"cable_right":{"position":[0,0,-5]},"cable_right2":{"position":[0,0,-5]},"cable_right3":{"position":[0,0,-5]},"cable_right4":{"position":[0,0,-5]},"cable_right5":{"position":[0,0,-5]},"cable_right6":{"position":[0,0,-5]},"cable_right7":{"position":[0,0,-5]},"cable_right8":{"position":[0,0,-5]},"cable_right9":{"position":[0,0,-5]},"cable_right10":{"position":[0,0,-5]},"bottom_cable_right":{"position":[0,0,-4]},"cable_right_bot":{"position":[0,0,-5]},"cable_right_bot2":{"position":[0,0,-5]},"cable_right_bot3":{"position":[0,0,-5]},"cable_right_bot4":{"position":[0,0,-5]},"cable_right_bot5":{"position":[0,0,-5]},"cable_right_bot6":{"position":[0,0,-5]},"cable_right_bot7":{"position":[0,0,-5]},"cable_right_bot8":{"position":[0,0,-5]},"cable_right_bot9":{"position":[0,0,-5]},"cable_right_bot10":{"position":[0,0,-5]},"wing_right":{"rotation":[-25,-15,0]},"eyelid_left":{"position":[0.65,0,-0.75]},"eyelid_right":{"position":[-0.65,0,-0.75]},"right_arm_od":{"scale":0},"tail_od":{"scale":0}}},"animation.black_kyurem.walk_test":{"loop":true,"bones":{"body":{"position":[0,0,"-q.anim_time*90*0.095"]}}}}}