{"format_version":"1.8.0","animations":{"animation.bombirdier.ground_idle":{"loop":true,"animation_length":4,"bones":{"body":{"rotation":[-90,0,0],"position":[0,11,3]},"tail":{"rotation":[20,0,0]},"leg_right":{"rotation":[2.5,0,0]},"leg_right2":{"rotation":[12.5,0,0]},"leg_right3":{"rotation":[-22.5,0,0]},"leg_left":{"rotation":[2.5,0,0]},"leg_left2":{"rotation":[12.5,0,0]},"leg_left3":{"rotation":[-22.5,0,0]},"wing_right":{"rotation":[72.5,"60-math.cos(q.anim_time*90)*5","-10-math.cos(q.anim_time*90-70)*6"],"position":[-1,-1,-2]},"torso_flap":{"rotation":[2.5,0,0]},"torso_flap2":{"rotation":[42.5,0,0]},"torso_flap3":{"rotation":[37.5,0,0]},"torso_flap4":{"rotation":[2.5,0,0]},"torso_flap5":{"rotation":[12.5,0,0]},"torso_flap6":{"rotation":[-10,0,0]},"torso_flap7":{"rotation":[-65,0,0]},"neck":{"rotation":["-10+math.cos(q.anim_time*90+80)*3",0,0],"position":[0,-1,0]},"neck2":{"rotation":["5+math.cos(q.anim_time*90+180)*3",0,0]},"neck3":{"rotation":["22.5+math.cos(q.anim_time*90+220)*3",0,0]},"head":{"rotation":["82.5+math.cos(q.anim_time*90+310)*5",0,0],"position":[0,1.5,0]},"torso":{"rotation":["-20+math.cos(q.anim_time*90)*2",0,0]},"torso_front":{"rotation":[22.5,0,0]},"wing_right2":{"rotation":[0,"30-math.cos(q.anim_time*90-160)*4",0]},"wing_right3":{"rotation":[0,"10-math.cos(q.anim_time*90-210)*7",0]},"wing_left":{"rotation":[72.5,"-60+math.cos(q.anim_time*90)*5","10+math.cos(q.anim_time*90-70)*6"],"position":[1,-1,-2]},"wing_left2":{"rotation":[0,"-30+math.cos(q.anim_time*90-160)*4",0]},"rotation_wing_left":{"rotation":[0,10,0]},"wing_left3":{"rotation":[0,"-10+math.cos(q.anim_time*90-210)*7",0]},"undefined":{"rotation":[0,-45,0]}}},"animation.bombirdier.ground_walk":{"loop":true,"animation_length":1,"bones":{"body":{"rotation":[-90,0,0],"position":[0,11,3]},"tail":{"rotation":[20,0,0]},"leg_right":{"rotation":{"0.0":{"post":[2.5,0,0],"lerp_mode":"catmullrom"},"0.25":[-20,0,0],"0.5":[2.5,0,0],"0.75":[25,0,0],"1.0":{"pre":[2.5,0,0],"post":[2.5,0,0],"lerp_mode":"catmullrom"}},"position":{"0.0":{"post":[0,0,-2],"lerp_mode":"catmullrom"},"0.25":[0,-1,1.25],"0.5":[0,0,0],"0.75":[0,1,0],"1.0":{"pre":[0,0,-2],"post":[0,0,-2],"lerp_mode":"catmullrom"}}},"leg_right2":{"rotation":{"0.0":{"post":[12.86,0,0],"lerp_mode":"catmullrom"},"0.1667":[0,0,0],"0.5":[12.5,0,0],"0.75":[0,0,0],"0.875":{"pre":[22.5,0,0],"post":[22.5,0,0],"lerp_mode":"catmullrom"},"1.0":{"post":[12.86,0,0],"lerp_mode":"catmullrom"}}},"leg_right3":{"rotation":{"0.0":{"post":[-51.25,0,0],"lerp_mode":"catmullrom"},"0.0417":{"post":[-45,0,0],"lerp_mode":"catmullrom"},"0.1667":[-10,0,0],"0.5":[-22.5,0,0],"0.75":[-12.5,0,0],"0.875":{"pre":[-70,0,0],"post":[-70,0,0],"lerp_mode":"catmullrom"},"1.0":{"post":[-51.25,0,0],"lerp_mode":"catmullrom"}}},"leg_left":{"rotation":{"0.0":[2.5,0,0],"0.25":[25,0,0],"0.5":{"pre":[2.5,0,0],"post":[2.5,0,0],"lerp_mode":"catmullrom"},"0.75":[-20,0,0],"1.0":[2.5,0,0]},"position":{"0.0":[0,0,0],"0.25":[0,1,0],"0.5":{"pre":[0,0,-2],"post":[0,0,-2],"lerp_mode":"catmullrom"},"0.75":[0,-1,1.25],"1.0":[0,0,0]}},"leg_left2":{"rotation":{"0.0":[12.5,0,0],"0.25":[0,0,0],"0.375":{"pre":[22.5,0,0],"post":[22.5,0,0],"lerp_mode":"catmullrom"},"0.5":{"post":[12.86,0,0],"lerp_mode":"catmullrom"},"0.6667":[0,0,0],"1.0":[12.5,0,0]}},"leg_left3":{"rotation":{"0.0":[-22.5,0,0],"0.25":[-12.5,0,0],"0.375":{"pre":[-70,0,0],"post":[-70,0,0],"lerp_mode":"catmullrom"},"0.5":{"post":[-51.25,0,0],"lerp_mode":"catmullrom"},"0.5417":{"post":[-45,0,0],"lerp_mode":"catmullrom"},"0.6667":[-10,0,0],"1.0":[-22.5,0,0]}},"wing_right":{"rotation":[72.5,"60-math.cos(q.anim_time*90*4*2)*5","-10-math.cos(q.anim_time*90*4*2-70)*6"],"position":[-1,-1,-2]},"torso_flap":{"rotation":[2.5,0,0]},"torso_flap2":{"rotation":[42.5,0,0]},"torso_flap3":{"rotation":[37.5,0,0]},"torso_flap4":{"rotation":[2.5,0,0]},"torso_flap5":{"rotation":[12.5,0,0]},"torso_flap6":{"rotation":[-10,0,0]},"torso_flap7":{"rotation":[-65,0,0]},"neck":{"rotation":["17.5-math.cos(q.anim_time*90*4*2+80)*3",0,0],"position":[0,-1,0]},"neck2":{"rotation":["5-math.cos(q.anim_time*90*4*2+180)*6",0,0]},"neck3":{"rotation":["22.5-math.cos(q.anim_time*90*4*2+220)*7",0,0]},"head":{"rotation":["52.5-math.cos(q.anim_time*90*4*2+360)*8",0,0],"position":[0,1.5,0]},"torso":{"rotation":["-20-math.cos(q.anim_time*90*4*2-60)*2",0,0]},"torso_front":{"rotation":[22.5,0,0]},"wing_right2":{"rotation":[0,"30-math.cos(q.anim_time*90*4*2-160)*4",0]},"wing_right3":{"rotation":[0,"10-math.cos(q.anim_time*90*4*2-210)*7",0]},"wing_left":{"rotation":[72.5,"-60+math.cos(q.anim_time*90*4*2)*5","10+math.cos(q.anim_time*90*4*2-70)*6"],"position":[1,-1,-2]},"wing_left2":{"rotation":[0,"-30+math.cos(q.anim_time*90*4*2-160)*4",0]},"rotation_wing_left":{"rotation":[0,10,0]},"wing_left3":{"rotation":[0,"-10+math.cos(q.anim_time*90*4*2-210)*7",0]},"undefined":{"rotation":[0,-45,0]},"leg_right4":{"rotation":{"0.0":{"post":[41.07,0,0],"lerp_mode":"catmullrom"},"0.125":{"post":[17.5,0,0],"lerp_mode":"catmullrom"},"0.25":[25,0,0],"0.5":[0,0,0],"0.75":[-7.5,0,0],"0.8333":{"pre":[72.5,0,0],"post":[72.5,0,0],"lerp_mode":"catmullrom"},"1.0":{"post":[41.07,0,0],"lerp_mode":"catmullrom"}}},"leg_left4":{"rotation":{"0.0":[0,0,0],"0.25":[-7.5,0,0],"0.3333":{"pre":[72.5,0,0],"post":[72.5,0,0],"lerp_mode":"catmullrom"},"0.5":{"post":[41.07,0,0],"lerp_mode":"catmullrom"},"0.625":{"post":[17.5,0,0],"lerp_mode":"catmullrom"},"0.75":[25,0,0],"1.0":[0,0,0]}}}},"animation.bombirdier.air_idle":{"loop":true,"animation_length":2,"bones":{"head":{"rotation":[5,0,0]},"torso_flap":{"rotation":[10,0,0]},"torso_flap2":{"rotation":[-35,0,0]},"torso_flap3":{"rotation":[-35,0,0]},"torso_flap4":{"rotation":[-25,0,0]},"torso_flap5":{"rotation":[-27.5,0,0]},"torso_flap6":{"rotation":[-20,0,0]},"torso_flap7":{"rotation":[-25,0,0]},"leg_right":{"rotation":[5,0,0]},"leg_right2":{"rotation":[15,0,0]},"leg_right3":{"rotation":[-37.5,0,0]},"leg_right4":{"rotation":[27.5,0,0]},"leg_left":{"rotation":[5,0,0]},"leg_left2":{"rotation":[15,0,0]},"leg_left3":{"rotation":[-37.5,0,0]},"leg_left4":{"rotation":[27.5,0,0]},"body":{"rotation":["-5-math.cos(q.anim_time*90*2-150)*2",0,0],"position":[0,"math.cos(q.anim_time*90*2-80)*2",0]},"neck2":{"rotation":[2.5,0,0]},"wing_right":{"rotation":[5,-20,"-math.cos(q.anim_time*90*2)*20"]},"wing_right2":{"rotation":[0,0,"-10-math.cos(q.anim_time*90*2-80)*17"]},"wing_right3":{"rotation":[0,0,"-math.cos(q.anim_time*90*2-110)*20"]},"tail":{"rotation":["-2.5+10-math.cos(q.anim_time*90*2+20)*10",0,0]},"wing_left":{"rotation":[5,20,"math.cos(q.anim_time*90*2)*20"]},"wing_left2":{"rotation":[0,0,"10+math.cos(q.anim_time*90*2-80)*17"]},"wing_left3":{"rotation":[0,0,"math.cos(q.anim_time*90*2-110)*20"]}}},"animation.bombirdier.air_fly":{"loop":true,"animation_length":4,"bones":{"head":{"rotation":[5,0,0]},"torso_flap":{"rotation":[10,0,0]},"torso_flap2":{"rotation":[-35,0,0]},"torso_flap3":{"rotation":[-35,0,0]},"torso_flap4":{"rotation":[-25,0,0]},"torso_flap5":{"rotation":[-27.5,0,0]},"torso_flap6":{"rotation":[-20,0,0]},"torso_flap7":{"rotation":[-25,0,0]},"leg_right":{"rotation":[5,0,0]},"leg_right2":{"rotation":[15,0,0]},"leg_right3":{"rotation":[-37.5,0,0]},"leg_right4":{"rotation":[27.5,0,0]},"leg_left":{"rotation":[5,0,0]},"leg_left2":{"rotation":[15,0,0]},"leg_left3":{"rotation":[-37.5,0,0]},"leg_left4":{"rotation":[27.5,0,0]},"body":{"rotation":["2-math.cos(q.anim_time*90*3-150)*2",0,0],"position":[0,"math.cos(q.anim_time*90*3-80)*2",0]},"neck2":{"rotation":[2.5,0,0]},"wing_right":{"rotation":["5+math.cos(q.anim_time*90*3-40)*30",-20,"-math.cos(q.anim_time*90*3)*30"]},"wing_right2":{"rotation":[0,0,"-10-math.cos(q.anim_time*90*3-80)*17"]},"wing_right3":{"rotation":[0,0,"-math.cos(q.anim_time*90*3-110)*20"]},"tail":{"rotation":["-2.5+15-math.cos(q.anim_time*90*3+20)*15",0,0]},"wing_left":{"rotation":["5+math.cos(q.anim_time*90*3-40)*30",20,"math.cos(q.anim_time*90*3)*30"]},"wing_left2":{"rotation":[0,0,"10+math.cos(q.anim_time*90*3-80)*20"]},"wing_left3":{"rotation":[0,0,"math.cos(q.anim_time*90*3-110)*25"]}}},"animation.bombirdier.battle_ground":{"loop":true,"animation_length":4,"bones":{"body":{"rotation":[-90,0,0],"position":[0,11,3]},"tail":{"rotation":[20,0,0]},"leg_right":{"rotation":[2.5,0,0]},"leg_right2":{"rotation":[12.5,0,0]},"leg_right3":{"rotation":[-22.5,0,0]},"leg_left":{"rotation":[2.5,0,0]},"leg_left2":{"rotation":[12.5,0,0]},"leg_left3":{"rotation":[-22.5,0,0]},"wing_right":{"rotation":[72.5,"60-math.cos(q.anim_time*90)*5","-10-math.cos(q.anim_time*90-70)*6"],"position":[-1,-1,-2]},"torso_flap":{"rotation":[2.5,0,0]},"torso_flap2":{"rotation":[42.5,0,0]},"torso_flap3":{"rotation":[37.5,0,0]},"torso_flap4":{"rotation":[2.5,0,0]},"torso_flap5":{"rotation":[12.5,0,0]},"torso_flap6":{"rotation":[-10,0,0]},"torso_flap7":{"rotation":[-65,0,0]},"neck":{"rotation":["-10+math.cos(q.anim_time*90+80)*3",0,0],"position":[0,-1,0]},"neck2":{"rotation":["5+math.cos(q.anim_time*90+180)*3",0,0]},"neck3":{"rotation":["22.5+math.cos(q.anim_time*90+220)*3",0,0]},"head":{"rotation":["82.5+math.cos(q.anim_time*90+310)*5",0,0],"position":[0,1.5,0]},"torso":{"rotation":["-20+math.cos(q.anim_time*90)*2",0,0]},"torso_front":{"rotation":[22.5,0,0]},"wing_right2":{"rotation":[0,"30-math.cos(q.anim_time*90-160)*4",0]},"wing_right3":{"rotation":[0,"10-math.cos(q.anim_time*90-210)*7",0]},"wing_left":{"rotation":[0,-20,22.5],"position":[1,-1,-2]},"wing_left2":{"rotation":[0,"-30+math.cos(q.anim_time*90-160)*4",0]},"rotation_wing_left":{"rotation":[0,45,0]},"wing_left3":{"rotation":[0,"-10+math.cos(q.anim_time*90-210)*7",0]},"undefined":{"rotation":[0,-45,0]},"rotation_wing_left2":{"rotation":[0,45,0]}}}}}