{"format_version":"1.8.0","animations":{"animation.braviary.ground_idle":{"loop":true,"animation_length":2,"bones":{"torso":{"rotation":["-25+math.cos(q.anim_time*90*2+90)/2",0,0],"position":[0,"-1/4+math.cos(q.anim_time*90*2)/4",0]},"wing_right":{"rotation":[0,35,"-90+2+math.sin(q.anim_time*90*2)*2"]},"wing_right2":{"rotation":[0,90,0]},"wing_right3":{"rotation":[0,20,0]},"wing_left":{"rotation":[0,-35,"90-2-math.sin(q.anim_time*90*2)*2"]},"wing_left2":{"rotation":[0,-90,0]},"wing_left3":{"rotation":[0,-20,0]},"neck":{"rotation":["25/3",0,0]},"neck2":{"rotation":["25/3",0,0]},"head":{"rotation":["25/3",0,0]},"leg_left":{"rotation":[0,0,0]}}},"animation.braviary.ground_walk":{"loop":true,"animation_length":2,"bones":{"torso":{"rotation":["-25+math.cos(q.anim_time*90*4+90)*1.25","math.cos(q.anim_time*90*2)*3","-math.cos(q.anim_time*90*2)*3"],"position":[0,"-1/4+math.cos(q.anim_time*90*4)/2",0]},"wing_right":{"rotation":[0,35,"-75+2+math.sin(q.anim_time*90*2)*2"]},"wing_right2":{"rotation":[0,90,0]},"wing_right3":{"rotation":[0,20,0]},"wing_left":{"rotation":[0,-35,"75-2-math.sin(q.anim_time*90*2)*2"]},"wing_left2":{"rotation":[0,-90,0]},"wing_left3":{"rotation":[0,-20,0]},"neck":{"rotation":["25/3-math.cos(q.anim_time*90*4+90)*1.25/3","-math.cos(q.anim_time*90*2)*3/3","math.cos(q.anim_time*90*2)*3/3"]},"neck2":{"rotation":["25/3-math.cos(q.anim_time*90*4+90)*1.25/3","-math.cos(q.anim_time*90*2)*3/3","math.cos(q.anim_time*90*2)*3/3"]},"head":{"rotation":["25/3-math.cos(q.anim_time*90*4+90)*1.25/3","-math.cos(q.anim_time*90*2)*3/3","math.cos(q.anim_time*90*2)*3/3"]},"leg_left":{"rotation":{"0.0":[-20,0,-15],"0.125":[-27,0,-11.25],"0.25":[-30,0,-7.5],"0.375":[-20,0,-3.75],"0.5":[0,0,0],"1.0":[10,0,0],"1.5":[20,0,0],"1.625":[17.5,0,-3.75],"1.75":[10,0,-7.5],"1.875":[0,0,-11.25],"2.0":[-20,0,-15]},"position":{"0.0":[0,2,-1.5],"0.125":[0,1.85,-1.87],"0.25":[0,1.5,-2.25],"0.375":[0,1,-2.62],"0.5":[0,0,-3],"1.0":[0,-0.25,0],"1.5":[0,-0.75,3],"1.625":[0,1,1.88],"1.75":[0,1.5,0.75],"1.875":[0,1.85,-0.37],"2.0":[0,2,-1.5]}},"leg_right":{"rotation":{"0.0":[10,0,0],"0.5":[20,0,0],"0.625":[17.5,0,3.75],"0.75":[10,0,7.5],"0.875":[0,0,11.25],"1.0":[-20,0,15],"1.125":[-27,0,11.25],"1.25":[-30,0,7.5],"1.375":[-20,0,3.75],"1.5":[0,0,0],"2.0":[10,0,0]},"position":{"0.0":[0,-0.25,0],"0.5":[0,-0.75,3],"0.625":[0,1,1.88],"0.75":[0,1.5,0.75],"0.875":[0,1.85,-0.37],"1.0":[0,2,-1.5],"1.125":[0,1.85,-1.87],"1.25":[0,1.5,-2.25],"1.375":[0,1,-2.62],"1.5":[0,0,-3],"2.0":[0,-0.25,0]}},"leg_right2":{"rotation":{"0.0":[-5,0,0],"0.5":["-20/2",0,0],"1.0":[-20,0,0],"1.5":[0,0,0],"2.0":[-5,0,0]}},"feet_right":{"rotation":{"0.0":[-5,0,0],"0.5":["-20/2",0,0],"1.0":[50,0,0],"1.125":[27.5,0,0],"1.25":[-10,0,0],"1.375":[-7,0,0],"1.5":[0,0,0],"2.0":[-5,0,0]}},"leg_left2":{"rotation":{"0.0":[-20,0,0],"0.5":[0,0,0],"1.0":[-5,0,0],"1.5":["-20/2",0,0],"2.0":[-20,0,0]}},"feet_left":{"rotation":{"0.0":[50,0,0],"0.125":[27.5,0,0],"0.25":[-10,0,0],"0.375":[-7,0,0],"0.5":[0,0,0],"1.0":[-5,0,0],"1.5":["-20/2",0,0],"2.0":[50,0,0]}},"hair":{"rotation":["math.sin(q.anim_time*90*4-45)*2","-math.sin(q.anim_time*90*2)*4",0]}}},"animation.braviary.walkspeed":{"animation_length":10,"bones":{"braviary":{"position":[0,0,"0-q.anim_time*90*0.1"]}}},"animation.braviary.air_idle":{"loop":true,"animation_length":1,"bones":{"body":{"position":[0,"math.sin(q.anim_time*90*4)*1.25",0]},"torso":{"rotation":["-30-math.cos(q.anim_time*90*4)*2",0,0]},"wing_right":{"rotation":[0,0,"math.sin(q.anim_time*90*4-45)*30-math.clamp(math.cos(q.anim_time*90*4)*30,0,30)"]},"wing_right2":{"rotation":[0,0,"math.sin(q.anim_time*90*4-45-45)*30-math.clamp(math.cos(q.anim_time*90*4-45)*30,0,30)"]},"wing_right3":{"rotation":[0,0,"math.sin(q.anim_time*90*4-45-90)*30-math.clamp(math.cos(q.anim_time*90*4-90)*30,0,30)"]},"wing_left":{"rotation":[0,0,"-math.sin(q.anim_time*90*4-45)*30+math.clamp(math.cos(q.anim_time*90*4)*30,0,30)"]},"wing_left2":{"rotation":[0,0,"-math.sin(q.anim_time*90*4-45-45)*30+math.clamp(math.cos(q.anim_time*90*4-45)*30,0,30)"]},"wing_left3":{"rotation":[0,0,"-math.sin(q.anim_time*90*4-45-90)*30+math.clamp(math.cos(q.anim_time*90*4-90)*30,0,30)"]},"neck":{"rotation":["30/3",0,0]},"neck2":{"rotation":["30/3",0,0]},"head":{"rotation":["30/3",0,0]},"tail_right":{"rotation":["-math.cos(q.anim_time*90*4)*30",0,0]},"tail_left":{"rotation":["-math.cos(q.anim_time*90*4)*30",0,0]},"leg_right":{"rotation":["15+math.cos(q.anim_time*90*4)*7",10,0]},"leg_right2":{"rotation":["-30+math.cos(q.anim_time*90*4-67.5)*7",0,0]},"toe_right_front":{"rotation":[45,0,0]},"toe_outer_right":{"rotation":[45,0,0]},"toe_inner_right":{"rotation":[45,0,0]},"toe_right_back":{"rotation":[-45,0,0]},"leg_left":{"rotation":["30+math.cos(q.anim_time*90*4-67.5)*7",-10,0]},"leg_left2":{"rotation":["-55+math.cos(q.anim_time*90*4-67.5-67.5)*7",0,0]},"toe_left_front":{"rotation":[45,0,0]},"toe_outer_left":{"rotation":[45,0,0]},"toe_inner_left":{"rotation":[45,0,0]},"toe_left_back":{"rotation":[-45,0,0]}}},"animation.braviary.air_fly":{"loop":true,"animation_length":4,"bones":{"torso":{"rotation":[0,0,"math.sin(q.anim_time*90)*2"]},"wing_right":{"rotation":[0,0,"math.cos(q.anim_time*90)*3"]},"wing_right2":{"rotation":[0,0,"-3+math.cos(q.anim_time*90-45)*3"]},"wing_right3":{"rotation":[0,0,"-3+math.cos(q.anim_time*90-90)*3"]},"wing_left":{"rotation":[0,0,"math.cos(q.anim_time*90)*3"]},"wing_left2":{"rotation":[0,0,"3+math.cos(q.anim_time*90-45)*3"]},"wing_left3":{"rotation":[0,0,"3+math.cos(q.anim_time*90-90)*3"]},"tail_right":{"rotation":[27.5,7.5,"math.cos(q.anim_time*90*32)*2"]},"tail_left":{"rotation":[27.5,-7.5,"math.cos(q.anim_time*90*32)*2"]},"leg_right":{"rotation":[0,10,"math.sin(q.anim_time*90-45)*2*2"]},"feet_right":{"rotation":[15,0,0]},"toe_right_front":{"rotation":[40,0,0]},"toe_outer_right":{"rotation":[40,0,0]},"toe_inner_right":{"rotation":[40,0,0]},"toe_right_back":{"rotation":[-40,0,0]},"leg_left":{"rotation":[30,-10,"math.sin(q.anim_time*90-67.5)*2*2"]},"leg_left2":{"rotation":[-102.5,0,0]},"feet_left":{"rotation":[102.5,0,0]},"toe_left_front":{"rotation":[40,0,0]},"toe_outer_left":{"rotation":[40,0,0]},"toe_inner_left":{"rotation":[40,0,0]},"toe_left_back":{"rotation":[-40,0,0]},"hair":{"rotation":["-math.cos(q.anim_time*90*16*2)*2","math.cos(q.anim_time*90*16)*3",0]}}}}}