{"format_version":"1.8.0","animations":{"animation.bruxish.blink":{"animation_length":0.125,"bones":{"closedeye":{"position":{"0.0":[0,0,0],"0.0417":[0.15,0,0],"0.125":[0,0,0]}},"closedeye2":{"position":{"0.0":[0,0,0],"0.0417":[-0.15,0,0],"0.125":[0,0,0]}}}},"animation.bruxish.battle_stem":{"loop":true,"bones":{"petals":{"position":[0,0.4,0]},"closedbit":{"scale":0},"bone5":{"rotation":[0,45,0]},"bone":{"rotation":[0,0,45]},"bone3":{"rotation":[0,0,-45]},"bone7":{"rotation":[0,-45,0]}}},"animation.bruxish.cry":{"animation_length":1.5,"sound_effects":{"0.0417":{"effect":"pokemon.bruxish.cry"}},"bones":{"neck":{"rotation":{"0.0":[0,0,0],"0.25":[10,0,0],"1.25":[10,0,0],"1.5":[0,0,0]}},"jaw":{"rotation":{"0.0":{"post":[0,0,0],"lerp_mode":"catmullrom"},"0.25":{"post":[25,0,0],"lerp_mode":"catmullrom"},"1.25":{"post":[25,0,0],"lerp_mode":"catmullrom"},"1.5":[0,0,0]}},"body":{"rotation":{"0.0":{"post":[0,0,0],"lerp_mode":"catmullrom"},"0.25":{"post":[-2.5,0,0],"lerp_mode":"catmullrom"},"1.25":{"post":[-2.5,0,0],"lerp_mode":"catmullrom"},"1.5":[0,0,0]}},"lips_upper":{"rotation":{"0.0":[0,0,0],"0.3333":[-7.5,0,0],"0.6667":[0,0,0],"1.0":[-7.5,0,0],"1.4167":[0,0,0]}},"lips_lower":{"rotation":{"0.0":[0,0,0],"0.3333":[17.5,0,0],"0.6667":[10,0,0],"1.0":[17.5,0,0],"1.4167":[0,0,0]}}}},"animation.bruxish.quirk":{"animation_length":0.91667,"bones":{"lips_upper":{"rotation":{"0.0":[0,0,0],"0.0833":[-12.5,0,0],"0.2083":[2.5,0,0],"0.3333":[-12.5,0,0],"0.4583":[2.5,0,0],"0.5833":[-12.5,0,0],"0.7083":[2.5,0,0],"0.8333":[-12.5,0,0],"0.9167":[0,0,0]}},"lips_lower":{"rotation":{"0.0":[0,0,0],"0.0833":[15,0,0],"0.2083":[2.5,0,0],"0.3333":[15,0,0],"0.4583":[2.5,0,0],"0.5833":[15,0,0],"0.7083":[2.5,0,0],"0.8333":[15,0,0],"0.9167":[0,0,0]}}}},"animation.bruxish.water_idle":{"loop":true,"bones":{"body":{"rotation":[0,"0+math.sin(q.anim_time*90*6)*1","0+math.cos(q.anim_time*90*6)*1"],"position":[0,"0+math.cos(q.anim_time*90*6)*0.1",0]},"jaw":{"rotation":["0+math.sin(q.anim_time*90*8)*2",0,0],"position":[0,-0.1,0]},"fin_left":{"rotation":[0,"7.5+math.cos(q.anim_time*90*6)*3",0]},"fin_right":{"rotation":[0,"-10-math.cos(q.anim_time*90*6)*3",0]},"tail":{"rotation":[0,"0+math.sin(q.anim_time*90*6-30)*2",0]},"tail2":{"rotation":[0,"0+math.sin(q.anim_time*90*6-60)*1",0]},"anteena":{"rotation":["-5-math.cos(q.anim_time*90*6)*3",0,0]}}},"animation.bruxish.water_swim":{"loop":true,"animation_length":5.25,"bones":{"body":{"rotation":[0,"0+math.sin(q.anim_time*90*10)*3","0+math.cos(q.anim_time*90*8)*1"],"position":[0,"0+math.cos(q.anim_time*90*10)*0.1","0+math.sin(q.anim_time*90*10)*0.3"]},"jaw":{"rotation":["0+math.sin(q.anim_time*90*8)*2",0,0],"position":[0,-0.1,0]},"fin_left":{"rotation":[0,"7.5+math.cos(q.anim_time*90*10)*8",0]},"fin_right":{"rotation":[0,"-7.6-math.cos(q.anim_time*90*10)*8",0]},"tail":{"rotation":[0,"0+math.sin(q.anim_time*90*10-30)*3",0]},"tail2":{"rotation":[0,"0+math.sin(q.anim_time*90*10-60)*4",0]},"torso":{"rotation":["0+math.cos(q.anim_time*90*8)*1","0+math.cos(q.anim_time*90*6)*3","0+math.cos(q.anim_time*90*8)*3"]},"anteena":{"rotation":["-5-math.cos(q.anim_time*90*6)*3",0,0]}}},"animation.bruxish.water_sleep":{"loop":true,"bones":{"body":{"rotation":[5,"0+math.sin(q.anim_time*90*4)*1","0+math.cos(q.anim_time*90*4)*1"],"position":[0,"0+math.cos(q.anim_time*90*4)*0.1",0]},"jaw":{"rotation":["0+math.sin(q.anim_time*90*4)*2",0,0],"position":[0,-0.1,0]},"fin_left":{"rotation":[0,"7.5+math.cos(q.anim_time*90*4)*5",0]},"fin_right":{"rotation":[0,"-7.5-math.cos(q.anim_time*90*4)*5",0]},"tail":{"rotation":[-5,"0+math.sin(q.anim_time*90*4-30)*2",0]},"tail2":{"rotation":[-5,"0+math.sin(q.anim_time*90*4-60)*1",0]},"head":{"rotation":[5,0,0]},"eyelid_left":{"position":[0.1,0,0]},"eyelid_right":{"position":[-0.1,0,0]},"anteena":{"rotation":["-5-math.cos(q.anim_time*90*6)*3",0,0]},"closedeye":{"position":[0.1,0,0]},"closedeye2":{"position":[-0.11,0,0]}}},"animation.bruxish.ground_idle":{"loop":true,"bones":{"body":{"rotation":[0,"0-math.cos(q.anim_time*90*8)*10",-90],"position":[0,"-6+math.clamp(math.sin(q.anim_time*90*8)*3,0,3)-math.clamp(math.sin(q.anim_time*90*8+180)*1,0,1)",0]},"torso":{"rotation":[0,0,"0+math.cos(q.anim_time*90*8)*5"]},"head":{"rotation":[0,"0-math.cos(q.anim_time*90*8-30)*5",0]},"fin_left":{"rotation":[0,"7.5+math.sin(q.anim_time*90*8+30)*20",0]},"fin_right":{"rotation":[0,"-7.5+math.sin(q.anim_time*90*8+30)*20",0]},"tail":{"rotation":[0,"0+math.sin(q.anim_time*90*8-30)*15",0]},"tail2":{"rotation":[0,"0+math.sin(q.anim_time*90*8-60)*15",0]},"anteena":{"rotation":["-5-math.cos(q.anim_time*90*6)*3",0,0]}}},"animation.bruxish.ground_walk":{"loop":true,"bones":{"body":{"rotation":[0,"0-math.cos(q.anim_time*90*9)*10",-90],"position":[0,"-7+math.clamp(math.sin(q.anim_time*90*9)*4,0,4)-math.clamp(math.sin(q.anim_time*90*9+180)*1,0,1)","0+math.cos(q.anim_time*90*8)*0.5"]},"torso":{"rotation":["0+math.cos(q.anim_time*90*9)*2",0,"0+math.cos(q.anim_time*90*9)*6"]},"head":{"rotation":[0,"0-math.sin(q.anim_time*90*9)*10",0]},"fin_left":{"rotation":[0,"7.5+math.sin(q.anim_time*90*9+40)*25",0]},"fin_right":{"rotation":[0,"-7.5+math.sin(q.anim_time*90*9+30)*20",0]},"tail":{"rotation":[0,"0+math.sin(q.anim_time*90*9-30)*15",0]},"tail2":{"rotation":[0,"0+math.sin(q.anim_time*90*9-60)*15",0]}}}}}