{"format_version":"1.8.0","animations":{"animation.calyrex.pose":{"loop":"hold_on_last_frame","bones":{"upper_body":{"rotation":[-5,0,0]},"arm_right":{"rotation":[-0.32902,7.49282,-82.52154]},"head":{"rotation":[-10.1325,-7.24536,1.50241]},"arm_left":{"rotation":[0,-7.5,80]},"leg_left":{"rotation":[-2.38931,-7.52374,1.22478]},"leg_left2":{"rotation":[7.9031,0,0]},"leg_left3":{"rotation":[-2.5,0,0]},"cape_left":{"rotation":[18.81138,10.7081,-5.2503]},"cape_right":{"rotation":[16.57657,2.30745,-33.67504]},"leg_right":{"rotation":[-2.28386,4.78457,-0.89015]},"leg_right2":{"rotation":[12.5,0,0]},"leg_right3":{"rotation":[-7.5,0,0]}}},"animation.calyrex.ground_idle":{"loop":true,"bones":{"body":{"position":[0,"4+math.sin(query.anim_time *50*2+60)*1",0]},"leg_left":{"rotation":[2,0,"1.5+math.sin(query.anim_time *50*2+130)*0.3"]},"leg_right":{"rotation":[0,0,"-1.5-math.sin(query.anim_time *50*2+130)*0.3"]},"arm_right":{"rotation":[0,0,"-82.5-math.sin(query.anim_time *50*2+110)*3"]},"head":{"rotation":["math.sin(query.anim_time *50*2+140)*1",0,0]},"arm_left":{"rotation":[0,0,"82.5+math.sin(query.anim_time *50*2+110)*3"]},"cape_left":{"rotation":[0,0,"7.5+math.sin(query.anim_time *50*2+140)*4"]},"cape_right":{"rotation":[0,0,"-7.5-math.sin(query.anim_time *50*2+130)*4"]}}},"animation.calyrex.ground_walk":{"loop":true,"bones":{"body":{"rotation":["5+math.sin(query.anim_time *70*2+130)*1.5",0,0],"position":[0,"4+math.sin(query.anim_time *70*2+60)*1",0]},"leg_left":{"rotation":["2.5+math.sin(query.anim_time *70*2+110)*1.5",0,"1.5+math.sin(query.anim_time *70*2+130)*0.3"]},"leg_right":{"rotation":["2.5+math.sin(query.anim_time *70*2+50)*1.5",0,"-1.5-math.sin(query.anim_time *70*2+130)*0.3"]},"arm_right":{"rotation":[0,"math.sin(query.anim_time *70*2+120)*3","-82.5-math.sin(query.anim_time *70*2+110)*3"]},"head":{"rotation":["-2.5+math.sin(query.anim_time *70*2+140)*1",0,0]},"arm_left":{"rotation":[0,"-math.sin(query.anim_time *70*2+120)*3","82.5+math.sin(query.anim_time *70*2+110)*3"]},"cape_left":{"rotation":["8+math.sin(query.anim_time *70*2+90)*5",0,"7.5+math.sin(query.anim_time *70*2+140)*4"]},"cape_right":{"rotation":["8+math.sin(query.anim_time *70*2+90)*5",0,"-7.5-math.sin(query.anim_time *70*2+130)*4"]}}},"animation.calyrex.blink":{"loop":"hold_on_last_frame","animation_length":0.16667,"bones":{"eye_right":{"position":{"0.0":[1,0,0],"0.125":[1,0,0],"0.1667":[0,0,0]}},"eye_left":{"position":{"0.0":[-1,0,0],"0.125":[-1,0,0],"0.1667":[0,0,0]}}}}}}