{"format_version":"1.8.0","animations":{"animation.camerupt_mega.ground_idle":{"loop":true,"animation_length":2,"bones":{"torso":{"position":[0,"0.35 * math.sin(q.anim_time * 6 * 30)",0]},"tail":{"rotation":["-22.5 + 3 * math.sin(q.anim_time * 6 * 30 - 45)",0,0]},"neck":{"rotation":["- 1 * math.sin(q.anim_time * 6 * 30 - 60)",0,0]},"head":{"rotation":["-2 * math.sin(q.anim_time * 6 * 30 - 90)",0,0]},"jaw_bottom":{"rotation":["3 + 3 * math.sin(q.anim_time * 6 * 30 + 15)",0,0]},"tail2":{"rotation":["5 - 4 * math.sin(q.anim_time * 6 * 30 + 60)",0,0]},"feather_extreme_right_top":{"rotation":["- 2 * math.sin(q.anim_time * 6 * 30 - 150)","- 2 * math.sin(q.anim_time * 6 * 30 - 150)",0]},"feather_extreme_right":{"rotation":[0,"- 2 - 2 * math.sin(q.anim_time * 6 * 30 - 120)",0]},"feather_right":{"rotation":["- 2 - 2 * math.sin(q.anim_time * 6 * 30 - 120)",0,0]},"feather_middle":{"rotation":["- 4 * math.sin(q.anim_time * 6 * 30 - 120)",0,0]},"feather_left":{"rotation":["- 2 - 2 * math.sin(q.anim_time * 6 * 30 - 120)",0,0]},"feather_extreme_left":{"rotation":[0,"- 2 - 2 * math.sin(q.anim_time * 6 * 30 - 120)",0]},"feather_extreme_left_top":{"rotation":[" 2 * math.sin(q.anim_time * 6 * 30 - 150)","- 2 * math.sin(q.anim_time * 6 * 30 - 150)",0]},"feather_left_top":{"rotation":["- 2 * math.sin(q.anim_time * 6 * 30 - 150)",0,0]},"feather_middle_top":{"rotation":["- 4 - 4 * math.sin(q.anim_time * 6 * 30 - 150)",0,0]},"feather_right_top":{"rotation":["- 2 * math.sin(q.anim_time * 6 * 30 - 150)",0,0]}}},"animation.camerupt_mega.ground_walk":{"loop":true,"animation_length":1.5,"bones":{"front_left_leg":{"rotation":{"0.0":[0,0,0],"0.1667":{"pre":[7.5,0,0],"post":[7.5,0,0],"lerp_mode":"catmullrom"},"0.3333":{"post":[22.5,0,0],"lerp_mode":"catmullrom"},"1.125":{"post":[-22.5,0,0],"lerp_mode":"catmullrom"},"1.2917":{"post":[-7.5,0,0],"lerp_mode":"catmullrom"},"1.5":{"post":[0,0,0],"lerp_mode":"catmullrom"}}},"front_right_leg":{"rotation":{"0.0":[0,0,0],"0.375":{"pre":[-22.5,0,0],"post":[-22.5,0,0],"lerp_mode":"catmullrom"},"0.5417":{"post":[-7.5,0,0],"lerp_mode":"catmullrom"},"0.75":{"post":[0,0,0],"lerp_mode":"catmullrom"},"0.9583":{"post":[7.5,0,0],"lerp_mode":"catmullrom"},"1.125":{"post":[22.5,0,0],"lerp_mode":"catmullrom"},"1.5":{"post":[0,0,0],"lerp_mode":"catmullrom"}}},"back_left_leg":{"rotation":{"0.0":[22.5,0,0],"0.75":{"pre":[-22.5,0,0],"post":[-22.5,0,0],"lerp_mode":"catmullrom"},"0.9167":{"post":[-7.5,0,0],"lerp_mode":"catmullrom"},"1.125":{"post":[0,0,0],"lerp_mode":"catmullrom"},"1.3333":{"post":[7.5,0,0],"lerp_mode":"catmullrom"},"1.5":{"post":[22.5,0,0],"lerp_mode":"catmullrom"}}},"back_right_leg":{"rotation":{"0.0":[-22.5,0,0],"0.1667":{"pre":[-7.5,0,0],"post":[-7.5,0,0],"lerp_mode":"catmullrom"},"0.375":{"post":[0,0,0],"lerp_mode":"catmullrom"},"0.5833":{"post":[7.5,0,0],"lerp_mode":"catmullrom"},"0.75":{"post":[22.5,0,0],"lerp_mode":"catmullrom"},"1.5":{"post":[-22.5,0,0],"lerp_mode":"catmullrom"}},"position":{"0.0":[0,1.2,0],"0.1667":{"pre":[0,0.6,0],"post":[0,0.6,0],"lerp_mode":"catmullrom"},"0.375":{"post":[0,0,0],"lerp_mode":"catmullrom"},"0.5833":{"post":[0,0.6,0],"lerp_mode":"catmullrom"},"0.75":{"post":[0,1.2,0],"lerp_mode":"catmullrom"},"1.125":{"post":[0,1.9,0],"lerp_mode":"catmullrom"},"1.5":{"post":[0,1.2,0],"lerp_mode":"catmullrom"}}},"torso":{"rotation":[0,0,"- 0.75 * math.sin(q.anim_time * 6 * 40)"]},"neck":{"rotation":["2 * (- 1 * math.sin(q.anim_time * 6 * 40 + 45) + 1)",0,0]},"head":{"rotation":["2 * (- 1 * math.sin(q.anim_time * 6 * 40 + 90) + 1)",0,0]},"jaw_bottom":{"rotation":["2.5 * (- 1 * math.sin(q.anim_time * 6 * 40 - 45) + 1)",0,0]},"feather_extreme_left":{"rotation":["2 * (- 1 * math.sin(q.anim_time * 6 * 40 - 45) + 1)",0,0]},"feather_extreme_left_top":{"rotation":["2 * (- 1 * math.sin(q.anim_time * 6 * 40 - 45) + 1)",0,0]},"feather_left":{"rotation":["2 * (- 1 * math.sin(q.anim_time * 6 * 40 - 45) + 1)",0,0]},"feather_left_top":{"rotation":["2 * (- 1 * math.sin(q.anim_time * 6 * 40 - 45) + 1)",0,0]},"feather_middle":{"rotation":["2 * (- 1 * math.sin(q.anim_time * 6 * 40 - 45) + 1)",0,0]},"feather_middle_top":{"rotation":["2 * (- 1 * math.sin(q.anim_time * 6 * 40 - 45) + 1)",0,0]},"feather_right":{"rotation":["2 * (- 1 * math.sin(q.anim_time * 6 * 40 - 45) + 1)",0,0]},"feather_right_top":{"rotation":["2 * (- 1 * math.sin(q.anim_time * 6 * 40 - 45) + 1)",0,0]},"feather_extreme_right":{"rotation":["2 * (- 1 * math.sin(q.anim_time * 6 * 40 - 45) + 1)",0,0]},"feather_extreme_right_top":{"rotation":["2 * (- 1 * math.sin(q.anim_time * 6 * 40 - 45) + 1)",0,0]},"tail":{"rotation":["- 2.5 * math.sin(q.anim_time * 6 * 80 - 45) - 7.5","- 5 * math.sin(q.anim_time * 6 * 40 - 45)",0]},"tail2":{"rotation":["- 2.5 * math.sin(q.anim_time * 6 * 40 - 90) - 7.5","- 5 * math.sin(q.anim_time * 6 * 40 - 90)",0]}}}}}