{"format_version":"1.8.0","animations":{"animation.carkol.render":{"loop":true,"bones":{"Torso":{"rotation":[0,0,-10]},"Head":{"rotation":[-15.61343,22.33079,18.58246]},"Jaw":{"rotation":[22.5,0,0]},"LegFrontRight":{"rotation":[0,0,50],"position":[0,-1.25,0]},"LegFrontLeft":{"rotation":[0,0,0]},"LegBackRight":{"rotation":[0,0,65],"position":[0,-2.25,0]},"CoalPeak":{"rotation":[0,0,-5],"position":[0,0.75,0]},"CoalPeak2":{"rotation":[0,0,-7.5],"position":[0,1,0]},"CoalPeak3":{"rotation":[0,0,-20],"position":[-1,2,0]},"RockTop":{"rotation":[0,0,-35],"position":[-5,4,0]}}},"animation.carkol.blink":{"animation_length":0.20833,"bones":{"EyelidRight":{"position":{"0.0":[-0.25,0,0],"0.1667":[-0.25,0,0],"0.2083":[0,0,0]}},"EyelidLeft":{"position":{"0.0":[0.251,0,0],"0.1667":[0.251,0,0],"0.2083":[0,0,0]}}}},"animation.carkol.ground_idle":{"loop":true,"animation_length":4,"bones":{"Torso":{"rotation":["math.cos(q.anim_time*90*2+90)",0,"math.cos(q.anim_time*90+90)"],"position":[0,"math.cos(q.anim_time*90*2)/3",0]},"Head":{"rotation":["-2+math.cos(q.anim_time*90*2)*2",0,"math.cos(q.anim_time*90)"]}}},"animation.carkol.ground_walk":{"loop":true,"animation_length":1,"bones":{"Torso":{"rotation":["math.sin(q.anim_time*90*4*2+90)/2",0,"-math.cos(q.anim_time*90*4)*2"],"position":[0,"math.sin(q.anim_time*90*4*2)/4",0]},"CoalPeak":{"position":[0,0,"math.sin(q.anim_time*90*4)/4+math.cos(q.anim_time*90*4*2)/4"]},"RockTop":{"position":[0,0,"math.sin(q.anim_time*90*4-90-45)/4+math.cos(q.anim_time*90*4*2-90-45)/4"]},"LegFrontRight":{"rotation":{"0.125":{"pre":[0,0,0],"post":[0,0,0],"lerp_mode":"catmullrom"},"0.3333":{"post":[10,0,0],"lerp_mode":"catmullrom"},"0.5417":{"post":[-5,0,0],"lerp_mode":"catmullrom"},"0.625":{"post":[0,0,0],"lerp_mode":"catmullrom"}},"position":{"0.125":[0,0,"math.cos(q.anim_time*90*4-45-22.5)*2"],"0.25":[0,0.365,"math.cos(q.anim_time*90*4-45-22.5)*2"],"0.2917":[0,0.48,"math.cos(q.anim_time*90*4-45-22.5)*2"],"0.3333":[0,0.7,"math.cos(q.anim_time*90*4-45-22.5)*2"],"0.375":[0,0.89,"math.cos(q.anim_time*90*4-45-22.5)*2"],"0.4167":[0,1.1,"math.cos(q.anim_time*90*4-45-22.5)*2"],"0.4583":[0,1.405,"math.cos(q.anim_time*90*4-45-22.5)*2"],"0.5":[0,1.65,"math.cos(q.anim_time*90*4-45-22.5)*2"],"0.5417":[0,2,"math.cos(q.anim_time*90*4-45-22.5)*2"],"0.625":[0,0,"math.cos(q.anim_time*90*4-45-22.5)*2"],"0.6667":[0,0,"math.cos(q.anim_time*90*4-45-22.5)*2"],"0.7083":[0,-1,"math.cos(q.anim_time*90*4-45-22.5)*2"],"0.75":[0,0,"math.cos(q.anim_time*90*4-45-22.5)*2"],"0.7917":[0,-0.5,"math.cos(q.anim_time*90*4-45-22.5)*2"],"0.8333":[0,0,"math.cos(q.anim_time*90*4-45-22.5)*2"]}},"LegFrontLeft":{"rotation":{"0.0":{"post":[-2.56,0,0],"lerp_mode":"catmullrom"},"0.0417":{"post":[-5,0,0],"lerp_mode":"catmullrom"},"0.125":{"post":[0,0,0],"lerp_mode":"catmullrom"},"0.625":{"post":[0,0,0],"lerp_mode":"catmullrom"},"0.8333":{"post":[10,0,0],"lerp_mode":"catmullrom"},"1.0":{"post":[-2.56,0,0],"lerp_mode":"catmullrom"}},"position":{"0.0":[0,1.65,"-math.cos(q.anim_time*90*4-45-22.5)*2"],"0.0417":[0,2,"-math.cos(q.anim_time*90*4-45-22.5)*2"],"0.125":[0,0,"-math.cos(q.anim_time*90*4-45-22.5)*2"],"0.1667":[0,-1,"-math.cos(q.anim_time*90*4-45-22.5)*2"],"0.2083":[0,0,"-math.cos(q.anim_time*90*4-45-22.5)*2"],"0.25":[0,-0.5,"-math.cos(q.anim_time*90*4-45-22.5)*2"],"0.2917":[0,0,"-math.cos(q.anim_time*90*4-45-22.5)*2"],"0.625":[0,0,"-math.cos(q.anim_time*90*4-45-22.5)*2"],"0.75":[0,0.365,"-math.cos(q.anim_time*90*4-45-22.5)*2"],"0.7917":[0,0.48,"-math.cos(q.anim_time*90*4-45-22.5)*2"],"0.8333":[0,0.7,"-math.cos(q.anim_time*90*4-45-22.5)*2"],"0.875":[0,0.89,"-math.cos(q.anim_time*90*4-45-22.5)*2"],"0.9167":[0,1.1,"-math.cos(q.anim_time*90*4-45-22.5)*2"],"0.9583":[0,1.405,"-math.cos(q.anim_time*90*4-45-22.5)*2"],"1.0":[0,1.65,"-math.cos(q.anim_time*90*4-45-22.5)*2"]}},"LegBackLeft":{"rotation":{"0.0":{"post":[0,0,0],"lerp_mode":"catmullrom"},"0.2083":{"post":[10,0,0],"lerp_mode":"catmullrom"},"0.4167":{"post":[-5,0,0],"lerp_mode":"catmullrom"},"0.5":{"post":[0,0,0],"lerp_mode":"catmullrom"}},"position":{"0.0":[0,0,"math.cos(q.anim_time*90*4)*2"],"0.125":[0,0.365,"math.cos(q.anim_time*90*4)*2"],"0.1667":[0,0.48,"math.cos(q.anim_time*90*4)*2"],"0.2083":[0,0.7,"math.cos(q.anim_time*90*4)*2"],"0.25":[0,0.89,"math.cos(q.anim_time*90*4)*2"],"0.2917":[0,1.1,"math.cos(q.anim_time*90*4)*2"],"0.3333":[0,1.405,"math.cos(q.anim_time*90*4)*2"],"0.375":[0,1.65,"math.cos(q.anim_time*90*4)*2"],"0.4167":[0,2,"math.cos(q.anim_time*90*4)*2"],"0.5":[0,0,"math.cos(q.anim_time*90*4)*2"],"0.5417":[0,0,"math.cos(q.anim_time*90*4)*2"],"0.5833":[0,-1,"math.cos(q.anim_time*90*4)*2"],"0.625":[0,0,"math.cos(q.anim_time*90*4)*2"],"0.6667":[0,-0.5,"math.cos(q.anim_time*90*4)*2"],"0.7083":[0,0,"math.cos(q.anim_time*90*4)*2"]}},"LegBackRight":{"rotation":{"0.5":{"pre":[0,0,0],"post":[0,0,0],"lerp_mode":"catmullrom"},"0.7083":{"post":[10,0,0],"lerp_mode":"catmullrom"},"0.9167":{"post":[-5,0,0],"lerp_mode":"catmullrom"},"1.0":{"post":[0,0,0],"lerp_mode":"catmullrom"}},"position":{"0.0":[0,0,"-math.cos(q.anim_time*90*4)*2"],"0.0417":[0,0,"-math.cos(q.anim_time*90*4)*2"],"0.0833":[0,-1,"-math.cos(q.anim_time*90*4)*2"],"0.125":[0,0,"-math.cos(q.anim_time*90*4)*2"],"0.1667":[0,-0.5,"-math.cos(q.anim_time*90*4)*2"],"0.2083":[0,0,"-math.cos(q.anim_time*90*4)*2"],"0.5":[0,0,"-math.cos(q.anim_time*90*4)*2"],"0.625":[0,0.365,"-math.cos(q.anim_time*90*4)*2"],"0.6667":[0,0.48,"-math.cos(q.anim_time*90*4)*2"],"0.7083":[0,0.7,"-math.cos(q.anim_time*90*4)*2"],"0.75":[0,0.89,"-math.cos(q.anim_time*90*4)*2"],"0.7917":[0,1.1,"-math.cos(q.anim_time*90*4)*2"],"0.8333":[0,1.405,"-math.cos(q.anim_time*90*4)*2"],"0.875":[0,1.65,"-math.cos(q.anim_time*90*4)*2"],"0.9167":[0,2,"-math.cos(q.anim_time*90*4)*2"],"1.0":[0,0,"-math.cos(q.anim_time*90*4)*2"]}},"CoalPeak2":{"position":[0,0,"math.sin(q.anim_time*90*4-45)/4+math.cos(q.anim_time*90*4*2-45)/4"]},"CoalPeak3":{"position":[0,0,"math.sin(q.anim_time*90*4-90)/4+math.cos(q.anim_time*90*4*2-90)/4"]}}},"animation.carkol.ground_run":{"loop":true,"animation_length":0.5,"bones":{"Torso":{"rotation":["math.cos(q.anim_time*90*4*4*2+90)/2.5",0,"math.cos(q.anim_time*90*4*4)"],"position":[0,"math.cos(q.anim_time*90*4*4*2)/4",0]},"CoalPeak":{"position":["math.sin(q.anim_time*90*4*4)/4",0,"math.sin(q.anim_time*90*4*4*2)/6"]},"RockTop":{"position":["math.sin(q.anim_time*90*4*4-90-45)/4",0,"math.sin(q.anim_time*90*4*4*2-90-45)/6"]},"LegFrontRight":{"rotation":["q.anim_time*90*4*2",0,0],"position":{"0.0":[0,0,0],"0.0417":[0,0.875,0],"0.0833":[0,0.355,0],"0.125":[0,-1.5,0],"0.1667":[0,0.355,0],"0.2083":[0,0.875,0],"0.25":[0,0,0],"0.2917":[0,0.875,0],"0.3333":[0,0.355,0],"0.375":[0,-1.5,0],"0.4167":[0,0.355,0],"0.4583":[0,0.875,0],"0.5":[0,0,0]}},"LegFrontLeft":{"rotation":["q.anim_time*90*4*2",0,0],"position":{"0.0":[0,0,0],"0.0417":[0,0.875,0],"0.0833":[0,0.355,0],"0.125":[0,-1.5,0],"0.1667":[0,0.355,0],"0.2083":[0,0.875,0],"0.25":[0,0,0],"0.2917":[0,0.875,0],"0.3333":[0,0.355,0],"0.375":[0,-1.5,0],"0.4167":[0,0.355,0],"0.4583":[0,0.875,0],"0.5":[0,0,0]}},"LegBackLeft":{"rotation":["q.anim_time*90*4*2-45",0,0],"position":{"0.0":[0,0.8,0],"0.0417":[0,0.625,0],"0.0833":[0,0.62,0],"0.125":[0,0.795,0],"0.1667":[0,-0.425,0],"0.2083":[0,-0.42,0],"0.25":[0,0.8,0],"0.2917":[0,0.625,0],"0.3333":[0,0.62,0],"0.375":[0,0.795,0],"0.4167":[0,-0.425,0],"0.4583":[0,-0.42,0],"0.5":[0,0.8,0]}},"LegBackRight":{"rotation":["q.anim_time*90*4*2+45",0,0],"position":{"0.0":[0,0.8,0],"0.0417":[0,-0.45,0],"0.0833":[0,-0.45,0],"0.125":[0,0.775,0],"0.1667":[0,0.605,0],"0.2083":[0,0.6,0],"0.25":[0,0.8,0],"0.2917":[0,-0.45,0],"0.3333":[0,-0.45,0],"0.375":[0,0.775,0],"0.4167":[0,0.605,0],"0.4583":[0,0.6,0],"0.5":[0,0.8,0]}},"CoalPeak2":{"position":["math.sin(q.anim_time*90*4*4-45)/4",0,"math.sin(q.anim_time*90*4*4*2-45)/6"]},"CoalPeak3":{"position":["math.sin(q.anim_time*90*4*4-90)/4",0,"math.sin(q.anim_time*90*4*4*2-90)/6"]}}},"animation.carkol.cry":{"animation_length":2.25,"bones":{"Torso":{"rotation":{"0.0417":{"pre":[0,0,0],"post":[0,0,0],"lerp_mode":"catmullrom"},"0.2917":{"post":[10,0,0],"lerp_mode":"catmullrom"},"0.4583":{"post":[10,0,0],"lerp_mode":"catmullrom"},"0.625":{"post":[-5,0,0],"lerp_mode":"catmullrom"},"1.9167":{"post":[-5,0,0],"lerp_mode":"catmullrom"},"2.25":{"post":[0,0,0],"lerp_mode":"catmullrom"}},"position":{"0.0":{"post":[0,0,0],"lerp_mode":"catmullrom"},"0.25":{"post":[0,0,1],"lerp_mode":"catmullrom"},"0.4167":{"post":[0,0,1],"lerp_mode":"catmullrom"},"0.5833":{"post":[0,1,-1],"lerp_mode":"catmullrom"},"1.875":{"post":[0,1,-1],"lerp_mode":"catmullrom"},"2.25":{"post":[0,0,0],"lerp_mode":"catmullrom"}}},"Head":{"rotation":{"0.1667":{"pre":[0,0,0],"post":[0,0,0],"lerp_mode":"catmullrom"},"0.4583":{"post":[0,0,0],"lerp_mode":"catmullrom"},"0.625":{"post":[-25,0,0],"lerp_mode":"catmullrom"},"2.0":{"post":[-25,0,0],"lerp_mode":"catmullrom"},"2.25":{"post":[0,0,0],"lerp_mode":"catmullrom"}}},"Jaw":{"rotation":{"0.2083":{"pre":[0,0,0],"post":[0,0,0],"lerp_mode":"catmullrom"},"0.5":{"post":[0,0,0],"lerp_mode":"catmullrom"},"0.6667":[35,0,0],"0.875":["35+math.cos(q.anim_time*90*32)*2",0,0],"2.0":["35+math.cos(q.anim_time*90*32)*2",0,0],"2.25":[0,0,0]}},"CoalPeak":{"position":{"0.0":[0,0,0],"0.5":[0,0,0],"1.0":["math.cos(q.anim_time*90*64)/4",0,0],"2.25":[0,0,0]}},"RockTop":{"position":{"0.125":[0,0,0],"0.625":[0,0,0],"1.125":["math.cos(q.anim_time*90*64-90-45)/4",0,0],"2.25":[0,0,0]}},"CoalPeak2":{"position":{"0.0417":[0,0,0],"0.5417":[0,0,0],"1.0417":["math.cos(q.anim_time*90*64-45)/4",0,0],"2.25":[0,0,0]}},"CoalPeak3":{"position":{"0.0833":[0,0,0],"0.5833":[0,0,0],"1.0833":["math.cos(q.anim_time*90*64-90)/4",0,0],"2.25":[0,0,0]}}},"sound_effects":{"0.0417":{"effect":"pokemon.carkol.cry"}}},"animation.carkol.walkspeed":{"loop":true,"bones":{"Carkol":{"position":[0,0,"-q.anim_time*90*0.18"]}}},"animation.carkol.quirk":{"animation_length":1.125,"bones":{"Torso":{"rotation":{"0.0":{"post":[0,0,0],"lerp_mode":"catmullrom"},"0.25":{"post":[5,0,0],"lerp_mode":"catmullrom"},"0.3333":[-5,0,0],"0.75":[-5,0,0],"0.875":{"pre":[0,0,0],"post":[0,0,0],"lerp_mode":"catmullrom"}},"position":{"0.0":{"post":[0,0,0],"lerp_mode":"catmullrom"},"0.2083":{"post":[0,-1,1],"lerp_mode":"catmullrom"},"0.2917":{"post":[0,1,0],"lerp_mode":"catmullrom"},"0.7083":{"post":[0,1,0],"lerp_mode":"catmullrom"},"0.8333":{"post":[0,0,0],"lerp_mode":"catmullrom"}}},"Head":{"rotation":{"0.0":{"post":[0,0,0],"lerp_mode":"catmullrom"},"0.125":{"post":[15,0,0],"lerp_mode":"catmullrom"},"0.25":{"post":[15,0,0],"lerp_mode":"catmullrom"},"0.3333":{"post":[-25,0,0],"lerp_mode":"catmullrom"},"0.75":{"post":[-25,0,0],"lerp_mode":"catmullrom"},"0.875":{"post":[0,0,0],"lerp_mode":"catmullrom"}}},"Jaw":{"rotation":{"0.125":{"pre":[0,0,0],"post":[0,0,0],"lerp_mode":"catmullrom"},"0.25":{"post":[0,0,0],"lerp_mode":"catmullrom"},"0.3333":{"post":[25,0,0],"lerp_mode":"catmullrom"},"0.75":{"post":[25,0,0],"lerp_mode":"catmullrom"},"0.875":{"post":[0,0,0],"lerp_mode":"catmullrom"}}},"RockTop":{"rotation":{"0.0":[0,0,0],"0.2917":[0,0,0],"0.375":{"pre":[0,0,0],"post":[0,0,0],"lerp_mode":"catmullrom"},"0.75":{"post":[-360,0,0],"lerp_mode":"catmullrom"},"0.9583":[-400,0,0],"1.0":[-360,0,0]},"position":{"0.0":[0,0,0],"0.2917":[0,0,0],"0.375":{"pre":[0,6,0],"post":[0,6,0],"lerp_mode":"catmullrom"},"0.4167":{"post":[0,8.65,0],"lerp_mode":"catmullrom"},"0.4583":{"post":[0,9.9,0],"lerp_mode":"catmullrom"},"0.5417":{"post":[0,12.15,0],"lerp_mode":"catmullrom"},"0.625":{"post":[0,12.9,0],"lerp_mode":"catmullrom"},"0.7083":{"post":[0,12.15,0],"lerp_mode":"catmullrom"},"0.7917":{"post":[0,9.9,0],"lerp_mode":"catmullrom"},"0.8333":{"post":[0,8.65,0],"lerp_mode":"catmullrom"},"0.875":{"post":[0,7,0],"lerp_mode":"catmullrom"},"0.9167":{"post":[0,3.83,0],"lerp_mode":"catmullrom"},"0.9583":[0,0,0]},"scale":{"0.0":[1,1,1],"0.2917":[1,1,1]}}}}}}