{"format_version":"1.8.0","animations":{"animation.castform_rainy.ground_idle":{"loop":true,"bones":{"body":{"rotation":["math.sin((q.anim_time -0.5)*90*2)*2","-math.sin((q.anim_time -0.5)*90*1)*3 * math.sin((q.anim_time + 0.5)*90*1)*4",0],"position":[0,"math.sin((q.anim_time -0.1)*90*2)*2",0]},"middle1":{"rotation":["-math.cos((q.anim_time - 0.4) *90*2)*4",0,0]},"middle2":{"rotation":["-math.cos((q.anim_time - 0.4) *90*2)*4",0,0]},"top":{"rotation":["-math.cos((q.anim_time - 0.4) *90*2)*4",0,0]}}},"animation.castform_rainy.ground_walk":{"loop":true,"bones":{"body":{"rotation":["5+math.sin((q.anim_time -0.5)*90*2)*2","-math.sin((q.anim_time -0.5)*90*1)*3 * math.sin((q.anim_time + 0.5)*90*1)*4",0],"position":["-2+math.sin((q.anim_time -0.1)*90*1)*2 * math.sin((q.anim_time -0.1)*90*1)*2","1+math.sin((q.anim_time -0.1)*90*2)*2",0]},"middle1":{"rotation":["-math.cos((q.anim_time - 0.4) *90*2)*4",0,"-math.cos((q.anim_time - 0.4) *90*2)*15"]},"middle2":{"rotation":["-math.cos((q.anim_time - 0.4) *90*2)*4",0,"-math.cos((q.anim_time - 0.4) *90*2)*15"]},"top":{"rotation":["-math.cos((q.anim_time - 0.4) *90*2)*4",0,"-math.cos((q.anim_time - 0.4) *90*2)*15"]}}},"animation.castform_rainy.blink":{"animation_length":0.20833,"bones":{"eye_left":{"scale":{"0.0":[1,1,1],"0.0833":[1,1,1],"0.125":{"pre":[1,1,1],"post":[1,0,1]}}},"eye_right":{"scale":{"0.0":[1,1,1],"0.0833":[1,1,1],"0.125":{"pre":[1,1,1],"post":[1,0,1]}}}}}}}