{"format_version":"1.8.0","animations":{"animation.celesteela.ground_idle":{"loop":true,"bones":{"thruster5":{"position":[0,0,0]},"bone3":{"rotation":[0,0,0]},"bone2":{"rotation":[0,0,2.5]},"bone":{"rotation":[0,0,5]},"front_left_hair":{"rotation":[4.90477,-5.72334,"12.1529-math.cos((query.anim_time - 3.35) * 45*2) *2"],"position":[0,2,0.25]},"front_right_hair":{"rotation":[6.82765,18.73542,"-14.1212+math.cos((query.anim_time - 3.15) * 45*2) *2"],"position":[0,2,0.25]},"bone4":{"rotation":[0,0,-5]},"bone5":{"rotation":[0,0,-2.5]},"middle_left_hair":{"rotation":[-5.20758,-13.19314,"12.8352-math.cos((query.anim_time - 3.35) * 45*2) *2"]},"bone7":{"rotation":[0,0,2.5]},"bone8":{"rotation":[0,0,5]},"bone9":{"rotation":[0,0,7.5]},"middle_right_hair":{"rotation":[-7.32099,23.10808,"-11.2933+math.cos((query.anim_time - 3.15) * 45*2) *2"],"position":[0.5,1,1]},"bone10":{"rotation":[0,0,-7.5]},"bone12":{"rotation":[0,0,-7.5]},"back_hair":{"rotation":["-7.5+math.cos((query.anim_time - 3.15) * 45*2) *2",0,0]},"bone14":{"rotation":[-12.5,0,0]},"right_arm":{"rotation":[10,0,-17.5],"position":["-math.cos((query.anim_time - 3.55) * 45*2) *2","math.cos((query.anim_time - 3.55) * 45*2) *2",0]},"left_arm":{"rotation":[10,0,15],"position":["math.cos((query.anim_time - 3.15) * 45*2) *2","math.cos((query.anim_time - 3.15) * 45*2) *2",0]},"body":{"position":[0,0,0]},"main":{"position":[0,"5+math.cos((query.anim_time - 3.35) * 45*2) *2",0]}}},"animation.celesteela.ground_walk":{"loop":true,"bones":{"thruster5":{"position":{"0.0":{"post":[0,0,0],"lerp_mode":"catmullrom"}}},"bone3":{"rotation":{"0.0":{"post":[0,0,0],"lerp_mode":"catmullrom"}}},"bone2":{"rotation":{"0.0":{"post":[0,0,2.5],"lerp_mode":"catmullrom"}}},"bone":{"rotation":{"0.0":{"post":[0,0,5],"lerp_mode":"catmullrom"}}},"front_left_hair":{"rotation":{"0.0":{"post":[4.90477,-5.72334,"12.1529-math.cos((query.anim_time - 3.35) * 45*2) *2"],"lerp_mode":"catmullrom"}},"position":{"0.0":{"post":[0,2,0.25],"lerp_mode":"catmullrom"}}},"front_right_hair":{"rotation":{"0.0":{"post":[6.82765,18.73542,"-14.1212+math.cos((query.anim_time - 3.15) * 45*2) *2"],"lerp_mode":"catmullrom"}},"position":{"0.0":{"post":[0,2,0.25],"lerp_mode":"catmullrom"}}},"bone4":{"rotation":{"0.0":{"post":[0,0,-5],"lerp_mode":"catmullrom"}}},"bone5":{"rotation":{"0.0":{"post":[0,0,-2.5],"lerp_mode":"catmullrom"}}},"middle_left_hair":{"rotation":{"0.0":{"post":[-5.20758,-13.19314,"12.8352-math.cos((query.anim_time - 3.35) * 45*2) *2"],"lerp_mode":"catmullrom"}}},"bone7":{"rotation":{"0.0":{"post":[0,0,2.5],"lerp_mode":"catmullrom"}}},"bone8":{"rotation":{"0.0":{"post":[0,0,5],"lerp_mode":"catmullrom"}}},"bone9":{"rotation":{"0.0":{"post":[0,0,7.5],"lerp_mode":"catmullrom"}}},"middle_right_hair":{"rotation":{"0.0":{"post":[-7.32099,23.10808,"-11.2933+math.cos((query.anim_time - 3.15) * 45*2) *2"],"lerp_mode":"catmullrom"}},"position":{"0.0":{"post":[0.5,1,1],"lerp_mode":"catmullrom"}}},"bone10":{"rotation":{"0.0":{"post":[0,0,-7.5],"lerp_mode":"catmullrom"}}},"bone12":{"rotation":{"0.0":{"post":[0,0,-7.5],"lerp_mode":"catmullrom"}}},"back_hair":{"rotation":{"0.0":{"post":["-7.5+math.cos((query.anim_time - 3.15) * 45*2) *2",0,0],"lerp_mode":"catmullrom"}}},"bone14":{"rotation":{"0.0":{"post":[-12.5,0,0],"lerp_mode":"catmullrom"}}},"right_arm":{"rotation":{"0.0":{"post":[0,0,-17.5],"lerp_mode":"catmullrom"}},"position":{"0.0":{"post":[0,"math.cos((query.anim_time - 3.15) * 45*2) *2",0],"lerp_mode":"catmullrom"}}},"left_arm":{"rotation":{"0.0":{"post":[0,0,15],"lerp_mode":"catmullrom"}},"position":{"0.0":{"post":[0,"math.cos((query.anim_time - 3.15) * 45*2) *2",0],"lerp_mode":"catmullrom"}}},"body":{"position":{"0.0":{"post":[0,0,0],"lerp_mode":"catmullrom"}}},"main":{"rotation":{"0.0":{"post":[-25,0,0],"lerp_mode":"catmullrom"}},"position":{"0.0":{"post":[0,"5+math.cos((query.anim_time - 3.35) * 90*2) *4",28],"lerp_mode":"catmullrom"}}}}},"animation.celesteela.faint":{"loop":"hold_on_last_frame","animation_length":3.5,"bones":{"thruster5":{"position":{"0.0":{"post":[0,0,0],"lerp_mode":"catmullrom"},"1.25":{"post":[0,0,0],"lerp_mode":"catmullrom"}}},"bone3":{"rotation":{"0.0":{"post":[0,0,0],"lerp_mode":"catmullrom"},"1.25":{"post":[0,0,0],"lerp_mode":"catmullrom"}}},"bone2":{"rotation":{"0.0":{"post":[0,0,2.5],"lerp_mode":"catmullrom"},"1.25":{"post":[0,0,2.5],"lerp_mode":"catmullrom"}}},"bone":{"rotation":{"0.0":{"post":[0,0,5],"lerp_mode":"catmullrom"},"1.25":{"post":[0,0,5],"lerp_mode":"catmullrom"}}},"front_left_hair":{"rotation":{"0.0":{"post":[4.90477,-5.72334,"12.1529-math.cos((query.anim_time - 3.35) * 45*2) *2"],"lerp_mode":"catmullrom"},"1.25":{"post":[4.9,-5.72,"12.1529-math.cos((query.anim_time - 3.35) * 45*2) *2"],"lerp_mode":"catmullrom"}},"position":{"0.0":{"post":[0,2,0.25],"lerp_mode":"catmullrom"},"1.25":{"post":[0,2,0.25],"lerp_mode":"catmullrom"}}},"front_right_hair":{"rotation":{"0.0":{"post":[6.82765,18.73542,"-14.1212+math.cos((query.anim_time - 3.15) * 45*2) *2"],"lerp_mode":"catmullrom"},"1.25":{"post":[6.83,18.74,"-14.1212+math.cos((query.anim_time - 3.15) * 45*2) *2"],"lerp_mode":"catmullrom"}},"position":{"0.0":{"post":[0,2,0.25],"lerp_mode":"catmullrom"},"1.25":{"post":[0,2,0.25],"lerp_mode":"catmullrom"}}},"bone4":{"rotation":{"0.0":{"post":[0,0,-5],"lerp_mode":"catmullrom"},"1.25":{"post":[0,0,-5],"lerp_mode":"catmullrom"}}},"bone5":{"rotation":{"0.0":{"post":[0,0,-2.5],"lerp_mode":"catmullrom"},"1.25":{"post":[0,0,-2.5],"lerp_mode":"catmullrom"}}},"middle_left_hair":{"rotation":{"0.0":{"post":[-5.20758,-13.19314,"12.8352-math.cos((query.anim_time - 3.35) * 45*2) *2"],"lerp_mode":"catmullrom"},"1.25":{"post":[-5.21,-13.19,"12.8352-math.cos((query.anim_time - 3.35) * 45*2) *2"],"lerp_mode":"catmullrom"}}},"bone7":{"rotation":{"0.0":{"post":[0,0,2.5],"lerp_mode":"catmullrom"},"1.25":{"post":[0,0,2.5],"lerp_mode":"catmullrom"}}},"bone8":{"rotation":{"0.0":{"post":[0,0,5],"lerp_mode":"catmullrom"},"1.25":{"post":[0,0,5],"lerp_mode":"catmullrom"}}},"bone9":{"rotation":{"0.0":{"post":[0,0,7.5],"lerp_mode":"catmullrom"},"1.25":{"post":[0,0,7.5],"lerp_mode":"catmullrom"}}},"middle_right_hair":{"rotation":{"0.0":{"post":[-7.32099,23.10808,"-11.2933+math.cos((query.anim_time - 3.15) * 45*2) *2"],"lerp_mode":"catmullrom"},"1.25":{"post":[-7.32,23.11,"-11.2933+math.cos((query.anim_time - 3.15) * 45*2) *2"],"lerp_mode":"catmullrom"}},"position":{"0.0":{"post":[0.5,1,1],"lerp_mode":"catmullrom"},"1.25":{"post":[0.5,1,1],"lerp_mode":"catmullrom"}}},"bone10":{"rotation":{"0.0":{"post":[0,0,-7.5],"lerp_mode":"catmullrom"},"1.25":{"post":[0,0,-7.5],"lerp_mode":"catmullrom"}}},"bone12":{"rotation":{"0.0":{"post":[0,0,-7.5],"lerp_mode":"catmullrom"},"1.25":{"post":[0,0,-7.5],"lerp_mode":"catmullrom"}}},"back_hair":{"rotation":{"0.0":{"post":["-7.5+math.cos((query.anim_time - 3.15) * 45*2) *2",0,0],"lerp_mode":"catmullrom"},"1.25":{"post":["-7.5+math.cos((query.anim_time - 3.15) * 45*2) *2",0,0],"lerp_mode":"catmullrom"}}},"bone14":{"rotation":{"0.0":{"post":[-12.5,0,0],"lerp_mode":"catmullrom"},"1.25":{"post":[-12.5,0,0],"lerp_mode":"catmullrom"}}},"right_arm":{"rotation":{"0.0":{"post":[10,0,-17.5],"lerp_mode":"catmullrom"},"1.25":{"post":[9.54589,-2.99318,-0.24998],"lerp_mode":"catmullrom"},"1.75":{"post":[8.94242,-31.15525,18.27835],"lerp_mode":"catmullrom"},"2.25":{"post":[-11.0956,-30.51798,56.31169],"lerp_mode":"catmullrom"},"2.75":{"post":[-37.49005,-6.17178,102.78132],"lerp_mode":"catmullrom"},"3.0":{"post":[-36.60128,-10.69441,96.73123],"lerp_mode":"catmullrom"},"3.25":{"post":[-36.95247,-9.1975,98.76416],"lerp_mode":"catmullrom"}},"position":{"0.0":{"post":["-math.cos((query.anim_time - 3.55) * 45*2) *2","math.cos((query.anim_time - 3.55) * 45*2) *2",0],"lerp_mode":"catmullrom"},"1.25":{"post":[0,0,0],"lerp_mode":"catmullrom"},"1.75":{"post":[23,0,9],"lerp_mode":"catmullrom"},"2.25":{"post":[39,-17,21],"lerp_mode":"catmullrom"},"2.75":{"post":[60.66,-40.71,46.88],"lerp_mode":"catmullrom"},"3.0":{"post":[60.66,-42.71,46.88],"lerp_mode":"catmullrom"},"3.25":{"post":[60.66,-44.71,46.88],"lerp_mode":"catmullrom"}}},"left_arm":{"rotation":{"0.0":{"post":[10,0,15],"lerp_mode":"catmullrom"},"1.25":{"post":[9.85108,1.72794,5.14892],"lerp_mode":"catmullrom"},"1.75":{"post":[20.99506,-21.15962,-26.01057],"lerp_mode":"catmullrom"},"2.25":{"post":[35.85326,-8.36863,-54.1637],"lerp_mode":"catmullrom"},"2.625":{"post":[39.44563,-1.08732,-67.33194],"lerp_mode":"catmullrom"},"2.875":{"post":[35.93482,17.5286,-91.21777],"lerp_mode":"catmullrom"},"3.125":{"post":[38.95766,6.83225,-77.02303],"lerp_mode":"catmullrom"},"3.375":{"post":[38.38118,9.95763,-80.96865],"lerp_mode":"catmullrom"}},"position":{"0.0":{"post":["math.cos((query.anim_time - 3.15) * 45*2) *2","math.cos((query.anim_time - 3.15) * 45*2) *2",0],"lerp_mode":"catmullrom"},"1.25":{"post":[0,0,0],"lerp_mode":"catmullrom"},"1.75":{"post":[-17,0,-16],"lerp_mode":"catmullrom"},"2.25":{"post":[-34,-12,-30],"lerp_mode":"catmullrom"},"2.625":{"post":[-41,-31,-40],"lerp_mode":"catmullrom"},"2.875":{"post":[-46,-40,-47],"lerp_mode":"catmullrom"},"3.125":{"post":[-44,-40,-45],"lerp_mode":"catmullrom"},"3.375":{"post":[-45,-43,-46],"lerp_mode":"catmullrom"}}},"body":{"rotation":{"0.0":{"post":[0,0,0],"lerp_mode":"catmullrom"},"1.5417":{"post":[0,0,0],"lerp_mode":"catmullrom"},"2.0417":{"post":[25,0,0],"lerp_mode":"catmullrom"},"2.5417":{"post":[80,0,0],"lerp_mode":"catmullrom"},"2.7917":{"post":[95,0,0],"lerp_mode":"catmullrom"},"3.0417":{"post":[85,0,0],"lerp_mode":"catmullrom"},"3.2917":{"post":[95,0,0],"lerp_mode":"catmullrom"}},"position":{"0.0":{"post":[0,8,0],"lerp_mode":"catmullrom"},"0.9583":{"post":[0,8,0],"lerp_mode":"catmullrom"},"1.0417":{"post":[0,-7,0],"lerp_mode":"catmullrom"},"2.0417":{"post":[0,-4,0],"lerp_mode":"catmullrom"},"2.75":{"post":[0,4,0],"lerp_mode":"catmullrom"}}},"main":{"position":{"0.0":{"post":[0,"4+math.cos((query.anim_time - 3.35) * 180*12) *1",0],"lerp_mode":"catmullrom"},"0.5":{"post":[0,"4+math.cos((query.anim_time - 3.35) * 180*12) *1",0],"lerp_mode":"catmullrom"},"1.25":{"post":[0,0,0],"lerp_mode":"catmullrom"}},"scale":{"0.0":{"post":[1,1,1],"lerp_mode":"catmullrom"}}}}}}}