{"format_version":"1.8.0","animations":{"animation.chiyu.pose":{"loop":true,"bones":{"left_tail":{"rotation":[10.79388,16.66577,5.41615]},"right_tail":{"rotation":[10.79388,-16.66577,-5.41615]},"left_tail_2":{"rotation":[-26.05573,15.81499,-7.59001]},"right_tail_2":{"rotation":[-26.05573,-15.81499,7.59001]},"leftwing":{"rotation":[0,0,27.5]},"rightwing":{"rotation":[0,0,-27.5]}}},"animation.chiyu.ground_walk":{"loop":true,"bones":{"body":{"rotation":[0,"math.cos(q.anim_time*90*4+90)*5",0],"position":["-math.cos(q.anim_time*90*4+10)*0.4",0,0]},"left_tail":{"rotation":[13.31,"12.187-math.cos(q.anim_time*90*4+180)*10",2.9]},"right_tail":{"rotation":[13.05167,"-29.2898-math.cos(q.anim_time*90*4+180)*10",-6.58383]},"left_tail_2":{"rotation":[-14.54006,"21.8952-math.cos(q.anim_time*90*4+180)*10",-5.59853]},"right_tail_2":{"rotation":[-12.58537,"-21.9761-math.cos(q.anim_time*90*4+180)*10",4.8571]},"leftwing":{"rotation":[0,0,"20-math.cos(q.anim_time*90*4+30)*10"]},"rightwing":{"rotation":[0,0,"-20+math.cos(q.anim_time*90*4+30)*10"]}}},"animation.chiyu.ground_idle":{"loop":true,"bones":{"body":{"rotation":[0,"math.cos(q.anim_time*90*2+90)*3",0],"position":[0,"-math.cos(q.anim_time*90*0.5+10)*0.4",0]},"left_tail":{"rotation":[13.31,"12.187-math.cos(q.anim_time*90*2+180)*10",2.9]},"right_tail":{"rotation":[13.05167,"-29.2898-math.cos(q.anim_time*90*2+180)*10",-6.58383]},"left_tail_2":{"rotation":[-14.54006,"21.8952-math.cos(q.anim_time*90*2+180)*10",-5.59853]},"right_tail_2":{"rotation":[-12.58537,"-21.9761-math.cos(q.anim_time*90*2+180)*10",4.8571]},"leftwing":{"rotation":[0,0,"20-math.cos(q.anim_time*90*1+30)*10"]},"rightwing":{"rotation":[0,0,"-20+math.cos(q.anim_time*90*1+30)*10"]}}}},"geckolib_format_version":2}