{"format_version":"1.8.0","animations":{"animation.clauncher.ground_idle":{"loop":true,"bones":{"body":{"rotation":["math.sin(query.anim_time*2.5*70)*1.5",0,0],"position":[0,"-1.4+math.sin(query.anim_time*90)*0.1","math.sin(query.anim_time*80)*0.1"]},"tail":{"rotation":["-10+math.sin(query.anim_time*2*190)*4","math.cos(query.anim_time*2*190)*1",0]},"head":{"rotation":["5+math.sin(query.anim_time*2.5*170)*1.5",0,0]},"arm_left":{"rotation":["3.0351+math.cos(query.anim_time*90)*1",9.53274,17.75313],"position":[0,-0.1,0]},"bone11":{"rotation":[6.7329,5.64006,57.31087],"position":[-1.5,2.1,0]},"arm_right":{"rotation":[0,"math.sin(query.anim_time*70+2/4)*4","math.sin(query.anim_time*70*2/4)*4"]},"bone21":{"rotation":[0,5,0],"position":[1.6,0,-1]},"body_2":{"rotation":["-10+math.sin(query.anim_time*2*190)*4","math.cos(query.anim_time*2*190)*1",0]},"bone19":{"rotation":["math.sin(query.anim_time*90)*8",0,0]},"bone33":{"position":[0,-1.5,0]},"bone34":{"position":[0,-0.6,0]},"bone2":{"rotation":["math.sin(query.anim_time*2*190)*1","math.cos(query.anim_time*2*190)*1",0]},"bone7":{"rotation":["math.sin(query.anim_time*2*190)*2","math.sin(query.anim_time*2*190)*2",0]},"bone20":{"rotation":["math.sin(query.anim_time*2*190)*1","math.cos(query.anim_time*2*190)*1",0]},"bone30":{"rotation":["math.sin(query.anim_time*2*190)*2","math.sin(query.anim_time*2*190)*2",0]},"bone27":{"rotation":[15,"math.sin(query.anim_time*70+2/4)*4","math.sin(query.anim_time*70*2/4)*4"]},"left_eyelid":{"rotation":[0,0,0],"position":[0,0,0],"scale":1},"right_eyelid":{"rotation":[0,0,0],"position":[0,0,0],"scale":1}}},"animation.clauncher.battle_idle":{"loop":true,"bones":{"body":{"rotation":["0+math.cos(q.anim_time*90*5/2)*4",0,0],"position":[0,"0+math.sin(q.anim_time*90*5/2)*0.4",0]},"leg_up_right":{"rotation":[0,0,-17.5],"position":[0,-1.7,0]},"leg_up_left":{"rotation":[0,0,27.5],"position":[2,-1,0]},"leg_down_right":{"rotation":[0,0,-25],"position":[0,-1,0]},"bone9":{"rotation":[0,0,20],"position":[-0.7,0.7,0]},"leg_down_left":{"rotation":[0,0,32.5],"position":[0,-1,0]},"bone6":{"rotation":[0,0,-20],"position":[0.6,0.4,0]},"arm_left":{"rotation":[0,0,27.5],"position":[-1.1,1.2,0]},"bone11":{"rotation":[-2.38785,4.76464,54.78777],"position":[-0.2,2.5,0]},"body_1":{"rotation":["-7.5772+math.cos(q.anim_time*90*5/2-60)*2",2.42969,-0.95584]},"body_2":{"rotation":[-5,0,0]},"head":{"rotation":["6.8812+math.cos(q.anim_time*90*5/2-130)*4",10.15116,-2.11064]},"arm_right":{"rotation":[0,-20,0],"position":[0.8,0,-0.9]},"bone21":{"rotation":[0,15,0]},"bone26":{"rotation":["-10+math.cos(q.anim_time*90*5/2-130)*4",0,0]},"bone27":{"rotation":["17.5+math.cos(q.anim_time*90*5/2-130)*8",0,0]}}},"animation.clauncher.ground_walk":{"loop":true,"bones":{"body":{"rotation":["0+math.cos(q.anim_time*90*3*2)*1","0-math.cos(q.anim_time*90*3)*1","0+math.cos(q.anim_time*90*3+30)*2"],"position":[0,"0.2*math.sin(q.anim_time*90*3*2)",0]},"head":{"rotation":[5,0,0]},"arm_left":{"rotation":["0+math.sin(q.anim_time*90*3)*10",0,0],"position":[-0.1,"-0.95+math.clamp(math.cos(q.anim_time*90*3-180)*1,0,1)","0.5+math.sin(q.anim_time*90*3)*1/2"]},"bone11":{"rotation":[6.7329,5.64006,57.31087],"position":[-1.5,2.1,0]},"arm_right":{"rotation":[0,0,0]},"bone21":{"rotation":[0,5,0],"position":[1.6,0,-1]},"body_2":{"rotation":[-10,0,0]},"bone19":{"rotation":[0,0,0]},"bone33":{"position":[0,-1.5,0]},"bone34":{"position":[0,-0.6,0]},"bone2":{"rotation":[0,0,0]},"bone7":{"rotation":[0,0,0]},"bone20":{"rotation":[0,0,0]},"bone30":{"rotation":[0,0,0]},"bone27":{"rotation":[15,0,0]},"leg_up_right":{"rotation":["0-math.sin(q.anim_time*90*3)*10",0,-17.5],"position":[-2.1,"0.15+math.clamp(math.cos(q.anim_time*90*3)*1,0,1)","0.5-math.sin(q.anim_time*90*3)*1/2"]},"leg_up_left":{"rotation":["0+math.sin(q.anim_time*90*3)*10",0,17.5],"position":[1.9,"0.75+math.clamp(math.cos(q.anim_time*90*3-180)*1,0,1)","0.5+math.sin(q.anim_time*90*3)*1/2"]},"leg_down_right":{"rotation":["0-math.sin(q.anim_time*90*3)*10",0,-17.5],"position":[-1.1,"1.15+math.clamp(math.cos(q.anim_time*90*3)*1,0,1)","0.5-math.sin(q.anim_time*90*3)*1/2"]},"leg_down_left":{"rotation":["math.sin(q.anim_time*90*3)*10",0,12.5],"position":[0.9,"1.05+math.clamp(math.cos(q.anim_time*90*3-180)*1,0,1)","0.5+math.sin(q.anim_time*90*3)*1/2"]}}},"animation.clauncher.ground_run":{"loop":true,"bones":{"body":{"rotation":["1+3*math.sin(q.anim_time*90*8-90)","5*math.sin(q.anim_time*90*4-90)",0],"position":[0,"-0.25+0.8*math.sin(q.anim_time*90*8-60)","0.2*math.sin(q.anim_time*90*8)"]},"tail":{"rotation":[-10,0,0]},"head":{"rotation":[5,0,0]},"bone11":{"rotation":[6.7329,5.64006,57.31087],"position":[-1.5,2.1,0]},"arm_right":{"rotation":[0,0,0]},"bone21":{"rotation":[0,5,0],"position":[1.6,0,-1]},"body_2":{"rotation":[-17.5,0,0]},"bone19":{"rotation":[0,0,0]},"bone33":{"position":[0,-1.5,0]},"bone34":{"position":[0,-0.6,0]},"bone2":{"rotation":[0,0,0]},"bone7":{"rotation":[0,0,0]},"bone20":{"rotation":[0,0,0]},"bone30":{"rotation":[0,0,0]},"bone27":{"rotation":[15,0,0]},"leg_up_right":{"rotation":["0-math.sin(q.anim_time*90*8)*24",0,-17.5],"position":[-1,"0.65+math.clamp(math.cos(q.anim_time*90*8)*1,0,1)","0.5-math.sin(q.anim_time*90*8)*1/2"]},"leg_up_left":{"rotation":["0+math.sin(q.anim_time*90*8)*24",0,15],"position":[0.9,"0.65+math.clamp(math.cos(q.anim_time*90*8-180)*1,0,1)","0.5+math.sin(q.anim_time*90*8)*1/2"]},"leg_down_right":{"rotation":["0-math.sin(q.anim_time*90*8)*24",0,-17.5],"position":[-0.4,"1.65+math.clamp(math.cos(q.anim_time*90*8)*1,0,1)","0.5-math.sin(q.anim_time*90*8)*1/2"]},"leg_down_left":{"rotation":["0+math.sin(q.anim_time*90*8)*24",0,15],"position":[-0.1,"0.75+math.clamp(math.cos(q.anim_time*90*8-180)*1,0,1)","0.5+math.sin(q.anim_time*90*8)*1/2"]},"arm_left":{"rotation":["0+math.sin(q.anim_time*90*8)*40",0,15],"position":[-0.1,"0.05+math.clamp(math.cos(q.anim_time*90*8-180)*1,0,1)","0.5+math.sin(q.anim_time*90*8)*1/2"]}}},"animation.clauncher.sleep":{"loop":true,"bones":{"body":{"rotation":[0,5,0],"position":[0,-3,0],"scale":[1,0.9,1]},"body_1":{"rotation":[-2.5,27.5,0],"position":[0,0,-1]},"body_2":{"rotation":[-7.5,17.5,0]},"tail":{"rotation":[-20,15,0]},"bone4":{"rotation":["0+2*math.sin(q.anim_time*90*1)",0,0]},"bone3":{"rotation":["0+6*math.sin(q.anim_time*90*1-60)",0,0]},"head":{"rotation":["5+9.3014*math.sin(q.anim_time*90*0.5-80)",-17.6406,1.8132],"position":[0,0,-0.4]},"left_eyelid":{"position":[1,0,0]},"right_eyelid":{"position":[-1,0,0]},"bone2":{"rotation":[-3.63189,8.64942,"11.7711+math.sin(q.anim_time*90*1-60)*2"]},"bone20":{"rotation":[-3.63189,8.64942,"11.7711+math.sin(q.anim_time*90*1-60)*2"]},"arm_right":{"rotation":["12.9707+13.9281*math.sin(q.anim_time*70*1)*0.1","-47.1614-53.7755*math.sin(q.anim_time*70*1)*0.1",-26.87814],"position":[0.8,0,-3.7]},"bone21":{"rotation":[0,12.5,0],"position":[0.8,0,0.9]},"leg_up_right":{"rotation":[89.55303,39.84498,-2.53586],"position":[-0.5,-2.7,1.3]},"leg_up_left":{"rotation":[-75,0,0],"position":[4,-3,-1]},"leg_down_right":{"rotation":[-266.30232,47.44052,2.72535],"position":[2.2,-3,-0.6]},"leg_down_left":{"rotation":[-77.5,0,0],"position":[4,-3,-2]},"arm_left":{"rotation":[0,"25+32.5*math.sin(q.anim_time*90*1)*0.1","3*math.sin(q.anim_time*90*1)*0.1"],"position":[0,-4,-2]},"bone11":{"rotation":[70.83371,81.05528,76.04289]}}},"animation.clauncher.blink":{"animation_length":0.16667,"bones":{"left_eyelid":{"position":{"0.0":[1,0,0],"0.125":[1,0,0],"0.1667":[0,0,0]}},"right_eyelid":{"position":{"0.0":[-1,0,0],"0.125":[-1,0,0],"0.1667":[0,0,0]}}}},"animation.clauncher.cry":{"animation_length":1.04167,"sound_effects":{"0.0417":{"effect":"pokemon.clauncher.cry"}},"bones":{"head":{"rotation":{"0.0":{"post":[0,0,0],"lerp_mode":"catmullrom"},"0.125":{"post":[10,0,0],"lerp_mode":"catmullrom"},"0.25":{"post":[-3.91,0,0],"lerp_mode":"catmullrom"},"0.3333":{"post":[-2.13,0,0],"lerp_mode":"catmullrom"},"0.4167":{"post":[-6.88,0,0],"lerp_mode":"catmullrom"},"0.5":{"post":[-4.97,0,0],"lerp_mode":"catmullrom"},"0.6667":{"post":[-20.42,0,0],"lerp_mode":"catmullrom"},"1.0417":{"post":[-9.74,0,0],"lerp_mode":"catmullrom"},"1.4167":{"post":[0,0,0],"lerp_mode":"catmullrom"}}}}},"animation.clauncher.water_idle":{"loop":true,"bones":{"torso":{"rotation":["-2*math.sin(q.anim_time*90*1)",0,"0+1*math.sin(q.anim_time*90*2)"],"position":["0.2*math.cos(q.anim_time*90*1-30)","0.25+0.9*math.sin(q.anim_time*90*1-30)",0]},"body_1":{"rotation":["0+6*math.sin(q.anim_time*90*1-50)","0*math.sin(q.anim_time*90*2-50)",0]},"left_eyelid":{"position":[0,-0.2,0]},"right_eyelid":{"position":[0,-0.2,0]},"arm_right":{"rotation":[0,"0*math.sin(q.anim_time*90*1)",0]},"bone21":{"rotation":[0,"0*math.sin(q.anim_time*90*1-40)","0*math.sin(q.anim_time*90*1-40)"]},"leg_up_right":{"rotation":["77.5-5*math.sin(q.anim_time*90*3-50)-10*math.sin(q.anim_time*90*2)",0,0],"position":["-1+0*math.cos(q.anim_time*90*1-30)","0.8+0.9*math.sin(q.anim_time*90*1-30)",0]},"leg_up_left":{"rotation":["72.5+5*math.sin(q.anim_time*90*3-50)+10*math.sin(q.anim_time*90*2)",0,0],"position":["2+0*math.cos(q.anim_time*90*1-30)","0.9*math.sin(q.anim_time*90*1-30)",-2]},"leg_down_right":{"rotation":["77.5-5*math.sin(q.anim_time*90*3-50)-10*math.sin(q.anim_time*90*2)",0,0],"position":["-1+0*math.cos(q.anim_time*90*1-30)","0.8+0.9*math.sin(q.anim_time*90*1-30)",0]},"leg_down_left":{"rotation":["72.5+5*math.sin(q.anim_time*90*3-50)+10*math.sin(q.anim_time*90*2)",0,0],"position":["0*math.cos(q.anim_time*90*1-30)","1+0.9*math.sin(q.anim_time*90*1-30)",-1]},"arm_left":{"rotation":[0,"-47.5+20*math.sin(q.anim_time*90*1)",0],"position":["-0.9+0*math.cos(q.anim_time*90*1-30)","1+0.9*math.sin(q.anim_time*90*1-30)",-2.2]},"bone11":{"rotation":[12.74198,"1.0495+0*math.sin(q.anim_time*90*1-40)",-4.14874]}}},"animation.clauncher.water_swim":{"loop":true,"bones":{"body":{"rotation":["5+5*math.sin(q.anim_time*90*3-80)",0,"0+5*math.sin(q.anim_time*90*1-50)"],"position":[0,"-1+2*math.sin(q.anim_time*90*3)","-1-1*math.sin(q.anim_time*90*3)"]},"body_1":{"rotation":["-2.5-5*math.sin(q.anim_time*90*3+20)",0,0]},"body_2":{"rotation":["2.5-5*math.sin(q.anim_time*90*3)",0,0]},"bone4":{"rotation":["-15.5368-20*math.sin(q.anim_time*90*3+20)",8.8831,12.78107]},"bone3":{"rotation":["-11.8135-20*math.sin(q.anim_time*90*3+20)",-5.7449,-11.90342]},"head":{"rotation":["-2.5+10*math.sin(q.anim_time*90*3-50)","0+5*math.sin(q.anim_time*90*1-50)",0],"position":[0,0,"0.4*math.cos(q.anim_time*90*3-50)"]},"bone2":{"rotation":[-7.5,0,"32.5+5*math.sin(q.anim_time*90*12-80)"]},"bone7":{"rotation":[0,0,"0+5*math.sin(q.anim_time*90*12-80)"]},"bone20":{"rotation":[-5,0,"-20+5*math.sin(q.anim_time*90*12-80)"]},"bone30":{"rotation":[0,0,"0+5*math.sin(q.anim_time*90*12-80)"]},"arm_right":{"rotation":[0,-15,0]},"leg_up_right":{"rotation":["90.6865-20*math.sin(q.anim_time*90*3+20)",-5.7449,-11.90342],"position":[-1,"1+2*math.sin(q.anim_time*90*3)","0.1-1*math.sin(q.anim_time*90*3)"]},"leg_up_left":{"rotation":["94.4632-20*math.sin(q.anim_time*90*3+20)",8.8831,12.78107],"position":[1,"1+2*math.sin(q.anim_time*90*3)","-1-1*math.sin(q.anim_time*90*3)"]},"leg_down_right":{"rotation":["90.6865-20*math.sin(q.anim_time*90*3+20)",-5.7449,-11.90342],"position":[-0.2,"1+2*math.sin(q.anim_time*90*3)","-1*math.sin(q.anim_time*90*3)"]},"leg_down_left":{"rotation":["94.4632-20*math.sin(q.anim_time*90*3+20)",8.8831,12.78107],"position":[0,"1+2*math.sin(q.anim_time*90*3)","-1*math.sin(q.anim_time*90*3)"]},"arm_left":{"rotation":[-300.39033,"-51.3817+10*math.sin(q.anim_time*90*3-50)",364.33968],"position":[-0.7,"0.4+2*math.sin(q.anim_time*90*3)","-2-1*math.sin(q.anim_time*90*3)"]}}},"animation.clauncher.pose":{"loop":true,"bones":{"body":{"rotation":[2.5,0,0]},"body_1":{"rotation":[-7.61435,9.91358,-1.31845]},"body_2":{"rotation":[0,15,0]},"tail":{"rotation":[-5.12076,12.45167,-1.10693]},"head":{"rotation":[5,-10,0]},"arm_right":{"rotation":[0,-20,-12.5],"position":[0.3,1.1,-1]},"bone26":{"rotation":[-17.5,0,0]},"bone27":{"rotation":[32.5,0,0]},"leg_up_right":{"position":[-0.9,-0.6,0]},"leg_up_left":{"position":[1.4,-0.8,0]},"leg_down_right":{"position":[-0.2,-0.7,0]},"leg_down_left":{"position":[0.3,-0.7,0]},"arm_left":{"rotation":[0,0,35],"position":[-0.5,1,0]},"bone11":{"rotation":[0,0,63.5],"position":[0.2,2.4,0]}}}}}