{"format_version":"1.8.0","animations":{"animation.clawitzer.sleep":{"loop":true,"bones":{"torso":{"rotation":[-112.5,0,0],"position":[0,-14,-34]},"torso_front":{"rotation":["80+math.sin(q.anim_time*90*1/0.75)*0.5",0,0],"position":[0,5,3]},"head":{"rotation":["12.50+math.sin(q.anim_time*90*1.5/0.75)*1.5",0,0]},"eye_left":{"position":[0,0,0.5],"scale":[1,0.6,1.8]},"eye_ri":{"position":[0,0,0.6],"scale":[1,0.6,1.7]},"hair_right":{"rotation":["0+math.sin(q.anim_time*90*1.5/0.7)",0,0]},"hair_right1":{"rotation":["0+math.sin(q.anim_time*90*1.5/0.5)",0,0]},"hair_left":{"rotation":["0+math.sin(q.anim_time*90*1.5/0.7)",0,0]},"hair_left1":{"rotation":["0+math.sin(q.anim_time*90*1.5/0.5)",0,0]},"hair_front_right":{"rotation":["0+math.sin(q.anim_time*90*1.5/0.7)",0,0]},"hair_front_right1":{"rotation":["0+math.sin(q.anim_time*90*1.5/0.5)",0,0]},"hair_front_left":{"rotation":["0+math.sin(q.anim_time*90*1.5/0.7)",0,0]},"hair_front_left1":{"rotation":["0+math.sin(q.anim_time*90*1.5/0.5)",0,0]},"torso2":{"rotation":["-20+math.sin(q.anim_time*90*1/0.75)*0.1",0,0]},"torso3":{"rotation":["-20+math.sin(q.anim_time*90*1/0.75)*0.5",0,0]},"torso4":{"rotation":["-17.5+math.sin(q.anim_time*90*1/0.75)*1",0,0]},"torso5":{"rotation":["0+math.sin(q.anim_time*90*1.5/0.75)*1.5",0,0]},"forearm_left":{"rotation":[-3.90399,-17.07228,"115.5862+math.cos(query.anim_time*90*14/8)"],"position":[3,2,2]},"arm_right":{"rotation":[-71.60401,-7.20292,93.57873],"position":[-1,-2,-1]},"forearm_right_front":{"rotation":[195.14068,7.72571,2.0832],"position":[0,-9,-7]},"forearm_right_back3_1":{"rotation":[0,"0+math.sin(query.anim_time*90*24/4)",0]},"forearm_right_back3_2":{"rotation":[0,"0+math.sin(query.anim_time*90*28/8)",0]},"forearm_right_back3_3":{"rotation":[0,"0+math.sin(query.anim_time*90*40/14)",0]},"hand_up":{"rotation":[-15,0,0],"position":[0,2,1]},"hand_hair_right3":{"rotation":[0,"0+math.sin(query.anim_time*90*14/4)",0],"position":[0.7,0,-1.6]},"hand_hair_right4":{"rotation":[0,"0+math.sin(query.anim_time*90*14/4)",0]},"hand_hair_right5":{"rotation":[0,"0+math.sin(query.anim_time*90*16/6)",0]},"hand_hair_right6":{"rotation":[0,"0+math.sin(query.anim_time*90*20/10)",0]},"hand_hair_right7":{"rotation":[0,"0+math.sin(query.anim_time*90*28/18)",0]},"hand_hair_left4":{"rotation":[0,"0+math.sin(query.anim_time*90*14/4)",0]},"hand_hair_left5":{"rotation":[0,"0+math.sin(query.anim_time*90*16/6)",0]},"hand_hair_left6":{"rotation":[0,"0+math.sin(query.anim_time*90*20/10)",0]},"hand_hair_left7":{"rotation":[0,"0+math.sin(query.anim_time*90*28/18)",0]},"hand_down":{"rotation":[52.5,0,0],"position":[0,0,2]},"clawitzer":{"position":[0,14,29]},"eye_close_left":{"position":[1,0,-1]},"eye_close_right":{"position":[-1,0,-1]}}},"animation.clawitzer.ground_walk":{"loop":true,"bones":{"torso":{"rotation":["-42.5+math.sin(q.anim_time*90*2+20)*2",0,0],"position":[0,"math.cos((query.anim_time *90*4.1*2 ) *-0.2)*0.8","math.cos((query.anim_time*90*2.1 *1)-17)"]},"torso_front":{"rotation":["30+math.sin(q.anim_time*90*2+20)*2","0+math.sin(q.anim_time*90*2+20)*1","0+math.sin(q.anim_time*90*2+20)*0.5"]},"head":{"rotation":["10+math.sin(q.anim_time*90*3+20)*1","0+math.sin(q.anim_time*90*3+20)*0.5","0+math.sin(q.anim_time*90*3+20)*0.5"],"position":[0,1.4,0.3]},"torso2":{"rotation":["-77.5+math.sin(q.anim_time*90*2)*-4",0,0],"position":[0,1.3,0.8]},"torso3":{"rotation":["10+math.sin(q.anim_time*90*2.5)*-12",0,0],"position":[0,1,-1.6]},"torso4":{"rotation":["-17.5+math.sin(q.anim_time*90*2.5)*-14",0,0]},"torso5":{"rotation":["-35+math.sin(q.anim_time*90*2.5)*-14",0,0]},"arm_left":{"rotation":["0+math.sin(q.anim_time*90*3+20)*-0.1","0+math.sin(q.anim_time*90*3+20)*-1.2",0],"position":[-0.3,0,0]},"forearm_left":{"rotation":["11.6921+math.sin(q.anim_time*90*1.5+90)*2.5","48.9735+math.sin(q.anim_time*90*2+90)*2.5","100.3398+math.sin(q.anim_time*90*2.5+90)*-1.0745"],"position":[4,2.8,2.6]},"arm_right":{"rotation":["42.7342+math.sin(q.anim_time*90*1.5+90)*2.5","-15.6999+math.sin(q.anim_time*90*2+90)*2.5",16.32495],"position":[0,0.8,-0.9]},"forearm_right_front":{"rotation":[0,0,-20]},"hand_hair_right1":{"rotation":[10,0,0]},"hand_hair_right2":{"rotation":[0,0,0]},"hand_hair_left1":{"rotation":[12.5,0,0]},"hand_hair_left2":{"rotation":[0,0,0]},"hand_down":{"rotation":["15+math.sin(q.anim_time*90*0.5+90)*2.5","0+math.sin(q.anim_time*90*0.6+90)*1.5","0+math.sin(q.anim_time*190*0.6+90)*1.5"],"position":[0,0,2]},"forearm_right_back3_1":{"rotation":[0,"math.cos(query.anim_time *2*90)*2",0]},"forearm_right_back3_2":{"rotation":[0,"0*math.cos(query.anim_time *4*90)*4",0]},"forearm_right_back3_3":{"rotation":[0,"0*math.cos(query.anim_time *8*90)*8",0]},"hand_hair_right3":{"rotation":[0,0,0],"position":[0.675,0,-1.4]},"body":{"position":[0,4,0]}}},"animation.clawitzer.battle_idle":{"loop":true,"bones":{"torso":{"rotation":["-42.5+math.sin(q.anim_time*90*2+40)*4",0,0],"position":[0,"math.cos((query.anim_time *90*4.1*2 ) *-0.2)*1.8","math.cos((query.anim_time*90*2.1 *1)-117)"]},"torso_front":{"rotation":["40+math.sin(q.anim_time*90*2+20)*2","0+math.sin(q.anim_time*90*2+20)*1","0+math.sin(q.anim_time*90*2+20)*0.5"],"position":[0,-0.5,2.7]},"head":{"rotation":["10+math.sin(q.anim_time*90*3+20)*1","0+math.sin(q.anim_time*90*3+20)*0.5","0+math.sin(q.anim_time*90*3+20)*0.5"],"position":[0,1.4,0.3]},"torso2":{"rotation":["-50+math.sin(q.anim_time*90*2)*-4",0,0],"position":[0,0.5,0.2]},"torso3":{"rotation":["math.sin(q.anim_time*90*2.5)*-2",0,0],"position":[0,0.2,-0.5]},"torso4":{"rotation":["-17.5+math.sin(q.anim_time*90*2.5)*-14",0,0]},"torso5":{"rotation":["-35+math.sin(q.anim_time*90*2.5)*-14",0,0]},"arm_left":{"rotation":["0+math.sin(q.anim_time*90*3+20)*-0.1","0+math.sin(q.anim_time*90*3+20)*-1.2",0],"position":[-0.3,0,0]},"forearm_left":{"rotation":[11.6921,48.9735,"100.3398+math.sin(q.anim_time*90*2.5+90)*-4"],"position":[5,3,2.4]},"arm_right":{"rotation":["42.7342+math.sin(q.anim_time*90*1.5+90)*2.5","-15.6999+math.sin(q.anim_time*90*2+90)*2.5",16.32495],"position":[0,0.8,-0.9]},"forearm_right_front":{"rotation":[0,0,-20]},"hand_hair_right1":{"rotation":[10,0,0]},"hand_hair_right2":{"rotation":[0,0,0]},"hand_hair_left1":{"rotation":[12.5,0,0]},"hand_hair_left2":{"rotation":[0,"1*math.sin(q.anim_time*90*1)",0]},"hand_down":{"rotation":["15+math.sin(q.anim_time*90*0.5+90)*2.5","0+math.sin(q.anim_time*90*0.6+90)*1.5","0+math.sin(q.anim_time*190*0.6+90)*2.5"],"position":[0,0,2]},"forearm_right_back3_1":{"rotation":[0,"math.cos(query.anim_time *2*90)*2",0]},"forearm_right_back3_2":{"rotation":[0,"0*math.cos(query.anim_time *4*90)*4",0]},"forearm_right_back3_3":{"rotation":[0,"0*math.cos(query.anim_time *8*90)*8",0]},"hand_hair_right3":{"rotation":[0,0,0],"position":[0.675,0,-1.4]},"hand_hair_left3":{"rotation":[0,"0*math.sin(q.anim_time*90*1+40)",0]},"hand_hair_left4":{"rotation":[0,"0*math.sin(q.anim_time*90*4)*24",0]},"body":{"position":[0,4,0]}}},"animation.clawitzer.water_idle":{"loop":true,"bones":{"torso":{"rotation":["-25+math.sin(q.anim_time*90*2+20)*2",0,0],"position":["0+math.cos((query.anim_time *90*4.1*2 ) *-0.2)*0.8",-17,"-21+math.cos((query.anim_time*90*2.1 *1)-17)"]},"torso_front":{"rotation":["27+math.sin(q.anim_time*90*2+20)*2","0+math.sin(q.anim_time*90*2+20)*1","0+math.sin(q.anim_time*90*2+20)*0.5"]},"head":{"rotation":["math.sin(q.anim_time*90*3+20)*1","0+math.sin(q.anim_time*90*3+20)*0.5","0+math.sin(q.anim_time*90*3+20)*0.5"],"position":[0,1.4,0.3]},"torso2":{"rotation":["-197.5+math.sin(q.anim_time*90*2)*1",0,0],"position":[0,-1.9,3.9]},"torso3":{"rotation":["182.5+math.sin(q.anim_time*90*1.5)*-8",0,0],"position":[0,0,-2.3]},"torso4":{"rotation":["-7.4844+math.sin(q.anim_time*90*1.5)*-10",-0.75155,-2.38443]},"torso5":{"rotation":["-7.5+math.sin(q.anim_time*90*1.5)*-10",0,0]},"arm_left":{"rotation":["0+math.sin(q.anim_time*90*3+20)*-0.1","0+math.sin(q.anim_time*90*3+20)*-1.2",0],"position":[-0.3,0,0]},"forearm_left":{"rotation":["11.6921+math.sin(q.anim_time*90*1.5+90)*2.5","48.9735+math.sin(q.anim_time*90*2+90)*2.5","100.3398+math.sin(q.anim_time*90*2.5+90)*-1.0745"],"position":[5.2,3.7,2.3]},"arm_right":{"rotation":["42.7342+math.sin(q.anim_time*90*1.5+90)*2.5","-15.6999+math.sin(q.anim_time*90*2+90)*2.5",16.32495],"position":[0,0.8,-0.9]},"forearm_right_front":{"rotation":["0*math.sin(q.anim_time*90*1+20)*221",0,-20]},"hand_hair_right1":{"rotation":[10,0,0]},"hand_hair_right2":{"rotation":[0,0,0]},"hand_hair_left1":{"rotation":[12.5,0,0]},"hand_hair_left2":{"rotation":[0,0,0]},"hand_down":{"rotation":["15+math.sin(q.anim_time*90*0.5+90)*2.5","0+math.sin(q.anim_time*90*0.6+90)*1.5","0+math.sin(q.anim_time*190*0.6+90)*1.5"],"position":[0,0,2]},"forearm_right_back3_1":{"rotation":[0,"math.cos(query.anim_time *2*90)*2",0]},"forearm_right_back3_2":{"rotation":[0,"0*math.cos(query.anim_time *4*90)*4",0]},"forearm_right_back3_3":{"rotation":[0,"0*math.cos(query.anim_time *8*90)*8",0]},"hand_hair_right3":{"rotation":[0,0,0],"position":[0.675,0,-1.4]},"hand_up":{"rotation":["0*math.sin(q.anim_time*90*1)*4",0,0]},"clawitzer":{"position":[0,16,20]},"body":{"position":[0,4,0]}}},"animation.clawitzer.water_swim":{"loop":true,"animation_length":10.04167,"bones":{"clawitzer":{"rotation":[0,0,0],"position":[0,17,23],"scale":1},"torso":{"rotation":{"0.0":["2.5-2*math.cos(q.anim_time*90*3)",0,0],"4.0":["2.5-2*math.cos(q.anim_time*90*3)",0,0],"4.0417":["2.5001-2*math.cos(q.anim_time*90*3)",-0.99996,-0.0094],"4.0833":["2.5025-2*math.cos(q.anim_time*90*3)",-4.9997,-0.05508],"4.1667":["2.5001-2-math.sin(q.anim_time*90*53)",-0.99996,-0.0094],"5.75":["2.5001-2-math.sin(q.anim_time*90*3)",-1,-0.01],"5.8333":["2.5025-2*math.cos(q.anim_time*90*3)",-4.9997,-0.05508],"5.875":["2.5001-2*math.cos(q.anim_time*90*3)",-0.99996,-0.0094],"5.9167":["2.5-2*math.cos(q.anim_time*90*3)",0,0]},"position":{"0.0":[0,-19,"-31-math.cos(q.anim_time*90*3)*-1.5"],"4.0":[0,-19,"-31-math.cos(q.anim_time*90*3)*-1.5"],"4.0417":[0,-19,"-30.8-math.cos(q.anim_time*90*3)*-1.5"],"4.0833":[0,-19,"-29.7-math.cos(q.anim_time*90*3)*-1.5"],"4.1667":[0,-19,"-30.8-math.cos(q.anim_time*90*3)*-1.5"],"5.75":[0,-19,"-30.8-math.cos(q.anim_time*90*3)*-1.5"],"5.8333":[0,-19,"-29.7-math.cos(q.anim_time*90*3)*-1.5"],"5.875":[0,-19,"-30.8-math.cos(q.anim_time*90*3)*-1.5"],"5.9167":[0,-19,"-31-math.cos(q.anim_time*90*3)*-1.5"]},"scale":{"0.0":[1,1,1],"4.0":[1,1,1],"5.9167":[1,1,1]}},"torso_front":{"rotation":["-5+2*math.cos(q.anim_time*90*3-100)",0,0],"position":[0,0,0],"scale":1},"head":{"rotation":[0,0,0],"position":[0,0,0],"scale":1},"eye_left":{"scale":[1,1,1.3]},"hair":{"rotation":[0,0,0],"position":[0,0,0],"scale":1},"hair_right":{"rotation":[0,0,0],"position":[0,0,0],"scale":1},"hair_left":{"rotation":[0,0,0],"position":[0,0,0],"scale":1},"hair_front_right":{"rotation":[0,0,0],"position":[0,0,0],"scale":1},"hair_front_left":{"rotation":[0,0,0],"position":[0,0,0],"scale":1},"torso2":{"rotation":["-5-15*math.cos(q.anim_time*90*3)",0,0],"position":[0,0,0],"scale":1},"torso3":{"rotation":["12.5-15*math.cos(q.anim_time*90*3-20)",0,0],"position":[0,0,0],"scale":1},"torso4":{"rotation":["-2.5-15*math.cos(q.anim_time*90*3-90)",0,0],"position":[0,0,0],"scale":1},"torso5":{"rotation":[0,0,0],"position":[0,0,0],"scale":1},"torso6":{"rotation":[0,0,0],"position":[0,0,0],"scale":1},"torso7":{"rotation":[0,0,0],"position":[0,0,0],"scale":1},"torso8":{"rotation":[0,0,0],"position":[0,0,0],"scale":1},"arm_left":{"rotation":[0,"-40+math.sin(query.anim_time *90*5)*7",0],"position":[0,0,0],"scale":1},"forearm_left":{"rotation":[0,"0+math.sin(query.anim_time *90*5)*7",0],"position":[3,2,2],"scale":1},"hand_left":{"rotation":[0,0,0],"position":[0,0,0],"scale":1},"arm_right":{"rotation":{"0.0":["-5.8267+math.sin(q.anim_time*90*1.5+90)*2.5","-9.2953+math.sin(q.anim_time*90*2+90)*2.5",7.38804],"3.9583":["-5.8267+math.sin(q.anim_time*90*1.5+90)*2.5","-9.2953+math.sin(q.anim_time*90*2+90)*2.5",7.39],"4.0417":["-6.205+math.sin(q.anim_time*90*1.5+90)*2.5","-20.6695+math.sin(q.anim_time*90*2+90)*2.5",9.13152],"4.0833":["-6.3688+math.sin(q.anim_time*90*1.5+90)*2.5","-23.6341+math.sin(q.anim_time*90*2+90)*2.5",9.61928],"5.7917":["-6.5634+math.sin(q.anim_time*90*1.5+90)*2.5","-26.5978+math.sin(q.anim_time*90*2+90)*2.5",10.12334],"5.8333":["-6.2563+math.sin(q.anim_time*90*1.5+90)*2.5","-21.6579+math.sin(q.anim_time*90*2+90)*2.5",9.29154],"5.9167":["-5.8267+math.sin(q.anim_time*90*1.5+90)*2.5","-9.2953+math.sin(q.anim_time*90*2+90)*2.5",7.39],"5.9583":[-5.8267,-9.2953,7.38804]},"position":{"0.0":[0,0,0],"3.9583":[0,0,0],"4.0417":[0,0,-0.4],"4.0833":[0,0,-0.7],"5.7917":[0,0,-0.6],"5.8333":[0,0,-0.2],"5.9167":[0,0,0],"5.9583":[0,0,0]},"scale":{"0.0":[1,1,1],"3.9583":[1,1,1],"5.9167":[1,1,1],"5.9583":[1,1,1]}},"forearm_right_front":{"rotation":{"0.0":[0,0,0],"3.875":[0,0,0],"3.9583":[0,0,0],"4.0":[-0.22117,9.99043,-5.03364],"4.0833":[-3.2231,12.49041,-5.04352],"4.125":[-3.22582,17.42315,-5.33103],"5.7917":[-3.2231,12.49041,-5.04352],"5.9167":[-0.22117,9.99043,-5.03364],"6.0417":[0,0,0],"6.125":[0,-0.75,0],"6.2917":[0,0,0],"6.3333":[0,0,0],"7.8333":[-0.22117,9.99043,-5.03364]},"position":{"0.0":[0,0,0],"3.875":[0,0,0],"3.9583":[0,0,0],"4.0":[0,0,-3],"5.9167":[0,0,-3],"6.0417":[0,0,0],"6.125":[0.225,0,0.25],"6.2917":[0,0,0],"6.3333":[0,0,0],"7.8333":[0,0,-3]},"scale":{"0.0":[1,1,1],"3.875":[1,1,1],"3.9583":[1,1,1],"6.0417":[1,1,1],"6.2917":[1,1,1],"6.3333":[1,1,1]}},"forearm_right_back":{"rotation":[0,0,0],"position":[0,0,0],"scale":1},"forearm_right_back2":{"rotation":[0,0,0],"position":[0,0,0],"scale":1},"forearm_right_back3":{"rotation":[0,0,0],"position":[0,0,0],"scale":1},"forearm_right_back3_1":{"rotation":[0,0,0],"position":[0,0,0],"scale":1},"forearm_right_back3_2":{"rotation":[0,0,0],"position":[0,0,0],"scale":1},"forearm_right_back3_3":{"rotation":[0,0,0],"position":[0,0,0],"scale":1},"hand_up":{"rotation":{"0.0":[0,0,0],"3.9583":[0,0,0],"4.0":[-2.5,0,0],"4.0833":[-4.5,0,0],"4.125":["-4.5-math.sin(q.anim_time*90*53)",0,0],"5.7083":[-4.5,0,0],"5.7917":[-2.5,0,0],"5.8333":[0,0,0]},"position":{"0.0":[0,0,0],"3.9583":[0,0,0],"5.8333":[0,0,0]},"scale":{"0.0":[1,1,1],"3.9583":[1,1,1],"5.8333":[1,1,1]}},"hand_hair_right":{"rotation":[0,0,0],"position":[0,0,0],"scale":1},"hand_hair_right1":{"rotation":[0,0,0],"position":[0,0,0],"scale":1},"hand_hair_right2":{"rotation":[0,0,0],"position":[0,0,0],"scale":1},"hand_hair_right3":{"rotation":[0,0,0],"position":[0.8,0,-1.4],"scale":1},"hand_hair_right4":{"rotation":[0,0,0],"position":[0,0,0],"scale":1},"hand_hair_right5":{"rotation":[0,0,0],"position":[0,0,0],"scale":1},"hand_hair_right6":{"rotation":[0,0,0],"position":[0,0,0],"scale":1},"hand_hair_right7":{"rotation":[0,0,0],"position":[0,0,0],"scale":1},"hand_hair_left8":{"rotation":[0,0,0],"position":[0,0,0],"scale":1},"hand_hair_left1":{"rotation":[0,0,0],"position":[0,0,0],"scale":1},"hand_hair_left2":{"rotation":[0,0,0],"position":[0,0,0],"scale":1},"hand_hair_left3":{"rotation":[0,0,0],"position":[0,0,0],"scale":1},"hand_hair_left4":{"rotation":[0,0,0],"position":[0,0,0],"scale":1},"hand_hair_left5":{"rotation":[0,0,0],"position":[0,0,0],"scale":1},"hand_hair_left6":{"rotation":[0,0,0],"position":[0,0,0],"scale":1},"hand_hair_left7":{"rotation":[0,0,0],"position":[0,0,0],"scale":1},"hand_up_front":{"rotation":{"0.0":[0,0,0],"3.9583":[0,0,0]},"position":{"0.0":[0,0,0],"3.9583":[0,0,0]},"scale":{"0.0":[1,1,1],"3.9583":[1,1,1]}},"hand_upfront1":{"rotation":{"0.0":[0,0,0],"3.9583":[0,0,0]},"position":{"0.0":[0,0,0],"3.9583":[0,0,0]},"scale":{"0.0":[1,1,1],"3.9583":[1,1,1]}},"hand_down":{"rotation":{"0.0":["27.5-math.sin(q.anim_time*90*3)*4",0,0],"3.9583":["27.5-math.sin(q.anim_time*90*3)*4",0,0],"4.0":["40-math.sin(q.anim_time*90*3)*4",0,0],"4.0417":["47.5-math.sin(q.anim_time*90*3)*4",0,0]},"position":{"0.0":[0,0,0],"3.9583":[0,0,0]},"scale":{"0.0":[1,1,1],"3.9583":[1,1,1]}},"hand_down1":{"rotation":{"0.0":[0,0,0],"3.9583":[0,0,0]},"position":{"0.0":[0,0,0],"3.9583":[0,0,0]},"scale":{"0.0":[1,1,1],"3.9583":[1,1,1]}},"hand_down2":{"rotation":{"0.0":[0,0,0],"3.9583":[0,0,0]},"position":{"0.0":[0,0,0],"3.9583":[0,0,0]},"scale":{"0.0":[1,1,1],"3.9583":[1,1,1]}},"body":{"position":[0,4,0]}}},"animation.clawitzer.blink":{"animation_length":0.20833,"bones":{"eye_close_left":{"position":{"0.0":[1,0,-1],"0.125":[1,0,-1],"0.1667":[0,0,0]}},"eye_close_right":{"position":{"0.0":[-1,0,-1],"0.125":[-1,0,-1],"0.1667":[0,0,0]}}}},"animation.clawitzer.cry":{"animation_length":1.25,"bones":{"head":{"rotation":{"0.2083":[0,0,0],"0.3333":[-20,0,0],"0.4167":[20,0,0],"0.5":[-20,0,0],"0.8333":[0,0,0],"0.9167":[-20,0,0],"1.0":[20,0,0],"1.0833":[-20,0,0],"1.1667":[0,0,0]}}},"sound_effects":{"0.0417":{"effect":"pokemon.clawitzer.cry"}}},"animation.clawitzer.ground_idle":{"loop":true,"bones":{"torso":{"rotation":["-42.5+math.sin(q.anim_time*90*2+20)*2",0,0],"position":[0,"math.cos((query.anim_time*90*4.1*2 ) *-0.2)*0.8","math.cos((query.anim_time*90*2.1 *1)-17)"]},"torso_front":{"rotation":["30+math.sin(q.anim_time*90*2+20)*2","0+math.sin(q.anim_time*90*2+20)*1","0+math.sin(q.anim_time*90*2+20)*0.5"]},"head":{"rotation":["10+math.sin(q.anim_time*90*3+20)*1","0+math.sin(q.anim_time*90*3+20)*0.5","0+math.sin(q.anim_time*90*3+20)*0.5"],"position":[0,1.4,0.3]},"torso2":{"rotation":["-77.5+math.sin(q.anim_time*90*2)*-4",0,0],"position":[0,1.3,0.8]},"torso3":{"rotation":["math.sin(q.anim_time*90*2.5)*-19.5",0,0],"position":[0,0.4,0.4]},"torso4":{"rotation":["-17.5+math.sin(q.anim_time*90*2.5)*-14",0,0]},"torso5":{"rotation":["-35+math.sin(q.anim_time*90*2.5)*-14",0,0]},"arm_left":{"rotation":["0+math.sin(q.anim_time*90*3+20)*-0.1","0+math.sin(q.anim_time*90*3+20)*-1.2",0],"position":[-0.3,0,0]},"forearm_left":{"rotation":["11.6921+math.sin(q.anim_time*90*1.5+90)*2.5","48.9735+math.sin(q.anim_time*90*2+90)*2.5","100.3398+math.sin(q.anim_time*90*2.5+90)*-1.0745"],"position":[6,3.1,2.5]},"arm_right":{"rotation":["42.7342+math.sin(q.anim_time*90*1.5+90)*2.5","-15.6999+math.sin(q.anim_time*90*2+90)*2.5",16.32495],"position":[0,0.8,-0.9]},"forearm_right_front":{"rotation":[0,0,-20]},"hand_hair_right1":{"rotation":[10,0,0]},"hand_hair_right2":{"rotation":[0,0,0]},"hand_hair_left1":{"rotation":[12.5,0,0]},"hand_hair_left2":{"rotation":[0,0,0]},"hand_down":{"rotation":["15+math.sin(q.anim_time*90*0.5+90)*2.5","0+math.sin(q.anim_time*90*0.6+90)*1.5","0+math.sin(q.anim_time*190*0.6+90)*1.5"],"position":[0,0,2]},"forearm_right_back3_1":{"rotation":[0,"math.cos(query.anim_time*2*90)*2",0]},"forearm_right_back3_2":{"rotation":[0,"0*math.cos(query.anim_time*4*90)*4",0]},"forearm_right_back3_3":{"rotation":[0,"0*math.cos(query.anim_time*8*90)*8",0]},"hand_hair_right3":{"rotation":[0,0,0],"position":[0.675,0,-1.4]},"body":{"position":[0,4,0]}}}}}