{"format_version":"1.8.0","animations":{"animation.corphish.pose":{"loop":true,"bones":{"upper_body":{"rotation":[15,0,0]},"arm_left":{"rotation":[-7.53814,-3.88031,-20.75458]},"claw_left":{"rotation":[0,0,0]},"claw_left2":{"rotation":[0,0,0]},"body":{"rotation":[2.51983,0.1537,0.27083]},"tail":{"rotation":[5.15586,1.48223,-0.45408]},"tail_left":{"rotation":[0,0,15]},"butt":{"rotation":[5,0,0]},"tail_right":{"rotation":[0,0,-15]},"leg_front_left":{"rotation":[-2.28888,42.45005,-3.38905]},"leg_front_left2":{"rotation":[-1.34227,0.67796,-2.2766]},"leg_middle_left":{"rotation":[0.75048,17.46734,1.84011]},"leg_middle_left2":{"rotation":[-2.49762,0.10901,-5.00238]},"leg_front_right":{"rotation":[-4.86255,-42.36345,6.79635]},"leg_front_right2":{"rotation":[-2.47864,0.32621,-2.50706]},"leg_back_left":{"rotation":[-4.01809,-36.97906,8.93085]},"leg_back_left2":{"rotation":[-7.15656,2.24944,-2.64068]},"leg_middle_right":{"rotation":[-2.5,0,0]},"leg_back_right":{"rotation":[-10.64884,14.55187,-10.04365]},"leg_back_right2":{"rotation":[0,0,10]},"mouth":{"position":[0,0,0],"scale":1},"arm_right":{"rotation":[0,0,25]}}},"animation.corphish.ground_idle":{"loop":true,"bones":{"upper_body":{"rotation":["15+math.cos((q.anim_time)*360*1)*1",0,0]},"arm_left":{"rotation":[-0.00769,"29.4547+math.cos((q.anim_time-0.2)*360*1)*3",-8.1334]},"claw_left":{"rotation":[0,0,0]},"claw_left2":{"rotation":[0,0,0]},"body":{"rotation":[2.51983,"0.1537+math.cos((q.anim_time-0.1)*360*1)*0.1",0.27083]},"tail":{"rotation":[5.15586,1.48223,-0.45408]},"tail_left":{"rotation":[0,0,15]},"butt":{"rotation":[5,0,0]},"tail_right":{"rotation":[0,0,-15]},"leg_front_left":{"rotation":[-1.86273,24.96124,"-2.63-math.cos((-90+query.anim_time-0.2)*199 )*-4"]},"leg_front_left2":{"rotation":[-1.34227,0.67796,-2.2766]},"leg_middle_left":{"rotation":[0.71653,2.46856,"1.6456-math.cos((-90+query.anim_time-0.6)*199 )*-4"]},"leg_middle_left2":{"rotation":[-2.49762,0.10901,-5.00238]},"leg_front_right":{"rotation":[-4.86255,-42.36345,"6.7964-math.cos((-90+query.anim_time-0.2)*199 )*-4"]},"leg_front_right2":{"rotation":[-2.47864,0.32621,-2.50706]},"leg_back_left":{"rotation":[-4.01809,-36.97906,"8.9308-math.cos((-90+query.anim_time-0.9)*199 )*-4"]},"leg_back_left2":{"rotation":[-7.15656,2.24944,-2.64068]},"leg_middle_right":{"rotation":[-2.5,0,"-math.cos((-90+query.anim_time-0.6)*199 )*-4"]},"leg_back_right":{"rotation":[-10.64884,14.55187,"-10.0436-math.cos((-90+query.anim_time-0.9)*199 )*-4"]},"leg_back_right2":{"rotation":[0,0,10]},"mouth":{"position":[0,0,0],"scale":1},"arm_right":{"rotation":[11.89031,-33.16347,"3.9479-math.cos((q.anim_time-0.3)*360*1)*4"]},"eye_left":{"rotation":[0,0,0]},"pupil":{"position":[0,0,"-math.cos((q.anim_time -0.3)*360*0.2)*1"]},"pupil2":{"position":[0,0,"math.cos((q.anim_time -0.3)*360*0.2)*1"]}}},"animation.corphish.faint":{"animation_length":1.66667,"bones":{"upper_body":{"rotation":{"0.0":[15,0,0],"0.2083":[37.5,0,0]}},"arm_left":{"rotation":[-7.53814,-3.88031,-20.75458]},"claw_left":{"rotation":[0,0,0]},"claw_left2":{"rotation":[0,0,0]},"body":{"rotation":{"0.0":[2.51983,0.1537,0.27083],"0.2083":[-22.48017,0.1537,0.27083],"0.375":[-42.48017,0.1537,0.27083],"0.5833":[-42.50281,-1.68988,1.95961],"0.75":[-42.51188,1.99714,-1.41824],"0.9583":[-42.50281,-1.68988,1.95961],"1.125":[-42.51188,1.99714,-1.41824],"1.3333":[-42.50281,-1.68988,1.95961],"1.5":[-42.51188,1.99714,-1.41824]},"position":{"0.0":[0,0,0],"0.2083":[0,1,0],"0.375":[0,2,0]}},"tail":{"rotation":[5.15586,1.48223,-0.45408]},"tail_left":{"rotation":[0,0,15]},"butt":{"rotation":[5,0,0]},"tail_right":{"rotation":[0,0,-15]},"leg_front_left":{"rotation":{"0.0":[-2.28888,42.45005,-3.38905],"0.375":[-15.40534,40.11485,-23.15411]}},"leg_front_left2":{"rotation":{"0.0":[-1.34227,0.67796,-2.2766],"0.375":[-1.25837,-0.82331,-62.25961]}},"leg_middle_left":{"rotation":{"0.0":[0.75048,17.46734,1.84011],"0.2083":[-6.18264,16.38528,-21.66615],"0.375":[-10.2697,14.2256,-37.06006]}},"leg_middle_left2":{"rotation":{"0.0":[-2.49762,0.10901,-5.00238],"0.375":[-2.34941,-0.85481,-27.48247]}},"leg_front_right":{"rotation":{"0.0":[-4.86255,-42.36345,6.79635],"0.375":[-26.47676,-34.66486,40.80933]}},"leg_front_right2":{"rotation":{"0.0":[-2.47864,0.32621,-2.50706],"0.375":[-1.52251,1.98315,42.47365]}},"leg_back_left":{"rotation":{"0.0":[-4.01809,-36.97906,8.93085],"0.2083":[18.48191,-36.97906,8.93085],"0.375":[29.14026,-29.83683,-10.26373]}},"leg_back_left2":{"rotation":[-7.15656,2.24944,-2.64068]},"leg_middle_right":{"rotation":{"0.0":[-2.5,0,0],"0.2083":[-2.30991,0.95645,22.48072],"0.375":[-1.91561,1.60667,39.97314]}},"leg_back_right":{"rotation":{"0.0":[-10.64884,14.55187,-10.04365],"0.2083":[14.35116,14.55187,-10.04365],"0.375":[16.09989,12.57937,-2.59929]}},"leg_back_right2":{"rotation":[0,0,10]},"mouth":{"position":[0,0,0],"scale":1},"arm_right":{"rotation":[0,0,25]},"eye_left":{"rotation":[0,0,0]},"pupil":{"position":[0,"math.cos(query.anim_time*799)*1","math.cos(-90+query.anim_time*799 )*-1"]},"pupil2":{"position":[0,"-math.cos(query.anim_time*799)*1","math.cos(-90+query.anim_time*799 )*-1"]},"leg_middle_right2":{"rotation":{"0.0":[0,0,0],"0.375":[0,0,32.5]}}}},"animation.corphish.ground_walk":{"loop":true,"bones":{"upper_body":{"rotation":[15,0,0]},"arm_left":{"rotation":[-5.58438,26.76677,"-16.7152+math.cos((q.anim_time -0.3)*360*0.5)*5"]},"claw_left":{"rotation":[0,0,0]},"claw_left2":{"rotation":[0,0,"10+math.cos((q.anim_time -0.3)*360*0.5)*4"]},"body":{"rotation":["-math.cos((query.anim_time-0.7)*360*0.5)*1",0.1537,0.27083],"position":[0,0,"-math.cos((query.anim_time-0.7)*180)*0.1"]},"tail":{"rotation":[5.15586,1.48223,-0.45408]},"tail_left":{"rotation":[0,0,15]},"butt":{"rotation":[5,0,0]},"tail_right":{"rotation":[0,0,-15]},"leg_front_left":{"rotation":["math.cos((query.anim_time-0.2)*199)*14",0,"-math.cos((-90+query.anim_time-0.2)*199 )*-9"]},"leg_front_left2":{"rotation":[-1.34227,0.67796,-2.2766]},"leg_middle_left":{"rotation":["math.cos((query.anim_time-0.4)*199)*14",0,"math.cos((90+query.anim_time-0.5)*199 )*-9"]},"leg_middle_left2":{"rotation":[-2.49762,0.10901,-5.00238]},"leg_front_right":{"rotation":["-math.cos((query.anim_time-0.7)*199)*14",0,"math.cos((90+query.anim_time-0.8)*199 )*-9"]},"leg_front_right2":{"rotation":[-2.47864,0.32621,-2.50706]},"leg_back_left":{"rotation":["math.cos((query.anim_time-0.7)*199)*14",0,"math.cos((90+query.anim_time-0.8)*199 )*-9"]},"leg_back_left2":{"rotation":[-7.15656,2.24944,-2.64068]},"leg_middle_right":{"rotation":["-math.cos((query.anim_time-0.4)*199)*14",0,"math.cos((90+query.anim_time-0.5)*199 )*-9"]},"leg_back_right":{"rotation":["-math.cos((query.anim_time-0.2)*199)*14",0,"-math.cos((-90+query.anim_time-0.2)*199 )*-9"]},"leg_back_right2":{"rotation":[0,0,10]},"mouth":{"position":[0,0,0],"scale":1},"arm_right":{"rotation":[7.12284,-29.21893,"5.6412+math.cos((q.anim_time -0.5)*360*0.5)*5"]},"corphish":{"position":[0,0,0]},"claw_right2":{"rotation":[0,0,"-12.5+math.cos((q.anim_time -0.73)*360*0.5)*4"]}}},"animation.corphish.battle_pose":{"loop":true,"bones":{"arm_left":{"rotation":[-4.77226,18.90341,1.84137]},"claw_left":{"rotation":[-9.78855,10.97556,-40.68234]},"claw_left2":{"rotation":[0,0,42.5]},"tail":{"rotation":[35.99712,11.6629,6.85685]},"tail_left":{"rotation":[0,0,15]},"butt":{"rotation":[7.1332,14.18017,7.11931]},"tail_right":{"rotation":[0,0,-15]},"leg_front_left":{"rotation":[-2.28888,42.45005,-3.38905]},"leg_front_left2":{"rotation":[-1.34227,0.67796,-2.2766]},"leg_middle_left":{"rotation":[0.75048,17.46734,1.84011]},"leg_middle_left2":{"rotation":[-2.49762,0.10901,-5.00238]},"leg_front_right":{"rotation":[-0.28526,-42.58831,0.0223]},"leg_front_right2":{"rotation":[-2.44081,0.54094,2.48848]},"leg_back_left":{"rotation":[-4.01809,-36.97906,8.93085]},"leg_back_left2":{"rotation":[-10.83493,-0.07521,-24.79121]},"leg_middle_right":{"rotation":[-2.49762,-0.10901,-2.49762]},"leg_back_right":{"rotation":[-14.03532,11.32666,-25.07895]},"leg_back_right2":{"rotation":[0,0,17.5]},"mouth":{"position":[0,-1.5,0],"scale":1},"arm_right":{"rotation":[-12.93793,20.12516,-20.532]},"eye_left":{"position":[0,0,0]},"claw_right":{"rotation":[0,-7.5,25]},"claw_right2":{"rotation":[0,0,-30]},"leg_middle_right2":{"rotation":[0.95763,0.14017,2.30626]}}},"animation.corphish.blink":{"animation_length":0.25,"bones":{"eye_left":{"position":{"0.0":[0,0,0],"0.125":[0,0,0],"0.1667":[-1,0,0]}},"eye_right":{"position":{"0.0":[0,0,0],"0.125":[0,0,0],"0.1667":[1,0,0]}}}}}}