{"format_version":"1.8.0","animations":{"animation.cresselia.pose":{"loop":true,"bones":{"torso":{"rotation":[-5,0,0]},"neck":{"rotation":[24.58595,-22.38689,-5.50807]},"neck2":{"rotation":[-17.5,0,0]},"head":{"rotation":[-2.47864,0.32621,7.49294]},"tail":{"rotation":[5,0,2.5]},"tail2":{"rotation":[20,0,0]}}},"animation.cresselia.texture":{"loop":true,"bones":{"neck":{"position":[0,4.21696,-2.6865]},"neck2":{"position":[0,2.81908,1.02606]},"head":{"position":[0,3,0]},"moon":{"position":[5,0,0]},"moon2":{"position":[-12,0,0]},"tail":{"position":[0,0.86824,4.92404]},"tail2":{"position":[0,0.86824,4.92404]}}},"animation.cresselia.ground_idle":{"loop":true,"animation_length":4,"bones":{"torso":{"rotation":["-2.5+math.sin(query.anim_time*90*1-60)",0,0],"position":[0,"4+math.sin(query.anim_time*90*1)",0]},"neck":{"rotation":["10+math.sin(query.anim_time*90*1-120)*3",0,0]},"neck2":{"rotation":[10,0,0]},"head":{"rotation":["5+math.sin(query.anim_time*90*1-180)*5",0,0]},"tail":{"rotation":["-17.5+math.sin(query.anim_time*90*1-120)*5",0,0]},"tail2":{"rotation":["29.6916+math.sin(query.anim_time*90*1-180)*10",2.40975,-0.83182]}}},"animation.cresselia.ground_walk":{"loop":true,"animation_length":4,"bones":{"torso":{"rotation":["12.5+math.sin(query.anim_time*90*2-60)*5",0,0],"position":[0,"6+math.sin(query.anim_time*90*2)",0]},"neck":{"rotation":["15+math.sin(query.anim_time*90*2-120)*1",0,0]},"head":{"rotation":["-7.5+math.sin(query.anim_time*90*2-180)*5",0,0]},"tail":{"rotation":["0+math.sin(query.anim_time*90*2-60)*10",0,0]},"tail2":{"rotation":["27.5+math.sin(query.anim_time*90*2-120)*15",0,0]}}},"animation.cresselia.battle_idle":{"loop":true,"animation_length":4,"bones":{"body":{"rotation":["-22.5+math.sin(query.anim_time*90*2-60)*3",0,"0+math.sin(query.anim_time*90*1)*3"],"position":["0+math.sin(query.anim_time*90*1-60)","5+math.sin(query.anim_time*90*2)",0]},"neck":{"rotation":["35+math.sin(query.anim_time*90*2-120)*3",0,0]},"head":{"rotation":["20+math.sin(query.anim_time*90*2-180)*3",0,"0+math.sin(query.anim_time*90*1-120)*3"]},"tail":{"rotation":["-12.5+math.sin(query.anim_time*90*2)*3","0+math.sin(query.anim_time*90*1-60)*5",0]},"tail2":{"rotation":["27.5+math.sin(query.anim_time*90*2-120)*10","0+math.sin(query.anim_time*90*1-120)*10",0]}}},"animation.cresselia.special":{"animation_length":2.3333,"bones":{"body":{"position":{"0.0":{"post":[0,3,0],"lerp_mode":"catmullrom"}}},"torso":{"rotation":{"0.0":{"post":[0,0,0],"lerp_mode":"catmullrom"},"0.2917":{"post":[-7.5,0,0],"lerp_mode":"catmullrom"},"0.4167":{"post":[-7.5,0,0],"lerp_mode":"catmullrom"},"0.875":{"post":[12.5,0,0],"lerp_mode":"catmullrom"},"1.2917":{"post":[-7.5,0,0],"lerp_mode":"catmullrom"},"1.6667":{"post":[-12.5,0,0],"lerp_mode":"catmullrom"},"1.875":{"post":[4.14,0,0],"lerp_mode":"catmullrom"},"2.2083":[0,0,0]},"position":{"0.0":{"post":[0,0,0],"lerp_mode":"catmullrom"},"0.25":{"post":[0,-3,-2],"lerp_mode":"catmullrom"},"0.5833":{"post":[0,-3.5,-2.5],"lerp_mode":"catmullrom"},"0.875":{"post":[0,-0.55,-4.01],"lerp_mode":"catmullrom"},"1.125":{"post":[0,2.5,-1.5],"lerp_mode":"catmullrom"},"1.5417":{"post":[0,3.34,-0.55],"lerp_mode":"catmullrom"},"1.9167":[0,0,0],"2.0417":[0,-1,0],"2.25":[0,0,0]}},"neck":{"rotation":{"0.0":{"post":[0,0,0],"lerp_mode":"catmullrom"},"0.25":{"post":[-10,0,0],"lerp_mode":"catmullrom"},"0.7917":{"post":[17.5,0,0],"lerp_mode":"catmullrom"},"1.125":{"post":[32.5,0,0],"lerp_mode":"catmullrom"},"1.375":{"post":[-7.5,0,0],"lerp_mode":"catmullrom"},"1.6667":{"post":[-10,0,0],"lerp_mode":"catmullrom"},"1.9583":{"post":[5,0,0],"lerp_mode":"catmullrom"},"2.2083":{"post":[0,0,0],"lerp_mode":"catmullrom"}}},"head":{"rotation":{"0.0":{"post":[0,0,0],"lerp_mode":"catmullrom"},"0.125":{"post":[15,0,0],"lerp_mode":"catmullrom"},"0.2917":{"post":[10.36859,-1.8524,0.43023],"lerp_mode":"catmullrom"},"0.5833":{"post":[15.36859,-1.8524,0.43023],"lerp_mode":"catmullrom"},"0.9583":{"post":[20.54707,-2.36434,1.29403],"lerp_mode":"catmullrom"},"1.125":{"post":[-4.45293,-2.36434,1.29403],"lerp_mode":"catmullrom"},"1.1667":{"post":[4.78372,-2.36434,1.29403],"lerp_mode":"catmullrom"},"1.2083":{"post":[-13.47964,-2.36434,1.29403],"lerp_mode":"catmullrom"},"1.25":{"post":[-6.74299,-2.36434,1.29403],"lerp_mode":"catmullrom"},"1.2917":{"post":[-17.50634,-2.36434,1.29403],"lerp_mode":"catmullrom"},"1.3333":{"post":[-11.7697,-2.36434,1.29403],"lerp_mode":"catmullrom"},"1.375":{"post":[-20.40805,-2.36434,1.29403],"lerp_mode":"catmullrom"},"1.4167":{"post":[-17.37974,-2.36434,1.29403],"lerp_mode":"catmullrom"},"1.4583":{"post":[-29.35142,-2.36434,1.29403],"lerp_mode":"catmullrom"},"1.5":{"post":[-26.32311,-2.36434,1.29403],"lerp_mode":"catmullrom"},"1.5417":{"post":[-19.36459,-2.36434,1.29403],"lerp_mode":"catmullrom"},"1.5833":{"post":[-28.34357,-2.36434,1.29403],"lerp_mode":"catmullrom"},"1.625":{"post":[-23.75113,-2.36434,1.29403],"lerp_mode":"catmullrom"},"1.6667":{"post":[-29.99201,-2.36434,1.29403],"lerp_mode":"catmullrom"},"1.7083":{"post":[-25.2329,-2.36434,1.29403],"lerp_mode":"catmullrom"},"1.75":{"post":[-31.72379,-2.36434,1.29403],"lerp_mode":"catmullrom"},"1.7917":{"post":[-26.548,-2.36434,1.29403],"lerp_mode":"catmullrom"},"1.8333":{"post":[-33.87222,-2.36434,1.29403],"lerp_mode":"catmullrom"},"1.875":{"post":[-31.19644,-2.36434,1.29403],"lerp_mode":"catmullrom"},"2.0833":{"post":[3.30133,-0.88663,0.48526],"lerp_mode":"catmullrom"},"2.3333":[0,0,0]}},"tail":{"rotation":{"0.0":{"post":[0,0,0],"lerp_mode":"catmullrom"},"0.1667":{"post":[20,0,0],"lerp_mode":"catmullrom"},"0.375":{"post":[5,0,0],"lerp_mode":"catmullrom"},"0.7083":{"post":[-12.5,0,0],"lerp_mode":"catmullrom"},"0.9583":{"post":[-17.89807,11.91276,-3.81397],"lerp_mode":"catmullrom"},"1.3333":{"post":[-7.94743,-10.49356,3.3561],"lerp_mode":"catmullrom"},"1.6667":{"post":[9.58116,9.31885,0.60934],"lerp_mode":"catmullrom"},"1.9583":[0,0,0]}},"tail2":{"rotation":{"0.0":{"post":[0,0,0],"lerp_mode":"catmullrom"},"0.2917":{"post":[17.5,0,0],"lerp_mode":"catmullrom"},"0.5":{"post":[22.5,0,0],"lerp_mode":"catmullrom"},"0.6667":{"post":[7.5,0,0],"lerp_mode":"catmullrom"},"0.9583":{"post":[-18.3818,9.44807,-0.3462],"lerp_mode":"catmullrom"},"1.2917":{"post":[19.17584,9.44807,-0.3462],"lerp_mode":"catmullrom"},"1.5833":{"post":[36.54061,9.44807,-0.3462],"lerp_mode":"catmullrom"},"2.1667":{"post":[-3.3452,9.44807,-0.3462],"lerp_mode":"catmullrom"},"2.3333":[0,0,0]}}}},"animation.cresselia.physical":{"animation_length":2.0833,"bones":{"torso":{"rotation":{"0.0":{"post":[0,0,0],"lerp_mode":"catmullrom"},"0.125":{"post":[-17.5,0,0],"lerp_mode":"catmullrom"},"0.8333":{"post":[8.20668,2.20736,5.11894],"lerp_mode":"catmullrom"},"1.1667":{"post":[-0.82166,2.20736,5.11894],"lerp_mode":"catmullrom"},"1.25":{"post":[-8.07874,2.20736,5.11894],"lerp_mode":"catmullrom"},"1.2917":{"post":[2.99751,2.20736,5.11894],"lerp_mode":"catmullrom"},"1.375":{"post":[-6.46437,2.20736,5.11894],"lerp_mode":"catmullrom"},"1.7083":[0,0,0]},"position":{"0.0":{"post":[0,0,0],"lerp_mode":"catmullrom"},"0.1667":{"post":[0,4,0],"lerp_mode":"catmullrom"},"0.4583":{"post":[0,5,0],"lerp_mode":"catmullrom"},"0.75":{"post":[0,5,0],"lerp_mode":"catmullrom"},"1.125":{"post":[0,6,4],"lerp_mode":"catmullrom"},"1.25":{"post":[0,-1,-5],"lerp_mode":"catmullrom"},"1.5417":{"post":[0,3,-3],"lerp_mode":"catmullrom"},"1.8333":{"post":[0,-0.55,-1.63],"lerp_mode":"catmullrom"},"2.0833":[0,0,0]}},"neck":{"rotation":{"0.0":{"post":[0,0,0],"lerp_mode":"catmullrom"},"0.25":{"post":[12.5,0,0],"lerp_mode":"catmullrom"},"0.8333":{"post":[20,0,0],"lerp_mode":"catmullrom"},"1.0833":{"post":[35,0,0],"lerp_mode":"catmullrom"},"1.2917":{"post":[7.5,0,0],"lerp_mode":"catmullrom"},"1.375":{"post":[20,0,0],"lerp_mode":"catmullrom"},"1.5":{"post":[15,0,0],"lerp_mode":"catmullrom"},"1.9583":[0,0,0]}},"head":{"rotation":{"0.0":{"post":[0,0,0],"lerp_mode":"catmullrom"},"0.25":{"post":[-20,0,0],"lerp_mode":"catmullrom"},"0.4167":{"post":[-7.5,0,0],"lerp_mode":"catmullrom"},"1.1667":{"post":[7.5,0,0],"lerp_mode":"catmullrom"},"1.25":{"post":[-40,0,0],"lerp_mode":"catmullrom"},"1.75":{"post":[9.81,0,0],"lerp_mode":"catmullrom"},"2.0833":{"post":[0,0,0],"lerp_mode":"catmullrom"}}},"tail":{"rotation":{"0.0":{"post":[0,0,0],"lerp_mode":"catmullrom"},"0.1667":{"post":[14.87099,1.82277,4.0522],"lerp_mode":"catmullrom"},"0.2917":{"post":[-15.12901,1.82277,4.0522],"lerp_mode":"catmullrom"},"0.8333":{"post":[1.31005,1.82277,4.0522],"lerp_mode":"catmullrom"},"1.2083":{"post":[18.21493,1.82277,4.0522],"lerp_mode":"catmullrom"},"1.2917":{"post":[-1.78507,1.82277,4.0522],"lerp_mode":"catmullrom"},"1.375":{"post":[10.71493,1.82277,4.0522],"lerp_mode":"catmullrom"},"1.4583":{"post":[3.21493,1.82277,4.0522],"lerp_mode":"catmullrom"},"1.6667":{"post":[-6.78507,1.82277,4.0522],"lerp_mode":"catmullrom"},"1.8333":{"post":[8.21493,1.82277,4.0522],"lerp_mode":"catmullrom"},"2.0833":{"post":[0,0,0],"lerp_mode":"catmullrom"}}},"tail2":{"rotation":{"0.0":{"post":[0,0,0],"lerp_mode":"catmullrom"},"0.0833":{"post":[-12.5,0,0],"lerp_mode":"catmullrom"},"0.25":{"post":[22.5,0,0],"lerp_mode":"catmullrom"},"0.5":{"post":[-15,0,0],"lerp_mode":"catmullrom"},"0.9167":{"post":[2.5,0,0],"lerp_mode":"catmullrom"},"1.2083":{"post":[22.5,0,0],"lerp_mode":"catmullrom"},"1.3333":{"post":[-2.5,0,0],"lerp_mode":"catmullrom"},"1.4583":{"post":[10,0,0],"lerp_mode":"catmullrom"},"1.5833":{"post":[2.78396,-0.82749,-1.81926],"lerp_mode":"catmullrom"},"1.7917":{"post":[-11.52624,-4.13544,-4.32224],"lerp_mode":"catmullrom"},"2.0833":{"post":[0,0,0],"lerp_mode":"catmullrom"}}}}},"animation.cresselia.status":{"animation_length":1.625,"bones":{"torso":{"rotation":{"0.0":{"post":[0,0,0],"lerp_mode":"catmullrom"},"0.5417":{"post":[-15,0,0],"lerp_mode":"catmullrom"},"1.2917":{"post":[0,0,0],"lerp_mode":"catmullrom"},"1.4583":{"post":[5,0,0],"lerp_mode":"catmullrom"},"1.625":{"post":[0,0,0],"lerp_mode":"catmullrom"},"3.1667":{"post":[5,0,0],"lerp_mode":"catmullrom"}},"position":{"0.0":{"post":[0,0,0],"lerp_mode":"catmullrom"},"0.0833":{"post":[0,3,0],"lerp_mode":"catmullrom"},"0.8333":{"post":[0,4,0],"lerp_mode":"catmullrom"},"1.4583":{"post":[0,0,0],"lerp_mode":"catmullrom"}}},"neck":{"rotation":{"0.0":{"post":[0,0,0],"lerp_mode":"catmullrom"},"0.125":{"post":[17.5,0,0],"lerp_mode":"catmullrom"},"0.8333":{"post":[-12.5,0,0],"lerp_mode":"catmullrom"},"1.2917":{"post":[6.67,0,0],"lerp_mode":"catmullrom"},"1.4583":{"post":[0,0,0],"lerp_mode":"catmullrom"}}},"head":{"rotation":{"0.0":{"post":[0,0,0],"lerp_mode":"catmullrom"},"0.2083":{"post":[22.5,0,0],"lerp_mode":"catmullrom"},"0.4583":{"post":[10,0,0],"lerp_mode":"catmullrom"},"1.0417":{"post":[-11.93523,-1.45777,-3.14501],"lerp_mode":"catmullrom"},"1.2917":{"post":[-12.11414,-0.40694,-0.87794],"lerp_mode":"catmullrom"},"1.4583":{"post":[3.94293,-0.20347,-0.43897],"lerp_mode":"catmullrom"},"1.625":{"post":[0,0,0],"lerp_mode":"catmullrom"}}},"tail":{"rotation":{"0.0":{"post":[0,0,0],"lerp_mode":"catmullrom"},"0.2083":{"post":[-27.5,0,0],"lerp_mode":"catmullrom"},"0.7083":{"post":[-32.5,0,0],"lerp_mode":"catmullrom"},"1.1667":{"post":[-17.5,0,0],"lerp_mode":"catmullrom"},"1.625":{"post":[0,0,0],"lerp_mode":"catmullrom"}}},"tail2":{"rotation":{"0.0":{"post":[0,0,0],"lerp_mode":"catmullrom"},"0.2083":{"post":[20,0,0],"lerp_mode":"catmullrom"},"0.4167":{"post":[5,0,0],"lerp_mode":"catmullrom"},"0.7917":{"post":[-45,0,0],"lerp_mode":"catmullrom"},"1.0417":{"post":[-52.5,0,0],"lerp_mode":"catmullrom"},"1.625":{"post":[0,0,0],"lerp_mode":"catmullrom"}}}}},"animation.cresselia.recoil":{"animation_length":0.4583,"bones":{"torso":{"rotation":{"0.0":{"post":[0,0,0],"lerp_mode":"catmullrom"},"0.125":{"post":[-12.60443,-7.32123,1.63219],"lerp_mode":"catmullrom"},"0.2083":{"post":[2.50238,2.49762,0.10912],"lerp_mode":"catmullrom"},"0.2917":{"post":[0,0,0],"lerp_mode":"catmullrom"}}},"neck":{"rotation":{"0.0":{"post":[0,0,0],"lerp_mode":"catmullrom"},"0.1667":{"post":[12.5,0,0],"lerp_mode":"catmullrom"},"0.2917":{"post":[0,0,0],"lerp_mode":"catmullrom"},"0.4583":{"post":[0,0,0],"lerp_mode":"catmullrom"}}},"head":{"rotation":{"0.0":{"post":[0,0,0],"lerp_mode":"catmullrom"},"0.125":{"post":[-40,0,0],"lerp_mode":"catmullrom"},"0.2917":{"post":[12.5,0,0],"lerp_mode":"catmullrom"},"0.375":{"post":[0,0,0],"lerp_mode":"catmullrom"}}},"eyes":{"scale":{"0.0":[1,1,1],"0.0417":[0.7,1,1],"0.375":[0.7,1,1],"0.4167":[1,1,1]}}}},"animation.cresselia.faint":{"animation_length":5,"bones":{"body":{"rotation":{"0.0":{"post":[0,0,0],"lerp_mode":"catmullrom"},"0.1667":{"post":[-7.5,0,0],"lerp_mode":"catmullrom"},"0.3333":{"post":[7.5,0,0],"lerp_mode":"catmullrom"},"1.2917":{"post":[-5,0,0],"lerp_mode":"catmullrom"},"1.5":{"post":[-15,0,0],"lerp_mode":"catmullrom"},"1.6667":[15,0,0]},"position":{"0.125":{"pre":[0,-1,0],"post":[0,-1,0],"lerp_mode":"catmullrom"},"0.375":{"post":[0,2,0],"lerp_mode":"catmullrom"},"1.0":{"post":[0,3,0],"lerp_mode":"catmullrom"},"1.2917":{"post":[0,3,0],"lerp_mode":"catmullrom"},"1.5":[0,-3,0],"1.5833":[0,-2,0],"1.6667":[0,-3,0],"1.75":[0,-2.5,0],"1.8333":[0,-3,0]}},"torso":{"position":[0,0,0]},"neck":{"rotation":{"0.0":{"post":[0,0,0],"lerp_mode":"catmullrom"},"0.125":{"post":[12.5,0,0],"lerp_mode":"catmullrom"},"0.2917":{"post":[2.5,0,0],"lerp_mode":"catmullrom"},"0.375":{"post":[7.5,0,0],"lerp_mode":"catmullrom"},"0.4583":{"post":[5,0,0],"lerp_mode":"catmullrom"},"0.75":{"post":[17.5,0,0],"lerp_mode":"catmullrom"},"1.2917":{"post":[-5,0,0],"lerp_mode":"catmullrom"},"1.5833":{"post":[12.5,0,0],"lerp_mode":"catmullrom"},"1.7083":{"post":[22.5,0,0],"lerp_mode":"catmullrom"},"1.8333":{"post":[17.5,0,0],"lerp_mode":"catmullrom"},"1.9583":[20,0,0]}},"neck2":{"rotation":{"0.0":{"post":[0,0,0],"lerp_mode":"catmullrom"},"0.125":{"post":[-5,0,0],"lerp_mode":"catmullrom"},"0.25":{"post":[5,0,0],"lerp_mode":"catmullrom"},"0.7917":{"post":[10,0,0],"lerp_mode":"catmullrom"},"1.2083":{"post":[15,0,0],"lerp_mode":"catmullrom"},"1.5833":{"post":[-10,0,0],"lerp_mode":"catmullrom"},"1.8333":[17.5,0,0]}},"head":{"rotation":{"0.0":{"post":[0,0,0],"lerp_mode":"catmullrom"},"0.125":{"post":[-30.40773,24.1782,-13.51584],"lerp_mode":"catmullrom"},"0.2917":{"post":[-7.52235,-2.21738,1.15495],"lerp_mode":"catmullrom"},"0.4583":{"post":[0,0,0],"lerp_mode":"catmullrom"},"1.1667":{"post":[5,0,0],"lerp_mode":"catmullrom"},"1.4583":{"post":[-25,0,0],"lerp_mode":"catmullrom"},"1.7083":{"post":[-27.5,0,0],"lerp_mode":"catmullrom"},"1.9167":[10,0,0],"2.4583":[17.5,0,0]}},"tail":{"rotation":{"0.0":{"post":[0,0,0],"lerp_mode":"catmullrom"},"0.1667":{"post":[20,0,0],"lerp_mode":"catmullrom"},"0.3333":{"post":[-27.5,0,0],"lerp_mode":"catmullrom"},"0.5417":{"post":[-17.5,0,0],"lerp_mode":"catmullrom"},"1.1667":{"post":[2.5,0,0],"lerp_mode":"catmullrom"},"1.4167":{"post":[20,0,0],"lerp_mode":"catmullrom"},"1.5833":{"post":[-15,0,0],"lerp_mode":"catmullrom"},"1.75":{"post":[17.5,0,0],"lerp_mode":"catmullrom"},"2.0417":[-15,0,0]}},"tail2":{"rotation":{"0.0":{"post":[0,0,0],"lerp_mode":"catmullrom"},"0.1667":{"post":[-6.97572,-2.69651,-0.43114],"lerp_mode":"catmullrom"},"0.3333":{"post":[30.81772,-2.69651,-0.43114],"lerp_mode":"catmullrom"},"0.5417":{"post":[-15.97703,-2.69651,-0.43114],"lerp_mode":"catmullrom"},"1.0833":{"post":[-18.47703,-2.69651,-0.43114],"lerp_mode":"catmullrom"},"1.2917":{"post":[14.02297,-2.69651,-0.43114],"lerp_mode":"catmullrom"},"1.5417":{"post":[19.02297,-2.69651,-0.43114],"lerp_mode":"catmullrom"},"1.6667":{"post":[-23.47703,-2.69651,-0.43114],"lerp_mode":"catmullrom"},"1.8333":{"post":[9.02297,-2.69651,-0.43114],"lerp_mode":"catmullrom"},"2.0":{"post":[16.52297,-2.69651,-0.43114],"lerp_mode":"catmullrom"},"2.2083":[0,0,0]}},"eyes":{"scale":{"0.0":{"post":[1,1,1],"lerp_mode":"catmullrom"},"0.0833":{"post":[1,1,1],"lerp_mode":"catmullrom"},"0.125":{"post":[0.7,1,1],"lerp_mode":"catmullrom"},"0.25":{"post":[0.7,1,1],"lerp_mode":"catmullrom"},"0.2917":{"post":[1,1,1],"lerp_mode":"catmullrom"},"1.6667":{"post":[1,1,1],"lerp_mode":"catmullrom"},"1.7083":[0.7,1,1]}}}},"animation.cresselia.sleep":{"loop":true,"animation_length":4,"bones":{"torso":{"rotation":["10+math.sin(query.anim_time*90*1-60)",0,0],"position":[0,"0+math.sin(query.anim_time*90*1)",0]},"neck":{"rotation":["20+math.sin(query.anim_time*90*1-120)*2",0,0]},"neck2":{"rotation":[20,0,0]},"head":{"rotation":[25,"0+math.sin(query.anim_time*90*1)",0]},"tail":{"rotation":["-32.5+math.sin(query.anim_time*90*1-120)*5",0,0]},"tail2":{"rotation":[-24.43984,5.42856,-0.98627]},"eyes":{"scale":[0.9,1,1]}}},"animation.cresselia.cry":{"animation_length":1.2917,"sound_effects":{"0.0417":{"effect":"pokemon.cresselia.cry"}},"bones":{"head":{"rotation":{"0.0":[0,0,0],"0.0833":[37.5,0,0],"0.375":[-12.5,0,0],"0.7083":[-12.5,0,0],"1.1667":[-12.5,0,0],"1.2917":[0,0,0]}}}}}}