{"format_version":"1.8.0","animations":{"animation.cyclizar.ground_idle":{"loop":true,"bones":{"leg_right":{"rotation":["-26.6661+math.sin(q.anim_time*90*2)*2",22.81781,5.55225],"position":[0,-1.75,0]},"legr2":{"rotation":["28.5664-math.sin(q.anim_time*90*2)*2",7.54672,-1.17702],"position":[0,0,"-0.5-math.sin(q.anim_time*90*2)*0.2"]},"leg_left":{"rotation":["-26.8081+math.sin(q.anim_time*90*2)*2",-30.00794,-1.70011],"position":[0,-1.25,0]},"legl2":{"rotation":["27.5-math.sin(q.anim_time*90*2)*2",0,0],"position":[0,0.25,"-0.5-math.sin(q.anim_time*90*2)*0.2"]},"torso":{"rotation":["10-math.sin(q.anim_time*90*2)*2",0,0]},"head":{"rotation":["math.sin(q.anim_time*90*2-40)*2",0,0]},"lowerjaw":{"rotation":[0,0,0]},"arm_left":{"rotation":[0,-22.5,57.5]},"armL2":{"rotation":[0,"85-math.sin(q.anim_time*90*2)*5",0]},"fingers_left":{"rotation":["math.sin(q.anim_time*90*2-120)*8",-12.5,17.5],"position":[0.25,1,0]},"arm_right":{"rotation":["math.sin(q.anim_time*90*2-60)*2",7.5,-47.5]},"armr2":{"rotation":[113.04257,-79.10432,"-80.8553+math.sin(q.anim_time*90*2-70)*3"]},"tail":{"rotation":["-57.5+math.sin(q.anim_time*90*1-10)*2","-math.sin(q.anim_time*90*2-10)*5",0],"position":[0,1,-3]},"tail2":{"rotation":["-12.5+math.sin(q.anim_time*90*1-70)*4","-math.sin(q.anim_time*90*2-70)*10",0],"position":[0,0,-0.5]},"tail3":{"rotation":["35+math.sin(q.anim_time*90*1-120)*6","-math.sin(q.anim_time*90*2-120)*15",0],"position":[0,-0.5,-0.5]},"tail4":{"rotation":["40+math.sin(q.anim_time*90*1-150)*8","-math.sin(q.anim_time*90*2-150)*20",0]},"fingers_right":{"rotation":["math.sin(q.anim_time*90*2-120)*8",12.5,-17.5],"position":[-0.25,1,0]},"wheel":{"scale":0},"seat2":{"rotation":[-52.5,0,0]}}},"animation.cyclizar.blink":{"animation_length":0.1667,"bones":{"eye_left":{"position":{"0.0":[-1,0,0],"0.125":[-1,0,0],"0.1667":[0,0,0]}},"eye_right":{"position":{"0.0":[1,0,0],"0.125":[1,0,0],"0.1667":[0,0,0]}}}},"animation.cyclizar.ground_walk":{"loop":true,"animation_length":1.04167,"bones":{"torso":{"rotation":{"0.0":{"post":[90,0,0],"lerp_mode":"catmullrom"},"0.375":{"post":[92,0,0],"lerp_mode":"catmullrom"},"0.8333":{"post":[84.61,0,0],"lerp_mode":"catmullrom"},"1.0417":{"post":[90,0,0],"lerp_mode":"catmullrom"}},"position":{"0.0":{"post":[0,-4,0],"lerp_mode":"catmullrom"},"0.4167":{"post":[0,-2.15,0],"lerp_mode":"catmullrom"},"0.8333":{"post":[0,-2.225,0],"lerp_mode":"catmullrom"},"1.0417":{"post":[0,-4,0],"lerp_mode":"catmullrom"}}},"head":{"rotation":{"0.0":{"post":[-87.5,0,0],"lerp_mode":"catmullrom"},"0.2917":{"post":[-72.5,0,0],"lerp_mode":"catmullrom"},"0.75":{"post":[-95.25,0,0],"lerp_mode":"catmullrom"},"1.0417":{"post":[-87.5,0,0],"lerp_mode":"catmullrom"}},"position":{"0.0":{"post":[0,0,6],"lerp_mode":"catmullrom"},"1.0417":{"post":[0,0,6],"lerp_mode":"catmullrom"}}},"arm_left":{"rotation":{"0.0":{"post":[-47.37747,55.589,-52.79314],"lerp_mode":"catmullrom"},"0.1667":{"post":[32.38026,74.99751,36.91823],"lerp_mode":"catmullrom"},"0.3333":{"post":[61.94268,35.55021,72.78227],"lerp_mode":"catmullrom"},"0.6667":{"post":[5.10603,84.92583,27.97211],"lerp_mode":"catmullrom"},"1.0417":{"post":[-47.37747,55.589,-52.79314],"lerp_mode":"catmullrom"}},"position":{"0.0":{"post":[0,0,4.65],"lerp_mode":"catmullrom"},"0.1667":{"post":[0,-0.31,6.77],"lerp_mode":"catmullrom"},"0.3333":{"post":[0,-0.55,4.45],"lerp_mode":"catmullrom"},"0.5":{"post":[0,-0.55,6.605],"lerp_mode":"catmullrom"},"1.0417":{"post":[0,0,4.65],"lerp_mode":"catmullrom"}}},"armL2":{"rotation":{"0.0":{"post":[-39.11719,26.26856,-22.08894],"lerp_mode":"catmullrom"},"0.3333":{"post":[-6.40121,25.55845,-31.24458],"lerp_mode":"catmullrom"},"0.6667":{"post":[-4.35505,-23.62834,63.23051],"lerp_mode":"catmullrom"},"1.0417":{"post":[-39.11719,26.26856,-22.08894],"lerp_mode":"catmullrom"}},"position":{"0.0":{"post":[0,0,0],"lerp_mode":"catmullrom"},"0.6667":{"post":[0,0,0],"lerp_mode":"catmullrom"},"0.875":{"post":[-3.55,0,0],"lerp_mode":"catmullrom"},"1.0417":{"post":[0,0,0],"lerp_mode":"catmullrom"}}},"fingers_left":{"rotation":{"0.0":{"post":[-26.29607,-2.01188,-110.8165],"lerp_mode":"catmullrom"},"0.3333":{"post":[-6.40121,25.55845,-31.24458],"lerp_mode":"catmullrom"},"0.6667":{"post":[-4.35505,-23.62834,63.23051],"lerp_mode":"catmullrom"},"1.0417":{"post":[-26.29607,-2.01188,-110.8165],"lerp_mode":"catmullrom"}}},"arm_right":{"rotation":{"0.0":{"post":[-47.37747,-55.589,52.79314],"lerp_mode":"catmullrom"},"0.1667":{"post":[32.38026,-74.99751,-36.91823],"lerp_mode":"catmullrom"},"0.3333":{"post":[61.94268,-35.55021,-72.78227],"lerp_mode":"catmullrom"},"0.6667":{"post":[5.10603,-84.92583,-27.97211],"lerp_mode":"catmullrom"},"1.0417":{"post":[-47.37747,-55.589,52.79314],"lerp_mode":"catmullrom"}},"position":{"0.0":{"post":[0,0,4.65],"lerp_mode":"catmullrom"},"0.1667":{"post":[0,-0.31,6.77],"lerp_mode":"catmullrom"},"0.3333":{"post":[0,-0.55,4.45],"lerp_mode":"catmullrom"},"0.5":{"post":[0,-0.55,6.605],"lerp_mode":"catmullrom"},"1.0417":{"post":[0,0,4.65],"lerp_mode":"catmullrom"}}},"armr2":{"rotation":{"0.0":{"post":[-39.11719,-26.26856,22.08894],"lerp_mode":"catmullrom"},"0.3333":{"post":[-6.40121,-25.55845,31.24458],"lerp_mode":"catmullrom"},"0.6667":{"post":[-4.35505,23.62834,-63.23051],"lerp_mode":"catmullrom"},"1.0417":{"post":[-39.11719,-26.26856,22.08894],"lerp_mode":"catmullrom"}},"position":{"0.0":{"post":[0,0,0],"lerp_mode":"catmullrom"},"0.6667":{"post":[0,0,0],"lerp_mode":"catmullrom"},"0.875":{"post":[3.55,0,0],"lerp_mode":"catmullrom"},"1.0417":{"post":[0,0,0],"lerp_mode":"catmullrom"}}},"tail":{"rotation":{"0.0":{"post":[-103.5,0,0],"lerp_mode":"catmullrom"},"0.2083":{"post":[-115,0,0],"lerp_mode":"catmullrom"},"0.5833":{"post":[-88.25,0,0],"lerp_mode":"catmullrom"},"1.0417":{"post":[-103.5,0,0],"lerp_mode":"catmullrom"}},"position":{"0.0":{"post":[0,0,-3],"lerp_mode":"catmullrom"},"1.0417":{"post":[0,0,-3],"lerp_mode":"catmullrom"}},"scale":0},"cyclizar":{"position":{"0.0":{"post":[0,0,0],"lerp_mode":"catmullrom"},"0.375":{"post":[0,1.125,0],"lerp_mode":"catmullrom"},"1.0417":{"post":[0,0,0],"lerp_mode":"catmullrom"}}},"leg_right":{"rotation":{"0.0":{"post":[27.90693,-4.97026,-3.30512],"lerp_mode":"catmullrom"},"0.375":{"post":[-3.84307,-4.97026,-3.30512],"lerp_mode":"catmullrom"},"0.625":{"post":[-8.61275,6.97778,-4.42274],"lerp_mode":"catmullrom"},"0.875":{"post":[10.44659,0.09571,-3.77899],"lerp_mode":"catmullrom"},"1.0417":{"post":[27.90693,-4.97026,-3.30512],"lerp_mode":"catmullrom"}},"position":{"0.0":{"post":[0,0,0],"lerp_mode":"catmullrom"},"0.375":{"post":[0,0.95,0],"lerp_mode":"catmullrom"},"0.625":{"post":[0,1.285,1.76],"lerp_mode":"catmullrom"},"0.8333":{"post":[0,0.29,2.825],"lerp_mode":"catmullrom"},"1.0417":{"post":[0,0,0],"lerp_mode":"catmullrom"}}},"legr2":{"rotation":{"0.0":{"post":[48.5,0,0],"lerp_mode":"catmullrom"},"0.1667":{"post":[63.5,0,0],"lerp_mode":"catmullrom"},"0.375":{"post":[50,0,0],"lerp_mode":"catmullrom"},"0.625":{"post":[3.19482,5.82692,12.87232],"lerp_mode":"catmullrom"},"1.0417":{"post":[48.5,0,0],"lerp_mode":"catmullrom"}}},"fingers_right2":{"rotation":{"0.0":{"post":[0,0,0],"lerp_mode":"catmullrom"},"0.1667":{"post":[37.5,-19.5,0],"lerp_mode":"catmullrom"},"0.375":{"post":[-17.59896,-9.24938,6.43662],"lerp_mode":"catmullrom"},"0.5417":{"post":[-24.39832,-6.64985,5.58176],"lerp_mode":"catmullrom"},"0.625":{"post":[10.91866,-4.00464,-4.2662],"lerp_mode":"catmullrom"},"0.8333":{"post":[-24.83336,-1.83699,-2.7486],"lerp_mode":"catmullrom"},"1.0417":{"post":[0,0,0],"lerp_mode":"catmullrom"}}},"leg_left":{"rotation":{"0.0":{"post":[27.90693,4.97026,3.30512],"lerp_mode":"catmullrom"},"0.375":{"post":[-3.84307,4.97026,3.30512],"lerp_mode":"catmullrom"},"0.625":{"post":[-8.61275,-6.97778,4.42274],"lerp_mode":"catmullrom"},"0.875":{"post":[10.44659,-0.09571,3.77899],"lerp_mode":"catmullrom"},"1.0417":{"post":[27.90693,4.97026,3.30512],"lerp_mode":"catmullrom"}},"position":{"0.0":{"post":[0,0,0],"lerp_mode":"catmullrom"},"0.375":{"post":[0,0.95,0],"lerp_mode":"catmullrom"},"0.625":{"post":[0,1.285,1.76],"lerp_mode":"catmullrom"},"0.8333":{"post":[0,0.29,2.825],"lerp_mode":"catmullrom"},"1.0417":{"post":[0,0,0],"lerp_mode":"catmullrom"}}},"legl2":{"rotation":{"0.0":{"post":[48.5,0,0],"lerp_mode":"catmullrom"},"0.1667":{"post":[63.5,0,0],"lerp_mode":"catmullrom"},"0.375":{"post":[50,0,0],"lerp_mode":"catmullrom"},"0.625":{"post":[3.19482,-5.82692,-12.87232],"lerp_mode":"catmullrom"},"1.0417":{"post":[48.5,0,0],"lerp_mode":"catmullrom"}}},"fingers_left2":{"rotation":{"0.0":{"post":[0,0,0],"lerp_mode":"catmullrom"},"0.1667":{"post":[37.5,19.5,0],"lerp_mode":"catmullrom"},"0.375":{"post":[-17.59896,9.24938,-6.43662],"lerp_mode":"catmullrom"},"0.5417":{"post":[-24.39832,6.64985,-5.58176],"lerp_mode":"catmullrom"},"0.625":{"post":[10.91866,4.00464,4.2662],"lerp_mode":"catmullrom"},"0.8333":{"post":[-24.83336,1.83699,2.7486],"lerp_mode":"catmullrom"},"1.0417":{"post":[0,0,0],"lerp_mode":"catmullrom"}}},"tail2":{"rotation":{"0.0":{"post":[0,0,0],"lerp_mode":"catmullrom"},"0.2083":{"post":[-3,0,0],"lerp_mode":"catmullrom"},"0.5833":{"post":[13,0,0],"lerp_mode":"catmullrom"},"1.0417":{"post":[0,0,0],"lerp_mode":"catmullrom"}},"position":{"0.0":{"post":[0,0,0],"lerp_mode":"catmullrom"},"1.0417":{"post":[0,0,0],"lerp_mode":"catmullrom"}}},"tail3":{"rotation":{"0.0":{"post":[0,0,0],"lerp_mode":"catmullrom"},"0.2083":{"post":[-3,0,0],"lerp_mode":"catmullrom"},"0.5833":{"post":[13,0,0],"lerp_mode":"catmullrom"},"1.0417":{"post":[0,0,0],"lerp_mode":"catmullrom"}},"position":{"0.0":{"post":[0,0,0],"lerp_mode":"catmullrom"},"1.0417":{"post":[0,0,0],"lerp_mode":"catmullrom"}}},"tail4":{"rotation":{"0.0":{"post":[0,0,0],"lerp_mode":"catmullrom"},"0.2083":{"post":[-3,0,0],"lerp_mode":"catmullrom"},"0.5833":{"post":[13,0,0],"lerp_mode":"catmullrom"},"1.0417":{"post":[0,0,0],"lerp_mode":"catmullrom"}},"position":{"0.0":{"post":[0,0,0],"lerp_mode":"catmullrom"},"1.0417":{"post":[0,0,0],"lerp_mode":"catmullrom"}}},"fingers_right":{"rotation":{"0.0":{"post":[-26.29607,2.01188,110.8165],"lerp_mode":"catmullrom"},"0.3333":{"post":[-6.40121,-25.55845,31.24458],"lerp_mode":"catmullrom"},"0.6667":{"post":[-4.35505,23.62834,-63.23051],"lerp_mode":"catmullrom"},"1.0417":{"post":[-26.29607,2.01188,110.8165],"lerp_mode":"catmullrom"}}},"seat2":{"rotation":[-78,0,0]}}},"animation.cyclizar.tpose":{"loop":true,"bones":{"cyclizar":{"position":[0,0,"q.anim_time*-90*0.6"]}}}}}