{"format_version":"1.8.0","animations":{"animation.darumakagalar.ground_idle":{"loop":true,"animation_length":1,"bones":{"torso":{"rotation":["2.5 * (1 - math.sin(q.anim_time * 6 * 60 - 30))",0,0],"position":[0,"-0.5 + 0.1 * math.sin(q.anim_time * 6 * 60)",0]},"arm_right":{"rotation":[0,0,"5 * (-1 + math.sin(q.anim_time * 6 * 60 - 60))"]},"arm_left":{"rotation":[0,0,"-5 * (-1 + math.sin(q.anim_time * 6 * 60 - 60))"]}}},"animation.darumakagalar.ground_walk":{"loop":true,"animation_length":1,"bones":{"body":{"rotation":[0,"10 * math.cos(q.anim_time * 6 * 60)","17.5 * math.sin(q.anim_time * 6 * 60)"],"position":[0,"- 0.5 * math.cos(q.anim_time * 6 * 120) + 0.5",0]},"leg_right":{"rotation":["10 * math.cos(q.anim_time * 6 * 60)",0,"-22.5 * ((1/0.95)*((7/16) * math.sin((q.anim_time + 0.265) * 6 * 60 - 90) +(7/64) * math.sin(2 * (q.anim_time + 0.265) * 6 * 60 - 90)  +(1/48) * math.sin(3 * (q.anim_time + 0.265) * 6 * 60 - 90) +(1/512) * math.sin(4 * (q.anim_time + 0.265) * 6 * 60 - 90)) + 0.1175) + 6"],"position":[0,0,"math.cos(q.anim_time * 6 * 60)"]},"leg_left":{"rotation":[-10,0,"22.5 * ((1/0.95)*((7/16) * math.sin((q.anim_time - 0.265) * 6 * 60 - 90) +(7/64) * math.sin(2 * (q.anim_time - 0.265) * 6 * 60 - 90)  +(1/48) * math.sin(3 * (q.anim_time - 0.265) * 6 * 60 - 90) +(1/512) * math.sin(4 * (q.anim_time - 0.265) * 6 * 60 - 90)) + 0.1175) - 6"],"position":[0,0,"-math.cos(q.anim_time * 6 * 60)"]},"arm_right":{"rotation":[0,0,"-10 + 10 * math.sin(q.anim_time * 6 * 60 - 15)"]},"arm_left":{"rotation":[0,0,"10 + 10 * math.sin(q.anim_time * 6 * 60 + 15)"]}}}}}