{"format_version":"1.8.0","animations":{"animation.dialga.ground_idle":{"loop":true,"bones":{"torso":{"rotation":[5,0,0],"position":[0,"0.3*(math.sin(q.anim_time*90*3)*1+1)",0]},"neck":{"rotation":["1*(math.sin(q.anim_time*90*3)*1+1)+1*(math.sin(q.anim_time*90*3/2)*1+1)",0,0]},"tail":{"rotation":["-1-2*(math.sin(q.anim_time*90*1*1.5-30)*3+1)",0,0]},"tail2":{"rotation":["15-3*(math.sin(q.anim_time*90*1*1.5-60)*2+1)",0,0]},"tail3":{"rotation":["15-4*(math.sin(q.anim_time*90*1*1.5-60)*2+1)",0,0]},"left_front_leg":{"rotation":["-10+2*(math.sin(q.anim_time*90*3)*1+1)",-35,0]},"left_front_knee":{"rotation":["10-2*(math.sin(q.anim_time*90*3)*1+1)",0,0]},"left_back_leg":{"rotation":["-10+2*(math.sin(q.anim_time*90*3)*1+1)",-35,0]},"left_back_knee":{"rotation":["10-2*(math.sin(q.anim_time*90*3)*1+1)",0,0]},"right_back_leg":{"rotation":["-7.5+2*(math.sin(q.anim_time*90*3)*1+1)",35,0]},"right_back_knee":{"rotation":["10-2*(math.sin(q.anim_time*90*3)*1+1)",0,0]},"right_front_leg":{"rotation":["-10+2*(math.sin(q.anim_time*90*3)*1+1)",35,0]},"right_front_knee":{"rotation":["10-2*(math.sin(q.anim_time*90*3)*1+1)",0,0]},"head":{"rotation":["-1*(math.sin(q.anim_time*90*3)*1+1)+1*(math.sin(q.anim_time*90*3/2)*1+1)",0,0]}}},"animation.dialga.ground_walk":{"loop":true,"bones":{"torso":{"rotation":["0+math.sin(q.anim_time*90*2)*0.1","0-math.cos(q.anim_time*90*2)*0.1","0+math.sin(q.anim_time*90*2)*0.1"],"position":[0,"0+math.sin(q.anim_time*90*2*2)*0.3",0]},"neck":{"rotation":["1*(math.sin(q.anim_time*90*3)*1+1)+1*(math.sin(q.anim_time*90*3/2)*1+1)",0,0]},"left_front_leg":{"rotation":["-10-math.sin(q.anim_time*90*2-240)*1","-35+math.sin(q.anim_time*90*2-240)*1",0],"position":["0+math.cos(q.anim_time*90*2-240)*0.2","0+math.clamp(math.cos(q.anim_time*90*2-240)*1.5,0,10)","0-math.sin(q.anim_time*90*2-240)*0.8"]},"left_front_knee":{"rotation":["10+math.clamp(math.sin(q.anim_time*90*2-150)*15,0,20)+math.clamp(math.sin(q.anim_time*90*2+150)*2,-2,20)",0,0]},"right_front_leg":{"rotation":["-10-math.sin(q.anim_time*90*2)*1","35+math.sin(q.anim_time*90*2)*1",0],"position":["0+math.cos(q.anim_time*90*2)*0.2","0+math.clamp(math.cos(q.anim_time*90*2)*1.5,0,10)","0-math.sin(q.anim_time*90*2)*0.8"]},"right_front_knee":{"rotation":["10+math.clamp(math.sin(q.anim_time*90*2+90)*15,0,20)+math.clamp(math.sin(q.anim_time*90*2+150)*2,-2,20)",0,0]},"left_back_leg":{"rotation":["-10-math.sin(q.anim_time*90*2-60)*1","-35+math.sin(q.anim_time*90*2-60)*1",0],"position":["0+math.cos(q.anim_time*90*2-60)*0.2","0+math.clamp(math.cos(q.anim_time*90*2-60)*1.5,0,10)","0-math.sin(q.anim_time*90*2-60)*0.8"]},"left_back_knee":{"rotation":["10+math.clamp(math.sin(q.anim_time*90*2+30)*15,0,20)+math.clamp(math.sin(q.anim_time*90*2+150)*2,-2,20)",0,0]},"right_back_leg":{"rotation":["-10-math.sin(q.anim_time*90*2-120)*1","35+math.sin(q.anim_time*90*2-120)*1",0],"position":["0+math.cos(q.anim_time*90*2-120)*0.2","0+math.clamp(math.cos(q.anim_time*90*2-120)*1.5,0,10)","0-math.sin(q.anim_time*90*2-120)*0.8"]},"right_back_knee":{"rotation":["10+math.clamp(math.sin(q.anim_time*90*2-30)*15,0,20)+math.clamp(math.sin(q.anim_time*90*2+150)*2,-2,20)",0,0]},"head":{"rotation":["-1*(math.sin(q.anim_time*90*3)*1+1)+1*(math.sin(q.anim_time*90*3/2)*1+1)",0,0]},"tail":{"rotation":["-1-2*(math.sin(q.anim_time*90*1*1.5-30)*3+1)",0,0]},"tail2":{"rotation":["15-3*(math.sin(q.anim_time*90*1*1.5-60)*2+1)",0,0]},"tail3":{"rotation":["15-4*(math.sin(q.anim_time*90*1*1.5-60)*2+1)",0,0]}}}},"geckolib_format_version":2}