{"format_version":"1.8.0","animations":{"animation.dragoniteraidboss.ground_idle":{"loop":true,"animation_length":0.83333,"bones":{"torso":{"rotation":[5,0,0]},"chest":{"rotation":[-5,0,0]},"chest2":{"rotation":[-5,0,0]},"arm_left":{"rotation":[9.28293,-8.40819,41.81615]},"arm_left2":{"rotation":[0,17.5,0]},"hand_left":{"rotation":[0.32902,7.49282,2.52154]},"finger_back_left":{"rotation":[0,0,15]},"finger_middle_left":{"rotation":[0,0,10]},"finger_front_left":{"rotation":[0,0,10]},"arm_right":{"rotation":[9.28293,8.40819,-41.81615]},"arm_right2":{"rotation":[0,-17.5,0]},"hand_right":{"rotation":[0.32902,-7.49282,-2.52154]},"finger_back_right":{"rotation":[0,0,-15]},"finger_middle_right":{"rotation":[0,0,-10]},"finger_front_right":{"rotation":[0,0,-10]},"head":{"rotation":[10,0,0]},"antenna_left":{"rotation":[-10,-7.5,0]},"antenna_left2":{"rotation":[-5,0,0]},"antenna_left3":{"rotation":[-7.5,0,0]},"tail1":{"rotation":[-10,0,0]},"tail2":{"rotation":[12.5,0,0]},"tail3":{"rotation":[15,0,0]},"tail4":{"rotation":[20,0,0]},"tail5":{"rotation":[25,0,0]},"tail6":{"rotation":[20,0,0]},"leg_left":{"rotation":[3.61644,-19.6835,-10.62758]},"leg_left2":{"rotation":[2.49762,-0.10901,2.49762]},"leg_left3":{"rotation":[-0.21803,2.49048,2.49526]},"foot_left":{"rotation":[-2.4905,0.21782,4.99527]},"leg_right":{"rotation":[3.61644,19.6835,10.62758]},"leg_right2":{"rotation":[2.49762,0.10901,-2.49762]},"leg_right3":{"rotation":[-0.21803,-2.49048,-2.49526]},"foot_right":{"rotation":[-2.4905,-0.21782,-4.99527]},"antenna_right":{"rotation":[-10,7.5,0]},"antenna_right2":{"rotation":[-5,0,0]},"antenna_right3":{"rotation":[-7.5,0,0]},"wing_left2":{"rotation":[0,12.5,0]},"wing_right2":{"rotation":[0,-12.5,0]},"wing_left":{"rotation":{"0.0":[0,0,5],"0.4167":[0,-50,5],"0.8333":[0,0,5]}},"wing_right":{"rotation":{"0.0":[0,0,-5],"0.4167":[0,50,-5],"0.8333":[0,0,-5]}}}},"animation.dragoniteraidboss.blink":{"animation_length":0.16667,"bones":{"eyelid_left":{"position":{"0.0":[0.1,0,-0.1],"0.125":[0.1,0,-0.1],"0.1667":[0,0,0]}},"eyelid_right":{"position":{"0.0":[-0.1,0,-0.1],"0.125":[-0.1,0,-0.1],"0.1667":[0,0,0]}}}}}}