{"format_version":"1.8.0","animations":{"animation.ducklett.ground_idle":{"loop":true,"bones":{"wing_open":{"scale":0}}},"animation.ducklett.ground_walk":{"loop":true,"bones":{"wing_open":{"scale":0},"leg_left":{"rotation":["math.sin(query.anim_time * 360) * 25",0,0]},"leg_right":{"rotation":["math.sin(query.anim_time * 360) * -25",0,0]}}},"animation.ducklett.water_idle":{"loop":true,"bones":{"leg_left":{"rotation":["math.sin(query.anim_time * 150) * 25",0,0]},"leg_right":{"rotation":["math.sin(query.anim_time * 160) * -25",0,0]},"body":{"position":[0,-3.6,0]},"wing_open":{"scale":0}}},"animation.ducklett.water_swim":{"loop":true,"bones":{"wing_open_left":{"rotation":[0,0,"math.sin(query.anim_time * 360) * 10"]},"leg_left":{"rotation":["math.sin(query.anim_time * 360) * 25",0,0]},"leg_right":{"rotation":["math.sin(query.anim_time * 360) * -25",0,0]},"body":{"position":[0,-5,0]},"neck":{"rotation":[87.47272,-1.76749,1.76833],"position":[0,-0.6,0]},"head":{"rotation":[-85,0,0],"position":[0,1.4,-2]},"wing_open":{"rotation":[37.5,0,0],"position":[0,0.6,1.4]},"wing_open_left_end":{"rotation":[0,0,"math.sin(query.anim_time * 360) * 10"]},"wing_close":{"scale":0},"wing_open_right":{"rotation":[0,0,"math.sin(query.anim_time * 360) * -10"]},"wing_open_right_end":{"rotation":[0,0,"math.sin(query.anim_time * 360) * -10"]}}},"animation.ducklett.air_idle":{"loop":true,"bones":{"wing_open_left":{"rotation":[0,0,"math.sin(query.anim_time * 360) * 10"]},"leg_left":{"position":[0,1.6,0]},"leg_right":{"position":[0,1.6,0]},"wing_open":{"rotation":[17.5,0,0],"position":[0,0,0.8]},"wing_open_left_end":{"rotation":[0,0,"math.sin(query.anim_time * 360) * 10"]},"wing_close":{"scale":0},"wing_open_right":{"rotation":[0,0,"math.sin(query.anim_time * 360) * -10"]},"wing_open_right_end":{"rotation":[0,0,"math.sin(query.anim_time * 360) * -10"]}}},"animation.ducklett.air_fly":{"loop":true,"bones":{"wing_open_left":{"rotation":[0,0,"math.sin(query.anim_time * 360) * 10"]},"leg_left":{"position":[0,1.6,0]},"leg_right":{"position":[0,1.6,0]},"wing_open":{"rotation":[17.5,0,0],"position":[0,0,0.8]},"wing_open_left_end":{"rotation":[0,0,"math.sin(query.anim_time * 360) * 10"]},"wing_close":{"scale":0},"wing_open_right":{"rotation":[0,0,"math.sin(query.anim_time * 360) * -10"]},"wing_open_right_end":{"rotation":[0,0,"math.sin(query.anim_time * 360) * -10"]}}},"animation.ducklett.cry":{"animation_length":1.125,"sound_effects":{"0.0":{"effect":"pokemon.ducklett.cry"}},"bones":{"neck":{"rotation":{"0.0":[0,0,0],"0.125":[25,0,0],"1.125":[0,0,0]}},"head":{"rotation":{"0.0":[0,0,0],"0.125":[-12.5,0,0],"0.3333":[-22.5,0,0],"1.0":[-22.5,0,0],"1.125":[0,0,0]}},"beakbottom":{"rotation":{"0.0":[0,0,0],"0.5417":[37.5,0,0],"0.6667":[52.5,0,0],"0.75":[30,0,0],"0.875":[62.5,0,0],"1.0417":[15,0,0],"1.125":[0,0,0]}}}}}}