{"format_version":"1.8.0","animations":{"animation.enamorus.air_idle":{"loop":true,"animation_length":2,"bones":{"arm_left":{"rotation":[0,0,27.5],"position":[0,1,0]},"arm_left1":{"rotation":[0.19321,-0.13878,112.48842],"position":[0,0.75,0]},"hand_left":{"rotation":[0,0,-90],"position":[0,1.25,0]},"thumb_left":{"position":[-0.25,0.75,0]},"tail":{"rotation":[60.24765,15.7627,19.65736]},"finger3_left":{"rotation":[0,0,-27.5]},"finger1_left":{"rotation":[0,0,-20]},"tail2":{"rotation":["35+math.cos(q.anim_time*90*2)*2",40,0],"position":[0,0,-1]},"tail3":{"rotation":["77.7992-math.cos(q.anim_time*90*2)*2",19.52286,17.71497]},"tail4":{"rotation":[70.39033,-3.73171,-11.93845],"position":[0.25,-2,-0.75]},"tail5":{"rotation":[80,0,0],"position":[0.05,-1.5,0]},"tail6":{"rotation":[94.65656,2.24944,-17.35932]},"tail7":{"rotation":[112.48072,0.95645,-2.30991]},"tail8":{"rotation":[82.75279,-1.93597,-14.87739],"position":[0.25,-2,-0.5]},"tail9":{"rotation":[125,0,0]},"tail10":{"rotation":[32.37353,-23.33702,-23.28697]},"tail11":{"rotation":[52.21619,14.24,17.60455],"position":[0,-0.5,-1]},"tail12":{"rotation":["23.1422+math.cos(q.anim_time*90*2-45)*3",-44.33813,50.92823]},"right_arm":{"rotation":[0,0,-30],"position":[0,1,0]},"right_arm2":{"rotation":[0,0,-100],"position":[0,1,0]},"right_hand":{"rotation":[0,0,75],"position":[-1.25,0,0]},"left_finger":{"rotation":[0,0,20]},"left_finger3":{"rotation":[0.21062,0.81485,34.85559]},"left_finger5":{"rotation":[0,0,27.5]},"left_finger7":{"rotation":[0,0,37.5]},"left_thumb":{"rotation":[0,0,-77.5]},"heart7":{"position":[0.5,0,0]},"heart8":{"position":[0.625,0,0]},"body":{"rotation":["math.cos(q.anim_time*90*2+90)",0,0],"position":[0,"math.cos(q.anim_time*90*2)/2",0]},"torso":{"rotation":["math.cos(q.anim_time*90*2)",0,0]}}},"animation.enamorus.air_fly":{"loop":true,"animation_length":4,"bones":{"arm_left":{"rotation":[0,0,27.5],"position":[0,1,0]},"arm_left1":{"rotation":[0.19321,-0.13878,112.48842],"position":[0,0.75,0]},"hand_left":{"rotation":[0,0,-90],"position":[0,1.25,0]},"thumb_left":{"position":[-0.25,0.75,0]},"tail":{"rotation":[60.24765,15.7627,19.65736]},"finger3_left":{"rotation":[0,0,-27.5]},"finger1_left":{"rotation":[0,0,-20]},"tail2":{"rotation":["30+math.cos(q.anim_time*90*2)*2",40,0],"position":[0,0,-1]},"tail3":{"rotation":["76.1472-math.cos(q.anim_time*90*2)*2",18.2256,12.61147]},"tail4":{"rotation":[70.39033,-3.73171,-11.93845],"position":[0.25,-2,-0.75]},"tail5":{"rotation":[80,0,0],"position":[0.05,-1.5,0]},"tail6":{"rotation":[94.65656,2.24944,-17.35932]},"tail7":{"rotation":[112.48072,0.95645,-2.30991]},"tail8":{"rotation":[82.75279,-1.93597,-14.87739],"position":[0.25,-2,-0.5]},"tail9":{"rotation":[125,0,0]},"tail10":{"rotation":[32.37353,-23.33702,-23.28697]},"tail11":{"rotation":[52.21619,14.24,17.60455],"position":[0,-0.5,-1]},"tail12":{"rotation":["23.1422+math.cos(q.anim_time*90*2-45)*3",-44.33813,50.92823]},"right_arm":{"rotation":[0,0,-30],"position":[0,1,0]},"right_arm2":{"rotation":[0,0,-100],"position":[0,1,0]},"right_hand":{"rotation":[0,0,75],"position":[-1.25,0,0]},"left_finger":{"rotation":[0,0,20]},"left_finger3":{"rotation":[0.21062,0.81485,34.85559]},"left_finger5":{"rotation":[0,0,27.5]},"left_finger7":{"rotation":[0,0,37.5]},"left_thumb":{"rotation":[0,0,-77.5]},"heart7":{"position":[0.5,0,0]},"heart8":{"position":[0.625,0,0]},"body":{"rotation":["15+math.cos(q.anim_time*90*2+90)",0,"math.cos(q.anim_time*90+90)"],"position":["math.cos(q.anim_time*90)","math.cos(q.anim_time*90*2)/2",0]},"torso":{"rotation":["-15/4+math.cos(q.anim_time*90*2)",0,0]},"neck2":{"rotation":["-15/4+math.cos(q.anim_time*90*2)",0,0]},"neck3":{"rotation":["-15/4+math.cos(q.anim_time*90*2)",0,0]},"head":{"rotation":["-15/4",0,0]}}}}}