{"format_version":"1.8.0","animations":{"animation.entei.ground_idle":{"loop":true,"bones":{"tail":{"rotation":["-5-(math.sin((query.anim_time) * 90 * 1-30)*2)","-(math.sin((query.anim_time) * 90 * 0.5-120)* 12)",0],"position":[0,0,"-(math.sin((query.anim_time) * 90 * 1)* 0.5)"]},"tail2":{"rotation":["17.5-(math.sin((query.anim_time) * 90 * 1-120)* 4)","-(math.sin((query.anim_time) * 90 * 0.5-180)* 14)",0],"position":[0,"-(math.sin((query.anim_time) * 90 * 1-60)* 0.3)",0]},"tail3":{"rotation":["57.5-(math.sin((query.anim_time) * 90 * 1-180)* 5)","-(math.sin((query.anim_time) * 90 * 0.5-210)* 16)",0],"position":[0,"-(math.sin((query.anim_time) * 90 * 1-90)* 0.5)",0]},"tail4":{"rotation":["-72.5-(math.sin((query.anim_time) * 90 * 1-210)* 6)","-(math.sin((query.anim_time) * 90 * 0.5-240)* 17)",0],"position":[0,"2-(math.sin((query.anim_time) * 90 * 1-120)* 0.7)",0]},"tail5":{"rotation":["52.5-(math.sin((query.anim_time) * 90 * 1-270)* 7)","-(math.sin((query.anim_time) * 90 * 0.5-270)* 17)",0],"position":[0,"-(math.sin((query.anim_time) * 90 * 1-180)* 0.8)",0]},"tail6":{"rotation":["-30-(math.sin((query.anim_time) * 90 * 1)* 8)","-(math.sin((query.anim_time) * 90 * 0.5-300)* 18)",0],"position":[0,"-(math.sin((query.anim_time) * 90 * 1-210)* 0.9)",0]},"tail_end":{"rotation":["40-(math.sin((query.anim_time) * 90 * 1-30)* 9)","-(math.sin((query.anim_time) * 90 * 0.5-330)* 19)",0],"position":[0,"-(math.sin((query.anim_time) * 90 * 1-270)* 1)",0]},"left_mane":{"rotation":["-2.5+(math.sin((query.anim_time) * 90 * 1-180)* 4)",0,0]},"left_arm":{"rotation":["4.3096- (math.sin((query.anim_time) * 90 * 1)* 5)",-29.7174,-8.64388],"position":[0,"(math.sin((query.anim_time) * 90 * 1)* 0.4)-0.1","(math.sin((query.anim_time) * 90 * 1)* 0.3)"]},"left_elbow":{"rotation":["(math.sin((query.anim_time) * 90 * 1)* 8)",0,7.5]},"left_leg":{"rotation":["0- (math.sin((query.anim_time) * 90 * 1)* 2)",12.5,0],"position":[0,"(math.sin((query.anim_time) * 90 * 1)* 0.25)+0.1","(math.sin((query.anim_time) * 90 * 1)* 0.5)"]},"left_hock":{"rotation":["5+ (math.sin((query.anim_time) * 90 * 1)* 3)",0,0]},"tail_base":{"rotation":["10 -(math.sin((query.anim_time) * 90 * 1))","0-(math.sin((query.anim_time) * 90 * 0.5-30)* 10)",0],"position":[0,"-1+(math.sin((query.anim_time) * 90 * 1-210)* 0.3)","(math.sin((query.anim_time) * 90 * 1-210)* 0.5)"]},"left_knee":{"rotation":["0- (math.sin((query.anim_time) * 90 * 1)* 2)",-10,0]},"torso":{"rotation":["-(math.sin((query.anim_time) * 90 * 1)* 1)",0,0],"position":[0,"(math.sin((query.anim_time) * 90 * 1)* 0.5)","(math.sin((query.anim_time) * 90 * 1-30)* 0.3)"]},"neck":{"rotation":["(math.sin((query.anim_time) * 90 * 1-90)* 3)",0,0]},"head":{"rotation":["-(math.sin((query.anim_time) * 90 * 1-60)* 2)",0,0]},"left_fur":{"rotation":["(math.sin((query.anim_time) * 90 * 1-120)* 5)",0,0]},"left_fluff":{"rotation":["0+(math.sin((query.anim_time) * 90 * 1-30)* 7)",0,0]},"middle_mane":{"rotation":["-2.5+(math.sin((query.anim_time) * 90 * 1-120)* 3)",0,0]},"front_left_paw":{"rotation":["- (math.sin((query.anim_time) * 90 * 1)* 4)",0,0],"position":[0,"(math.sin((query.anim_time) * 90 * 1)* 0.1)",0]},"back_left_paw":{"rotation":["-5-(math.sin((query.anim_time) * 90 * 1)* 5)",0,0],"position":[0,0,"(math.sin((query.anim_time) * 90 * 1)* 0.1)"]},"right_fur":{"rotation":["(math.sin((query.anim_time) * 90 * 1-120)* 5)",0,0]},"left_mane1":{"rotation":["(math.sin((query.anim_time) * 90 * 1-240)* 2)",0,0]},"right_mane":{"rotation":["-2.5+(math.sin((query.anim_time) * 90 * 1-180)* 4)",0,0]},"right_mane1":{"rotation":["(math.sin((query.anim_time) * 90 * 1-240)* 2)",0,0]},"middle_mane1":{"rotation":["0+(math.sin((query.anim_time) * 90 * 1-150)* 5)",0,0]},"top_fluff":{"rotation":["(math.sin((query.anim_time) * 90 * 1-30)* 10)",0,0]},"right_fluff":{"rotation":["0+(math.sin((query.anim_time) * 90 * 1-30)* 7)",0,0]},"tail_1":{"rotation":["0-(math.sin((query.anim_time) * 90 * 1-90)* 3)","-(math.sin((query.anim_time) * 90 * 0.5-150)* 13)",0],"position":[0,0,"-(math.sin((query.anim_time) * 90 * 1-30)* 0.7)"]},"cloud3":{"rotation":["-7.5-(math.sin((query.anim_time) * 90 * 1-210)* 5)","0-(math.sin((query.anim_time) * 90 * 0.5-30)* 3)",0],"position":[0,"(math.sin((query.anim_time) * 90 * 1-180)* 0.7)","-(math.sin((query.anim_time) * 90 * 1-60)* 0.7)"]},"cloud4":{"rotation":["(math.sin((query.anim_time) * 90 * 1-180)* 10)","-(math.sin((query.anim_time) * 90 * 0.5-90)* 10)",0]},"cloud5":{"rotation":["-(math.sin((query.anim_time) * 90 * 1-270)* 15)","-(math.sin((query.anim_time) * 90 * 0.5-60)* 9)",0],"position":[0,"(math.sin((query.anim_time) * 90 * 1-210)* 0.5)","(math.sin((query.anim_time) * 90 * 1-210)* 0.5)"]},"right_bottom_spike":{"rotation":[0,0,0]},"cloud":{"rotation":["(math.sin((query.anim_time) * 90 * 1 -180)* 10)","-(math.sin((query.anim_time) * 90 * 0.5)* 6)",0],"position":[0,"(math.sin((query.anim_time) * 90 * 1-60)* 0.3)","-(math.sin((query.anim_time) * 90 * 1)* 0.5)"]},"cloud2":{"rotation":["-(math.sin((query.anim_time) * 90 * 1-180)* 5)","-(math.sin((query.anim_time) * 90 * 0.5)* 5)",0],"position":[0,"(math.sin((query.anim_time) * 90 * 1-120)* 0.5)","-(math.sin((query.anim_time) * 90 * 1-30)* 0.7)"]},"left_arm_tuff":{"rotation":["(math.sin((query.anim_time) * 90 * 1-30)* 9)",0,0]},"left_arm_tuff2":{"rotation":[0,0,"(math.sin((query.anim_time) * 90 * 1-30)* 9)"]},"left_arm_tuff3":{"rotation":["(math.sin((query.anim_time) * 90 * 1-30)* 9)",0,0]},"left_arm_tuff4":{"rotation":[0,0,"-(math.sin((query.anim_time) * 90 * 1-30)* 9)"]},"left_leg_tuff":{"rotation":["(math.sin((query.anim_time) * 90 * 1-60)* 5)",0,0]},"left_leg_tuff2":{"rotation":[0,0,"(math.sin((query.anim_time) * 90 * 1-60)* 5)"]},"left_leg_tuff3":{"rotation":["-(math.sin((query.anim_time) * 90 * 1-60)* 5)",0,0]},"left_leg_tuff4":{"rotation":[0,0,"-(math.sin((query.anim_time) * 90 * 1-60)* 5)"]},"right_arm":{"rotation":["4.3096- (math.sin((query.anim_time) * 90 * 1)* 5)",29.7174,8.64388],"position":[0,"(math.sin((query.anim_time) * 90 * 1)* 0.4)-0.1","(math.sin((query.anim_time) * 90 * 1)* 0.3)"]},"right_elbow":{"rotation":["(math.sin((query.anim_time) * 90 * 1)* 8)",0,-7.5]},"right_arm_tuff":{"rotation":["(math.sin((query.anim_time) * 90 * 1-30)* 9)",0,0]},"right_arm_tuff2":{"rotation":[0,0,"-((math.sin((query.anim_time) * 90 * 1-30)* 9))"]},"right_arm_tuff3":{"rotation":["(math.sin((query.anim_time) * 90 * 1-30)* 9)",0,0]},"right_arm_tuff4":{"rotation":[0,0,"(math.sin((query.anim_time) * 90 * 1-30)* 9)"]},"front_right_paw":{"rotation":["- (math.sin((query.anim_time) * 90 * 1)* 4)",0,0],"position":[0,"(math.sin((query.anim_time) * 90 * 1)* 0.1)",0]},"right_leg_tuff3":{"rotation":["-(math.sin((query.anim_time) * 90 * 1-60)* 5)",0,0]},"right_hock":{"rotation":["5+ (math.sin((query.anim_time) * 90 * 1)* 3)",0,0]},"right_knee":{"rotation":["0- (math.sin((query.anim_time) * 90 * 1)* 2)",10,0]},"right_leg":{"rotation":["0- (math.sin((query.anim_time) * 90 * 1)* 2)",-12.5,0],"position":[0,"(math.sin((query.anim_time) * 90 * 1)* 0.25)+0.1","(math.sin((query.anim_time) * 90 * 1)* 0.5)"]},"right_leg_tuff":{"rotation":["(math.sin((query.anim_time) * 90 * 1-60)* 5)",0,0]},"right_leg_tuff2":{"rotation":[0,0,"-((math.sin((query.anim_time) * 90 * 1-60)* 5))"]},"right_leg_tuff4":{"rotation":[0,0,"(math.sin((query.anim_time) * 90 * 1-60)* 5)"]},"back_right_paw":{"rotation":["-5-(math.sin((query.anim_time) * 90 * 1)* 5)",0,0],"position":[0,0,"(math.sin((query.anim_time) * 90 * 1)* 0.1)"]}}},"animation.entei.ground_walk":{"loop":true,"animation_length":2,"bones":{"body":{"position":[0,-2,0]},"torso":{"rotation":["5- (math.sin((query.anim_time) * 90 * 4-90)*1)",0,"(math.sin((query.anim_time) * 90 * 2+90)*1)"],"position":["(math.sin((query.anim_time) * 90 * 2-90)*0.5)","(math.sin((query.anim_time) * 90 * 4-90)*0.2)","(math.sin((query.anim_time) * 90 * 4-90)*0.5)"]},"chest":{"rotation":["12.5-(math.sin((query.anim_time) * 90 * 4-90)*1)","0-(math.sin((query.anim_time) * 90 * 2-90)*1)","0+(math.sin((query.anim_time) * 90 * 2-90)*5)"],"position":[0,0,"-(math.sin((query.anim_time- 0.5) * 90 * 4-90)*0.2)"]},"neck":{"rotation":["-(math.sin((query.anim_time) * 90 * 4-90)*1)","(math.sin((query.anim_time- 1.1) * 90 * 2-90)*1)","-(math.sin((query.anim_time- 0.1) * 90 * 2-90)*7)"]},"head":{"rotation":["(math.sin((query.anim_time- 0.2) * 90 * 4)*5)","-(math.sin((query.anim_time- 1.1) * 90 * 2-90)*3)","-(math.sin((query.anim_time) * 90 * 2+90)*5)"]},"waist":{"position":[0,0,"-1-(math.sin((query.anim_time- 0.45) * 90 * 4-90)*0.1)"]},"tail_base":{"rotation":{"0.0":["10 -(math.sin((query.anim_time) * 90 * 4))","0-(math.sin((query.anim_time) * 90 * 2-30)* 10)",0],"2.0":["10 -(math.sin((query.anim_time) * 90 * 4))","0-(math.sin((query.anim_time) * 90 * 2-30)* 10)",0]},"position":{"0.0":[0,"-1+(math.sin((query.anim_time) * 90 * 2-210)* 0.3)","(math.sin((query.anim_time) * 90 * 5-90)* 0.5)"],"1.75":[0,"-1+(math.sin((query.anim_time) * 90 * 2-210)* 0.3)","(math.sin((query.anim_time) * 90 * 5-90)* 0.5)"],"2.0":[-0.08962,"-0.9274+(math.sin((query.anim_time) * 90 * 2-210)* 0.3)","-1.0243+(math.sin((query.anim_time) * 90 * 5-90)* 0.5)"]}},"tail":{"rotation":["-5-(math.sin((query.anim_time) * 90 * 4-30)*2)","-(math.sin((query.anim_time) * 90 * 2-120)* 12)",0],"position":[0,0,"-(math.sin((query.anim_time) * 90 * 4-180)* 0.5)"]},"tail_1":{"rotation":["0-(math.sin((query.anim_time) * 90 * 4-90)* 3)","-(math.sin((query.anim_time) * 90 * 2-150)* 13)",0],"position":[0,0,"-(math.sin((query.anim_time) * 90 * 4-210)* 0.7)"]},"tail2":{"rotation":["17.5-(math.sin((query.anim_time) * 90 * 4-120)* 4)","-(math.sin((query.anim_time) * 90 * 2-180)* 14)",0],"position":[0,"-(math.sin((query.anim_time) * 90 * 4-270)* 0.3)",0]},"tail3":{"rotation":["57.5-(math.sin((query.anim_time) * 90 * 4-180)* 5)","-(math.sin((query.anim_time) * 90 * 2-210)* 16)",0],"position":[0,"-(math.sin((query.anim_time) * 90 * 4-330)* 0.5)",0]},"tail4":{"rotation":["-72.5-(math.sin((query.anim_time) * 90 * 4-210)* 6)","-(math.sin((query.anim_time) * 90 * 2-240)* 17)",0],"position":[0,"2-(math.sin((query.anim_time) * 90 * 4)* 0.7)",0]},"tail5":{"rotation":["52.5-(math.sin((query.anim_time) * 90 * 4-270)* 7)","-(math.sin((query.anim_time) * 90 * 2-270)* 17)",0],"position":[0,"-(math.sin((query.anim_time) * 90 * 4-60)* 0.8)",0]},"tail6":{"rotation":["-30-(math.sin((query.anim_time) * 90 * 4)* 8)","-(math.sin((query.anim_time) * 90 * 2-300)* 18)",0],"position":[0,"-(math.sin((query.anim_time) * 90 * 4-120)* 0.9)",0]},"tail_end":{"rotation":["40-(math.sin((query.anim_time) * 90 * 4-30)* 9)","-(math.sin((query.anim_time) * 90 * 2-330)* 19)",0],"position":[0,"-(math.sin((query.anim_time) * 90 *4-180)* 1)",0]},"cloud3":{"rotation":["-7.5-(math.sin((query.anim_time) * 90 * 4-210)* 5)","0-(math.sin((query.anim_time) * 90 * 2-30)* 3)",0],"position":[0,"(math.sin((query.anim_time) * 90 * 2-180)* 0.7)","-(math.sin((query.anim_time) * 90 * 4-210)* 0.7)"]},"cloud4":{"rotation":["(math.sin((query.anim_time) * 90 * 4-180)* 10)","-(math.sin((query.anim_time) * 90 * 2-90)* 10)",0]},"cloud5":{"rotation":["-(math.sin((query.anim_time) * 90 * 4-270)* 15)","-(math.sin((query.anim_time) * 90 * 2-60)* 9)",0],"position":[0,"(math.sin((query.anim_time) * 90 * 2-210)* 0.5)","(math.sin((query.anim_time) * 90 * 4)* 0.5)"]},"cloud":{"rotation":["(math.sin((query.anim_time) * 90 * 4 -180)* 10)","-(math.sin((query.anim_time) * 90 * 2)* 6)",0],"position":[0,"(math.sin((query.anim_time) * 90 * 2-60)* 0.3)","(math.sin((query.anim_time) * 90 * 4-150)*0.5)"]},"cloud2":{"rotation":["-(math.sin((query.anim_time) * 90 * 4-180)* 5)","-(math.sin((query.anim_time) * 90 * 2)* 5)",0],"position":[0,"(math.sin((query.anim_time) * 90 * 2-120)* 0.5)","-(math.sin((query.anim_time) * 90 * 4-180)* 0.7)"]},"left_arm":{"rotation":{"0.0":{"post":[-34.76905,4.29357,6.15518],"lerp_mode":"catmullrom"},"0.25":{"post":[-13.63678,1.77784,7.28741],"lerp_mode":"catmullrom"},"0.5":{"post":[-2.47864,0.32621,7.49294],"lerp_mode":"catmullrom"},"0.75":{"post":[17.35932,-2.24944,7.15656],"lerp_mode":"catmullrom"},"1.0":{"post":[32.27733,-4.02155,6.33586],"lerp_mode":"catmullrom"},"1.25":{"post":[44.89078,3.53329,-3.54002],"lerp_mode":"catmullrom"},"1.5":{"post":[27.41063,2.30644,-4.43745],"lerp_mode":"catmullrom"},"1.75":{"post":[-3.68,3.3,0.86],"lerp_mode":"catmullrom"},"2.0":{"post":[-34.76905,4.29357,6.15518],"lerp_mode":"catmullrom"}},"position":{"0.0":{"post":[0,0,0],"lerp_mode":"catmullrom"},"0.25":{"post":[0,2,0.5],"lerp_mode":"catmullrom"},"0.5":{"post":[0,2.75,1],"lerp_mode":"catmullrom"},"0.75":{"post":[0,2.1,0.5],"lerp_mode":"catmullrom"},"1.0":{"post":[0,0.33,1.5],"lerp_mode":"catmullrom"},"1.25":{"post":[0,0.3,0.5],"lerp_mode":"catmullrom"},"1.5":{"post":[0,-0.1,1],"lerp_mode":"catmullrom"},"1.75":{"post":[0,-0.05,0.5],"lerp_mode":"catmullrom"},"2.0":{"post":[0,0,0],"lerp_mode":"catmullrom"}}},"left_elbow":{"rotation":{"0.0":{"post":[10.02136,-0.32621,-7.49294],"lerp_mode":"catmullrom"},"0.25":{"post":[3.82371,-1.13774,-7.41369],"lerp_mode":"catmullrom"},"0.5":{"post":[14.97864,0.32621,-7.49294],"lerp_mode":"catmullrom"},"0.75":{"post":[-1.95319,0.53793,-7.88522],"lerp_mode":"catmullrom"},"1.0":{"post":[-2.36923,0.48029,-7.88892],"lerp_mode":"catmullrom"},"1.25":{"post":[-30,0,0],"lerp_mode":"catmullrom"},"1.5":{"post":[-47.5,0,0],"lerp_mode":"catmullrom"},"1.75":{"post":[-26.25,0,0],"lerp_mode":"catmullrom"},"2.0":{"post":[10.02136,-0.32621,-7.49294],"lerp_mode":"catmullrom"}}},"front_left_paw":{"rotation":{"0.0":{"post":[47.5,0,0],"lerp_mode":"catmullrom"},"0.25":{"post":[22.5,0,0],"lerp_mode":"catmullrom"},"0.5":{"post":[-12.5,0,0],"lerp_mode":"catmullrom"},"0.75":{"post":[12.92,0,0],"lerp_mode":"catmullrom"},"1.0":{"post":[-2.5,0,0],"lerp_mode":"catmullrom"},"1.25":{"post":[38.75,0,0],"lerp_mode":"catmullrom"},"1.5":{"post":[55,0,0],"lerp_mode":"catmullrom"},"1.75":{"post":[51.25,0,0],"lerp_mode":"catmullrom"},"2.0":{"post":[47.5,0,0],"lerp_mode":"catmullrom"}},"position":{"0.0":[0,0,0],"0.0417":[0.00136,-0.18323,0.14559],"0.0833":[-0.00156,0.05858,0.00219],"1.0":[0,0.48815,0.10822],"2.0":[0,0,0]}},"front_left_toes":{"rotation":{"0.0":{"post":[-20,0,0],"lerp_mode":"catmullrom"},"0.25":{"post":[-10,0,0],"lerp_mode":"catmullrom"},"0.5":{"post":[0,0,0],"lerp_mode":"catmullrom"},"0.75":{"post":[-23.75,0,0],"lerp_mode":"catmullrom"},"1.0":{"post":[-20,0,0],"lerp_mode":"catmullrom"},"1.25":{"post":[35,0,0],"lerp_mode":"catmullrom"},"1.5":{"post":[17.5,0,0],"lerp_mode":"catmullrom"},"1.75":{"post":[-1.25,0,0],"lerp_mode":"catmullrom"},"2.0":{"post":[-20,0,0],"lerp_mode":"catmullrom"}}},"right_arm":{"rotation":{"0.0":{"post":[32.27733,-4.02155,6.33586],"lerp_mode":"catmullrom"},"0.25":{"post":[44.89078,3.53329,-3.54002],"lerp_mode":"catmullrom"},"0.5":{"post":[27.41063,2.30644,-4.43745],"lerp_mode":"catmullrom"},"0.75":{"post":[-3.68,3.3,0.86],"lerp_mode":"catmullrom"},"1.0":{"post":[-34.76905,4.29357,6.15518],"lerp_mode":"catmullrom"},"1.25":{"post":[-13.63678,1.77784,7.28741],"lerp_mode":"catmullrom"},"1.5":{"post":[-2.47864,0.32621,7.49294],"lerp_mode":"catmullrom"},"1.75":{"post":[17.35932,-2.24944,7.15656],"lerp_mode":"catmullrom"},"2.0":{"post":[32.27733,-4.02155,6.33586],"lerp_mode":"catmullrom"}},"position":{"0.0":{"post":[0,0.33,1.5],"lerp_mode":"catmullrom"},"0.25":{"post":[0,0.3,0.5],"lerp_mode":"catmullrom"},"0.5":{"post":[0,-0.1,1],"lerp_mode":"catmullrom"},"0.75":{"post":[0,-0.05,0.5],"lerp_mode":"catmullrom"},"1.0":{"post":[0,0,0],"lerp_mode":"catmullrom"},"1.25":{"post":[0,2,0.5],"lerp_mode":"catmullrom"},"1.5":{"post":[0,2.75,1],"lerp_mode":"catmullrom"},"1.75":{"post":[0,2.1,0.5],"lerp_mode":"catmullrom"},"2.0":{"post":[0,0.33,1.5],"lerp_mode":"catmullrom"}}},"right_elbow":{"rotation":{"0.0":{"post":[-2.36923,0.48029,-7.88892],"lerp_mode":"catmullrom"},"0.25":{"post":[-30,0,0],"lerp_mode":"catmullrom"},"0.5":{"post":[-47.5,0,0],"lerp_mode":"catmullrom"},"0.75":{"post":[-26.25,0,0],"lerp_mode":"catmullrom"},"1.0":{"post":[10.02136,-0.32621,-7.49294],"lerp_mode":"catmullrom"},"1.25":{"post":[3.82371,-1.13774,-7.41369],"lerp_mode":"catmullrom"},"1.5":{"post":[14.97864,0.32621,-7.49294],"lerp_mode":"catmullrom"},"1.75":{"post":[-1.95319,0.53793,-7.88522],"lerp_mode":"catmullrom"},"2.0":{"post":[-2.36923,0.48029,-7.88892],"lerp_mode":"catmullrom"}}},"front_right_paw":{"rotation":{"0.0":{"post":[-2.5,0,0],"lerp_mode":"catmullrom"},"0.25":{"post":[38.75,0,0],"lerp_mode":"catmullrom"},"0.5":{"post":[55,0,0],"lerp_mode":"catmullrom"},"0.75":{"post":[51.25,0,0],"lerp_mode":"catmullrom"},"1.0":{"post":[47.5,0,0],"lerp_mode":"catmullrom"},"1.25":{"post":[22.5,0,0],"lerp_mode":"catmullrom"},"1.5":{"post":[-12.5,0,0],"lerp_mode":"catmullrom"},"1.75":{"post":[12.92,0,0],"lerp_mode":"catmullrom"},"2.0":{"post":[-2.5,0,0],"lerp_mode":"catmullrom"}},"position":{"0.0":[0,0.48815,0.10822],"1.0":[0,0,0],"1.0417":[0.00136,-0.18323,0.14559],"1.0833":[-0.00156,0.05858,0.00219],"2.0":[0,0.48815,0.10822]}},"front_right_toes":{"rotation":{"0.0":{"post":[-20,0,0],"lerp_mode":"catmullrom"},"0.25":{"post":[35,0,0],"lerp_mode":"catmullrom"},"0.5":{"post":[17.5,0,0],"lerp_mode":"catmullrom"},"0.75":{"post":[-1.25,0,0],"lerp_mode":"catmullrom"},"1.0":{"post":[-20,0,0],"lerp_mode":"catmullrom"},"1.25":{"post":[-10,0,0],"lerp_mode":"catmullrom"},"1.5":{"post":[0,0,0],"lerp_mode":"catmullrom"},"1.75":{"post":[-23.75,0,0],"lerp_mode":"catmullrom"},"2.0":{"post":[-20,0,0],"lerp_mode":"catmullrom"}}},"left_leg":{"rotation":{"0.0":{"post":[-25,0,0],"lerp_mode":"catmullrom"},"0.25":{"post":[-2.5,0,0],"lerp_mode":"catmullrom"},"0.5":{"post":[17.5,0,0],"lerp_mode":"catmullrom"},"0.75":{"post":[12.5,0,0],"lerp_mode":"catmullrom"},"1.0":{"post":[5,0,0],"lerp_mode":"catmullrom"},"1.25":{"post":[-5,0,0],"lerp_mode":"catmullrom"},"1.5":{"post":[-37.5,0,0],"lerp_mode":"catmullrom"},"1.75":{"post":[-31.25,0,0],"lerp_mode":"catmullrom"},"2.0":{"post":[-25,0,0],"lerp_mode":"catmullrom"}},"position":{"0.0":{"post":[0,1,0],"lerp_mode":"catmullrom"},"0.25":{"post":[0,2,0],"lerp_mode":"catmullrom"},"0.5":{"post":[0,0,0],"lerp_mode":"catmullrom"},"0.75":{"post":[0,0.5,0],"lerp_mode":"catmullrom"},"1.0":{"post":[0,1,0],"lerp_mode":"catmullrom"},"1.25":{"post":[0,2,0],"lerp_mode":"catmullrom"},"1.5":{"post":[0,3,0],"lerp_mode":"catmullrom"},"1.75":{"post":[0,2,0],"lerp_mode":"catmullrom"},"2.0":{"post":[0,1,0],"lerp_mode":"catmullrom"}}},"left_knee":{"rotation":{"0.0":{"post":[22.5,0,0],"lerp_mode":"catmullrom"},"0.25":{"post":[0,0,0],"lerp_mode":"catmullrom"},"0.5":{"post":[-2.5,0,0],"lerp_mode":"catmullrom"},"0.75":{"post":[22.5,0,0],"lerp_mode":"catmullrom"},"1.0":{"post":[12.5,0,0],"lerp_mode":"catmullrom"},"1.25":{"post":[1.25,0,0],"lerp_mode":"catmullrom"},"1.5":{"post":[17.5,0,0],"lerp_mode":"catmullrom"},"1.75":{"post":[13.75,0,0],"lerp_mode":"catmullrom"},"2.0":{"post":[22.5,0,0],"lerp_mode":"catmullrom"}}},"left_hock":{"rotation":{"0.0":{"post":[-17.5,0,0],"lerp_mode":"catmullrom"},"0.25":{"post":[-12.5,0,0],"lerp_mode":"catmullrom"},"0.5":{"post":[-17.5,0,0],"lerp_mode":"catmullrom"},"0.75":{"post":[-33.75,0,0],"lerp_mode":"catmullrom"},"1.0":{"post":[-30,0,0],"lerp_mode":"catmullrom"},"1.25":{"post":[-32.5,0,0],"lerp_mode":"catmullrom"},"1.5":{"post":[-7.5,0,0],"lerp_mode":"catmullrom"},"1.75":{"post":[-13.75,0,0],"lerp_mode":"catmullrom"},"2.0":{"post":[-17.5,0,0],"lerp_mode":"catmullrom"}}},"back_left_paw":{"rotation":{"0.0":{"post":[22.5,0,0],"lerp_mode":"catmullrom"},"0.25":{"post":[15,0,0],"lerp_mode":"catmullrom"},"0.5":{"post":[27.5,0,0],"lerp_mode":"catmullrom"},"0.75":{"post":[41.25,0,0],"lerp_mode":"catmullrom"},"1.0":{"post":[40,0,0],"lerp_mode":"catmullrom"},"1.25":{"post":[45,0,0],"lerp_mode":"catmullrom"},"1.5":{"post":[40,0,0],"lerp_mode":"catmullrom"},"1.75":{"post":[33.75,0,0],"lerp_mode":"catmullrom"},"2.0":{"post":[22.5,0,0],"lerp_mode":"catmullrom"}},"position":{"1.75":[0,0,0],"1.7917":[0,-0.21613,0.12564],"1.8333":[0,0,0]}},"back_left_toes":{"rotation":{"0.0":{"post":[0,0,0],"lerp_mode":"catmullrom"},"0.25":{"post":[2.5,0,0],"lerp_mode":"catmullrom"},"0.5":{"post":[-15,0,0],"lerp_mode":"catmullrom"},"0.75":{"post":[27.5,0,0],"lerp_mode":"catmullrom"},"1.0":{"post":[17.5,0,0],"lerp_mode":"catmullrom"},"1.25":{"post":[23.75,0,0],"lerp_mode":"catmullrom"},"1.5":{"post":[2.5,0,0],"lerp_mode":"catmullrom"},"1.75":{"post":[-1.25,0,0],"lerp_mode":"catmullrom"},"2.0":{"post":[0,0,0],"lerp_mode":"catmullrom"}}},"right_leg":{"rotation":{"0.0":{"post":[5,0,0],"lerp_mode":"catmullrom"},"0.25":{"post":[-5,0,0],"lerp_mode":"catmullrom"},"0.5":{"post":[-37.5,0,0],"lerp_mode":"catmullrom"},"0.75":{"post":[-31.25,0,0],"lerp_mode":"catmullrom"},"1.0":{"post":[-25,0,0],"lerp_mode":"catmullrom"},"1.25":{"post":[-2.5,0,0],"lerp_mode":"catmullrom"},"1.5":{"post":[17.5,0,0],"lerp_mode":"catmullrom"},"1.75":{"post":[12.5,0,0],"lerp_mode":"catmullrom"},"2.0":{"post":[5,0,0],"lerp_mode":"catmullrom"}},"position":{"0.0":{"post":[0,1,0],"lerp_mode":"catmullrom"},"0.25":{"post":[0,2,0],"lerp_mode":"catmullrom"},"0.5":{"post":[0,3,0],"lerp_mode":"catmullrom"},"0.75":{"post":[0,2,0],"lerp_mode":"catmullrom"},"1.0":{"post":[0,1,0],"lerp_mode":"catmullrom"},"1.25":{"post":[0,2,0],"lerp_mode":"catmullrom"},"1.5":{"post":[0,0,0],"lerp_mode":"catmullrom"},"1.75":{"post":[0,0.5,0],"lerp_mode":"catmullrom"},"2.0":{"post":[0,1,0],"lerp_mode":"catmullrom"}}},"right_knee":{"rotation":{"0.0":{"post":[12.5,0,0],"lerp_mode":"catmullrom"},"0.25":{"post":[1.25,0,0],"lerp_mode":"catmullrom"},"0.5":{"post":[17.5,0,0],"lerp_mode":"catmullrom"},"0.75":{"post":[13.75,0,0],"lerp_mode":"catmullrom"},"1.0":{"post":[22.5,0,0],"lerp_mode":"catmullrom"},"1.25":{"post":[0,0,0],"lerp_mode":"catmullrom"},"1.5":{"post":[-2.5,0,0],"lerp_mode":"catmullrom"},"1.75":{"post":[22.5,0,0],"lerp_mode":"catmullrom"},"2.0":{"post":[12.5,0,0],"lerp_mode":"catmullrom"}}},"right_hock":{"rotation":{"0.0":{"post":[-30,0,0],"lerp_mode":"catmullrom"},"0.25":{"post":[-32.5,0,0],"lerp_mode":"catmullrom"},"0.5":{"post":[-7.5,0,0],"lerp_mode":"catmullrom"},"0.75":{"post":[-13.75,0,0],"lerp_mode":"catmullrom"},"1.0":{"post":[-17.5,0,0],"lerp_mode":"catmullrom"},"1.25":{"post":[-12.5,0,0],"lerp_mode":"catmullrom"},"1.5":{"post":[-17.5,0,0],"lerp_mode":"catmullrom"},"1.75":{"post":[-33.75,0,0],"lerp_mode":"catmullrom"},"2.0":{"post":[-30,0,0],"lerp_mode":"catmullrom"}}},"back_right_paw":{"rotation":{"0.0":{"post":[40,0,0],"lerp_mode":"catmullrom"},"0.25":{"post":[45,0,0],"lerp_mode":"catmullrom"},"0.5":{"post":[40,0,0],"lerp_mode":"catmullrom"},"0.75":{"post":[33.75,0,0],"lerp_mode":"catmullrom"},"1.0":{"post":[22.5,0,0],"lerp_mode":"catmullrom"},"1.25":{"post":[15,0,0],"lerp_mode":"catmullrom"},"1.5":{"post":[27.5,0,0],"lerp_mode":"catmullrom"},"1.75":{"post":[41.25,0,0],"lerp_mode":"catmullrom"},"2.0":{"post":[40,0,0],"lerp_mode":"catmullrom"}},"position":{"0.75":[0,0,0],"0.7917":[0,-0.21613,0.12564],"0.8333":[0,0,0]}},"left_fluff":{"rotation":["(math.sin((query.anim_time- 0.2) * 90 * 4-90)*7)",0,0]},"right_fluff":{"rotation":["(math.sin((query.anim_time- 0.2) * 90 * 4-90)*7)",0,0]},"top_fluff":{"rotation":["(math.sin((query.anim_time- 0.2) * 90 * 4-60)*6)",0,0]},"middle_mane":{"rotation":["-5+(math.sin((query.anim_time) * 90 * 4-150)*3)",0,0]},"middle_mane1":{"rotation":["-5+(math.sin((query.anim_time) * 90 * 4-210)*5)",0,0]},"left_mane":{"rotation":["-10+(math.sin((query.anim_time) * 90 * 4-90)*10)",0,0]},"left_mane1":{"rotation":["(math.sin((query.anim_time) * 90 * 4-180)*8)",0,0]},"right_mane":{"rotation":["-10+(math.sin((query.anim_time) * 90 * 4-90)*10)",0,0]},"right_mane1":{"rotation":["(math.sin((query.anim_time) * 90 * 4-180)*8)",0,0]},"left_fur":{"rotation":["(math.sin((query.anim_time) * 90 * 4-180)*5)",0,0]},"right_fur":{"rotation":["(math.sin((query.anim_time) * 90 * 4-180)*5)",0,0]},"hip":{"rotation":["-7.5-(math.sin((query.anim_time- 0.15) * 90 * 4-90)*2)","-(math.sin((query.anim_time) * 90 * 2-90)*2)",0],"position":[0,0,"-(math.sin((query.anim_time- 0.5) * 90 * 4-90)*0.2)"]},"left_arm_tuff":{"rotation":["0+(math.sin((query.anim_time) * 90 * 2-210)*30)",0,0]},"left_arm_tuff3":{"rotation":["0+(math.sin((query.anim_time) * 90 * 2-210)*30)",0,0]},"right_arm_tuff":{"rotation":["0+(math.sin((query.anim_time) * 90 * 2-210-90)*30)",0,0]},"right_arm_tuff3":{"rotation":["0+(math.sin((query.anim_time) * 90 * 2-210-90)*30)",0,0]},"back_right_toes":{"rotation":{"0.0":{"post":[17.5,0,0],"lerp_mode":"catmullrom"},"0.25":{"post":[23.75,0,0],"lerp_mode":"catmullrom"},"0.5":{"post":[2.5,0,0],"lerp_mode":"catmullrom"},"0.75":{"post":[-1.25,0,0],"lerp_mode":"catmullrom"},"1.0":{"post":[0,0,0],"lerp_mode":"catmullrom"},"1.25":{"post":[2.5,0,0],"lerp_mode":"catmullrom"},"1.5":{"post":[-15,0,0],"lerp_mode":"catmullrom"},"1.75":{"post":[27.5,0,0],"lerp_mode":"catmullrom"},"2.0":{"post":[17.5,0,0],"lerp_mode":"catmullrom"}}}}},"animation.entei.battle_idle":{"loop":true,"bones":{"tail":{"rotation":["-12.5-(math.sin((query.anim_time) * 90 * 2-30)*2)","0-(math.sin((query.anim_time) * 90 * 1-120)* 12)",0],"position":[0,0,"-(math.sin((query.anim_time) * 90 * 2)* 0.5)"]},"tail2":{"rotation":["17.5-(math.sin((query.anim_time) * 90 * 2-120)* 4)","-(math.sin((query.anim_time) * 90 * 1-180)* 14)",0],"position":[0,"-(math.sin((query.anim_time) * 90 * 2-60)* 0.3)",0]},"tail3":{"rotation":["57.5-(math.sin((query.anim_time) * 90 * 2-180)* 5)","-(math.sin((query.anim_time) * 90 * 1-210)* 16)",0],"position":[0,"-(math.sin((query.anim_time) * 90 * 2-90)* 0.5)",0]},"tail4":{"rotation":["-72.5-(math.sin((query.anim_time) * 90 * 2-210)* 6)","-(math.sin((query.anim_time) * 90 * 1-240)* 17)",0],"position":[0,"2-(math.sin((query.anim_time) * 90 * 2-120)* 0.7)",0]},"tail5":{"rotation":["52.5-(math.sin((query.anim_time) * 90 * 2-270)* 7)","-(math.sin((query.anim_time) * 90 * 1-270)* 17)",0],"position":[0,"-(math.sin((query.anim_time) * 90 * 2-180)* 0.8)",0]},"tail6":{"rotation":["-30-(math.sin((query.anim_time) * 90 * 2)* 8)","-(math.sin((query.anim_time) * 90 * 1-300)* 18)",0],"position":[0,"-(math.sin((query.anim_time) * 90 * 2-210)* 0.9)",0]},"tail_end":{"rotation":["40-(math.sin((query.anim_time) * 90 * 2-30)* 9)","-(math.sin((query.anim_time) * 90 * 1-330)* 19)",0],"position":[0,"-(math.sin((query.anim_time) * 90 * 2-270)* 1)",0]},"left_mane":{"rotation":["-2.5+(math.sin((query.anim_time) * 90 * 2-180)* 4)",0,0]},"left_arm":{"rotation":["14.3096- (math.sin((query.anim_time) * 90 * 2)* 5)",-29.7174,-16.14388],"position":[0,"(math.sin((query.anim_time) * 90 * 2)* 0.4)-0.1","(math.sin((query.anim_time) * 90 * 2)* 0.3)"]},"left_elbow":{"rotation":["-7.5+(math.sin((query.anim_time) * 90 * 2)* 8)",2.5,15]},"left_leg":{"rotation":["0- (math.sin((query.anim_time) * 90 * 2)* 2)",12.5,0],"position":[0,"(math.sin((query.anim_time) * 90 * 2)* 0.25)+1.1","0+(math.sin((query.anim_time) * 90 * 2)* 0.5)"]},"left_hock":{"rotation":["5+ (math.sin((query.anim_time) * 90 * 2)* 3)",0,0]},"tail_base":{"rotation":["7.5 -(math.sin((query.anim_time) * 90 * 2))","-(math.sin((query.anim_time) * 90 * 1-30)* 10)",0],"position":[0,"-1+(math.sin((query.anim_time) * 90 * 2-210)* 0.3)","(math.sin((query.anim_time) * 90 * 2-210)* 0.5)"]},"left_knee":{"rotation":["0- (math.sin((query.anim_time) * 90 * 2)* 2)",-10,0]},"torso":{"rotation":["5-(math.sin((query.anim_time) * 90 * 2)* 1)",0,0],"position":[0,"(math.sin((query.anim_time) * 90 * 2)* 0.5)","(math.sin((query.anim_time) * 90 * 2-30)* 0.3)"]},"neck":{"rotation":["5+(math.sin((query.anim_time) * 90 * 2-90)* 3)",0,0]},"head":{"rotation":["-5-(math.sin((query.anim_time) * 90 * 2-60)* 2)",0,0]},"left_fur":{"rotation":["(math.sin((query.anim_time) * 90 * 2-120)* 5)",0,0]},"left_fluff":{"rotation":["0+(math.sin((query.anim_time) * 90 * 2-30)* 7)",0,0]},"middle_mane":{"rotation":["-2.5+(math.sin((query.anim_time) * 90 * 2-120)* 3)",0,0]},"front_left_paw":{"rotation":["- (math.sin((query.anim_time) * 90 * 2)* 4)",0,0],"position":[0,"(math.sin((query.anim_time) * 90 * 2)* 0.1)",0]},"back_left_paw":{"rotation":["-5-(math.sin((query.anim_time) * 90 * 2)* 5)",0,0],"position":[0,0,"(math.sin((query.anim_time) * 90 * 2)* 0.1)"]},"right_fur":{"rotation":["(math.sin((query.anim_time) * 90 * 2-120)* 5)",0,0]},"left_mane1":{"rotation":["(math.sin((query.anim_time) * 90 * 2-240)* 2)",0,0]},"right_mane":{"rotation":["-2.5+(math.sin((query.anim_time) * 90 * 2-180)* 4)",0,0]},"right_mane1":{"rotation":["(math.sin((query.anim_time) * 90 * 2-240)* 2)",0,0]},"middle_mane1":{"rotation":["0+(math.sin((query.anim_time) * 90 * 2-150)* 5)",0,0]},"top_fluff":{"rotation":["(math.sin((query.anim_time) * 90 * 2-30)* 10)",0,0]},"right_fluff":{"rotation":["0+(math.sin((query.anim_time) * 90 * 2-30)* 7)",0,0]},"tail_1":{"rotation":["0-(math.sin((query.anim_time) * 90 * 2-90)* 3)","-(math.sin((query.anim_time) * 90 * 1-150)* 13)",0],"position":[0,0,"-(math.sin((query.anim_time) * 90 * 2-30)* 0.7)"]},"cloud3":{"rotation":["-7.5-(math.sin((query.anim_time) * 90 * 2-210)* 5)","0-(math.sin((query.anim_time) * 90 * 1-30)* 3)",0],"position":[0,"(math.sin((query.anim_time) * 90 * 2-180)* 0.7)","-(math.sin((query.anim_time) * 90 * 2-60)* 0.7)"]},"cloud4":{"rotation":["(math.sin((query.anim_time) * 90 * 2-180)* 10)","-(math.sin((query.anim_time) * 90 * 1-90)* 10)",0]},"cloud5":{"rotation":["-(math.sin((query.anim_time) * 90 * 2-270)* 15)","-(math.sin((query.anim_time) * 90 * 1-60)* 9)",0],"position":[0,"(math.sin((query.anim_time) * 90 * 2-210)* 0.5)","(math.sin((query.anim_time) * 90 * 2-210)* 0.5)"]},"right_bottom_spike":{"rotation":[0,0,0]},"cloud":{"rotation":["(math.sin((query.anim_time) * 90 * 2 -180)* 10)","-(math.sin((query.anim_time) * 90 * 1)* 6)",0],"position":[0,"(math.sin((query.anim_time) * 90 * 2-60)* 0.3)","-(math.sin((query.anim_time) * 90 * 2)* 0.5)"]},"cloud2":{"rotation":["(math.sin((query.anim_time) * 90 * 2-30)* 9)","-(math.sin((query.anim_time) * 90 * 1)* 5)",0],"position":[0,"(math.sin((query.anim_time) * 90 * 2-120)* 0.5)","-(math.sin((query.anim_time) * 90 * 2-30)* 0.7)"]},"left_arm_tuff":{"rotation":["(math.sin((query.anim_time) * 90 * 2-30)* 9)",0,0]},"left_arm_tuff2":{"rotation":[0,0,"(math.sin((query.anim_time) * 90 * 2-30)* 9)"]},"left_arm_tuff3":{"rotation":["(math.sin((query.anim_time) * 90 * 2-30)* 9)",0,0]},"left_arm_tuff4":{"rotation":[0,0,"-(math.sin((query.anim_time) * 90 * 2-30)* 9)"]},"left_leg_tuff":{"rotation":["(math.sin((query.anim_time) * 90 * 2-60)* 5)",0,0]},"left_leg_tuff2":{"rotation":[0,0,"(math.sin((query.anim_time) * 90 * 2-60)* 5)"]},"left_leg_tuff3":{"rotation":["-(math.sin((query.anim_time) * 90 * 2-60)* 5)",0,0]},"left_leg_tuff4":{"rotation":[0,0,"-(math.sin((query.anim_time) * 90 * 2-60)* 5)"]},"right_arm":{"rotation":["14.3096- (math.sin((query.anim_time) * 90 * 2)* 5)",29.7174,16.14388],"position":[0,"(math.sin((query.anim_time) * 90 * 2)* 0.4)-0.1","(math.sin((query.anim_time) * 90 * 2)* 0.3)"]},"right_elbow":{"rotation":["-7.5+(math.sin((query.anim_time) * 90 * 2)* 8)",-2.5,-15]},"right_arm_tuff":{"rotation":["(math.sin((query.anim_time) * 90 * 2-30)* 9)",0,0]},"right_arm_tuff2":{"rotation":[0,0,"-((math.sin((query.anim_time) * 90 * 2-30)* 9))"]},"right_arm_tuff3":{"rotation":["(math.sin((query.anim_time) * 90 * 2-30)* 9)",0,0]},"right_arm_tuff4":{"rotation":[0,0,"(math.sin((query.anim_time) * 90 * 2-30)* 9)"]},"front_right_paw":{"rotation":["- (math.sin((query.anim_time) * 90 * 2)* 4)",0,0],"position":[0,"(math.sin((query.anim_time) * 90 * 2)* 0.1)",0]},"right_leg_tuff3":{"rotation":["-(math.sin((query.anim_time) * 90 * 2-60)* 5)",0,0]},"right_hock":{"rotation":["5+ (math.sin((query.anim_time) * 90 * 2)* 3)",0,0]},"right_knee":{"rotation":["0- (math.sin((query.anim_time) * 90 * 2)* 2)",10,0]},"right_leg":{"rotation":["0- (math.sin((query.anim_time) * 90 * 2)* 2)",-12.5,0],"position":[0,"(math.sin((query.anim_time) * 90 * 2)* 0.25)+1.1","0+(math.sin((query.anim_time) * 90 * 2)* 0.5)"]},"right_leg_tuff":{"rotation":["(math.sin((query.anim_time) * 90 * 2-60)* 5)",0,0]},"right_leg_tuff2":{"rotation":[0,0,"-((math.sin((query.anim_time) * 90 * 2-60)* 5))"]},"right_leg_tuff4":{"rotation":[0,0,"(math.sin((query.anim_time) * 90 * 2-60)* 5)"]},"back_right_paw":{"rotation":["-5-(math.sin((query.anim_time) * 90 *2)* 5)",0,0],"position":[0,0,"(math.sin((query.anim_time) * 90 *2)* 0.1)"]},"body":{"position":[0,-1,0]},"jaw":{"rotation":["10-(math.sin((query.anim_time) * 90 * 2-60)* 5)",0,0]}}},"animation.entei.sleep":{"loop":true,"bones":{"entei":{"position":[0,-14,0]},"body":{"rotation":[0,0,47.5]},"chest":{"rotation":["9.9162-(math.sin((query.anim_time) * 90 * 1)* 0.5) ",1.29876,-27.38733]},"neck":{"rotation":[71.00735,25.52059,-9.6655],"position":[0,0,5]},"head":{"rotation":["-45.8394-(math.sin((query.anim_time) * 90 * 1-60)* 2) ",33.27948,-22.72458],"position":[-1.25947,1.02805,-1.16484]},"left_eyelid":{"position":[0,0,-1]},"right_eyelid":{"position":[0,0,-1]},"left_eye":{"position":[0,0,1]},"right_eye":{"position":[0,0,1]},"middle_mane":{"rotation":[-47.5,0,0],"position":[0,4,2]},"left_mane":{"rotation":[-7.5,-22.5,0]},"right_mane":{"rotation":[-42.88731,39.02167,-16.7078],"position":[-0.25553,-2.98574,-0.14164]},"right_mane1":{"rotation":[37.5,0,0]},"left_fur":{"rotation":["-0.8704-(math.sin((query.anim_time) * 90 * 1-120)* 3) ",-27.36841,-20.4985],"position":[-1,0,0]},"tail":{"rotation":["2.5-(math.sin((query.anim_time) * 90 * 1/2-30)*2)","-22.5-(math.sin((query.anim_time) * 90 * 1/4-330)* 10)","-(math.sin((query.anim_time) * 90 * 1/4-330)* 10)"],"position":[0,0,"-(math.sin((query.anim_time) * 90 * 1/2)* 0.5)"]},"tail_1":{"rotation":["0-(math.sin((query.anim_time) * 90 * 1/2-90)* 3)","7.5-(math.sin((query.anim_time) * 90 * 1/4-150)* 3)",20],"position":[0,0,"-(math.sin((query.anim_time) * 90 * 1/2-30)* 0.7)"]},"tail3":{"rotation":["50.0269-(math.sin((query.anim_time) * 90 * 1/2-180)* 5)","1.6067-(math.sin((query.anim_time) * 90 * 1/4-210)* 6)",1.91561],"position":[0,"-(math.sin((query.anim_time) * 90 * 1/2-90)* 0.5)",0]},"tail4":{"rotation":["33.7974-(math.sin((query.anim_time) * 90 * 1/2-210)* 6)","7.7598-(math.sin((query.anim_time) * 90 * 1/4-240)* 7)",11.01738],"position":[0,"2-(math.sin((query.anim_time) * 90 * 1/2-120)* 0.7)",0]},"tail5":{"rotation":["-17.7531-(math.sin((query.anim_time) * 90 * 1/2-270)* 7)","-9.5327-(math.sin((query.anim_time) * 90 * 1/4-270)* 8)",3.03513],"position":[0,"-(math.sin((query.anim_time) * 90 * 1/2-180)* 0.8)",0]},"left_arm":{"rotation":[-100.66713,2.49762,-29.9055]},"left_elbow":{"rotation":[30,0,0]},"front_left_paw":{"rotation":[67.5,0,0],"position":[0,-1.15846,0.81116]},"left_leg":{"rotation":[-28.71068,-2.01605,35.90363],"position":[0,2,0]},"left_knee":{"rotation":[32.5,0,0]},"left_hock":{"rotation":[-15,0,0]},"back_left_paw":{"rotation":[35,0,0]},"right_arm":{"rotation":[-61.99325,-8.53037,-32.37942],"position":[-0.42615,-2.58296,1.67798]},"right_elbow":{"rotation":[-5.28913,7.68465,-14.05552]},"front_right_paw":{"rotation":[57.5,0,0],"position":[0,-1.28171,0.59767]},"right_leg":{"rotation":[-52.5,0,0],"position":[0,2,0]},"right_knee":{"rotation":[32.5,0,0]},"right_hock":{"rotation":[-15,0,0]},"back_right_paw":{"rotation":[34.3569,7.13136,-10.29284],"position":[0.29289,0.05319,-0.03724]},"torso":{"rotation":["-(math.sin((query.anim_time) * 90 * 1)* 1) ",0,0]},"left_fluff":{"rotation":["-(math.sin((query.anim_time) * 90 * 1-120)* 3) ",0,0]},"right_fluff":{"rotation":["-(math.sin((query.anim_time) * 90 * 1-120)* 3) ",0,0]},"top_fluff":{"rotation":["-(math.sin((query.anim_time) * 90 * 1-120)* 5) ",0,0]},"jaw":{"rotation":["7.5-(math.sin((query.anim_time) * 90 * 1)* 5) ",0,0]},"right_fur":{"rotation":["0-(math.sin((query.anim_time) * 90 * 1-120)* 3) ",0,12.5]},"tail_base":{"rotation":["10 -(math.sin((query.anim_time) * 90 * 1/2))","0-(math.sin((query.anim_time) * 90 * 1/4-30)* 1)",0],"position":[0,"-1+(math.sin((query.anim_time) * 90 * 1/2-210)* 0.3)","(math.sin((query.anim_time) * 90 * 1/2-210)* 0.5)"]},"tail2":{"rotation":["0-(math.sin((query.anim_time) * 90 * 1/2-120)* 4)","0-(math.sin((query.anim_time) * 90 * 1/4-180)* 4)",0],"position":[0,"-(math.sin((query.anim_time) * 90 * 1/2-60)* 0.3)",0]},"tail6":{"rotation":["31.5667-(math.sin((query.anim_time) * 90 * 1/2)* 8)","-17.2294-(math.sin((query.anim_time) * 90 * 1/4-300)* 9)",-10.3141],"position":[0,"-(math.sin((query.anim_time) * 90 * 1/2-210)* 0.9)",0]},"tail_end":{"rotation":["0-(math.sin((query.anim_time) * 90 * 1/2-30)* 9)","-22.5-(math.sin((query.anim_time) * 90 * 1/4-330)* 10)",0],"position":[0,"-(math.sin((query.anim_time) * 90 * 1/2-270)* 1)",0]},"cloud3":{"rotation":["-7.5-(math.sin((query.anim_time) * 90 * 1/2-210)* 5)","0-(math.sin((query.anim_time) * 90 * 1/4-30)* 3)",0],"position":[-0.25,"(math.sin((query.anim_time) * 90 * 1/2-180)* 0.7)","-4-(math.sin((query.anim_time) * 90 * 1/2-60)* 0.7)"]},"cloud4":{"rotation":["(math.sin((query.anim_time) * 90 * 1/2-180)* 10)","-(math.sin((query.anim_time) * 90 * 1/4-90)* 10)",0]},"cloud5":{"rotation":["-(math.sin((query.anim_time) * 90 * 1/2-270)* 10)","-(math.sin((query.anim_time) * 90 * 1/4-60)* 9)",0],"position":[0,"(math.sin((query.anim_time) * 90 * 1-210)* 0.2)","(math.sin((query.anim_time) * 90 * 1-210)* 0.2)"]},"cloud":{"rotation":["(math.sin((query.anim_time) * 90 * 1/2 -180)* 10)","12.4925-(math.sin((query.anim_time) * 90 * 1/4)* 6)",-9.98506],"position":[-1,"(math.sin((query.anim_time) * 90 * 1/2-60)* 0.3)","-4-(math.sin((query.anim_time) * 90 * 1/2)* 0.5)"]},"cloud2":{"rotation":["-(math.sin((query.anim_time) * 90 * 1/2-180)* 5)","-(math.sin((query.anim_time) * 90 * 1/4)* 5)",0],"position":[0,"(math.sin((query.anim_time) * 90 * 1/2-120)* 0.5)","-(math.sin((query.anim_time) * 90 * 1/2-30)* 0.7)"]}}},"animation.entei.blink":{"animation_length":0.1667,"bones":{"left_eyelid":{"position":{"0.0":[0,0,-1],"0.1667":{"pre":[0,0,-1],"post":[0,0,0]}}},"right_eyelid":{"position":{"0.0":[0,0,-1],"0.1667":{"pre":[0,0,-1],"post":[0,0,0]}}},"left_eye":{"position":{"0.0":[0,0,1],"0.1667":{"pre":[0,0,1],"post":[0,0,0]}}},"right_eye":{"position":{"0.0":[0,0,1],"0.1667":{"pre":[0,0,1],"post":[0,0,0]}}}}},"animation.entei.cry":{"animation_length":2,"bones":{"chest":{"rotation":{"0.0":[7.5,0,0],"0.25":[-5,0,0],"1.0":[-5,0,0],"1.5":[7.5,0,0]}},"neck":{"rotation":{"0.0":[0,0,0],"0.25":[-3.75,-0.16,0],"0.5":[-7.49294,-0.32621,0],"1.0":[-3.75,-0.16,-1.24],"1.5":[0,0,0]}},"head":{"rotation":{"0.0":[17.5,0,0],"0.25":[-30,0,0],"0.5":[-35.6484,10.21235,-7.24677],"0.75":[-33.20143,-9.60235,5.89231],"1.0":[-30.02363,-2.16489,1.2506],"1.5":[0,0,0]}},"left_eyelid":{"position":{"0.0":[0,0,-1],"0.1667":{"pre":[0,0,-1],"post":[0,0,0]}}},"right_eyelid":{"position":{"0.0":[0,0,-1],"0.1667":{"pre":[0,0,-1],"post":[0,0,0]}}},"left_eye":{"position":{"0.0":[0,0,1],"0.1667":{"pre":[0,0,1],"post":[0,0,0]}}},"jaw":{"rotation":{"0.0":[0,0,0],"0.25":[60,0,0],"1.0":[60,0,0],"1.5":[0,0,0]}},"right_eye":{"position":{"0.0":[0,0,1],"0.1667":{"pre":[0,0,1],"post":[0,0,0]}}}},"sound_effects":{"0.25":{"effect":"entei_cry"}}},"animation.entei.recoil":{"animation_length":1.5,"bones":{"torso2":{"rotation":{"0.0":[0,0,0],"0.0833":[4.98,0,0],"0.4167":{"pre":[0,0,0],"post":[0,0,0],"lerp_mode":"catmullrom"},"0.7083":{"post":[1.5,0,0],"lerp_mode":"catmullrom"},"1.4167":[0,0,0]}},"neck2":{"rotation":{"0.0":[0,0,0],"0.125":{"pre":[5,0,0],"post":[5,0,0],"lerp_mode":"catmullrom"},"0.5":{"post":[14.85,0,0],"lerp_mode":"catmullrom"},"1.1667":[0,0,0]}},"arm_right":{"rotation":{"0.0":[0,0,0],"0.125":{"pre":[0,-30,0],"post":[0,-30,0],"lerp_mode":"catmullrom"},"0.9167":{"post":[0,0,0],"lerp_mode":"catmullrom"},"1.2917":[0,0,0]}},"forearm_right":{"rotation":{"0.0":[0,0,0],"0.375":[0,-17.5,0],"1.125":[0,0,0]}},"arm_left":{"rotation":{"0.0":[0,0,0],"0.125":{"pre":[0,30,0],"post":[0,30,0],"lerp_mode":"catmullrom"},"0.9167":{"post":[0,0,0],"lerp_mode":"catmullrom"},"1.2917":[0,0,0]}},"forearm_left":{"rotation":{"0.0":[0,0,0],"0.375":[0,17.5,0],"1.125":[0,0,0]}},"eyelid_left":{"position":{"0.0":[0.02,0,-0.035],"0.125":[0.02,0,-0.035],"0.1667":{"pre":[0.02,0,-0.035],"post":[0,0,0]}}},"eyelid_right":{"position":{"0.0":[-0.02,0,-0.035],"0.125":[-0.02,0,-0.035],"0.1667":{"pre":[-0.02,0,-0.035],"post":[0,0,0]}}},"fur":{"rotation":{"0.0":[0,0,0],"0.25":[45,0,0],"1.5":[0,0,0]}},"hair":{"rotation":{"0.0":[0,0,0],"0.25":[15,0,0],"1.5":[0,0,0]}},"torso":{"rotation":{"0.0":[0,0,0],"0.125":[-12,0,0],"0.4583":{"pre":[2.24067,0,0],"post":[2.24067,0,0],"lerp_mode":"catmullrom"},"0.8333":{"post":[2.24067,0,0],"lerp_mode":"catmullrom"},"1.2917":[0,0,0]}},"neck":{"rotation":{"0.0":[0,0,0],"0.0833":{"pre":[-25,0,0],"post":[-25,0,0],"lerp_mode":"catmullrom"},"0.625":{"post":[-12.5,0,0],"lerp_mode":"catmullrom"},"1.125":{"post":[0,0,0],"lerp_mode":"catmullrom"},"1.5":[0,0,0]},"position":{"0.0":[0,0,0],"0.0833":[0,-2.2505,-0.49774],"1.125":[0,0,0]}},"head":{"rotation":{"0.0":[0,0,0],"0.125":{"pre":[10,0,0],"post":[10,0,0],"lerp_mode":"catmullrom"},"0.25":{"post":[-10,0,0],"lerp_mode":"catmullrom"},"0.5833":{"post":[-10,0,0],"lerp_mode":"catmullrom"},"0.9583":{"post":[0,0,0],"lerp_mode":"catmullrom"},"1.3333":[0,0,0]}},"tail":{"rotation":{"0.0":[0,0,0],"0.1667":{"pre":[17.5,0,0],"post":[17.5,0,0],"lerp_mode":"catmullrom"},"0.625":{"post":[15.38,0,0],"lerp_mode":"catmullrom"},"1.3333":[0,0,0]}}}}}}