{"format_version":"1.8.0","animations":{"animation.escavalier.ground_idle":{"loop":true,"bones":{"excavalier":{"rotation":[5,0,0]},"Body":{"rotation":[-7.5,0,0],"position":[0,"math.cos((q.anim_time -0.175)*360*0.2)*1",-3]},"head_piece":{"rotation":[7.5,0,0]},"head_piece_1":{"rotation":[-10,0,0],"position":[0,-1.75,-0.75]},"arm_right1":{"rotation":[11.93255,"-34.3927-math.cos((q.anim_time -0.75)*360*0.5)*1",-12.14787]},"arm_right2":{"rotation":[10.73052,-46.55847,-14.62771],"position":[1,0,0.75]},"spike_right1":{"rotation":[0,-12.5,0]},"arm_left1":{"rotation":[11.3043,"29.495+math.cos((q.anim_time -0.75)*360*0.5)*1",10.96156]},"arm_left2":{"rotation":[10.73052,46.55847,14.62771]},"spike_left1":{"rotation":[0,12.5,0]},"head":{"rotation":["15+math.cos((q.anim_time -0.1)*360*0.25)*2",0,0]},"arm_left":{"rotation":[0,2.5,0]}}},"animation.escavalier.ground_walk":{"loop":true,"bones":{"excavalier":{"rotation":[5,0,0]},"Body":{"rotation":[35,0,0],"position":[0,"math.cos((q.anim_time -0.175)*360*1)*1",-3]},"head_piece":{"rotation":[7.5,0,0]},"head_piece_1":{"rotation":[-10,0,0],"position":[0,-1.75,-0.75]},"arm_right1":{"rotation":[-45.51479,"-47.7854-math.cos((q.anim_time -0.75)*360*0.5)*0.25",2.88866]},"arm_right2":{"rotation":[10.73052,-46.55847,-14.62771],"position":[1,0,0.75]},"spike_right1":{"rotation":[0,-12.5,0]},"arm_left1":{"rotation":[-46.20263,"44.6671+math.cos((q.anim_time -0.75)*360*0.5)*0.25",-5.48572]},"arm_left2":{"rotation":[10.73052,46.55847,14.62771]},"spike_left1":{"rotation":[0,12.5,0]},"head":{"rotation":["-25+math.cos((q.anim_time -0.1)*360*1)*1",0,0]},"arm_left":{"rotation":[-17.5,2.5,0]},"arm_right":{"rotation":[-17.5,0,0]}}},"animation.escavalier.water_swim":{"loop":true,"bones":{"excavalier":{"rotation":[5,0,0],"position":[0,0,0]},"Body":{"rotation":[90,0,"-q.anim_time*720"],"position":[0,"-32+math.cos((q.anim_time -0.175)*360*1)*1",-3]},"head_piece":{"rotation":[7.5,0,0]},"head_piece_1":{"rotation":[-10,0,0],"position":[0,-1.75,-0.75]},"arm_right1":{"rotation":[-41.95727,"-44.1699-math.cos((q.anim_time -0.75)*360*0.5)*0.25",-2.06959]},"arm_right2":{"rotation":[8.44164,-29.29573,-10.94684],"position":[1,0,0.75]},"spike_right1":{"rotation":[0,-12.5,0]},"arm_left1":{"rotation":[-41.54969,"39.2526+math.cos((q.anim_time -0.75)*360*0.5)*0.25",1.48485]},"arm_left2":{"rotation":[10.73052,46.55847,14.62771]},"spike_left1":{"rotation":[-0.21865,-4.99523,2.50954]},"head":{"rotation":["-65+math.cos((q.anim_time -0.1)*360*1)*1",0,0]},"arm_left":{"rotation":[-67.36781,39.77233,-21.37798]},"arm_right":{"rotation":[-54.3342,-40.69489,24.42185]}}}}}