{"format_version":"1.8.0","animations":{"animation.eternatus.ground_idle":{"loop":true,"animation_length":6,"bones":{"mainbody":{"position":{"0.0":[0,0,0],"0.25":[0,0,0],"2.75":[0,2,0],"3.25":[0,2,0],"6.0":[0,0,0]}},"spine":{"rotation":[0,0,"math.sin(q.anim_time*30*2-150)*1"]},"topspine":{"rotation":[-46.32261,-12.33509,"-49.8161+math.sin(q.anim_time*30*2-10)*3 "]},"spineseg2":{"rotation":[0,0,"0+math.sin(q.anim_time*30*2-12)*4"]},"spineseg3":{"rotation":[0,2.5,"math.sin(q.anim_time*30*2-150)*6"]},"jaw":{"rotation":{"0.0":[0,0,0],"3.0":[0,0,-12.5],"6.0":[0,0,0]}},"spinebackseg2":{"rotation":[0,0,"math.sin(q.anim_time*30*2-10)*3 "]},"lleg":{"position":{"0.0":[0,0,0],"3.0":[0,1,0],"6.0":[0,0,0]}},"rleg":{"position":{"0.0":[0,0,0],"3.0":[0,1,0],"6.0":[0,0,0]}},"spinebackseg3":{"rotation":[0,0,"math.sin(q.anim_time*30*2-12)*5 "]},"tail":{"rotation":[0,0,"math.sin(q.anim_time*30*2-150)*7"]},"tailseg1":{"rotation":[0,0,"math.sin(q.anim_time*30*2-180)*9"]},"tailseg2":{"rotation":[0,0,"math.sin(q.anim_time*30*2-180)*11"]},"tailtip":{"rotation":[0,0,"math.sin(q.anim_time*30*2-180)*13"]},"rarm":{"position":{"0.0":[0,0,0],"3.0":[-1,1,0],"6.0":[0,0,0]}},"larm":{"position":{"0.0":[0,0,0],"3.0":[0,1,1],"6.0":[0,0,0]}},"shlognr":{"rotation":["-math.sin(q.anim_time*30*2-10)*3 ","-math.sin(q.anim_time*30*2-10)*3 ","-math.sin(q.anim_time*30*2-10)*3 "]},"rseg2":{"rotation":["-math.sin(q.anim_time*30*2-12)*5 ","-math.sin(q.anim_time*30*2-12)*5 ","-math.sin(q.anim_time*30*2-12)*5 "]},"rseg3":{"rotation":["-math.sin(q.anim_time*30*2-150)*7","-math.sin(q.anim_time*30*2-150)*7","-math.sin(q.anim_time*30*2-150)*7"]},"rseg4":{"rotation":["-math.sin(q.anim_time*30*2-180)*9","-math.sin(q.anim_time*30*2-180)*9","-math.sin(q.anim_time*30*2-180)*9"]},"rseg5":{"rotation":["math.sin(q.anim_time*30*2-180)*11","-math.sin(q.anim_time*30*2-180)*11","math.sin(q.anim_time*30*2-180)*11"]},"rseg6":{"rotation":{"0.0":["-math.sin(q.anim_time*30*2-180)*13","-math.sin(q.anim_time*30*2-180)*13","math.sin(q.anim_time*30*2-180)*13"],"2.0417":["math.sin(q.anim_time*30*2-180)*13","-math.sin(q.anim_time*30*2-180)*13","math.sin(q.anim_time*30*2-180)*13"],"6.0":["math.sin(q.anim_time*30*2-180)*13","-math.sin(q.anim_time*30*2-180)*13","math.sin(q.anim_time*30*2-180)*13"]}},"rseg7":{"rotation":["math.sin(q.anim_time*30*2-180)*15","-math.sin(q.anim_time*30*2-180)*15","math.sin(q.anim_time*30*2-180)*15"]},"rseg8":{"rotation":["-math.sin(q.anim_time*30*2-180)*15","math.sin(q.anim_time*30*2-180)*15","-math.sin(q.anim_time*30*2-180)*15"]},"schlongl":{"rotation":["math.sin(q.anim_time*30*2-10)*3  ","math.sin(q.anim_time*30*2-10)*3 ","math.sin(q.anim_time*30*2-10)*3 "]},"lseg1":{"rotation":["math.sin(q.anim_time*30*2-12)*5 ","math.sin(q.anim_time*30*2-12)*5","math.sin(q.anim_time*30*2-12)*5 "]},"lsge2":{"rotation":["math.sin(q.anim_time*30*2-12)*5  ","math.sin(q.anim_time*30*2-12)*5 ","math.sin(q.anim_time*30*2-12)*5 "]},"lseg3":{"rotation":["math.sin(q.anim_time*30*2-150)*7","math.sin(q.anim_time*30*2-150)*7","math.sin(q.anim_time*30*2-150)*7"]},"lseg4":{"rotation":["math.sin(q.anim_time*30*2-180)*9","math.sin(q.anim_time*30*2-180)*9","math.sin(q.anim_time*30*2-180)*9"]},"lseg5":{"rotation":["math.sin(q.anim_time*30*2-180)*11","math.sin(q.anim_time*30*2-180)*11","math.sin(q.anim_time*30*2-180)*11"]},"lseg6":{"rotation":["math.sin(q.anim_time*30*2-180)*13","math.sin(q.anim_time*30*2-180)*13","math.sin(q.anim_time*30*2-180)*13"]},"lseg7":{"rotation":["math.sin(q.anim_time*30*2-180)*13","math.sin(q.anim_time*30*2-180)*13","math.sin(q.anim_time*30*2-180)*13"]},"lseg8":{"rotation":["math.sin(q.anim_time*30*2-180)*15","math.sin(q.anim_time*30*2-180)*15","math.sin(q.anim_time*30*2-180)*15"]},"looky":{"rotation":["10+math.sin(q.anim_time*30*2-150)*3 ",0,"math.sin(q.anim_time*30*2-150)*4"]}}},"animation.eternatus.special_attack":{"loop":true,"animation_length":6.0417,"bones":{"mainbody":{"position":{"0.0":[0,0,0],"1.25":[0,0,0],"1.5":[0,0,8],"1.5417":[0,0,6],"1.5833":[0,0,8],"1.625":[0,0,6],"1.6667":[0,0,8],"1.7083":[0,0,6],"1.75":[0,0,8],"1.7917":[0,0,6],"1.8333":[0,0,8],"1.875":[0,0,6],"1.9167":[0,0,8],"1.9583":[0,0,6],"2.0":[0,0,8],"2.0417":[0,0,6],"2.0833":[0,0,8],"2.125":[0,0,6],"2.1667":[0,0,8],"3.0":[0,0,0]}},"spine":{"rotation":{"0.0":[0,0,-12.5],"0.5":[0,0,-12.5],"1.0":[0,0,-12.5],"3.0":[0,0,-12.5],"3.5833":[0,0,"math.sin(q.anim_time*30*2-150)*1"]}},"topspine":{"rotation":{"0.0":[0,0,-7.5],"0.5":[0,0,-7.5],"1.0":[0,0,-7.5],"3.0":[0,0,-7.5],"3.5833":[0,0,"math.sin(q.anim_time*30*2-10)*3 "]}},"spineseg2":{"rotation":{"0.0":[0,0,2.5],"0.5":[0,0,2.5],"1.0":[0,0,2.5],"3.0":[0,0,2.5],"3.5833":[0,0,"math.sin(q.anim_time*30*2-12)*5 "]}},"spineseg3":{"rotation":{"0.0":[0,0,10],"0.5":[0,0,10],"1.0":[0,0,10],"3.0":[0,0,10],"3.5833":[0,0,"math.sin(q.anim_time*30*2-150)*7"]}},"neck":{"rotation":{"0.0":[-8.316,9.50716,19.62639],"0.5":[-8.316,9.50716,19.62639],"1.0":[-8.316,9.50716,19.62639],"3.0":[-8.316,9.50716,19.62639],"3.5833":[0,0,"math.sin(q.anim_time*30*2-150)*7"]}},"jaw":{"rotation":{"0.0":[0,0,0],"1.25":[0,0,0],"1.5":[0,0,-7.92],"1.5417":[0,0,0],"1.5833":[0,0,-7.92],"1.625":[0,0,0],"1.6667":[0,0,-7.92],"1.7083":[0,0,0],"1.75":[0,0,-7.92],"1.7917":[0,0,0],"1.8333":[0,0,-7.92],"1.875":[0,0,0],"1.9167":[0,0,-7.92],"1.9583":[0,0,0],"2.0":[0,0,-12.5],"2.0417":[0,0,-7.92],"2.0833":[0,0,0],"2.125":[0,0,-7.92],"2.1667":[0,0,0],"2.2083":[0,0,-7.92],"2.25":[0,0,0],"2.2917":[0,0,-7.92],"2.3333":[0,0,0],"3.0":[0,0,0]}},"spinebackseg2":{"rotation":{"0.0":[0,0,"math.sin(q.anim_time*30*2-10)*3 "],"4.5833":[0,0,"math.sin(q.anim_time*30*2-10)*3 "]}},"lleg":{"position":{"0.0":[0,0,0],"2.0":[0,1,0],"4.0":[0,0,0]}},"rleg":{"position":{"0.0":[0,0,0],"2.0":[0,1,0],"4.0":[0,0,0]}},"spinebackseg3":{"rotation":{"0.0":[0,0,"math.sin(q.anim_time*30*2-12)*5 "],"1.0":[0,0,"math.sin(q.anim_time*30*2-12)*1 "],"3.5":[0,0,"math.sin(q.anim_time*30*2-12)*1 "],"4.0":[0,0,"math.sin(q.anim_time*30*2-12)*5 "]}},"tail":{"rotation":{"0.0":[0,0,"math.sin(q.anim_time*30*2-150)*7"],"1.0":[0,0,"15+math.sin(q.anim_time*30*2-150)*2"],"1.5":[0,0,"20+math.sin(q.anim_time*30*2-150)*7"],"4.0":[0,0,"15+math.sin(q.anim_time*30*2-150)*2"],"4.5833":[0,0,"math.sin(q.anim_time*30*2-150)*7"]}},"tailseg1":{"rotation":{"0.0":[0,0,"math.sin(q.anim_time*30*2-180)*9"],"1.0":[0,0,"10+math.sin(q.anim_time*30*2-180)*3"],"1.5":[0,0,"10+math.sin(q.anim_time*30*2-180)*9"],"4.0":[0,0,"10+math.sin(q.anim_time*30*2-180)*3"],"4.5833":[0,0,"math.sin(q.anim_time*30*2-180)*9"]}},"tailseg2":{"rotation":{"0.0":[0,0,"math.sin(q.anim_time*30*2-180)*11"],"1.0":[0,0,"12.5+math.sin(q.anim_time*30*2-180)*6"],"1.5":[0,0,"12.5+math.sin(q.anim_time*30*2-180)*6"],"4.0":[0,0,"12.5+math.sin(q.anim_time*30*2-180)*6"],"4.5833":[0,0,"math.sin(q.anim_time*30*2-180)*11"]}},"tailtip":{"rotation":{"0.0":[0,0,"math.sin(q.anim_time*30*2-180)*13"],"1.0":[0,0,"12.5+math.sin(q.anim_time*30*2-180)*5"],"1.5":[0,0,"12.5+math.sin(q.anim_time*30*2-180)*5"],"4.0":[0,0,"12.5+math.sin(q.anim_time*30*2-180)*5"],"4.5833":[0,0,"math.sin(q.anim_time*30*2-180)*13"]}},"rarm":{"rotation":{"0.0":[-11.87183,39.3184,-36.82891],"0.5":[-11.87183,39.3184,-36.82891],"1.0":[-11.87183,39.3184,-36.82891],"3.0":[-11.87183,39.3184,-36.82891],"3.5833":[0,0,0]},"position":{"0.0":[-1,1,0],"0.5":[-1,1,0],"1.0":[-1,1,0],"3.0":[-1,1,0],"3.5833":[0,0,0]}},"larm":{"rotation":{"0.0":[20.99692,-18.17696,-50.89594],"0.5":[20.99692,-18.17696,-50.89594],"1.0":[20.99692,-18.17696,-50.89594],"3.0":[20.99692,-18.17696,-50.89594],"3.5833":[0,0,0]},"position":{"0.0":[0,1,1],"0.5":[0,1,1],"1.0":[0,1,1],"3.0":[0,1,1],"3.5833":[0,0,0]}},"shlognr":{"rotation":["-math.sin(q.anim_time*30*2-10)*3 ","-math.sin(q.anim_time*30*2-10)*3 ","-math.sin(q.anim_time*30*2-10)*3 "]},"rseg2":{"rotation":["-math.sin(q.anim_time*30*2-12)*5 ","-math.sin(q.anim_time*30*2-12)*5 ","-math.sin(q.anim_time*30*2-12)*5 "]},"rseg3":{"rotation":["-math.sin(q.anim_time*30*2-150)*7","-math.sin(q.anim_time*30*2-150)*7","-math.sin(q.anim_time*30*2-150)*7"]},"rseg4":{"rotation":["-math.sin(q.anim_time*30*2-180)*9","-math.sin(q.anim_time*30*2-180)*9","-math.sin(q.anim_time*30*2-180)*9"]},"rseg5":{"rotation":["math.sin(q.anim_time*30*2-180)*11","-math.sin(q.anim_time*30*2-180)*11","math.sin(q.anim_time*30*2-180)*11"]},"rseg6":{"rotation":{"0.0":["-math.sin(q.anim_time*30*2-180)*13","-math.sin(q.anim_time*30*2-180)*13","math.sin(q.anim_time*30*2-180)*13"],"1.0417":["math.sin(q.anim_time*30*2-180)*13","-math.sin(q.anim_time*30*2-180)*13","math.sin(q.anim_time*30*2-180)*13"],"3.5833":["math.sin(q.anim_time*30*2-180)*13","-math.sin(q.anim_time*30*2-180)*13","math.sin(q.anim_time*30*2-180)*13"]}},"rseg7":{"rotation":["math.sin(q.anim_time*30*2-180)*15","-math.sin(q.anim_time*30*2-180)*15","math.sin(q.anim_time*30*2-180)*15"]},"rseg8":{"rotation":["-math.sin(q.anim_time*30*2-180)*15","math.sin(q.anim_time*30*2-180)*15","-math.sin(q.anim_time*30*2-180)*15"]},"schlongl":{"rotation":["math.sin(q.anim_time*30*2-10)*3  ","math.sin(q.anim_time*30*2-10)*3 ","math.sin(q.anim_time*30*2-10)*3 "]},"lseg1":{"rotation":["math.sin(q.anim_time*30*2-12)*5 ","math.sin(q.anim_time*30*2-12)*5","math.sin(q.anim_time*30*2-12)*5 "]},"lsge2":{"rotation":["math.sin(q.anim_time*30*2-12)*5  ","math.sin(q.anim_time*30*2-12)*5 ","math.sin(q.anim_time*30*2-12)*5 "]},"lseg3":{"rotation":["math.sin(q.anim_time*30*2-150)*7","math.sin(q.anim_time*30*2-150)*7","math.sin(q.anim_time*30*2-150)*7"]},"lseg4":{"rotation":["math.sin(q.anim_time*30*2-180)*9","math.sin(q.anim_time*30*2-180)*9","math.sin(q.anim_time*30*2-180)*9"]},"lseg5":{"rotation":["math.sin(q.anim_time*30*2-180)*11","math.sin(q.anim_time*30*2-180)*11","math.sin(q.anim_time*30*2-180)*11"]},"lseg6":{"rotation":["math.sin(q.anim_time*30*2-180)*13","math.sin(q.anim_time*30*2-180)*13","math.sin(q.anim_time*30*2-180)*13"]},"lseg7":{"rotation":["math.sin(q.anim_time*30*2-180)*13","math.sin(q.anim_time*30*2-180)*13","math.sin(q.anim_time*30*2-180)*13"]},"lseg8":{"rotation":["math.sin(q.anim_time*30*2-180)*15","math.sin(q.anim_time*30*2-180)*15","math.sin(q.anim_time*30*2-180)*15"]},"core":{"rotation":{"0.0":[0,360,0],"0.5":[0,720,0],"1.0":[0,1440,0],"1.25":[0,2880,0],"1.5":[0,1440,0],"1.75":[0,2880,0],"2.0":[0,0,0],"2.25":[0,2880,0],"2.5":[0,720,0],"3.0":[0,0,0]}},"rhand":{"rotation":{"0.0":[15.03043,-44.93873,-50.75249],"0.5":[15.03043,-44.93873,-50.75249],"1.0":[15.03043,-44.93873,-50.75249],"3.0":[15.03043,-44.93873,-50.75249],"3.5833":[0,0,0]}},"lhand":{"rotation":{"0.0":[0.0547,4.82922,63.79717],"0.5":[0.0547,4.82922,63.79717],"1.0":[0.0547,4.82922,63.79717],"3.0":[0.0547,4.82922,63.79717],"3.5833":[0,0,0]}},"looky":{"rotation":["5+math.sin(q.anim_time*30*2-150)*3 ",0,"math.sin(q.anim_time*30*2-150)*7"]}}},"animation.eternatus.ground_walk":{"loop":true,"bones":{"spine":{"rotation":[0,0,"-10+math.sin(q.anim_time*30*3-150)*1"]},"topspine":{"rotation":[-28.40853,-2.8514,"-29.9509-math.sin(q.anim_time*15*4-10)*3"]},"spineseg2":{"rotation":[0,0,"10+math.sin(q.anim_time*15*8-12)*3 "]},"spineseg3":{"rotation":[0,0,"-2.5+math.sin(q.anim_time*15*8-10)*6 "]},"spinebackseg2":{"rotation":[0,0,"math.sin(q.anim_time*30*2-10)*3 "]},"spinebackseg3":{"rotation":[0,0,"2.5+math.sin(q.anim_time*15*10-12)*5"]},"tail":{"rotation":[0,0,"7.5+math.sin(q.anim_time*30*5-150)*7"]},"tailseg1":{"rotation":[0,0,"2.5+math.sin(q.anim_time*30*7-180)*4"]},"tailseg2":{"rotation":[0,0,"10+math.sin(q.anim_time*30*8-180)*2"]},"tailtip":{"rotation":[0,0,"2.5+math.sin(q.anim_time*30*9-180)*1"]},"rarm":{"position":[2,1,0]},"larm":{"position":[-1,0,2]},"shlognr":{"rotation":["-math.sin(q.anim_time*30*2-10)*3 ","-math.sin(q.anim_time*30*2-10)*3 ","-math.sin(q.anim_time*30*2-10)*3 "]},"rseg2":{"rotation":["-math.sin(q.anim_time*30*2-12)*5 ","-math.sin(q.anim_time*30*2-12)*5 ","-math.sin(q.anim_time*30*2-12)*5 "]},"rseg3":{"rotation":["-math.sin(q.anim_time*30*2-150)*7","-math.sin(q.anim_time*30*2-150)*7","-math.sin(q.anim_time*30*2-150)*7"]},"rseg4":{"rotation":["-math.sin(q.anim_time*30*2-180)*9","-math.sin(q.anim_time*30*2-180)*9","-math.sin(q.anim_time*30*2-180)*9"]},"rseg5":{"rotation":["math.sin(q.anim_time*30*2-180)*11","-math.sin(q.anim_time*30*2-180)*11","math.sin(q.anim_time*30*2-180)*11"]},"rseg6":{"rotation":["-math.sin(q.anim_time*30*2-180)*13","-math.sin(q.anim_time*30*2-180)*13","math.sin(q.anim_time*30*2-180)*13"]},"rseg7":{"rotation":["math.sin(q.anim_time*30*2-180)*15","-math.sin(q.anim_time*30*2-180)*15","math.sin(q.anim_time*30*2-180)*15"]},"rseg8":{"rotation":["-math.sin(q.anim_time*30*2-180)*15","math.sin(q.anim_time*30*2-180)*15","-math.sin(q.anim_time*30*2-180)*15"]},"schlongl":{"rotation":["math.sin(q.anim_time*30*2-10)*3  ","math.sin(q.anim_time*30*2-10)*3 ","math.sin(q.anim_time*30*2-10)*3 "]},"lseg1":{"rotation":["math.sin(q.anim_time*30*2-12)*5 ","math.sin(q.anim_time*30*2-12)*5","math.sin(q.anim_time*30*2-12)*5 "]},"lsge2":{"rotation":["math.sin(q.anim_time*30*2-12)*5  ","math.sin(q.anim_time*30*2-12)*5 ","math.sin(q.anim_time*30*2-12)*5 "]},"lseg3":{"rotation":["math.sin(q.anim_time*30*2-150)*7","math.sin(q.anim_time*30*2-150)*7","math.sin(q.anim_time*30*2-150)*7"]},"lseg4":{"rotation":["math.sin(q.anim_time*30*2-180)*9","math.sin(q.anim_time*30*2-180)*9","math.sin(q.anim_time*30*2-180)*9"]},"lseg5":{"rotation":["math.sin(q.anim_time*30*2-180)*11","math.sin(q.anim_time*30*2-180)*11","math.sin(q.anim_time*30*2-180)*11"]},"lseg6":{"rotation":["math.sin(q.anim_time*30*2-180)*13","math.sin(q.anim_time*30*2-180)*13","math.sin(q.anim_time*30*2-180)*13"]},"lseg7":{"rotation":["math.sin(q.anim_time*30*2-180)*13","math.sin(q.anim_time*30*2-180)*13","math.sin(q.anim_time*30*2-180)*13"]},"lseg8":{"rotation":["math.sin(q.anim_time*30*2-180)*15","math.sin(q.anim_time*30*2-180)*15","math.sin(q.anim_time*30*2-180)*15"]},"mainbody":{"position":[0,"math.sin(q.anim_time*15*5-10)*1",0]},"looky":{"rotation":["7.5-math.sin(q.anim_time*30*2-150)*3 ",0,0]}}},"animation.eternatus.cry":{"animation_length":2.5,"bones":{"topspine":{"rotation":{"0.0":{"post":[0,0,0],"lerp_mode":"catmullrom"},"1.0":{"post":[0,0,2.5],"lerp_mode":"catmullrom"},"1.5":{"post":[0,0,2.5],"lerp_mode":"catmullrom"},"2.5":{"post":[0,0,0],"lerp_mode":"catmullrom"}}},"spineseg2":{"rotation":{"0.0":{"post":[0,0,0],"lerp_mode":"catmullrom"},"1.0":{"post":[0,0,20],"lerp_mode":"catmullrom"},"1.5":{"post":[0,0,20],"lerp_mode":"catmullrom"},"2.5":{"post":[0,0,0],"lerp_mode":"catmullrom"}}},"spineseg3":{"rotation":{"0.0":{"post":[0,0,0],"lerp_mode":"catmullrom"},"1.0":{"post":[0,0,12.5],"lerp_mode":"catmullrom"},"1.5":{"post":[0,0,12.5],"lerp_mode":"catmullrom"},"2.5":{"post":[0,0,0],"lerp_mode":"catmullrom"}},"position":{"0.0":{"post":[0,0,0],"lerp_mode":"catmullrom"},"1.0":{"post":[0,0,0],"lerp_mode":"catmullrom"},"1.5":{"post":[0,0,0],"lerp_mode":"catmullrom"},"2.5":{"post":[0,0,0],"lerp_mode":"catmullrom"}}},"neck":{"rotation":{"0.0":{"post":[0,0,0],"lerp_mode":"catmullrom"},"1.0":{"post":[0,0,22.5],"lerp_mode":"catmullrom"},"1.5":{"post":[0,0,22.5],"lerp_mode":"catmullrom"},"2.5":{"post":[0,0,0],"lerp_mode":"catmullrom"}}},"jaw":{"rotation":{"0.0":[0,0,0],"1.0":[0,0,-35],"1.0417":[0,0,-30],"1.0833":[0,0,-35],"1.125":[0,0,-30],"1.1667":[0,0,-35],"1.2083":[0,0,-30],"1.25":[0,0,-35],"1.2917":[0,0,-30],"1.3333":[0,0,-35],"1.375":[0,0,-30],"1.4167":[0,0,-35],"1.4583":[0,0,-30],"1.5":[0,0,-35],"2.5":[0,0,0]}},"rarm":{"rotation":{"0.0":[0,0,0],"1.0":[7.73641,33.41847,21.81879],"1.25":[7.73641,33.41847,21.81879],"1.5":[7.73641,33.41847,21.81879],"2.5":[0,0,0]},"position":{"0.0":[0,0,0],"1.0":[0,-3,0],"1.25":[0,-3,0],"1.5":[0,-3,0],"2.5":[0,0,0]}},"rhand":{"rotation":{"0.0":[0,0,0],"1.0":[3.72322,1.58421,10.95408],"1.25":[3.72322,1.58421,10.95408],"1.5":[3.72322,1.58421,10.95408],"2.5":[0,0,0]}},"larm":{"rotation":{"0.0":[0,0,0],"1.0":[-9.90294,-21.62656,30.90761],"1.25":[-9.90294,-21.62656,30.90761],"1.5":[-9.90294,-21.62656,30.90761],"2.5":[0,0,0]}},"lhand":{"rotation":{"0.0":[0,0,0],"1.0":[7.40391,-10.95463,-19.83547],"1.25":[7.40391,-10.95463,-19.83547],"1.5":[7.40391,-10.95463,-19.83547],"2.5":[0,0,0]}},"looky":{"rotation":{"0.0":{"post":[0,0,0],"lerp_mode":"catmullrom"},"1.0":{"post":[58.66698,4.00594,56.4949],"lerp_mode":"catmullrom"},"1.5":{"post":[0,0,2.5],"lerp_mode":"catmullrom"},"2.5":{"post":[0,0,0],"lerp_mode":"catmullrom"}}},"spinebackseg2":{"rotation":{"0.0":{"post":[0,0,0],"lerp_mode":"catmullrom"},"1.0":{"post":[0,0,-20],"lerp_mode":"catmullrom"},"1.5":{"post":[0,0,-20],"lerp_mode":"catmullrom"},"2.5":{"post":[0,0,0],"lerp_mode":"catmullrom"}}},"spinebackseg3":{"rotation":{"0.0":{"post":[0,0,0],"lerp_mode":"catmullrom"},"1.0":{"post":[0,0,-2.5],"lerp_mode":"catmullrom"},"1.5":{"post":[0,0,-2.5],"lerp_mode":"catmullrom"},"2.5":{"post":[0,0,0],"lerp_mode":"catmullrom"}}},"tail":{"rotation":{"0.0":{"post":[0,0,0],"lerp_mode":"catmullrom"},"1.0":{"post":[0,0,-2.5],"lerp_mode":"catmullrom"},"1.5":{"post":[0,0,-2.5],"lerp_mode":"catmullrom"},"2.5":{"post":[0,0,0],"lerp_mode":"catmullrom"}}},"tailseg1":{"rotation":{"0.0":{"post":[0,0,0],"lerp_mode":"catmullrom"},"1.0":{"post":[0,0,-2.5],"lerp_mode":"catmullrom"},"1.5":{"post":[0,0,-2.5],"lerp_mode":"catmullrom"},"2.5":{"post":[0,0,0],"lerp_mode":"catmullrom"}}}}},"animation.eternatus.faint":{"animation_length":3,"bones":{"topspine":{"rotation":{"0.0":[0,0,0],"1.125":[0,0,2.5],"2.25":[0.21865,4.99523,5.00954]}},"spineseg2":{"rotation":{"0.0":[0,0,0],"1.125":[0.00581,-4.83435,12.5661],"2.25":[0.21865,4.99523,15.00954]}},"spineseg3":{"rotation":{"0.0":[0,0,0],"1.125":[0.06886,-8.93531,15.38539],"2.25":[0.88045,9.96156,20.07673]}},"neck":{"rotation":{"0.0":[0,0,0],"1.125":[0,-9.67108,18.28414],"2.25":[0,2.5,32.5]}},"jaw":{"rotation":{"0.0":[0,0,0],"0.7917":[0,0,-30],"0.8333":[0,0,-35],"0.875":[0,0,-30],"0.9167":[0,0,-35],"0.9583":[0,0,-30],"1.0":[0,0,-35],"1.0417":[0,0,-30],"1.0833":[0,0,-35],"1.125":[0,0,-35],"1.1667":[0,0,-35],"1.2083":[0,0,-30],"1.25":[0,0,-35],"1.2917":[0,0,-30],"1.3333":[0,0,-35],"1.375":[0,0,-30],"1.4167":[0,0,-35],"1.4583":[0,0,-30],"1.5":[0,0,-30],"1.5417":[0,0,-35],"1.5833":[0,0,-30],"1.625":[0,0,-35],"1.6667":[0,0,-30],"1.7083":[0,0,-35],"1.75":[0,0,-30],"1.7917":[0,0,-35],"1.8333":[0,0,-30],"1.875":[0,0,-35],"1.9167":[0,0,-30],"1.9583":[0,0,-35],"2.0":[0,0,-30],"2.0417":[0,0,-35],"2.0833":[0,0,-30],"2.125":[0,0,-35],"2.1667":[0,0,-30],"2.2083":[0,0,-35],"2.25":[0,0,-30],"3.0":[0,0,2.5]}},"rarm":{"rotation":{"0.0":[0,0,0],"1.125":[7.73641,33.41847,21.81879],"2.25":[7.73641,33.41847,21.81879]},"position":{"0.0":[0,0,0],"1.125":[0,-3,0],"2.25":[0,-3,0]}},"rhand":{"rotation":{"0.0":[0,0,0],"1.125":[3.72322,1.58421,10.95408],"2.25":[3.72322,1.58421,10.95408]}},"larm":{"rotation":{"0.0":[0,0,0],"1.125":[-9.90294,-21.62656,30.90761],"2.25":[-9.90294,-21.62656,30.90761]}},"lhand":{"rotation":{"0.0":[0,0,0],"1.125":[7.40391,-10.95463,-19.83547],"2.25":[7.40391,-10.95463,-19.83547]}}}}}}