{"format_version":"1.8.0","animations":{"animation.feebas.water_idle":{"loop":true,"bones":{"body":{"rotation":[0,"0+math.sin(q.anim_time*90*6)*1","0+math.cos(q.anim_time*90*6)*1"],"position":[0,"0+math.cos(q.anim_time*90*6)*0.1",0]},"fin_left":{"rotation":[0,-10,"52.5+math.cos(q.anim_time*90*6)*3"]},"fin_right":{"rotation":[0,10,"-52.5-math.cos(q.anim_time*90*6)*3"]},"tail":{"rotation":[0,"0+math.sin(q.anim_time*90*6-30)*2",0]},"tail2":{"rotation":[0,"0+math.sin(q.anim_time*90*6-60)*1",0]}}},"animation.feebas_sleep":{"loop":true,"bones":{"body":{"rotation":[5,"0+math.sin(q.anim_time*90*4)*1","0+math.cos(q.anim_time*90*4)*1"],"position":[0,"0+math.cos(q.anim_time*90*4)*0.1",0]},"fin_left":{"rotation":[0,-10,"52.5+math.cos(q.anim_time*90*4)*5"]},"fin_right":{"rotation":[0,10,"-52.5-math.cos(q.anim_time*90*4)*5"]},"tail":{"rotation":[-5,"0+math.sin(q.anim_time*90*4-30)*2",0]},"tail2":{"rotation":[-5,"0+math.sin(q.anim_time*90*4-60)*1",0]},"head":{"rotation":[5,0,0]},"eyelid_left":{"position":[0.125,0,0]},"eyelid_right":{"position":[-0.15,0,0]}}},"animation.feebas.blink":{"animation_length":0.16667,"bones":{"eyelid_left":{"position":{"0.0":[0.05,0,0],"0.125":[0.125,0,0],"0.1667":[0,0,0]}},"eyelid_right":{"position":{"0.0":[-0.05,0,0],"0.125":[-0.125,0,0],"0.1667":[0,0,0]}}}},"animation.feebas.water_swim":{"loop":true,"bones":{"body":{"rotation":[0,"0+math.sin(q.anim_time*90*10)*3","0+math.cos(q.anim_time*90*8)*1"],"position":[0,"0+math.cos(q.anim_time*90*10)*0.1","0+math.sin(q.anim_time*90*10)*0.3"]},"fin_left":{"rotation":[0,-10,"52.5+math.cos(q.anim_time*90*10)*8"]},"fin_right":{"rotation":[0,10,"-52.5-math.cos(q.anim_time*90*10)*8"]},"tail":{"rotation":[0,"0+math.sin(q.anim_time*90*10-30)*3",0]},"tail2":{"rotation":[0,"0+math.sin(q.anim_time*90*10-60)*4",0]},"torso":{"rotation":["0+math.cos(q.anim_time*90*8)*1","0+math.cos(q.anim_time*90*6)*3","0+math.cos(q.anim_time*90*8)*3"]},"jaw":{"rotation":[17.5,0,0]}}},"animation.feebas.sleep":{"loop":true,"bones":{"body":{"rotation":[5,"0+math.sin(q.anim_time*90*4)*1","0+math.cos(q.anim_time*90*4)*1"],"position":[0,"0+math.cos(q.anim_time*90*4)*0.1",0]},"fin_left":{"rotation":[0,-10,"52.5+math.cos(q.anim_time*90*4)*5"]},"fin_right":{"rotation":[0,10,"-52.5-math.cos(q.anim_time*90*4)*5"]},"tail":{"rotation":[-5,"0+math.sin(q.anim_time*90*4-30)*2",0]},"tail2":{"rotation":[-5,"0+math.sin(q.anim_time*90*4-60)*1",0]},"head":{"rotation":[5,0,0]},"eyelid_left":{"position":[0.125,0,0]},"eyelid_right":{"position":[-0.15,0,0]}}},"animation.feebas.ground_idle":{"loop":true,"bones":{"body":{"rotation":[0,"0-math.cos(q.anim_time*90*8)*10",-90],"position":[0,"1+math.clamp(math.sin(q.anim_time*90*8)*3,0,3)-math.clamp(math.sin(q.anim_time*90*8+180)*1,0,1)",0]},"torso":{"rotation":[0,0,"0+math.cos(q.anim_time*90*8)*5"]},"head":{"rotation":[0,"0-math.cos(q.anim_time*90*8-30)*5",0]},"fin_left":{"rotation":[0,0,"90+math.sin(q.anim_time*90*8+30)*20"]},"fin_right":{"rotation":[0,0,"-90+math.sin(q.anim_time*90*8+30)*20"]},"tail":{"rotation":[0,"0+math.sin(q.anim_time*90*8-30)*15",0]},"tail2":{"rotation":[0,"0+math.sin(q.anim_time*90*8-60)*15",0]},"jaw":{"rotation":[37.5,0,0]}}},"animation.feebas.ground_walk":{"loop":true,"bones":{"body":{"rotation":[0,"0-math.cos(q.anim_time*90*9)*10",-90],"position":[0,"1+math.clamp(math.sin(q.anim_time*90*9)*4,0,4)-math.clamp(math.sin(q.anim_time*90*9+180)*1,0,1)","0+math.cos(q.anim_time*90*8)*0.5"]},"torso":{"rotation":["0+math.cos(q.anim_time*90*9)*2",0,"0+math.cos(q.anim_time*90*9)*6"]},"head":{"rotation":[0,"0-math.sin(q.anim_time*90*9)*10",0]},"fin_left":{"rotation":[0,0,"90+math.sin(q.anim_time*90*9+40)*25"]},"fin_right":{"rotation":[0,0,"-90+math.sin(q.anim_time*90*9+30)*20"]},"tail":{"rotation":[0,"0+math.sin(q.anim_time*90*9-30)*15",0]},"tail2":{"rotation":[0,"0+math.sin(q.anim_time*90*9-60)*15",0]},"jaw":{"rotation":[37.5,0,0]}}},"animation.feebas.cry":{"animation_length":1.5,"bones":{"neck":{"rotation":{"0.0":[0,0,0],"0.25":[10,0,0],"1.25":[10,0,0],"1.5":[0,0,0]}},"body":{"rotation":{"0.0":{"post":[0,0,0],"lerp_mode":"catmullrom"},"0.25":{"post":[-2.5,0,0],"lerp_mode":"catmullrom"},"1.25":{"post":[-2.5,0,0],"lerp_mode":"catmullrom"},"1.5":[0,0,0]}},"jaw":{"rotation":[30,0,0]}},"sound_effects":{"0.0417":{"effect":"pokemon.feebas.cry"}},"animation.feebas.blink":{"animation_length":0.16667,"bones":{"eyelid_left":{"position":{"0.0":[0.05,0,0],"0.125":[0.125,0,0],"0.1667":[0,0,0]}},"eyelid_right":{"position":{"0.0":[-0.05,0,0],"0.125":[-0.125,0,0],"0.1667":[0,0,0]}}}}}}}