{"format_version":"1.8.0","animations":{"animation.flamigo.ground_idle":{"loop":true,"animation_length":1.41667,"bones":{"flamigo":{"position":[0,-5,0]},"head":{"rotation":{"0.0":[3,0,0],"0.6667":[5.5,0,0],"1.4167":[3,0,0]}},"beak":{"rotation":{"0.0":[0,0,0],"0.6667":[2.5,0,0],"1.4167":[0,0,0]}},"beak_mouth":{"rotation":{"0.0":[0,0,0],"1.4167":[0,0,0]}},"neck":{"rotation":{"0.0":[3,0,0],"0.6667":[5.5,0,0],"1.4167":[3,0,0]}},"right_leg2":{"rotation":{"0.0":[27.5,0,0],"0.625":[30,0,0],"1.4167":[27.5,0,0]}},"right_leg_lower2":{"rotation":{"0.0":[-107.5,0,0],"0.625":[-110,0,0],"1.4167":[-107.5,0,0]},"position":{"0.0":[0,0.3,-0.2],"1.4167":[0,0.3,-0.2]}},"right_foot2":{"rotation":{"0.0":[0,-182.5,0],"1.4167":[0,-182.5,0]},"position":{"0.0":[0,0,-0.2],"1.4167":[0,0,-0.2]}},"right_wing_claped":{"rotation":{"0.0":[-4,0,0],"1.4167":[-4,0,0]},"scale":{"0.0":[1,1,1],"1.4167":[1,1,1]}},"left_wing_claped":{"rotation":{"0.0":[-6,0,0],"1.4167":[-6,0,0]},"scale":{"0.0":[1,1,1],"1.4167":[1,1,1]}},"right_open_wing":{"scale":{"0.0":[0.01,0.01,0.01],"1.4167":[0.01,0.01,0.01]}},"left_open_wing":{"scale":{"0.0":[0.01,0.01,0.01],"1.4167":[0.01,0.01,0.01]}}}},"animation.flamigo.ground_walk":{"loop":true,"animation_length":1.25,"bones":{"flamigo":{"position":{"0.0":[0,-5,0],"1.25":[0,-5,0]}},"head":{"rotation":{"0.0":[4,0,0],"0.625":[-2,0,0],"1.25":[4,0,0]}},"neck":{"rotation":{"0.0":[5,0,0],"0.625":[16,0,0],"1.25":[5,0,0]}},"torso":{"rotation":{"0.0":[2.5,0,0],"0.5833":[0.5,0,0],"1.25":[2.5,0,0]}},"right_leg2":{"rotation":{"0.0":[-17.5,0,0],"0.5833":[22.5,0,0],"1.25":[-17.5,0,0]}},"right_leg_lower2":{"rotation":{"0.0":[10,0,0],"1.25":[10,0,0]}},"right_foot2":{"rotation":{"0.0":[10,0,0],"1.25":[10,0,0]}},"left_leg":{"rotation":{"0.0":[25,0,0],"0.5833":[-20,0,0],"1.25":[25,0,0]}},"left_leg_lower":{"rotation":{"0.0":[15,0,0],"1.25":[15,0,0]}},"left_foot":{"rotation":{"0.0":[2.5,0,0],"0.5833":[12.5,0,0],"1.25":[2.5,0,0]}},"right_wing_claped":{"rotation":{"0.0":[-7.5,0,0],"1.25":[-7.5,0,0]}},"left_wing_claped":{"rotation":{"0.0":[-7.5,0,0],"1.25":[-7.5,0,0]}},"right_open_wing":{"scale":0.01},"left_open_wing":{"scale":0.01}}},"animation.flamigo.cry":{"animation_length":1,"sound_effects":{"0.0417":{"effect":"pokemon.flamigo.cry"}},"bones":{"head":{"rotation":{"0.0":[3,0,0],"0.125":[3,0,0]}},"beak":{"rotation":{"0.0":[0,0,0],"0.125":[0,0,0],"0.3333":[3,0,0]}},"beak_mouth":{"rotation":{"0.0":[0,0,0],"0.125":[0,0,0],"0.3333":[50,0,0],"0.5417":[0,0,0]}},"neck":{"rotation":{"0.0":[3,0,0],"0.125":[3,0,0]}},"right_wing_claped":{"rotation":{"0.0":[-4,0,0],"0.125":[-4,0,0]},"position":{"0.125":[0,0,0],"0.1667":[-1,0,0],"0.625":[-1,0,0],"0.6667":[0,0,0]},"scale":{"0.0":[1,1,1],"0.0833":[1.4,1,1],"0.125":[1,1,1]}},"left_wing_claped":{"rotation":{"0.0":[-6,0,0],"0.125":[-6,0,0]},"position":{"0.125":[0,0,0],"0.1667":[1,0,0],"0.625":[1,0,0],"0.6667":[0,0,0]},"scale":{"0.0":[1,1,1],"0.0833":[1.6,1,1],"0.125":[1,1,1]}},"right_open_wing":{"rotation":{"0.1667":[-89.27225,-19.9873,87.87176],"0.3333":[3.07016,-15.03538,16.1919],"0.5":[3.07016,-15.03538,16.1919],"0.625":[-89.27225,-19.9873,87.87176]},"position":[0,1,0],"scale":{"0.0":[0.01,0.01,0.01],"0.125":[0.01,0.01,0.01],"0.1667":[100,100,100],"0.625":[100,100,100],"0.6667":[0.01,0.01,0.01]}},"left_open_wing":{"rotation":{"0.1667":[-90,20,-90],"0.3333":[9.57808,5.35457,-8.99021],"0.5":[9.57808,5.35457,-8.99021],"0.625":[-90,20,-90]},"position":[0,0.8,0],"scale":{"0.0":[0.01,0.01,0.01],"0.125":[0.01,0.01,0.01],"0.1667":[100,100,100],"0.625":[100,100,100],"0.6667":[0.01,0.01,0.01]}}}},"animation.flamigo.quirk_blink":{"animation_length":0.25,"bones":{"right_eye":{"scale":{"0.0":[1,1,1],"0.0417":[1,0,1],"0.2083":[1,0,1],"0.25":[1,1,1]}}}}}}