{"format_version":"1.8.0","animations":{"animation.frosmoth.blank":{"loop":true,"animation_length":2,"bones":{"left_flap_segment_1":{"rotation":[0,0,20],"position":[-0.5,0,0]},"left_wing":{"rotation":[12.5,-10,0],"position":[0,0,1]},"left_wing_segment":{"rotation":[0,0,10],"position":[-1.3,0.1,0]},"right_flap_segment_1":{"rotation":[0,0,-15],"position":[0.5,0,0]},"right_wing":{"rotation":[12.5,10,0],"position":[0,0,1]},"right_wing_segment":{"rotation":[0,0,-10],"position":[1.3,0.1,0]}}},"animation.frosmoth.blink":{"animation_length":0.1667,"bones":{"left_eyelid":{"position":{"0.0":[1,0,0],"0.125":[1,0,0],"0.1667":[0,0,0]}},"right_eyelid":{"position":{"0.0":[-1,0,0],"0.125":[-1,0,0],"0.1667":[0,0,0]}}}},"animation.frosmoth.ground_walk":{"loop":true,"animation_length":2,"bones":{"left_flap_segment_1":{"rotation":[0,0,20],"position":[-0.5,0,0]},"left_wing":{"rotation":[12.5,"-10+math.sin(query.anim_time*90*4+30)*15",0],"position":[0,0,1]},"left_wing_segment":{"rotation":[0,"math.sin(query.anim_time*90*4-20)*15",10],"position":[-1.3,0.1,0]},"right_flap_segment_1":{"rotation":[0,0,-15],"position":[0.5,0,0]},"right_wing":{"rotation":[12.5,"10-math.sin(query.anim_time*90*4+30)*15",0],"position":[0,0,1]},"right_wing_segment":{"rotation":[0,"-math.sin(query.anim_time*90*4-20)*15",-10],"position":[1.3,0.1,0]},"frosmoth":{"rotation":["20-math.sin(query.anim_time*90*4-40)*6",0,"-math.sin(query.anim_time*90*4+70)*4"],"position":[0,"math.sin(query.anim_time*90*4-40)*2",0]},"head":{"rotation":[-10,0,0],"position":[0,0,-1]},"left_wing_segment_2":{"rotation":["-math.sin(query.anim_time*90*4-20)*15",0,0]},"right_wing_segment_2":{"rotation":["-math.sin(query.anim_time*90*4-20)*15",0,0]}}},"animation.frosmoth.air_fly":{"loop":true,"animation_length":2,"bones":{"left_flap_segment_1":{"rotation":[0,0,20],"position":[-0.5,0,0]},"left_wing":{"rotation":[12.5,"-10+math.sin(query.anim_time*90*4+30)*15",0],"position":[0,0,1]},"left_wing_segment":{"rotation":[0,"math.sin(query.anim_time*90*4-20)*15",10],"position":[-1.3,0.1,0]},"right_flap_segment_1":{"rotation":[0,0,-15],"position":[0.5,0,0]},"right_wing":{"rotation":[12.5,"10-math.sin(query.anim_time*90*4+30)*15",0],"position":[0,0,1]},"right_wing_segment":{"rotation":[0,"-math.sin(query.anim_time*90*4-20)*15",-10],"position":[1.3,0.1,0]},"frosmoth":{"rotation":["20-math.sin(query.anim_time*90*4-40)*6",0,"-math.sin(query.anim_time*90*4+70)*4"],"position":[0,"math.sin(query.anim_time*90*4-40)*2",0]},"head":{"rotation":[-10,0,0],"position":[0,0,-1]},"left_wing_segment_2":{"rotation":["-math.sin(query.anim_time*90*4-20)*15",0,0]},"right_wing_segment_2":{"rotation":["-math.sin(query.anim_time*90*4-20)*15",0,0]}}},"animation.frosmoth.ground_idle":{"loop":true,"animation_length":2,"bones":{"left_wing":{"rotation":[12.5,"-10-math.sin(query.anim_time*90*2-30)*15",0],"position":[0,0,1]},"left_wing_segment":{"rotation":[0,"-math.sin(query.anim_time*90*2-50)*15",10],"position":[-1.3,0.1,0]},"right_wing":{"rotation":[12.5,"10+math.sin(query.anim_time*90*2-30)*15",0],"position":[0,0,1]},"right_wing_segment":{"rotation":[0,"math.sin(query.anim_time*90*2-50)*15",-10],"position":[1.3,0.1,0]},"frosmoth":{"rotation":[0,0,"math.sin(query.anim_time*90*2+60)*2"],"position":[0,"6+math.sin(query.anim_time*90*2)*2",0]},"left_flap_segment_1":{"rotation":[0,"-math.sin(query.anim_time*90*2)*6",20],"position":[-0.5,0,0]},"left_wing_segment_2":{"rotation":["math.sin(query.anim_time*90*2-30)*15",0,0]},"right_flap_segment_1":{"rotation":[0,"math.sin(query.anim_time*90*2)*6",-15],"position":[0.5,0,0]},"right_wing_segment_2":{"rotation":["math.sin(query.anim_time*90*2-30)*15",0,0]}}},"animation.frosmoth.air_idle":{"loop":true,"animation_length":2,"bones":{"left_wing":{"rotation":[12.5,"-10-math.sin(query.anim_time*90*2-30)*15",0],"position":[0,0,1]},"left_wing_segment":{"rotation":[0,"-math.sin(query.anim_time*90*2-50)*15",10],"position":[-1.3,0.1,0]},"right_wing":{"rotation":[12.5,"10+math.sin(query.anim_time*90*2-30)*15",0],"position":[0,0,1]},"right_wing_segment":{"rotation":[0,"math.sin(query.anim_time*90*2-50)*15",-10],"position":[1.3,0.1,0]},"frosmoth":{"rotation":[0,0,"math.sin(query.anim_time*90*2+60)*2"],"position":[0,"6+math.sin(query.anim_time*90*2)*2",0]},"left_flap_segment_1":{"rotation":[0,"-math.sin(query.anim_time*90*2)*6",20],"position":[-0.5,0,0]},"left_wing_segment_2":{"rotation":["math.sin(query.anim_time*90*2-30)*15",0,0]},"right_flap_segment_1":{"rotation":[0,"math.sin(query.anim_time*90*2)*6",-15],"position":[0.5,0,0]},"right_wing_segment_2":{"rotation":["math.sin(query.anim_time*90*2-30)*15",0,0]}}},"animation.frosmoth.sleep":{"loop":true,"animation_length":2,"bones":{"left_flap_segment_1":{"rotation":[0,0,20],"position":[-0.5,0,0]},"left_wing":{"rotation":[14.54006,-31.89514,"-5.5985-math.sin(query.anim_time*90*2+50)*4"],"position":[0,0,1]},"left_wing_segment":{"rotation":[0,0,10],"position":[-1.3,0.1,0]},"right_flap_segment_1":{"rotation":[0,0,-15],"position":[0.5,0,0]},"right_wing":{"rotation":[14.54006,31.89514,"5.5985+math.sin(query.anim_time*90*2+50)*4"],"position":[0,0,1]},"right_wing_segment":{"rotation":[0,0,-10],"position":[1.3,0.1,0]},"frosmoth":{"rotation":["-90-math.sin(query.anim_time*90*2+50)*2",0,0],"position":[0,-14,7]},"head":{"rotation":["7.5+math.sin(query.anim_time*90*2)*2",0,0]},"left_eyelid":{"position":[1,0,0]},"right_eyelid":{"position":[-1,0,0]}}},"animation.frosmoth.faint":{"animation_length":1.25,"bones":{"frosmoth":{"rotation":{"0.0":{"post":[0,0,0],"lerp_mode":"catmullrom"},"0.25":{"post":[-17.5,0,0],"lerp_mode":"catmullrom"}},"position":{"0.0":{"post":[0,0,0],"lerp_mode":"catmullrom"},"0.375":{"post":[0,-14,14],"lerp_mode":"catmullrom"},"0.5":{"post":[0,-13,14],"lerp_mode":"catmullrom"},"0.625":{"post":[0,-14,14],"lerp_mode":"catmullrom"}}},"left_wing":{"rotation":{"0.0":{"post":[0,0,0],"lerp_mode":"catmullrom"},"0.25":{"post":[0,45,0],"lerp_mode":"catmullrom"},"0.5":{"post":[0,45,0],"lerp_mode":"catmullrom"},"0.75":{"post":[-9.00717,-20.70481,24.14867],"lerp_mode":"catmullrom"},"0.875":{"post":[-5.123,-21.93857,13.4936],"lerp_mode":"catmullrom"},"1.0":{"post":[-9.00717,-20.70481,24.14867],"lerp_mode":"catmullrom"}},"position":{"0.0":{"post":[0,0,0],"lerp_mode":"catmullrom"},"0.25":{"post":[0,0,1],"lerp_mode":"catmullrom"},"0.5":{"post":[0,0,1],"lerp_mode":"catmullrom"}}},"left_wing_segment":{"rotation":{"0.0":{"post":[0,0,0],"lerp_mode":"catmullrom"},"0.25":{"post":[0,22.5,0],"lerp_mode":"catmullrom"},"0.5":{"post":[0,22.5,0],"lerp_mode":"catmullrom"},"0.75":{"post":[0,-22.5,0],"lerp_mode":"catmullrom"}}},"left_wing_segment_2":{"rotation":{"0.0":{"post":[0,0,0],"lerp_mode":"catmullrom"},"0.25":{"post":[-22.5,0,0],"lerp_mode":"catmullrom"},"0.75":{"post":[22.5,0,0],"lerp_mode":"catmullrom"}}},"right_wing":{"rotation":{"0.0":{"post":[0,0,0],"lerp_mode":"catmullrom"},"0.25":{"post":[0,-45,0],"lerp_mode":"catmullrom"},"0.5":{"post":[0,-45,0],"lerp_mode":"catmullrom"},"0.75":{"post":[-9.00717,20.70481,-24.14867],"lerp_mode":"catmullrom"},"0.875":{"post":[-5.123,21.93857,-13.4936],"lerp_mode":"catmullrom"},"1.0":{"post":[-9.00717,20.70481,-24.14867],"lerp_mode":"catmullrom"}},"position":{"0.0":{"post":[0,0,0],"lerp_mode":"catmullrom"},"0.25":{"post":[0,0,1],"lerp_mode":"catmullrom"},"0.5":{"post":[0,0,1],"lerp_mode":"catmullrom"}}},"right_wing_segment":{"rotation":{"0.0":{"post":[0,0,0],"lerp_mode":"catmullrom"},"0.25":{"post":[0,-22.5,0],"lerp_mode":"catmullrom"},"0.5":{"post":[0,-22.5,0],"lerp_mode":"catmullrom"},"0.75":{"post":[0,22.5,0],"lerp_mode":"catmullrom"}}},"right_wing_segment_2":{"rotation":{"0.0":{"post":[0,0,0],"lerp_mode":"catmullrom"},"0.25":{"post":[-22.5,0,0],"lerp_mode":"catmullrom"},"0.75":{"post":[0,0,0],"lerp_mode":"catmullrom"}}},"left_eyelid":{"position":{"0.0":[0,0,0],"0.5":{"pre":[0,0,0],"post":[1,0,0]}}},"right_eyelid":{"position":{"0.0":[0,0,0],"0.5":{"pre":[0,0,0],"post":[-1,0,0]}}}}},"animation.frosmoth.cry":{"animation_length":1,"bones":{"frosmoth":{"rotation":{"0.0":{"post":[0,0,0],"lerp_mode":"catmullrom"},"0.25":{"post":[-5,0,0],"lerp_mode":"catmullrom"},"1.0":{"post":[0,0,0],"lerp_mode":"catmullrom"}}},"head":{"rotation":{"0.0":{"post":[0,0,0],"lerp_mode":"catmullrom"},"0.25":{"post":[-20,0,0],"lerp_mode":"catmullrom"},"0.3333":{"post":[-19.71975,-3.40487,-9.40804],"lerp_mode":"catmullrom"},"0.4167":{"post":[-19.71975,3.40487,9.40804],"lerp_mode":"catmullrom"},"0.5":{"post":[-20,0,0],"lerp_mode":"catmullrom"},"0.5833":{"post":[-19.71975,-3.40487,-9.40804],"lerp_mode":"catmullrom"},"0.6667":{"post":[-19.71975,3.40487,9.40804],"lerp_mode":"catmullrom"},"1.0":{"post":[0,0,0],"lerp_mode":"catmullrom"}}},"left_wing":{"rotation":{"0.0":{"post":[0,0,0],"lerp_mode":"catmullrom"},"0.25":{"post":[0,-10,0],"lerp_mode":"catmullrom"},"0.75":{"post":[0,0,0],"lerp_mode":"catmullrom"}}},"right_wing":{"rotation":{"0.0":{"post":[0,0,0],"lerp_mode":"catmullrom"},"0.25":{"post":[0,10,0],"lerp_mode":"catmullrom"},"0.75":{"post":[0,0,0],"lerp_mode":"catmullrom"}}}}},"animation.frosmoth.battle_idle":{"loop":true,"animation_length":2,"bones":{"left_wing":{"rotation":[12.5,"-10-math.sin(query.anim_time*90*4-30)*15",0],"position":[0,0,1]},"left_wing_segment":{"rotation":[0,"-math.sin(query.anim_time*90*4-50)*15",10],"position":[-1.3,0.1,0]},"right_wing":{"rotation":[12.5,"10+math.sin(query.anim_time*90*4-30)*15",0],"position":[0,0,1]},"right_wing_segment":{"rotation":[0,"math.sin(query.anim_time*90*4-50)*15",-10],"position":[1.3,0.1,0]},"frosmoth":{"rotation":[0,0,"math.sin(query.anim_time*90*2+60)*4"],"position":["-math.sin(query.anim_time*90*2+50)*4","6+math.sin(query.anim_time*90*2)*2",0]},"left_flap_segment_1":{"rotation":[0,"-math.sin(query.anim_time*90*2)*6",20],"position":[-0.5,0,0]},"left_wing_segment_2":{"rotation":["math.sin(query.anim_time*90*4-30)*15",0,0]},"right_flap_segment_1":{"rotation":[0,"math.sin(query.anim_time*90*2)*6",-15],"position":[0.5,0,0]},"right_wing_segment_2":{"rotation":["math.sin(query.anim_time*90*4-30)*15",0,0]}}},"animation.frosmoth.physical":{"animation_length":1.5,"bones":{"frosmoth":{"rotation":{"0.0":{"post":[0,0,0],"lerp_mode":"catmullrom"},"0.25":{"post":[22.5,0,0],"lerp_mode":"catmullrom"},"0.5":{"post":[45,0,0],"lerp_mode":"catmullrom"},"0.75":{"post":[25,0,0],"lerp_mode":"catmullrom"},"1.25":{"post":[0,0,0],"lerp_mode":"catmullrom"}},"position":{"0.0":{"post":[0,0,0],"lerp_mode":"catmullrom"},"0.25":{"post":[0,0,7],"lerp_mode":"catmullrom"},"0.5":{"post":[0,0,-10],"lerp_mode":"catmullrom"},"0.75":{"post":[0,0,-11.3],"lerp_mode":"catmullrom"},"1.25":{"post":[0,0,0],"lerp_mode":"catmullrom"}}},"head":{"rotation":{"0.0":{"post":[0,0,0],"lerp_mode":"catmullrom"},"0.5":{"post":[-15,0,0],"lerp_mode":"catmullrom"},"0.75":{"post":[-37.5,0,0],"lerp_mode":"catmullrom"},"1.25":{"post":[0,0,0],"lerp_mode":"catmullrom"}}},"left_wing":{"rotation":{"0.0":{"post":[0,0,0],"lerp_mode":"catmullrom"},"0.25":{"post":[0,-22.5,0],"lerp_mode":"catmullrom"},"0.5":{"post":[0,22.5,0],"lerp_mode":"catmullrom"},"1.25":{"post":[0,0,0],"lerp_mode":"catmullrom"}}},"left_wing_segment":{"rotation":{"0.0":{"post":[0,0,0],"lerp_mode":"catmullrom"},"0.25":{"post":[0,-22.5,0],"lerp_mode":"catmullrom"},"0.5":{"post":[0,22.5,0],"lerp_mode":"catmullrom"},"1.25":{"post":[0,0,0],"lerp_mode":"catmullrom"}}},"right_wing":{"rotation":{"0.0":{"post":[0,0,0],"lerp_mode":"catmullrom"},"0.25":{"post":[0,22.5,0],"lerp_mode":"catmullrom"},"0.5":{"post":[0,-22.5,0],"lerp_mode":"catmullrom"},"1.25":{"post":[0,0,0],"lerp_mode":"catmullrom"}}},"right_wing_segment":{"rotation":{"0.0":{"post":[0,0,0],"lerp_mode":"catmullrom"},"0.25":{"post":[0,22.5,0],"lerp_mode":"catmullrom"},"0.5":{"post":[0,-22.5,0],"lerp_mode":"catmullrom"},"1.25":{"post":[0,0,0],"lerp_mode":"catmullrom"}}}}},"animation.frosmoth.special":{"animation_length":2,"bones":{"frosmoth":{"rotation":{"0.0":{"post":[0,0,0],"lerp_mode":"catmullrom"},"0.5":{"post":[-10,-360,0],"lerp_mode":"catmullrom"},"0.75":{"post":[28.09,-393.75,0],"lerp_mode":"catmullrom"},"1.0":{"post":[35,-360,0],"lerp_mode":"catmullrom"},"1.25":{"post":[35,-360,0],"lerp_mode":"catmullrom"},"1.75":{"post":[0,0,0],"lerp_mode":"catmullrom"}},"position":{"0.0":{"post":[0,0,0],"lerp_mode":"catmullrom"},"0.5":{"post":[0,16,0],"lerp_mode":"catmullrom"},"0.75":{"post":[0,17.5,0],"lerp_mode":"catmullrom"},"1.0":{"post":[0,16,0],"lerp_mode":"catmullrom"},"1.25":{"post":[0,16,0],"lerp_mode":"catmullrom"},"1.75":{"post":[0,0,0],"lerp_mode":"catmullrom"}}},"head":{"rotation":{"0.0":{"post":[0,0,0],"lerp_mode":"catmullrom"},"0.5":{"post":[-20,0,0],"lerp_mode":"catmullrom"},"1.0":{"post":[-20,0,0],"lerp_mode":"catmullrom"},"1.25":{"post":[0,0,0],"lerp_mode":"catmullrom"}}},"left_wing":{"rotation":{"0.0":{"post":[0,0,0],"lerp_mode":"catmullrom"},"0.25":{"post":[0,-45,0],"lerp_mode":"catmullrom"},"0.5":{"post":[9.00717,-20.70481,-24.14867],"lerp_mode":"catmullrom"},"1.0":{"post":[12.15037,45.91055,-12.15037],"lerp_mode":"catmullrom"},"1.25":{"post":[0,0,0],"lerp_mode":"catmullrom"},"1.5":{"post":[0,0,0],"lerp_mode":"catmullrom"}},"position":{"0.0":{"post":[0,0,0],"lerp_mode":"catmullrom"},"0.75":{"post":[0,0,0],"lerp_mode":"catmullrom"},"1.0":{"post":[2,0,4],"lerp_mode":"catmullrom"}}},"left_wing_segment":{"rotation":{"0.0":{"post":[0,0,0],"lerp_mode":"catmullrom"},"0.25":{"post":[0,-67.5,0],"lerp_mode":"catmullrom"},"0.5":{"post":[0,0,-22.5],"lerp_mode":"catmullrom"},"1.0":{"post":[0,22.5,0],"lerp_mode":"catmullrom"},"1.25":{"post":[0,0,0],"lerp_mode":"catmullrom"},"1.5":{"post":[0,0,0],"lerp_mode":"catmullrom"}}},"right_wing":{"rotation":{"0.0":{"post":[0,0,0],"lerp_mode":"catmullrom"},"0.25":{"post":[0,-67.5,-45],"lerp_mode":"catmullrom"},"0.5":{"post":[9.00717,20.70481,24.14867],"lerp_mode":"catmullrom"},"1.0":{"post":[12.15037,-45.91055,12.15037],"lerp_mode":"catmullrom"},"1.25":{"post":[0,0,0],"lerp_mode":"catmullrom"},"1.5":{"post":[0,0,0],"lerp_mode":"catmullrom"}},"position":{"0.75":{"pre":[0,0,0],"post":[0,0,0],"lerp_mode":"catmullrom"},"1.0":{"post":[2,0,4],"lerp_mode":"catmullrom"}}},"right_wing_segment":{"rotation":{"0.0":{"post":[0,0,0],"lerp_mode":"catmullrom"},"0.25":{"post":[0,-45,0],"lerp_mode":"catmullrom"},"0.5":{"post":[0,0,22.5],"lerp_mode":"catmullrom"},"1.0":{"post":[0,-22.5,0],"lerp_mode":"catmullrom"},"1.25":{"post":[0,0,0],"lerp_mode":"catmullrom"},"1.5":{"post":[0,0,0],"lerp_mode":"catmullrom"}}}}}}}