{"format_version":"1.8.0","animations":{"animation.garbodor.ground_idle":{"loop":true,"animation_length":1,"bones":{"feet_right":{"rotation":{"0.0":{"post":[0,6.75,0],"lerp_mode":"catmullrom"},"0.5833":{"post":[0.25098,9.49671,1.52085],"lerp_mode":"catmullrom"},"1.0":{"post":[0,6.75,0],"lerp_mode":"catmullrom"}},"position":{"0.0":{"post":[-1.3,0,0],"lerp_mode":"catmullrom"},"1.0":{"post":[-1.3,0,0],"lerp_mode":"catmullrom"}}},"feet_left":{"rotation":{"0.0":{"post":[0,-6.75,0],"lerp_mode":"catmullrom"},"0.5833":{"post":[0.25098,-9.49671,-1.52085],"lerp_mode":"catmullrom"},"1.0":{"post":[0,-6.75,0],"lerp_mode":"catmullrom"}},"position":{"0.0":{"post":[1.3,0,0],"lerp_mode":"catmullrom"},"1.0":{"post":[1.3,0,0],"lerp_mode":"catmullrom"}}},"body":{"rotation":{"0.0":[-2.75,"0.5+math.sin(query.anim_time*90*4)*2",0],"0.5":[-2.75118,"-1.7473+math.sin(query.anim_time*90*4)*2",0.10797],"1.0":[-2.75,"0.5+math.sin(query.anim_time*90*4)*2",0]},"position":[0,"0+math.sin(query.anim_time*90*4)*0.3",0]},"right_arm2":{"rotation":["-8.9065+math.sin(query.anim_time*90*4)*2","-9.5992+math.sin(query.anim_time*90*4)*2","-62.8095+math.sin(query.anim_time*90*4)*2"]},"right_arm3":{"rotation":["0+math.sin(query.anim_time*90*4)*2","0+math.sin(query.anim_time*90*4)*2","78.5+math.sin(query.anim_time*90*4)*2"]},"right_arm4":{"rotation":{"0.0":["-103.5356+math.sin(query.anim_time*90*4)*2","-27.3363+math.sin(query.anim_time*90*4)*2","96.3084+math.sin(query.anim_time*90*4)*2"],"0.5833":["-102.2996+math.sin(query.anim_time*90*4)*2","-15.1997+math.sin(query.anim_time*90*4)*2","93.0657+math.sin(query.anim_time*90*4)*2"],"1.0":["-103.5356+math.sin(query.anim_time*90*4)*2","-27.3363+math.sin(query.anim_time*90*4)*2","96.3084+math.sin(query.anim_time*90*4)*2"]}},"right_hand":{"rotation":["-20.25+math.sin(query.anim_time*90*4)*2","math.sin(query.anim_time*90*4)*2","-53.75+math.sin(query.anim_time*90*4)*2"]},"right_fingers":{"rotation":[8.65837,"3.9246+math.sin(query.anim_time*90*4)*7",65.79723]},"right_fingers2":{"rotation":[0,"-13.25+math.sin(query.anim_time*90*4)*7",0]},"right_fingers3":{"rotation":[0,"9.5+math.sin(query.anim_time*90*4)*7",0]},"left_arm":{"rotation":{"0.0":{"post":[0,5,31.75],"lerp_mode":"catmullrom"},"0.5":{"post":[0,6,36.25],"lerp_mode":"catmullrom"},"1.0":{"post":[0,5,31.75],"lerp_mode":"catmullrom"}}},"metal_part":{"rotation":{"0.0":{"post":[0,0,13.75],"lerp_mode":"catmullrom"},"1.0":{"post":[0,0,13.75],"lerp_mode":"catmullrom"}}},"bone13":{"rotation":{"0.0":{"post":[0,51.5,0],"lerp_mode":"catmullrom"},"1.0":{"post":[0,51.5,0],"lerp_mode":"catmullrom"}}},"metal_part2":{"rotation":{"0.0":{"post":[14,46.25,0],"lerp_mode":"catmullrom"},"0.375":{"post":[13.2362,46.42659,-1.0558],"lerp_mode":"catmullrom"},"0.75":{"post":[20.08114,38.58651,8.40518],"lerp_mode":"catmullrom"},"1.0":{"post":[14,46.25,0],"lerp_mode":"catmullrom"}}},"bone15":{"rotation":{"0.0":{"post":[0,8.25,0],"lerp_mode":"catmullrom"},"0.25":{"post":[-1.43233,8.1308,-10.02754],"lerp_mode":"catmullrom"},"0.3333":{"post":[-0.0725,8.24968,-0.50523],"lerp_mode":"catmullrom"},"0.7083":{"post":[1.01232,8.18808,7.07246],"lerp_mode":"catmullrom"},"1.0":{"post":[0,8.25,0],"lerp_mode":"catmullrom"}}},"bone19":{"rotation":{"0.0":{"post":[0,8.25,0],"lerp_mode":"catmullrom"},"0.3333":{"post":[-1.83282,8.04521,-12.8789],"lerp_mode":"catmullrom"},"0.7083":{"post":[3.10899,7.64553,22.20779],"lerp_mode":"catmullrom"},"1.0":{"post":[0,8.25,0],"lerp_mode":"catmullrom"}}},"bone5":{"rotation":{"0.0":{"post":[0,8.25,0],"lerp_mode":"catmullrom"},"0.3333":{"post":[-0.0725,8.24968,-0.50523],"lerp_mode":"catmullrom"},"0.7083":{"post":[1.01232,8.18808,7.07246],"lerp_mode":"catmullrom"},"1.0":{"post":[0,8.25,0],"lerp_mode":"catmullrom"}}},"wrapper_back1":{"rotation":[0,"0+math.sin(query.anim_time*90*4)*2",0]},"wrapper_back2":{"rotation":[0,"0+math.sin(query.anim_time*90*4)*2",0]},"wrapper_back3":{"rotation":[0,"0+math.sin(query.anim_time*90*4)*2",0]},"wrapper_back4":{"rotation":[0,"0+math.sin(query.anim_time*90*4)*2",0]},"wrapper_back5":{"rotation":[0,"0+math.sin(query.anim_time*90*4)*2",0]},"wrapper_back6":{"rotation":[0,"0+math.sin(query.anim_time*90*4)*2",0]},"wrapper_back8":{"rotation":[0,"0+math.sin(query.anim_time*90*4)*2",0]},"head":{"rotation":{"0.0":["0-math.cos(query.anim_time*90*4*2)*0.2","1.25+math.sin(query.anim_time*90*4)*0.2","-0.0043-math.sin(query.anim_time*90*4)*0.2"],"0.5":["-0.0001-math.cos(query.anim_time*90*4*2)*0.2","-2.2422+math.sin(query.anim_time*90*4)*0.2","2.2577-math.sin(query.anim_time*90*4)*0.2"],"1.0":["0-math.cos(query.anim_time*90*4*2)*0.2","1.25+math.sin(query.anim_time*90*4)*0.2","-0.0043-math.sin(query.anim_time*90*4)*0.2"]}},"hair_left":{"rotation":["0-math.cos(query.anim_time*90*4*2)*3","0+math.sin(query.anim_time*90*4)*7","0-math.sin(query.anim_time*90*4)*7"]},"hair_right":{"rotation":["0-math.cos(query.anim_time*90*4*2)*3","0+math.sin(query.anim_time*90*4)*7","0-math.sin(query.anim_time*90*4)*7"]},"pupil":{"position":{"0.0":{"post":[0,0,0],"lerp_mode":"catmullrom"},"0.375":{"post":[0,0.13,0],"lerp_mode":"catmullrom"},"0.625":{"post":[0,0.005,0],"lerp_mode":"catmullrom"},"1.0":{"post":[0,0,0],"lerp_mode":"catmullrom"}}},"eye2":{"position":{"0.0":[0,0,0],"0.375":[0,0,0]}},"pupil2":{"position":{"0.0":{"post":[0,0,0],"lerp_mode":"catmullrom"},"0.375":{"post":[0,0.13,0],"lerp_mode":"catmullrom"},"0.625":{"post":[0,0.005,0],"lerp_mode":"catmullrom"},"1.0":{"post":[0,0,0],"lerp_mode":"catmullrom"}}},"teeth2":{"scale":[0,0,1]},"mouth2":{"scale":[1,0.3,1]}}},"animation.garbodor.ground_walk":{"loop":true,"animation_length":1,"bones":{"feet_right":{"rotation":{"0.0":{"post":[-25.75,6.75,0],"lerp_mode":"catmullrom"},"0.0833":{"post":[0,6.75,0],"lerp_mode":"catmullrom"},"0.25":{"post":[0,6.75,0],"lerp_mode":"catmullrom"},"0.4583":{"post":[0,6.75,0],"lerp_mode":"catmullrom"},"0.625":{"post":[7.48483,5.39996,0],"lerp_mode":"catmullrom"},"0.7917":{"post":[10.25,-6.75,0],"lerp_mode":"catmullrom"},"1.0":{"post":[-25.75,6.75,0],"lerp_mode":"catmullrom"}},"position":{"0.0":{"post":[-1.3,1.125,-5.625],"lerp_mode":"catmullrom"},"0.0833":{"post":[-1.3,-0.1,-5.625],"lerp_mode":"catmullrom"},"0.25":{"post":[-1.3,-0.1,-5.625],"lerp_mode":"catmullrom"},"0.4583":{"post":[-1.3,0,3.425],"lerp_mode":"catmullrom"},"0.625":{"post":[-1.3,0,3.425],"lerp_mode":"catmullrom"},"0.7917":{"post":[1.3,0,1.7],"lerp_mode":"catmullrom"},"1.0":{"post":[-1.3,1.125,-5.625],"lerp_mode":"catmullrom"}}},"feet_left":{"rotation":{"0.0":{"post":[0,-6.75,0],"lerp_mode":"catmullrom"},"0.125":{"post":[10.25,-6.75,0],"lerp_mode":"catmullrom"},"0.4167":{"post":[-19.5,-6.75,0],"lerp_mode":"catmullrom"},"0.4583":{"post":[0,-6.75,0],"lerp_mode":"catmullrom"},"0.75":{"post":[0,-6.75,0],"lerp_mode":"catmullrom"},"1.0":{"post":[0,-6.75,0],"lerp_mode":"catmullrom"}},"position":{"0.0":{"post":[1.3,0,1.7],"lerp_mode":"catmullrom"},"0.375":{"post":[1.3,0.95,-6.35],"lerp_mode":"catmullrom"},"0.4583":{"post":[1.3,0,-6.35],"lerp_mode":"catmullrom"},"0.75":{"post":[1.3,0,-6.35],"lerp_mode":"catmullrom"},"1.0":{"post":[1.3,0,1.7],"lerp_mode":"catmullrom"}}},"body":{"rotation":{"0.0":[-3.77974,"0.2393+math.sin(query.anim_time*90*4)*2",-4.49237],"0.5":[-2.41254,"2.609+math.sin(query.anim_time*90*4)*2",7.91505],"1.0":[-3.77221,"0.3379+math.sin(query.anim_time*90*4)*2",-2.9956]},"position":[0,"0+math.sin(query.anim_time*90*4)*0.3",0]},"right_arm2":{"rotation":["-8.9065+math.sin(query.anim_time*90*4)*2","-9.5992+math.sin(query.anim_time*90*4)*2","-62.8095+math.sin(query.anim_time*90*4)*2"]},"right_arm3":{"rotation":["0+math.sin(query.anim_time*90*4)*2","0+math.sin(query.anim_time*90*4)*2","78.5+math.sin(query.anim_time*90*4)*2"]},"right_arm4":{"rotation":{"0.0":["-103.5356+math.sin(query.anim_time*90*4)*2","-27.3363+math.sin(query.anim_time*90*4)*2","96.3084+math.sin(query.anim_time*90*4)*2"],"0.5833":["-102.2996+math.sin(query.anim_time*90*4)*2","-15.1997+math.sin(query.anim_time*90*4)*2","93.0657+math.sin(query.anim_time*90*4)*2"],"1.0":["-103.5356+math.sin(query.anim_time*90*4)*2","-27.3363+math.sin(query.anim_time*90*4)*2","96.3084+math.sin(query.anim_time*90*4)*2"]}},"right_hand":{"rotation":["-20.25+math.sin(query.anim_time*90*4)*2","math.sin(query.anim_time*90*4)*2","-53.75+math.sin(query.anim_time*90*4)*2"]},"right_fingers":{"rotation":[8.65837,"3.9246+math.sin(query.anim_time*90*4)*7",65.79723]},"right_fingers2":{"rotation":[0,"-13.25+math.sin(query.anim_time*90*4)*7",0]},"right_fingers3":{"rotation":[0,"9.5+math.sin(query.anim_time*90*4)*7",0]},"left_arm":{"rotation":{"0.0":{"post":[0,5,31.75],"lerp_mode":"catmullrom"},"0.5":{"post":[0,6,36.25],"lerp_mode":"catmullrom"},"1.0":{"post":[0,5,31.75],"lerp_mode":"catmullrom"}}},"metal_part":{"rotation":{"0.0":{"post":[0,0,13.75],"lerp_mode":"catmullrom"},"1.0":{"post":[0,0,13.75],"lerp_mode":"catmullrom"}}},"bone13":{"rotation":{"0.0":{"post":[0,51.5,0],"lerp_mode":"catmullrom"},"1.0":{"post":[0,51.5,0],"lerp_mode":"catmullrom"}}},"metal_part2":{"rotation":{"0.0":{"post":[14,46.25,0],"lerp_mode":"catmullrom"},"0.375":{"post":[13.2362,46.42659,-1.0558],"lerp_mode":"catmullrom"},"0.75":{"post":[20.08114,38.58651,8.40518],"lerp_mode":"catmullrom"},"1.0":{"post":[14,46.25,0],"lerp_mode":"catmullrom"}}},"bone15":{"rotation":{"0.0":{"post":[0,8.25,0],"lerp_mode":"catmullrom"},"0.25":{"post":[-1.43233,8.1308,-10.02754],"lerp_mode":"catmullrom"},"0.3333":{"post":[-0.0725,8.24968,-0.50523],"lerp_mode":"catmullrom"},"0.7083":{"post":[1.01232,8.18808,7.07246],"lerp_mode":"catmullrom"},"1.0":{"post":[0,8.25,0],"lerp_mode":"catmullrom"}}},"bone19":{"rotation":{"0.0":{"post":[0,8.25,0],"lerp_mode":"catmullrom"},"0.3333":{"post":[-1.83282,8.04521,-12.8789],"lerp_mode":"catmullrom"},"0.7083":{"post":[3.10899,7.64553,22.20779],"lerp_mode":"catmullrom"},"1.0":{"post":[0,8.25,0],"lerp_mode":"catmullrom"}}},"bone5":{"rotation":{"0.0":{"post":[0,8.25,0],"lerp_mode":"catmullrom"},"0.3333":{"post":[-0.0725,8.24968,-0.50523],"lerp_mode":"catmullrom"},"0.7083":{"post":[1.01232,8.18808,7.07246],"lerp_mode":"catmullrom"},"1.0":{"post":[0,8.25,0],"lerp_mode":"catmullrom"}}},"wrapper_back1":{"rotation":[0,"0+math.sin(query.anim_time*90*4)*2",0]},"wrapper_back2":{"rotation":[0,"0+math.sin(query.anim_time*90*4)*2",0]},"wrapper_back3":{"rotation":[0,"0+math.sin(query.anim_time*90*4)*2",0]},"wrapper_back4":{"rotation":[0,"0+math.sin(query.anim_time*90*4)*2",0]},"wrapper_back5":{"rotation":[0,"0+math.sin(query.anim_time*90*4)*2",0]},"wrapper_back6":{"rotation":[0,"0+math.sin(query.anim_time*90*4)*2",0]},"wrapper_back8":{"rotation":[0,"0+math.sin(query.anim_time*90*4)*2",0]},"head":{"rotation":{"0.0":["0.0823-math.cos(query.anim_time*90*4*2)*0.2","1.2605+math.sin(query.anim_time*90*4)*0.2","3.7466-math.sin(query.anim_time*90*4)*0.2"],"0.5":["0.2452-math.cos(query.anim_time*90*4*2)*0.2","-2.2506+math.sin(query.anim_time*90*4)*0.2","-3.9973-math.sin(query.anim_time*90*4)*0.2"],"1.0":["0.0823-math.cos(query.anim_time*90*4*2)*0.2","1.2605+math.sin(query.anim_time*90*4)*0.2","3.7466-math.sin(query.anim_time*90*4)*0.2"]}},"hair_left":{"rotation":["0-math.cos(query.anim_time*90*4*2)*3","0+math.sin(query.anim_time*90*4)*7","0-math.sin(query.anim_time*90*4)*7"]},"hair_right":{"rotation":["0-math.cos(query.anim_time*90*4*2)*3","0+math.sin(query.anim_time*90*4)*7","0-math.sin(query.anim_time*90*4)*7"]},"pupil":{"position":{"0.0":{"post":[0,0,0],"lerp_mode":"catmullrom"},"0.375":{"post":[0,0.13,0],"lerp_mode":"catmullrom"},"0.625":{"post":[0,0.005,0],"lerp_mode":"catmullrom"},"1.0":{"post":[0,0,0],"lerp_mode":"catmullrom"}}},"eye2":{"position":{"0.0":[0,0,0],"0.375":[0,0,0]}},"pupil2":{"position":{"0.0":{"post":[0,0,0],"lerp_mode":"catmullrom"},"0.375":{"post":[0,0.13,0],"lerp_mode":"catmullrom"},"0.625":{"post":[0,0.005,0],"lerp_mode":"catmullrom"},"1.0":{"post":[0,0,0],"lerp_mode":"catmullrom"}}},"teeth2":{"scale":[0,0,1]},"mouth2":{"scale":[1,0.3,1]}}}}}