{"format_version":"1.8.0","animations":{"animation.giratina_old.air_fly":{"loop":true,"bones":{"body":{"position":["0.1*math.sin(q.anim_time*90*1)*0.4-1*math.sin(q.anim_time*90*2-30)*0.4+2.25*math.sin(q.anim_time*90*2-60)*0.4-2.25*math.sin(q.anim_time*90*2-90)*0.4","8+2*(4*math.sin(q.anim_time*90*2)*0.4-2.25*math.sin(q.anim_time*90*2-30)*0.4-2.25*math.sin(q.anim_time*90*2-60)*0.4+2.25*math.sin(q.anim_time*90*2-90)*0.4)",2]},"neck":{"rotation":[5,0,0]},"neck2":{"rotation":[20,0,0]},"neck3":{"rotation":[15,0,0]},"head":{"rotation":[-32.5,0,0]},"right_wing":{"rotation":[22.5,"0-4*math.sin(q.anim_time*90*2)",0]},"right_wing2":{"rotation":[0,"-8*math.sin(q.anim_time*90*2-90)",0]},"right_wing3":{"rotation":[0,"-16*math.sin(q.anim_time*90*2-180)",0]},"left_wing":{"rotation":[22.5,"0+4*math.sin(q.anim_time*90*2)",0]},"left_wing2":{"rotation":[0,"8*math.sin(q.anim_time*90*2-90)",0]},"left_wing3":{"rotation":[0,"16*math.sin(q.anim_time*90*2-180)",0]},"right_leg":{"rotation":["2*math.sin(q.anim_time*90*2)",0,0]},"right_leg2":{"rotation":["2*math.sin(q.anim_time*90*2-90)",0,0]},"right_foot":{"rotation":["4*math.sin(q.anim_time*90*2-180)",0,0]},"right_leg3":{"rotation":["5+2*math.sin(q.anim_time*90*2)",0,0]},"right_leg4":{"rotation":["2*math.sin(q.anim_time*90*2-90)",0,0]},"right_foot2":{"rotation":["4*math.sin(q.anim_time*90*2-180)",0,0]},"left_leg":{"rotation":["2*math.sin(q.anim_time*90*2)",0,0]},"left_leg2":{"rotation":["2*math.sin(q.anim_time*90*2-90)",0,0]},"left_foot":{"rotation":["4*math.sin(q.anim_time*90*2-180)",0,0]},"left_leg3":{"rotation":["5+2*math.sin(q.anim_time*90*2)",0,0]},"left_leg4":{"rotation":["2*math.sin(q.anim_time*90*2-90)",0,0]},"left_foot2":{"rotation":["4*math.sin(q.anim_time*90*2-180)",0,0]},"right_leg5":{"rotation":["7.5+2*math.sin(q.anim_time*90*2)",0,0]},"right_leg6":{"rotation":["2*math.sin(q.anim_time*90*2-90)",0,0]},"right_foot3":{"rotation":["4*math.sin(q.anim_time*90*2-180)",0,0]},"left_leg5":{"rotation":["7.5+2*math.sin(q.anim_time*90*2)",0,0]},"left_leg6":{"rotation":["2*math.sin(q.anim_time*90*2-90)",0,0]},"left_foot3":{"rotation":["4*math.sin(q.anim_time*90*2-180)",0,0]},"tail":{"rotation":["4*math.sin(q.anim_time*90*2)",0,0]},"tail2":{"rotation":["4*math.sin(q.anim_time*90*2-90)",0,0]},"tail3":{"rotation":["8*math.sin(q.anim_time*90*2-180)",0,0]}}},"animation.giratina_old.faint":{"animation_length":1.5,"bones":{"body":{"rotation":{"0.0":[0,0,0],"0.25":[0,0,90]},"position":{"0.0":[0,0,0],"0.1667":[25.67,-24,0],"0.25":[25,-36,0],"1.5":[25,-36,0]}}}},"animation.giratina_old.air_idle":{"loop":true,"bones":{"body":{"rotation":[5,0,0],"position":["0.1*math.sin(q.anim_time*90*1)*0.4-1*math.sin(q.anim_time*90*2-30)*0.4+2.25*math.sin(q.anim_time*90*2-60)*0.4-2.25*math.sin(q.anim_time*90*2-90)*0.4","8+2*(4*math.sin(q.anim_time*90*3)*0.4-2.25*math.sin(q.anim_time*90*3-30)*0.4-2.25*math.sin(q.anim_time*90*3-60)*0.4+2.25*math.sin(q.anim_time*90*3-90)*0.4)",2]},"neck":{"rotation":[15,0,0]},"neck2":{"rotation":[20,0,0]},"neck3":{"rotation":[15,0,0]},"head":{"rotation":[-32.5,0,0]},"right_wing":{"rotation":[22.5,"0-4*math.sin(q.anim_time*90*2)",0]},"right_wing2":{"rotation":[0,"-8*math.sin(q.anim_time*90*4-90)",0]},"right_wing3":{"rotation":[0,"-8*math.sin(q.anim_time*90*4-180)",0]},"left_wing":{"rotation":[22.5,"0+4*math.sin(q.anim_time*90*4)",0]},"left_wing2":{"rotation":[0,"8*math.sin(q.anim_time*90*4-90)",0]},"left_wing3":{"rotation":[0,"8*math.sin(q.anim_time*90*4-180)",0]},"right_leg":{"rotation":["2*math.sin(q.anim_time*90*2)",0,0]},"right_leg2":{"rotation":["2*math.sin(q.anim_time*90*2-90)",0,0]},"right_foot":{"rotation":["4*math.sin(q.anim_time*90*2-180)",0,0]},"right_leg3":{"rotation":["5+2*math.sin(q.anim_time*90*2)",0,0]},"right_leg4":{"rotation":["2*math.sin(q.anim_time*90*2-90)",0,0]},"right_foot2":{"rotation":["4*math.sin(q.anim_time*90*2-180)",0,0]},"left_leg":{"rotation":["2*math.sin(q.anim_time*90*2)",0,0]},"left_leg2":{"rotation":["2*math.sin(q.anim_time*90*2-90)",0,0]},"left_foot":{"rotation":["4*math.sin(q.anim_time*90*2-180)",0,0]},"left_leg3":{"rotation":["5+2*math.sin(q.anim_time*90*2)",0,0]},"left_leg4":{"rotation":["2*math.sin(q.anim_time*90*2-90)",0,0]},"left_foot2":{"rotation":["4*math.sin(q.anim_time*90*2-180)",0,0]},"right_leg5":{"rotation":["7.5+2*math.sin(q.anim_time*90*2)",0,0]},"right_leg6":{"rotation":["2*math.sin(q.anim_time*90*2-90)",0,0]},"right_foot3":{"rotation":["4*math.sin(q.anim_time*90*2-180)",0,0]},"left_leg5":{"rotation":["7.5+2*math.sin(q.anim_time*90*2)",0,0]},"left_leg6":{"rotation":["2*math.sin(q.anim_time*90*2-90)",0,0]},"left_foot3":{"rotation":["4*math.sin(q.anim_time*90*2-180)",0,0]},"tail":{"rotation":["4*math.sin(q.anim_time*90*4)",0,0]},"tail2":{"rotation":["4*math.sin(q.anim_time*90*4-90)",0,0]},"tail3":{"rotation":["8*math.sin(q.anim_time*90*4-180)",0,0]}}},"animation.giratina_old.test":{"loop":true}},"geckolib_format_version":2}