{"format_version":"1.8.0","animations":{"animation.giratina_origin.render":{"loop":true,"bones":{"neck":{"rotation":[-10,0,0]},"neck2":{"rotation":[-5,0,0]},"neck3":{"rotation":[2.69115,14.73501,2.30551]},"torso":{"position":[27,0,0]},"torsobone":{"rotation":[-22.5,0,0]},"torsobone4":{"rotation":[7.56397,-7.43547,-0.98448]},"torsobone3":{"rotation":[2.5,0,0]},"torsobone2":{"rotation":[7.5,0,0]},"tail":{"rotation":[10,-7.5,0]},"tail2":{"rotation":[14.94416,-11.56295,-5.07337]},"tail3":{"rotation":[-9.92327,-9.96156,-0.88045]},"tail4":{"rotation":[7.79362,-12.19908,-2.74715]},"tail5":{"rotation":[12.68664,-9.76061,-2.18558]},"tail6":{"rotation":[10,0,0]},"tail7":{"rotation":[15,0,0]},"right_tentacule15":{"rotation":[1.11828,-6.71771,-18.88172]},"right_tentacule16":{"rotation":[-7.5,0,0]},"right_tentacule17":{"rotation":[-9.91615,-1.29876,-7.38733]},"right_tentacule18":{"rotation":[-17.45744,-0.65182,-7.47178]},"right_tentacule19":{"rotation":[7.32417,1.61888,-12.39638]},"right_tentacule20":{"rotation":[7.32417,-1.61888,12.39638]},"right_tentacule21":{"rotation":[27.41615,-1.29876,7.38733]},"head":{"rotation":[15.22074,9.65594,2.61298]},"jaw":{"rotation":[0,0,0]},"left_tentacule15":{"rotation":[1.11828,6.71771,18.88172]},"left_tentacule16":{"rotation":[-7.5,0,0]},"left_tentacule17":{"rotation":[-9.91615,-1.29876,-7.38733]},"left_tentacule18":{"rotation":[-17.45744,0.65182,7.47178]},"left_tentacule19":{"rotation":[7.32417,1.61888,-12.39638]},"left_tentacule20":{"rotation":[7.32417,-1.61888,12.39638]},"left_tentacule21":{"rotation":[27.41615,1.29876,-7.38733]},"right_tentacule2":{"rotation":[-9.97304,-10.66226,-28.17979]},"right_tentacule3":{"rotation":[-7.5,0,0]},"right_tentacule4":{"rotation":[-9.91615,-1.29876,-7.38733]},"right_tentacule5":{"rotation":[-4.95744,-0.65182,-7.47178]},"right_tentacule6":{"rotation":[7.32417,1.61888,-12.39638]},"right_tentacule7":{"rotation":[7.32417,-1.61888,12.39638]},"right_tentacule8":{"rotation":[9.91615,-1.29876,7.38733]},"left_tentacule2":{"rotation":[-9.97304,10.66226,28.17979]},"left_tentacule3":{"rotation":[-7.5,0,0]},"left_tentacule4":{"rotation":[-9.91615,-1.29876,-7.38733]},"left_tentacule5":{"rotation":[-4.95744,-0.65182,-7.47178]},"left_tentacule6":{"rotation":[7.32417,1.61888,-12.39638]},"left_tentacule7":{"rotation":[7.32417,-1.61888,12.39638]},"left_tentacule8":{"rotation":[9.91615,-1.29876,7.38733]},"giratina_origin":{"position":[-21,24,0]},"right_tentacule9":{"rotation":[-29.97304,-10.66226,-28.17979]},"right_tentacule10":{"rotation":[-7.5,0,0]},"right_tentacule11":{"rotation":[-9.91615,-1.29876,-7.38733]},"right_tentacule12":{"rotation":[-4.95744,-0.65182,-7.47178]},"right_tentacule13":{"rotation":[7.32417,1.61888,-12.39638]},"right_tentacule14":{"rotation":[7.32417,-1.61888,12.39638]},"right_tentacule22":{"rotation":[9.91615,-1.29876,7.38733]},"left_tentacule9":{"rotation":[-29.97304,10.66226,28.17979]},"left_tentacule10":{"rotation":[-7.5,0,0]},"left_tentacule11":{"rotation":[-9.91615,-1.29876,-7.38733]},"left_tentacule12":{"rotation":[-4.95744,-0.65182,-7.47178]},"left_tentacule13":{"rotation":[7.32417,1.61888,-12.39638]},"left_tentacule14":{"rotation":[7.32417,-1.61888,12.39638]},"left_tentacule22":{"rotation":[9.91615,-1.29876,7.38733]}}},"animation.giratina_origin.blink":{"animation_length":0.2083,"bones":{"right_eyelid":{"position":{"0.0":[-1,0,0],"0.1667":[-1,0,0],"0.2083":[0,0,0]}},"left_eyelid":{"position":{"0.0":[1,0,0],"0.1667":[1,0,0],"0.2083":[0,0,0]}}}},"animation.giratina_origin.air_idle":{"loop":true,"animation_length":8,"bones":{"torsobone":{"rotation":[-20,0,0]},"neck":{"rotation":["-20+math.cos(q.anim_time*90+280)*2",0,0]},"neck2":{"rotation":["-12.5+math.cos(q.anim_time*90+280+90)*3",0,0]},"neck3":{"rotation":["-15+math.cos(q.anim_time*90+280+140)*3",0,0]},"head":{"rotation":["47.5+math.cos(q.anim_time*90+280+240)*3",0,0]},"right_tentacule15":{"rotation":["15-math.cos(q.anim_time*90-60)*2",0,"-22.5+math.cos(q.anim_time*90*3)"]},"right_tentacule16":{"rotation":["-2.5-math.cos(q.anim_time*90-120)*3",0,"-10+math.cos(q.anim_time*90*3-40)"]},"right_tentacule17":{"rotation":["-10-math.cos(q.anim_time*90-140)*3",0,"-12.5+math.cos(q.anim_time*90*3-80)"]},"right_tentacule18":{"rotation":["-10-math.cos(q.anim_time*90-180)*3",0,"5+math.cos(q.anim_time*90*3-120)"]},"right_tentacule19":{"rotation":["-7.4366-math.cos(q.anim_time*90-180-40)*5",0.9762,"7.4366+math.cos(q.anim_time*90*3-160)*2"]},"right_tentacule20":{"rotation":["-5-math.cos(q.anim_time*90-180-40)*6",0,"15+math.cos(q.anim_time*90*3-200)*2"]},"right_tentacule21":{"rotation":["-2.3265-math.cos(q.anim_time*90-180-80)*8",2.8631,"6.9349+math.cos(q.anim_time*90*3-200)*4"]},"left_tentacule15":{"rotation":["15-math.cos(q.anim_time*90-60)*2",0,"22.5-math.cos(q.anim_time*90*3)"]},"left_tentacule16":{"rotation":["-2.5-math.cos(q.anim_time*90-120)*3",0,"10-math.cos(q.anim_time*90*3-40)"]},"left_tentacule17":{"rotation":["-10-math.cos(q.anim_time*90-140)*3",0,"12.5-math.cos(q.anim_time*90*3-80)"]},"left_tentacule18":{"rotation":["-10-math.cos(q.anim_time*90-180)*3",0,"-5-math.cos(q.anim_time*90*3-120)"]},"left_tentacule19":{"rotation":["-7.4366-math.cos(q.anim_time*90-180-40)*5",-0.9762,"-7.4366-math.cos(q.anim_time*90*3-160)*2"]},"left_tentacule20":{"rotation":["-5-math.cos(q.anim_time*90-180-40)*6",0,"-15-math.cos(q.anim_time*90*3-200)*2"]},"left_tentacule21":{"rotation":["-2.3265-math.cos(q.anim_time*90-180-80)*8",-2.8631,"-6.9349-math.cos(q.anim_time*90*3-200)*4"]},"right_tentacule2":{"rotation":["-20-math.cos(q.anim_time*90-60-40)*2",0,"math.cos(q.anim_time*90*3-40)"]},"right_tentacule3":{"rotation":["5-math.cos(q.anim_time*90-120-40)*2",0,-12.5]},"right_tentacule4":{"rotation":["-10-math.cos(q.anim_time*90-140-40)*2",0,-12.5]},"right_tentacule5":{"rotation":["-12.3821-math.cos(q.anim_time*90-180-40)*3",-1.08089,-12.45392]},"right_tentacule6":{"rotation":["-9.9627-math.cos(q.anim_time*90-180-40-40)*3",0.86717,9.92442]},"right_tentacule7":{"rotation":["5.0071-math.cos(q.anim_time*90-180-40-80)*4",0.32621,7.47864]},"right_tentacule8":{"rotation":["7.5-math.cos(q.anim_time*90-180-80-40)*4",0,7.5]},"left_tentacule2":{"rotation":["-20-math.cos(q.anim_time*90-60-40)*2",0,"-math.cos(q.anim_time*90*3-40)"]},"left_tentacule3":{"rotation":["5-math.cos(q.anim_time*90-120-40)*2",0,12.5]},"left_tentacule4":{"rotation":["-10-math.cos(q.anim_time*90-140-40)*2",0,12.5]},"left_tentacule5":{"rotation":["-12.3821-math.cos(q.anim_time*90-180-40)*3",1.08089,12.45392]},"left_tentacule6":{"rotation":["-9.9627-math.cos(q.anim_time*90-180-40-40)*3",-0.86717,-9.92442]},"left_tentacule7":{"rotation":["5.0071-math.cos(q.anim_time*90-180-40-80)*4",-0.32621,-7.47864]},"left_tentacule8":{"rotation":["7.5-math.cos(q.anim_time*90-180-80-40)*4",0,-7.5]},"right_tentacule9":{"rotation":["-40.7307-math.cos(q.anim_time*90-60-80)*2",-13.35981,"-22.5+math.cos(q.anim_time*90*3)"]},"right_tentacule10":{"rotation":["-7.5-math.cos(q.anim_time*90-120-80)*2",0,0]},"right_tentacule11":{"rotation":["-10-math.cos(q.anim_time*90-140-80)*2",0,0]},"right_tentacule12":{"rotation":["-5-math.cos(q.anim_time*90-180-80)*3",0,0]},"right_tentacule13":{"rotation":["-2.5-math.cos(q.anim_time*90-180-40-80)*3",0,2.5]},"right_tentacule14":{"rotation":["9.9953-math.cos(q.anim_time*90-180-40-80)*4",-0.21782,4.9905]},"right_tentacule22":{"rotation":["9.9811-math.cos(q.anim_time*90-180-80-80)*4",-0.43523,4.98107]},"left_tentacule9":{"rotation":["-40.7307-math.cos(q.anim_time*90-60-80)*2",13.35981,"22.5+math.cos(q.anim_time*90*3)"]},"left_tentacule10":{"rotation":["-7.5-math.cos(q.anim_time*90-120-80)*2",0,0]},"left_tentacule11":{"rotation":["-10-math.cos(q.anim_time*90-140-80)*2",0,0]},"left_tentacule12":{"rotation":["-5-math.cos(q.anim_time*90-180-80)*3",0,0]},"left_tentacule13":{"rotation":["-2.5-math.cos(q.anim_time*90-180-40-80)*3",0,-2.5]},"left_tentacule14":{"rotation":["9.9953-math.cos(q.anim_time*90-180-40-80)*4",0.21782,-4.9905]},"left_tentacule22":{"rotation":["9.9811-math.cos(q.anim_time*90-180-80-80)*4",0.43523,-4.98107]},"torsobone2":{"rotation":[5,0,0]},"torsobone3":{"rotation":[7.5,0,0]},"torsobone4":{"rotation":["10+math.cos(q.anim_time*90+100)*1.5",0,0]},"body":{"rotation":["math.cos(q.anim_time*90+140)",0,0],"position":[0,"7+6+math.cos(q.anim_time*90)*4",0]},"tail":{"rotation":["math.cos(q.anim_time*90+60)*2","math.cos(q.anim_time*90/2)*2",0]},"tail2":{"rotation":["math.cos(q.anim_time*90+20)*2","math.cos(q.anim_time*90/2-40)*3",0]},"tail3":{"rotation":["math.cos(q.anim_time*90-20)*2.25","math.cos(q.anim_time*90/2-90)*4",0]},"tail4":{"rotation":["math.cos(q.anim_time*90-40)*2.5","math.cos(q.anim_time*90/2-120)*4",0]},"tail5":{"rotation":["math.cos(q.anim_time*90-60)*3","math.cos(q.anim_time*90/2-150)*6",0]},"tail6":{"rotation":["math.cos(q.anim_time*90-80)*4","math.cos(q.anim_time*90/2-170)*7",0]},"tail7":{"rotation":["math.cos(q.anim_time*90-90)*5","math.cos(q.anim_time*90/2-180)*8",0]},"tail8":{"rotation":["math.cos(q.anim_time*90-110)*6","math.cos(q.anim_time*90/2-200)*10",0]}}},"animation.giratina_origin.air_fly":{"loop":true,"animation_length":4,"bones":{"torsobone":{"rotation":[-20,0,0]},"neck":{"rotation":["-20-math.cos(q.anim_time*90*2+280)*2",0,0]},"neck2":{"rotation":["-12.5-math.cos(q.anim_time*90*2+280+90)*3",0,0]},"neck3":{"rotation":["-15-math.cos(q.anim_time*90*2+280+140)*3",0,0]},"head":{"rotation":["47.5-math.cos(q.anim_time*90*2+280+240)*3",0,0]},"right_tentacule15":{"rotation":["15-math.cos(q.anim_time*90*2-60)*2",0,"-22.5+math.cos(q.anim_time*90*3)"]},"right_tentacule16":{"rotation":["-2.5-math.cos(q.anim_time*90*2-120)*3",0,"-10+math.cos(q.anim_time*90*3-40)"]},"right_tentacule17":{"rotation":["-10-math.cos(q.anim_time*90*2-140)*3",0,"-12.5+math.cos(q.anim_time*90*3-80)"]},"right_tentacule18":{"rotation":["-10-math.cos(q.anim_time*90*2-180)*3",0,"5+math.cos(q.anim_time*90*3-120)"]},"right_tentacule19":{"rotation":["-9.9366-math.cos(q.anim_time*90*2-180-40)*3",0.9762,"7.4366+math.cos(q.anim_time*90*3-160)*2"]},"right_tentacule20":{"rotation":["-15-math.cos(q.anim_time*90*2-180-40)*4",0,"15+math.cos(q.anim_time*90*3-200)*2"]},"right_tentacule21":{"rotation":["-22.3265-math.cos(q.anim_time*90*2-180-80)*4",2.86313,"6.9349+math.cos(q.anim_time*90*3-200)*4"]},"left_tentacule15":{"rotation":["15-math.cos(q.anim_time*90*2-60)*2",0,"22.5-math.cos(q.anim_time*90*3)"]},"left_tentacule16":{"rotation":["-2.5-math.cos(q.anim_time*90*2-120)*3",0,"10-math.cos(q.anim_time*90*3-40)"]},"left_tentacule17":{"rotation":["-10-math.cos(q.anim_time*90*2-140)*3",0,"12.5-math.cos(q.anim_time*90*3-80)"]},"left_tentacule18":{"rotation":["-10-math.cos(q.anim_time*90*2-180)*3",0,"-5-math.cos(q.anim_time*90*3-120)"]},"left_tentacule19":{"rotation":["-9.9366-math.cos(q.anim_time*90*2-180-40)*3",-0.9762,"-7.4366-math.cos(q.anim_time*90*3-160)*2"]},"left_tentacule20":{"rotation":["-15-math.cos(q.anim_time*90*2-180-40)*4",0,"-15-math.cos(q.anim_time*90*3-200)*2"]},"left_tentacule21":{"rotation":["-22.3265-math.cos(q.anim_time*90*2-180-80)*4",-2.86313,"-6.9349-math.cos(q.anim_time*90*3-200)*4"]},"right_tentacule2":{"rotation":["-20-math.cos(q.anim_time*90*2-60-40)*2",0,"math.cos(q.anim_time*90*3-40)"]},"right_tentacule3":{"rotation":["5-math.cos(q.anim_time*90*2-120-40)*2",0,-12.5]},"right_tentacule4":{"rotation":["-10-math.cos(q.anim_time*90*2-140-40)*2",0,-12.5]},"right_tentacule5":{"rotation":["-12.3821-math.cos(q.anim_time*90*2-180-40)*3",-1.08089,-12.45392]},"right_tentacule6":{"rotation":["-9.9627-math.cos(q.anim_time*90*2-180-40-40)*3",0.86717,9.92442]},"right_tentacule7":{"rotation":["-7.4929-math.cos(q.anim_time*90*2-180-40-80)*4",0.32621,7.47864]},"right_tentacule8":{"rotation":["0-math.cos(q.anim_time*90*2-180-80-40)*4",0,7.5]},"left_tentacule2":{"rotation":["-20-math.cos(q.anim_time*90*2-60-40)*2",0,"-math.cos(q.anim_time*90*3-40)"]},"left_tentacule3":{"rotation":["5-math.cos(q.anim_time*90*2-120-40)*2",0,12.5]},"left_tentacule4":{"rotation":["-10-math.cos(q.anim_time*90*2-140-40)*2",0,12.5]},"left_tentacule5":{"rotation":["-12.3821-math.cos(q.anim_time*90*2-180-40)*3",1.08089,12.45392]},"left_tentacule6":{"rotation":["-9.9627-math.cos(q.anim_time*90*2-180-40-40)*3",-0.86717,-9.92442]},"left_tentacule7":{"rotation":["-7.4929-math.cos(q.anim_time*90*2-180-40-80)*4",-0.32621,-7.47864]},"left_tentacule8":{"rotation":["0-math.cos(q.anim_time*90*2-180-80-40)*4",0,-7.5]},"right_tentacule9":{"rotation":["-40.7307-math.cos(q.anim_time*90*2-60-80)*2",-13.35981,"-22.5+math.cos(q.anim_time*90*3)"]},"right_tentacule10":{"rotation":["-7.5-math.cos(q.anim_time*90*2-120-80)*2",0,0]},"right_tentacule11":{"rotation":["-10-math.cos(q.anim_time*90*2-140-80)*2",0,0]},"right_tentacule12":{"rotation":["-5-math.cos(q.anim_time*90*2-180-80)*3",0,0]},"right_tentacule13":{"rotation":["-2.5-math.cos(q.anim_time*90*2-180-40-80)*3",0,2.5]},"right_tentacule14":{"rotation":["4.9953-math.cos(q.anim_time*90*2-180-40-80)*4",-0.21782,4.9905]},"right_tentacule22":{"rotation":["4.9811-math.cos(q.anim_time*90*2-180-80-80)*4",-0.43523,4.98107]},"left_tentacule9":{"rotation":["-40.7307-math.cos(q.anim_time*90*2-60-80)*2",13.35981,"22.5-math.cos(q.anim_time*90*3)"]},"left_tentacule10":{"rotation":["-7.5-math.cos(q.anim_time*90*2-120-80)*2",0,0]},"left_tentacule11":{"rotation":["-10-math.cos(q.anim_time*90*2-140-80)*2",0,0]},"left_tentacule12":{"rotation":["-5-math.cos(q.anim_time*90*2-180-80)*3",0,0]},"left_tentacule13":{"rotation":["-2.5-math.cos(q.anim_time*90*2-180-40-80)*3",0,-2.5]},"left_tentacule14":{"rotation":["4.9953-math.cos(q.anim_time*90*2-180-40-80)*4",0.21782,-4.9905]},"left_tentacule22":{"rotation":["4.9811-math.cos(q.anim_time*90*2-180-80-80)*4",0.43523,-4.98107]},"torsobone2":{"rotation":[5,0,0]},"torsobone3":{"rotation":[7.5,0,0]},"torsobone4":{"rotation":["10+math.cos(q.anim_time*90+100)*1.5",0,0]},"body":{"rotation":["math.cos(q.anim_time*90*2+140)*2",0,0],"position":[0,"7+6+math.cos(q.anim_time*90*2)*4","-math.cos(q.anim_time*90*2+80)*5"]},"tail":{"rotation":["math.cos(q.anim_time*90*2+60)*2","math.cos(q.anim_time*90*2)*2",0]},"tail2":{"rotation":["math.cos(q.anim_time*90*2+20)*2","math.cos(q.anim_time*90*2-40)*3",0]},"tail3":{"rotation":["math.cos(q.anim_time*90*2-20)*2.25","math.cos(q.anim_time*90*2-90)*4",0]},"tail4":{"rotation":["math.cos(q.anim_time*90*2-40)*2.5","math.cos(q.anim_time*90*2-120)*4",0]},"tail5":{"rotation":["math.cos(q.anim_time*90*2-60)*3","math.cos(q.anim_time*90*2-150)*6",0]},"tail6":{"rotation":["math.cos(q.anim_time*90*2-80)*4","math.cos(q.anim_time*90*2-170)*7",0]},"tail7":{"rotation":["math.cos(q.anim_time*90*2-90)*5","math.cos(q.anim_time*90*2-180)*8",0]},"tail8":{"rotation":["math.cos(q.anim_time*90*2-110)*6","math.cos(q.anim_time*90*2-200)*10",0]}}},"animation.giratina_origin.cry":{"animation_length":3,"bones":{"body":{"rotation":{"0.0":[0,0,0],"0.0833":{"pre":[2.5,0,0],"post":[2.5,0,0],"lerp_mode":"catmullrom"},"0.2083":{"post":[2.5,0,0],"lerp_mode":"catmullrom"},"0.375":{"post":[-2.5,0,0],"lerp_mode":"catmullrom"},"1.0":{"post":[-5,0,0],"lerp_mode":"catmullrom"},"2.0":{"post":[-5,0,0],"lerp_mode":"catmullrom"},"2.1667":{"post":[-5,0,0],"lerp_mode":"catmullrom"},"2.5":{"post":[0,0,0],"lerp_mode":"catmullrom"},"3.0":{"post":[0,0,0],"lerp_mode":"catmullrom"}},"position":{"0.0":[0,0,0],"0.125":{"pre":[0,-3,0],"post":[0,-3,0],"lerp_mode":"catmullrom"},"0.25":{"post":[0,-3,0],"lerp_mode":"catmullrom"},"0.375":{"post":[0,4,0],"lerp_mode":"catmullrom"},"1.0":{"post":[0,10,0],"lerp_mode":"catmullrom"},"2.0":{"post":[0,10,0],"lerp_mode":"catmullrom"},"2.5":{"post":[0,0,0],"lerp_mode":"catmullrom"},"3.0":{"post":[0,0,0],"lerp_mode":"catmullrom"}}},"neck":{"rotation":{"0.0":[0,0,0],"0.125":{"pre":[7.5,0,0],"post":[7.5,0,0],"lerp_mode":"catmullrom"},"0.25":{"post":[7.5,0,0],"lerp_mode":"catmullrom"},"0.375":{"post":[-2.5,0,0],"lerp_mode":"catmullrom"},"2.0":{"post":[-2.5,0,0],"lerp_mode":"catmullrom"},"2.5":{"post":[0,0,0],"lerp_mode":"catmullrom"},"3.0":{"post":[0,0,0],"lerp_mode":"catmullrom"}}},"neck2":{"rotation":{"0.0":[0,0,0],"0.25":{"pre":[0,0,0],"post":[0,0,0],"lerp_mode":"catmullrom"},"0.375":{"post":[-2.5,0,0],"lerp_mode":"catmullrom"},"2.0":{"post":[-2.5,0,0],"lerp_mode":"catmullrom"},"2.5":{"post":[0,0,0],"lerp_mode":"catmullrom"},"3.0":{"post":[0,0,0],"lerp_mode":"catmullrom"}}},"neck3":{"rotation":{"0.0":[0,0,0],"0.25":{"pre":[0,0,0],"post":[0,0,0],"lerp_mode":"catmullrom"},"0.375":{"post":[-2.5,0,0],"lerp_mode":"catmullrom"},"2.0":{"post":[-2.5,0,0],"lerp_mode":"catmullrom"},"2.5":{"post":[0,0,0],"lerp_mode":"catmullrom"},"3.0":{"post":[0,0,0],"lerp_mode":"catmullrom"}}},"head":{"rotation":{"0.25":{"pre":[0,0,0],"post":[0,0,0],"lerp_mode":"catmullrom"},"0.375":{"post":[-10,0,0],"lerp_mode":"catmullrom"},"2.0":{"post":[-10,0,0],"lerp_mode":"catmullrom"},"2.5":{"post":[0,0,0],"lerp_mode":"catmullrom"},"3.0":{"post":[0,0,0],"lerp_mode":"catmullrom"}}},"jaw":{"rotation":{"0.25":[0,0,0],"0.375":{"pre":[52.5,0,0],"post":[52.5,0,0],"lerp_mode":"catmullrom"},"1.0":{"post":[52.5,0,0],"lerp_mode":"catmullrom"},"2.0":{"post":[30,0,0],"lerp_mode":"catmullrom"},"2.5":{"post":[0,0,0],"lerp_mode":"catmullrom"},"3.0":{"post":[0,0,0],"lerp_mode":"catmullrom"}}}},"sound_effects":{"0.25":{"effect":"pokemon.giratina_origin.cry"}}}}}