{"format_version":"1.8.0","animations":{"animation.girafarig.pose":{"loop":true,"bones":{"neck":{"rotation":[10,0,0]},"tail":{"rotation":[-17.5,0,0]},"tail_head":{"rotation":[12.5,0,0]},"neck2":{"rotation":[-10,0,0]},"frontThigh_right":{"rotation":[-42.5,0,0]},"frontLeg_right":{"rotation":[37.5,0,0]},"frontFoot_right":{"rotation":[17.5,0,0]},"backThigh_right":{"rotation":[0,5,2.5]},"frontThigh_left":{"rotation":[0,-10,-2.5]},"backThigh_left":{"rotation":[0,-5,-2.5]}}},"animation.girafarig.ground_idle":{"loop":true,"animation_length":2,"bones":{"body":{"rotation":["math.sin(q.anim_time*90*2)*1",0,0]},"tail":{"rotation":["-52.5+math.sin(q.anim_time*90*2-100)*1",0,0]},"tail_head":{"rotation":["35+math.sin(q.anim_time*90*2-120)*2",0,0]},"body2":{"rotation":[0,0,0]},"neck":{"rotation":["15+math.sin(q.anim_time*90*2-70)*2",0,0]},"head":{"rotation":["-5+math.sin(q.anim_time*90*2-120)*2",0,0]},"frontThigh_right":{"rotation":["-math.sin(q.anim_time*90*2)*1",-12.5,-2.5],"position":["-math.sin(q.anim_time*90*2)*0.075","math.sin(q.anim_time*90*2)*0.2",0]},"frontFoot_right":{"rotation":[0,7.48631,2.5]},"frontThigh_left":{"rotation":["0.4407-math.sin(q.anim_time*90*2)*1",9.99038,2.53852],"position":["math.sin(q.anim_time*90*2)*0.075","math.sin(q.anim_time*90*2)*0.2",0]},"frontFoot_left":{"rotation":[0,-7.34136,-2.5]},"backThigh_right":{"rotation":[0,"math.sin(q.anim_time*90*2-50)*2",7.5],"position":[0,-0.1,0]},"backLeg_right":{"rotation":[0,"-math.sin(q.anim_time*90*2-50)*2",-5],"position":[-0.25,0,0]},"backFoot_right":{"rotation":[0,0,-2.5]},"backThigh_left":{"rotation":[0,"-math.sin(q.anim_time*90*2-20)*2",-7.5],"position":[0,-0.1,0]},"backLeg_left":{"rotation":[0,"math.sin(q.anim_time*90*2-20)*2",5],"position":[0.25,0,0]},"backFoot_left":{"rotation":[0,0,2.5]}}},"animation.girafarig.ground_walk":{"loop":true,"animation_length":2,"bones":{"frontThigh_right":{"rotation":["-math.cos(q.anim_time*90*2-35)*20",0,0],"position":{"0.0":[0,"math.clamp(-math.sin(q.anim_time*90*2-35)*1,0,1)","-math.cos(q.anim_time*90*2-35)"],"1.0":[0,"math.clamp(-math.sin(q.anim_time*90*2-35)*1,0,1)","-math.cos(q.anim_time*90*2-35)"],"1.2083":[0,"-1.2+math.clamp(-math.sin(q.anim_time*90*2-35)*1,0,1)","-math.cos(q.anim_time*90*2-35)"],"1.4583":[0,"math.clamp(-math.sin(q.anim_time*90*2-35)*1,0,1)","-math.cos(q.anim_time*90*2-35)"]}},"frontThigh_left":{"rotation":["math.cos(q.anim_time*90*2-35)*20",0,0],"position":{"0.0":[0,"math.clamp(math.sin(q.anim_time*90*2-35)*1,0,1)","math.cos(q.anim_time*90*2-35)"],"0.2083":[0,"-1.2+math.clamp(math.sin(q.anim_time*90*2-35)*1,0,1)","math.cos(q.anim_time*90*2-35)"],"0.4583":[0,"math.clamp(math.sin(q.anim_time*90*2-35)*1,0,1)","math.cos(q.anim_time*90*2-35)"]}},"backThigh_right":{"rotation":["-math.cos(q.anim_time*90*2)*20",0,0],"position":{"0.0":[0,"math.clamp(-math.sin(q.anim_time*90*2)*1,0,1)","-math.cos(q.anim_time*90*2)"],"0.5":[0,"math.clamp(-math.sin(q.anim_time*90*2)*1,0,1)","-math.cos(q.anim_time*90*2)"],"1.0":[0,"-0.7+math.clamp(-math.sin(q.anim_time*90*2)*1,0,1)","-math.cos(q.anim_time*90*2)"],"1.125":[0,"-0.7+math.clamp(-math.sin(q.anim_time*90*2)*1,0,1)","-math.cos(q.anim_time*90*2)"],"1.2083":[0,"math.clamp(-math.sin(q.anim_time*90*2)*1,0,1)","-math.cos(q.anim_time*90*2)"]}},"backThigh_left":{"rotation":["math.cos(q.anim_time*90*2)*20",0,0],"position":{"0.0":[0,"-0.7+math.clamp(math.sin(q.anim_time*90*2)*1,0,1)","math.cos(q.anim_time*90*2)"],"0.125":[0,"-0.7+math.clamp(math.sin(q.anim_time*90*2)*1,0,1)","math.cos(q.anim_time*90*2)"],"0.2083":[0,"math.clamp(math.sin(q.anim_time*90*2)*1,0,1)","math.cos(q.anim_time*90*2)"],"1.5":[0,"math.clamp(math.sin(q.anim_time*90*2)*1,0,1)","math.cos(q.anim_time*90*2)"],"2.0":[0,"-0.7+math.clamp(math.sin(q.anim_time*90*2)*1,0,1)","math.cos(q.anim_time*90*2)"]}},"backLeg_left":{"rotation":{"0.0":{"post":[0,0,0],"lerp_mode":"catmullrom"},"0.125":{"post":[0,0,0],"lerp_mode":"catmullrom"},"0.375":{"post":[15,0,0],"lerp_mode":"catmullrom"},"0.625":{"post":[25,0,0],"lerp_mode":"catmullrom"},"0.875":{"post":[0,0,0],"lerp_mode":"catmullrom"}}},"backFoot_left":{"rotation":{"0.0":{"post":[-20,0,0],"lerp_mode":"catmullrom"},"0.125":{"post":[-20,0,0],"lerp_mode":"catmullrom"},"0.375":{"post":[20,0,0],"lerp_mode":"catmullrom"},"0.875":{"post":[20,0,0],"lerp_mode":"catmullrom"},"1.0":{"post":[0,0,0],"lerp_mode":"catmullrom"},"1.5":{"post":[0,0,0],"lerp_mode":"catmullrom"},"2.0":{"post":[-20,0,0],"lerp_mode":"catmullrom"}},"position":{"0.0":{"post":[0,0,0],"lerp_mode":"catmullrom"},"0.125":{"post":[0,0,0],"lerp_mode":"catmullrom"},"0.375":{"post":[0,1,0],"lerp_mode":"catmullrom"},"0.875":{"post":[0,1,0],"lerp_mode":"catmullrom"},"1.0":{"post":[0,0,0],"lerp_mode":"catmullrom"},"1.5":{"post":[0,0,0],"lerp_mode":"catmullrom"},"2.0":{"post":[0,0,0],"lerp_mode":"catmullrom"}}},"frontLeg_right":{"rotation":{"0.0":{"post":[8.89,0,0],"lerp_mode":"catmullrom"},"0.0833":{"post":[0,0,0],"lerp_mode":"catmullrom"},"1.0833":{"post":[0,0,0],"lerp_mode":"catmullrom"},"1.2917":{"post":[0,0,0],"lerp_mode":"catmullrom"},"1.5417":{"post":[30,0,0],"lerp_mode":"catmullrom"},"1.8333":{"post":[30,0,0],"lerp_mode":"catmullrom"},"2.0":{"post":[8.89,0,0],"lerp_mode":"catmullrom"}}},"frontFoot_right":{"rotation":{"0.0":{"post":[30,0,0],"lerp_mode":"catmullrom"},"0.25":{"post":[0,0,0],"lerp_mode":"catmullrom"},"1.0":{"post":[0,0,0],"lerp_mode":"catmullrom"},"1.2083":{"post":[-17,0,0],"lerp_mode":"catmullrom"},"1.375":{"post":[0,0,0],"lerp_mode":"catmullrom"},"1.625":{"post":[30,0,0],"lerp_mode":"catmullrom"},"2.0":{"post":[30,0,0],"lerp_mode":"catmullrom"}},"position":{"0.0":{"post":[0,1.5,0],"lerp_mode":"catmullrom"},"0.25":{"post":[0,0,0],"lerp_mode":"catmullrom"},"1.375":{"post":[0,0,0],"lerp_mode":"catmullrom"},"1.625":{"post":[0,1.5,0],"lerp_mode":"catmullrom"},"2.0":{"post":[0,1.5,0],"lerp_mode":"catmullrom"}}},"frontLeg_left":{"rotation":{"0.0833":{"pre":[0,0,0],"post":[0,0,0],"lerp_mode":"catmullrom"},"0.2917":{"post":[0,0,0],"lerp_mode":"catmullrom"},"0.5417":{"post":[30,0,0],"lerp_mode":"catmullrom"},"0.8333":{"post":[30,0,0],"lerp_mode":"catmullrom"},"1.0":{"post":[8.89,0,0],"lerp_mode":"catmullrom"},"1.0833":{"post":[0,0,0],"lerp_mode":"catmullrom"}}},"frontFoot_left":{"rotation":{"0.0":{"post":[0,0,0],"lerp_mode":"catmullrom"},"0.2083":{"post":[-17,0,0],"lerp_mode":"catmullrom"},"0.375":{"post":[0,0,0],"lerp_mode":"catmullrom"},"0.625":{"post":[30,0,0],"lerp_mode":"catmullrom"},"1.0":{"post":[30,0,0],"lerp_mode":"catmullrom"},"1.2083":{"post":[3.61,0,0],"lerp_mode":"catmullrom"},"1.25":{"post":[0,0,0],"lerp_mode":"catmullrom"}},"position":{"0.375":{"pre":[0,0,0],"post":[0,0,0],"lerp_mode":"catmullrom"},"0.625":{"post":[0,1.5,0],"lerp_mode":"catmullrom"},"1.0":{"post":[0,1.5,0],"lerp_mode":"catmullrom"},"1.25":{"post":[0,0,0],"lerp_mode":"catmullrom"}}},"backLeg_right":{"rotation":{"1.125":{"pre":[0,0,0],"post":[0,0,0],"lerp_mode":"catmullrom"},"1.375":{"post":[15,0,0],"lerp_mode":"catmullrom"},"1.625":{"post":[25,0,0],"lerp_mode":"catmullrom"},"1.875":{"post":[0,0,0],"lerp_mode":"catmullrom"}}},"backFoot_right":{"rotation":{"0.0":{"post":[0,0,0],"lerp_mode":"catmullrom"},"0.5":{"post":[0,0,0],"lerp_mode":"catmullrom"},"1.0":{"post":[-20,0,0],"lerp_mode":"catmullrom"},"1.125":{"post":[-20,0,0],"lerp_mode":"catmullrom"},"1.375":{"post":[20,0,0],"lerp_mode":"catmullrom"},"1.875":{"post":[20,0,0],"lerp_mode":"catmullrom"},"2.0":{"post":[0,0,0],"lerp_mode":"catmullrom"}},"position":{"0.0":{"post":[0,0,0],"lerp_mode":"catmullrom"},"0.5":{"post":[0,0,0],"lerp_mode":"catmullrom"},"1.0":{"post":[0,0,0],"lerp_mode":"catmullrom"},"1.125":{"post":[0,0,0],"lerp_mode":"catmullrom"},"1.375":{"post":[0,1,0],"lerp_mode":"catmullrom"},"1.875":{"post":[0,1,0],"lerp_mode":"catmullrom"},"2.0":{"post":[0,0,0],"lerp_mode":"catmullrom"}}},"Torso":{"rotation":[0,"-math.cos(q.anim_time*90*2-35/2)*5","-math.sin(q.anim_time*90*2-90-35/2)*3"],"position":[0,"math.sin(q.anim_time*90*2*2)/3",0]},"neck":{"rotation":["20-math.cos(q.anim_time*90*2*2)*3","math.cos(q.anim_time*90*2-35/2)*5/2",0]},"head":{"rotation":["-15-math.cos(q.anim_time*90*2*2+90)*3","math.cos(q.anim_time*90*2-35/2)*5/2",0]},"tail":{"rotation":[-40,0,"-math.sin(q.anim_time*90*2)*5"]},"tail_head":{"rotation":[30,"-math.sin(q.anim_time*90*2)*5","-math.sin(q.anim_time*90*2-45)*5"]}}},"animation.girafarig.blink":{"animation_length":0.1667,"bones":{"closedEye_left":{"position":{"0.0":[1.1,0,0],"0.125":[1.1,0,0],"0.1667":[0.8,0,0]}},"closedEye_right":{"position":{"0.0":[-1.15,0,0],"0.125":[-1.15,0,0],"0.1667":[-0.95,0,0]}},"left_tail_eye":{"position":[0,0,0]},"right_tail_eye":{"position":[0,0,0]}}},"animation.girafarig.blink2":{"animation_length":0.1667,"bones":{"right_tail_eye":{"position":{"0.0":[-0.1,0,0],"0.125":[-0.1,0,0],"0.1667":[0,0,0]}},"left_tail_eye":{"position":{"0.0":[0.1,0,0],"0.125":[0.1,0,0],"0.1667":[0,0,0]}}}},"animation.girafarig.walktest":{"loop":true,"bones":{"girafarig":{"position":[0,0,"-q.anim_time*90*0.175"]}}}}}