{"format_version":"1.8.0","animations":{"animation.giratina.ground_idle":{"loop":true,"animation_length":4,"bones":{"torso":{"rotation":["math.cos(q.anim_time*90*1)","math.cos(q.anim_time*90*1)*0.5","math.cos(q.anim_time*90*1+30)*0.5"]},"neck2":{"rotation":["5-math.cos(q.anim_time*90*1)*2",0,0]},"neck":{"rotation":["5-math.cos(q.anim_time*90*1+60)*2",0,0]},"head":{"rotation":["-7.5+math.cos(q.anim_time*90+60)",0,0]},"right_wing":{"rotation":[22.5,"-50+math.cos(q.anim_time*90*1)*8",0]},"right_wing2":{"rotation":[0,"-32.5+math.cos(q.anim_time*90*1-60)*2",0]},"right_wing3":{"rotation":[0,"-22.5+math.cos(q.anim_time*90*1-120)*4",0]},"right_wing4":{"rotation":[0,"-2.5+math.cos(q.anim_time*90*1-120)*5",0]},"left_wing":{"rotation":[22.5,"50-math.cos(q.anim_time*90*1)*8",0]},"left_wing2":{"rotation":[0,"32.5-math.cos(q.anim_time*90*1-60)*2",0]},"left_wing3":{"rotation":[0,"22.5-math.cos(q.anim_time*90*1-120)*4",0]},"left_wing4":{"rotation":[0,"2.5-math.cos(q.anim_time*90*1-120)*5",0]},"tail":{"rotation":["math.cos(q.anim_time*90*1+30)*4","math.cos(q.anim_time*90*1+30)*10",0]},"tail2":{"rotation":["5+math.cos(q.anim_time*90*1-30)*4","math.cos(q.anim_time*90*1-30)*4",0]},"tail3":{"rotation":["7.5+math.cos(q.anim_time*90*1-80)*4","0+math.cos(q.anim_time*90*1-80)*4",0]},"tail4":{"rotation":["10+math.cos(q.anim_time*90*1-120)*4","math.cos(q.anim_time*90*1-120)*4",0]},"tail5":{"rotation":["12.5+math.cos(q.anim_time*90*1-150)*4","0+math.cos(q.anim_time*90*1-150)*4",0]}}},"animation.giratina.battle_idle":{"loop":true,"animation_length":4,"bones":{"torso":{"rotation":["10+math.cos(q.anim_time*90*1)","math.cos(q.anim_time*90*1)*0.5","math.cos(q.anim_time*90*1+30)*0.5"]},"neck2":{"rotation":["5-math.cos(q.anim_time*90*1)*2",0,0]},"neck":{"rotation":["5-math.cos(q.anim_time*90*1+60)*2",0,0]},"head":{"rotation":["-17.5+math.cos(q.anim_time*90+60)*2",0,0]},"right_wing":{"rotation":[10,"-90+math.cos(q.anim_time*90*1)*8",-10]},"right_wing2":{"rotation":[0,"-32.5+math.cos(q.anim_time*90*1-60)*2",0]},"right_wing3":{"rotation":[0,"-22.5+math.cos(q.anim_time*90*1-120)*4",0]},"right_wing4":{"rotation":[0,"-2.5+math.cos(q.anim_time*90*1-120)*5",0]},"left_wing":{"rotation":[10,"90-math.cos(q.anim_time*90*1)*8",10]},"left_wing2":{"rotation":[0,"32.5-math.cos(q.anim_time*90*1-60)*2",0]},"left_wing3":{"rotation":[0,"22.5-math.cos(q.anim_time*90*1-120)*4",0]},"left_wing4":{"rotation":[0,"2.5-math.cos(q.anim_time*90*1-120)*5",0]},"tail":{"rotation":["math.cos(q.anim_time*90*1+30)*4","math.cos(q.anim_time*90*1+30)*10",0]},"tail2":{"rotation":["5+math.cos(q.anim_time*90*1-30)*4","math.cos(q.anim_time*90*1-30)*4",0]},"tail3":{"rotation":["7.5+math.cos(q.anim_time*90*1-80)*4","0+math.cos(q.anim_time*90*1-80)*4",0]},"tail4":{"rotation":["10+math.cos(q.anim_time*90*1-120)*4","math.cos(q.anim_time*90*1-120)*4",0]},"tail5":{"rotation":["12.5+math.cos(q.anim_time*90*1-150)*4","0+math.cos(q.anim_time*90*1-150)*4",0]},"front_right_leg":{"rotation":[-10,20,0],"position":[0,-1.675,0]},"front_right_feet":{"rotation":[10,0,0]},"front_left_leg":{"rotation":[-10,-20,0],"position":[0,-1.675,0]},"front_left_feet":{"rotation":[10,0,0]},"middle_right_leg":{"rotation":[-10,20,0],"position":[0,-1.675,0]},"middle_right_feet":{"rotation":[10,0,0]},"back_right_leg":{"rotation":[-10,15,0],"position":[0,-2.075,0]},"back_right_feet":{"rotation":[20,0,0]},"back_right_claw":{"rotation":[-10,0,0]},"back_right_claw2":{"rotation":[-10,0,0]},"back_right_claw3":{"rotation":[-10,0,0]},"back_left_leg":{"rotation":[-10,-15,0],"position":[0,-2.075,0]},"back_left_feet":{"rotation":[20,0,0]},"back_left_claw":{"rotation":[-10,0,0]},"back_left_claw2":{"rotation":[-10,0,0]},"back_left_claw3":{"rotation":[-10,0,0]},"middle_left_leg":{"rotation":[-10,-20,0],"position":[0,-1.675,0]},"middle_left_feet":{"rotation":[10,0,0]}}},"animation.giratina.ground_walk":{"loop":true,"animation_length":4,"bones":{"torso":{"rotation":["-math.cos(q.anim_time*90*2-10)","math.cos(q.anim_time*90)","-math.cos(q.anim_time*90+40)"],"position":[0,"math.cos(q.anim_time*90*2+60)",0]},"neck2":{"rotation":[5,"math.cos(q.anim_time*90+45)","-math.cos(q.anim_time*90+120)"]},"neck":{"rotation":[5,"math.cos(q.anim_time*90+90)","-math.cos(q.anim_time*90+360)"]},"neck_end":{"rotation":[5,"math.cos(q.anim_time*90+135)*1.5","-math.cos(q.anim_time*90+280)"]},"head":{"rotation":["-15-math.cos(q.anim_time*90*2+120)*2","math.cos(q.anim_time*90+250)*1.5","math.cos(q.anim_time*90+360)"]},"right_wing":{"rotation":[10,"-50-math.cos(q.anim_time*90*2-60)*2",0]},"right_wing2":{"rotation":[0,"-32.5-math.cos(q.anim_time*90*2-110)*2",0]},"right_wing3":{"rotation":[0,"-30-math.cos(q.anim_time*90*2-190)*3",0]},"right_wing4":{"rotation":[0,"-10-math.cos(q.anim_time*90*2-210)*8",0]},"left_wing":{"rotation":[10,"50+math.cos(q.anim_time*90*2-60)*2",0]},"left_wing2":{"rotation":[0,"32.5+math.cos(q.anim_time*90*2-110)*2",0]},"left_wing3":{"rotation":[0,"30+math.cos(q.anim_time*90*2-190)*3",0]},"left_wing4":{"rotation":[0,"8+math.cos(q.anim_time*90*2-210)*8",0]},"tail":{"rotation":["10+math.cos(q.anim_time*90*2-30)*5","math.cos(q.anim_time*90)*7.5",0]},"tail2":{"rotation":["math.cos(q.anim_time*90*2-80)*5","math.cos(q.anim_time*90-50)*8",0]},"tail3":{"rotation":["math.cos(q.anim_time*90*2-130)*7.5","math.cos(q.anim_time*90-100)*10",0]},"tail4":{"rotation":["math.cos(q.anim_time*90*2-180)*8","math.cos(q.anim_time*90-150)*12",0]},"tail5":{"rotation":["math.cos(q.anim_time*90*2-230)*10","math.cos(q.anim_time*90-200)*15",0]},"front_right_leg":{"rotation":{"0.0":[-20,0,0],"2.0":[20,0,0],"2.4583":{"pre":[17.37,0,0],"post":[17.37,0,0],"lerp_mode":"catmullrom"},"3.0":{"post":[5,0,0],"lerp_mode":"catmullrom"},"4.0":[-20,0,0]},"position":{"0.0":[0,-3.92,-3],"0.0417":[0,-3.24,-2.88],"0.0833":[0,-3.51,-2.75],"0.125":[0,-3.04,-2.63],"0.1667":[0,-3.2,-2.5],"0.5":[0,-1.77,-1.5],"1.0":[0,-0.47,0],"1.5":[0,0.23,1.5],"2.0":[0,0.225,3],"3.0":{"pre":[0,5,0],"post":[0,5,0],"lerp_mode":"catmullrom"},"3.5417":{"post":[0,3.875,-2.625],"lerp_mode":"catmullrom"},"3.875":[0,-0.05,-3.6],"4.0":[0,-3.92,-3]}},"front_right_feet":{"rotation":{"0.0":[20,0,0],"2.0":[0,0,0],"2.375":{"pre":[12.5,0,0],"post":[12.5,0,0],"lerp_mode":"catmullrom"},"3.125":{"post":[25,0,0],"lerp_mode":"catmullrom"},"3.5":{"post":[24.53,0,0],"lerp_mode":"catmullrom"},"3.875":[0,0,0],"4.0":[20,0,0]}},"front_right_claw":{"rotation":{"0.0":[0,0,0],"2.0":[-20,0,0],"2.25":[0,0,0],"4.0":[0,0,0]}},"front_right_claw2":{"rotation":{"0.0":[0,0,0],"2.0":[-20,0,0],"2.25":[0,0,0],"4.0":[0,0,0]}},"front_right_claw3":{"rotation":{"0.0":[0,0,0],"2.0":[-20,0,0],"2.25":[0,0,0],"4.0":[0,0,0]}},"front_left_leg":{"rotation":{"0.0":[20,0,0],"0.4583":{"pre":[17.37,0,0],"post":[17.37,0,0],"lerp_mode":"catmullrom"},"1.0":{"post":[5,0,0],"lerp_mode":"catmullrom"},"2.0":[-20,0,0],"4.0":[20,0,0]},"position":{"0.0":[0,0,3],"1.0":{"pre":[0,5,0],"post":[0,5,0],"lerp_mode":"catmullrom"},"1.5417":{"post":[0,3.875,-2.625],"lerp_mode":"catmullrom"},"1.875":[0,-0.05,-3.6],"2.0":[0,-3.92,-3],"2.0417":[0,-3.24,-2.88],"2.0833":[0,-3.51,-2.75],"2.125":[0,-3.04,-2.63],"2.1667":[0,-3.2,-2.5],"2.5":[0,-1.77,-1.5],"3.0":[0,-0.47,0],"3.5":[0,0.23,1.5],"4.0":[0,0.225,3]}},"front_left_feet":{"rotation":{"0.0":[0,0,0],"0.375":{"pre":[12.5,0,0],"post":[12.5,0,0],"lerp_mode":"catmullrom"},"1.125":{"post":[25,0,0],"lerp_mode":"catmullrom"},"1.5":{"post":[24.53,0,0],"lerp_mode":"catmullrom"},"1.875":[0,0,0],"2.0":[20,0,0],"4.0":[0,0,0]}},"front_left_claw":{"rotation":{"0.0":[-20,0,0],"0.25":[0,0,0],"2.0":[0,0,0],"4.0":[-20,0,0]}},"front_left_claw2":{"rotation":{"0.0":[-20,0,0],"0.25":[0,0,0],"2.0":[0,0,0],"4.0":[-20,0,0]}},"front_left_claw3":{"rotation":{"0.0":[-20,0,0],"0.25":[0,0,0],"2.0":[0,0,0],"4.0":[-20,0,0]}},"middle_right_leg":{"rotation":{"0.0":{"post":[-7.5,0,0],"lerp_mode":"catmullrom"},"0.5":[-20,0,0],"2.0":[10,0,0],"2.5":[20,0,0],"2.9583":{"pre":[17.37,0,0],"post":[17.37,0,0],"lerp_mode":"catmullrom"},"3.5":{"post":[5,0,0],"lerp_mode":"catmullrom"},"4.0":{"post":[-7.5,0,0],"lerp_mode":"catmullrom"}},"position":{"0.0":{"post":[0,3.96,-2.42],"lerp_mode":"catmullrom"},"0.0417":{"post":[0,3.875,-2.625],"lerp_mode":"catmullrom"},"0.375":[0,-0.05,-3.6],"0.5":[0,-3.92,-3],"0.5417":[0,-3.24,-2.88],"0.5833":[0,-3.51,-2.75],"0.625":[0,-3.04,-2.63],"0.6667":[0,-3.2,-2.5],"1.0":[0,-1.77,-1.5],"1.5":[0,-0.47,0],"2.0":[0,0.23,1.5],"2.5":[0,0,3],"3.5":{"pre":[0,5,0],"post":[0,5,0],"lerp_mode":"catmullrom"},"4.0":{"post":[0,3.96,-2.42],"lerp_mode":"catmullrom"}}},"middle_right_feet":{"rotation":{"0.0":{"post":[24.53,0,0],"lerp_mode":"catmullrom"},"0.375":[0,0,0],"0.5":[20,0,0],"2.0":[5,0,0],"2.5":[0,0,0],"2.875":{"pre":[12.5,0,0],"post":[12.5,0,0],"lerp_mode":"catmullrom"},"3.625":{"post":[25,0,0],"lerp_mode":"catmullrom"},"4.0":{"post":[24.53,0,0],"lerp_mode":"catmullrom"}}},"middle_right_claw":{"rotation":{"0.0":[0,0,0],"0.5":[0,0,0],"2.0":[-15,0,0],"2.5":[-20,0,0],"2.75":[0,0,0],"4.0":[0,0,0]}},"middle_right_claw2":{"rotation":{"0.0":[0,0,0],"0.5":[0,0,0],"2.0":[-15,0,0],"2.5":[-20,0,0],"2.75":[0,0,0],"4.0":[0,0,0]}},"middle_right_claw3":{"rotation":{"0.0":[0,0,0],"0.5":[0,0,0],"2.0":[-15,0,0],"2.5":[-20,0,0],"2.75":[0,0,0],"4.0":[0,0,0]}},"back_right_leg":{"rotation":{"0.0":{"post":[5,0,0],"lerp_mode":"catmullrom"},"1.0":[-20,0,0],"2.0":[0,0,0],"2.5":[10,0,0],"3.0":[20,0,0],"3.4583":{"pre":[17.37,0,0],"post":[17.37,0,0],"lerp_mode":"catmullrom"},"4.0":{"post":[5,0,0],"lerp_mode":"catmullrom"}},"position":{"0.0":{"post":[0,5,0],"lerp_mode":"catmullrom"},"0.5417":{"post":[0,3.875,-2.625],"lerp_mode":"catmullrom"},"0.875":[0,-0.05,-3.6],"1.0":[0,-3.92,-3],"1.0417":[0,-3.24,-2.88],"1.0833":[0,-3.51,-2.75],"1.125":[0,-3.04,-2.63],"1.1667":[0,-3.2,-2.5],"1.5":[0,-1.77,-1.5],"2.0":[0,-0.47,0],"2.5":[0,0.23,1.5],"3.0":[0,0,3],"4.0":{"pre":[0,5,0],"post":[0,5,0],"lerp_mode":"catmullrom"}}},"back_right_feet":{"rotation":{"0.0":[22.92,0,0],"0.125":[25,0,0],"0.5":{"pre":[24.53,0,0],"post":[24.53,0,0],"lerp_mode":"catmullrom"},"0.875":[0,0,0],"1.0":[20,0,0],"2.0":[10,0,0],"2.5":[5,0,0],"3.0":[0,0,0],"3.375":[12.5,0,0],"4.0":[22.92,0,0]}},"back_right_claw":{"rotation":{"0.0":[0,0,0],"0.5":[0,0,0],"1.0":[0,0,0],"2.0":[-10,0,0],"2.5":[-15,0,0],"3.0":[-20,0,0],"3.25":[0,0,0],"4.0":[0,0,0]}},"back_right_claw2":{"rotation":{"0.0":[0,0,0],"0.5":[0,0,0],"1.0":[0,0,0],"2.0":[-10,0,0],"2.5":[-15,0,0],"3.0":[-20,0,0],"3.25":[0,0,0],"4.0":[0,0,0]}},"back_right_claw3":{"rotation":{"0.0":[0,0,0],"0.5":[0,0,0],"1.0":[0,0,0],"2.0":[-10,0,0],"2.5":[-15,0,0],"3.0":[-20,0,0],"3.25":[0,0,0],"4.0":[0,0,0]}},"back_left_leg":{"rotation":{"0.0":[0,0,0],"0.5":[10,0,0],"1.0":[20,0,0],"1.4583":{"pre":[17.37,0,0],"post":[17.37,0,0],"lerp_mode":"catmullrom"},"2.0":{"post":[5,0,0],"lerp_mode":"catmullrom"},"3.0":[-20,0,0],"4.0":[0,0,0]},"position":{"0.0":[0,-0.47,0],"0.5":[0,0.23,1.5],"1.0":[0,0,3],"2.0":{"pre":[0,5,0],"post":[0,5,0],"lerp_mode":"catmullrom"},"2.5417":{"post":[0,3.875,-2.625],"lerp_mode":"catmullrom"},"2.875":[0,-0.05,-3.6],"3.0":[0,-3.92,-3],"3.0417":[0,-3.24,-2.88],"3.0833":[0,-3.51,-2.75],"3.125":[0,-3.04,-2.63],"3.1667":[0,-3.2,-2.5],"3.5":[0,-1.77,-1.5],"4.0":[0,-0.47,0]}},"back_left_feet":{"rotation":{"0.0":[10,0,0],"0.5":[5,0,0],"1.0":[0,0,0],"1.375":[12.5,0,0],"2.0":[22.92,0,0],"2.125":[25,0,0],"2.5":{"pre":[24.53,0,0],"post":[24.53,0,0],"lerp_mode":"catmullrom"},"2.875":[0,0,0],"3.0":[20,0,0],"4.0":[10,0,0]}},"back_left_claw":{"rotation":{"0.0":[-10,0,0],"0.5":[-15,0,0],"1.0":[-20,0,0],"1.25":[0,0,0],"2.0":[0,0,0],"2.5":[0,0,0],"3.0":[0,0,0],"4.0":[-10,0,0]}},"back_left_claw2":{"rotation":{"0.0":[-10,0,0],"0.5":[-15,0,0],"1.0":[-20,0,0],"1.25":[0,0,0],"2.0":[0,0,0],"2.5":[0,0,0],"3.0":[0,0,0],"4.0":[-10,0,0]}},"back_left_claw3":{"rotation":{"0.0":[-10,0,0],"0.5":[-15,0,0],"1.0":[-20,0,0],"1.25":[0,0,0],"2.0":[0,0,0],"2.5":[0,0,0],"3.0":[0,0,0],"4.0":[-10,0,0]}},"middle_left_leg":{"rotation":{"0.0":[10,0,0],"0.5":[20,0,0],"0.9583":{"pre":[17.37,0,0],"post":[17.37,0,0],"lerp_mode":"catmullrom"},"1.5":{"post":[5,0,0],"lerp_mode":"catmullrom"},"2.0":{"post":[-7.5,0,0],"lerp_mode":"catmullrom"},"2.5":[-20,0,0],"4.0":[10,0,0]},"position":{"0.0":[0,0.23,1.5],"0.5":[0,0,3],"1.5":{"pre":[0,5,0],"post":[0,5,0],"lerp_mode":"catmullrom"},"2.0":{"post":[0,3.96,-2.42],"lerp_mode":"catmullrom"},"2.0417":{"post":[0,3.875,-2.625],"lerp_mode":"catmullrom"},"2.375":[0,-0.05,-3.6],"2.5":[0,-3.92,-3],"2.5417":[0,-3.24,-2.88],"2.5833":[0,-3.51,-2.75],"2.625":[0,-3.04,-2.63],"2.6667":[0,-3.2,-2.5],"3.0":[0,-1.77,-1.5],"3.5":[0,-0.47,0],"4.0":[0,0.23,1.5]}},"middle_left_feet":{"rotation":{"0.0":[5,0,0],"0.5":[0,0,0],"0.875":{"pre":[12.5,0,0],"post":[12.5,0,0],"lerp_mode":"catmullrom"},"1.625":{"post":[25,0,0],"lerp_mode":"catmullrom"},"2.0":{"post":[24.53,0,0],"lerp_mode":"catmullrom"},"2.375":[0,0,0],"2.5":[20,0,0],"4.0":[5,0,0]}},"middle_left_claw":{"rotation":{"0.0":[-15,0,0],"0.5":[-20,0,0],"0.75":[0,0,0],"2.0":[0,0,0],"2.5":[0,0,0],"4.0":[-15,0,0]}},"middle_left_claw2":{"rotation":{"0.0":[-15,0,0],"0.5":[-20,0,0],"0.75":[0,0,0],"2.0":[0,0,0],"2.5":[0,0,0],"4.0":[-15,0,0]}},"middle_left_claw3":{"rotation":{"0.0":[-15,0,0],"0.5":[-20,0,0],"0.75":[0,0,0],"2.0":[0,0,0],"2.5":[0,0,0],"4.0":[-15,0,0]}}}},"animation.giratina.physical":{"animation_length":3,"bones":{"torso":{"rotation":{"0.0":{"post":[10,0,0],"lerp_mode":"catmullrom"},"0.2917":{"post":[9,0,0],"lerp_mode":"catmullrom"},"0.625":{"post":[15,0,0],"lerp_mode":"catmullrom"},"0.875":{"post":[-2.5,0,0],"lerp_mode":"catmullrom"},"1.1667":[-3.5,0,0],"1.25":[12.5,0,0],"1.3333":{"pre":[17.5,0,0],"post":[17.5,0,0],"lerp_mode":"catmullrom"},"1.875":{"post":[17.5,0,0],"lerp_mode":"catmullrom"},"2.5":{"post":[10,0,0],"lerp_mode":"catmullrom"},"3.0":{"post":[10,0,0],"lerp_mode":"catmullrom"}},"position":{"0.0":{"post":[0,0,0],"lerp_mode":"catmullrom"},"0.2083":{"post":[0,0.5,0],"lerp_mode":"catmullrom"},"0.4167":{"post":[0,-0.5,0],"lerp_mode":"catmullrom"},"0.7917":{"post":[0,4.5,0],"lerp_mode":"catmullrom"},"1.125":[0,4.5,0],"1.2083":[0,-2.5,0],"2.125":{"pre":[0,-2.5,0],"post":[0,-2.5,0],"lerp_mode":"catmullrom"},"2.5":{"post":[0,0,0],"lerp_mode":"catmullrom"},"3.0":{"post":[0,0,0],"lerp_mode":"catmullrom"}}},"neck2":{"rotation":{"0.0":{"post":[5,0,0],"lerp_mode":"catmullrom"},"0.2917":{"post":[2.5,0,0],"lerp_mode":"catmullrom"},"0.5":{"post":[10,0,0],"lerp_mode":"catmullrom"},"0.6667":{"post":[10,0,0],"lerp_mode":"catmullrom"},"0.9167":{"post":[-10,0,0],"lerp_mode":"catmullrom"},"1.1667":{"post":[-15,0,0],"lerp_mode":"catmullrom"},"1.25":{"post":[22.5,0,0],"lerp_mode":"catmullrom"},"2.0":{"post":[17.5,0,0],"lerp_mode":"catmullrom"},"2.625":{"post":[5,0,0],"lerp_mode":"catmullrom"},"3.0":{"post":[5,0,0],"lerp_mode":"catmullrom"}}},"neck":{"rotation":{"0.0":[5,0,0],"0.5833":{"pre":[12.5,0,0],"post":[12.5,0,0],"lerp_mode":"catmullrom"},"1.1667":{"post":[-10,0,0],"lerp_mode":"catmullrom"},"1.25":{"post":[-5,0,0],"lerp_mode":"catmullrom"},"1.875":{"post":[-2.5,0,0],"lerp_mode":"catmullrom"},"2.4167":{"post":[5,0,0],"lerp_mode":"catmullrom"},"3.0":{"post":[5,0,0],"lerp_mode":"catmullrom"}}},"head":{"rotation":{"0.0":{"post":[-17.5,0,0],"lerp_mode":"catmullrom"},"0.3333":{"post":[-17.5,0,0],"lerp_mode":"catmullrom"},"0.625":{"post":[-5,0,0],"lerp_mode":"catmullrom"},"1.1667":{"post":[-20,0,0],"lerp_mode":"catmullrom"},"1.25":{"post":[5,0,0],"lerp_mode":"catmullrom"},"2.0":{"post":[7.5,0,0],"lerp_mode":"catmullrom"},"2.5":{"post":[-17.5,0,0],"lerp_mode":"catmullrom"},"3.0":{"post":[-17.5,0,0],"lerp_mode":"catmullrom"}}},"right_wing":{"rotation":{"0.0":[10,-90,-10],"0.2083":{"pre":[0,-87.5,0],"post":[0,-87.5,0],"lerp_mode":"catmullrom"},"0.4583":{"post":[0,-67.5,0],"lerp_mode":"catmullrom"},"0.6667":{"post":[0,-102.5,0],"lerp_mode":"catmullrom"},"1.1667":{"post":[0,-62.5,0],"lerp_mode":"catmullrom"},"1.25":{"post":[0,-70,0],"lerp_mode":"catmullrom"},"1.2917":[10,-90,-10],"1.5417":{"pre":[0,-97.5,0],"post":[0,-97.5,0],"lerp_mode":"catmullrom"},"2.25":{"post":[0,-97.5,0],"lerp_mode":"catmullrom"},"2.5":{"post":[10,-90,-10],"lerp_mode":"catmullrom"},"3.0":{"post":[10,-90,-10],"lerp_mode":"catmullrom"}}},"right_wing2":{"rotation":{"0.0":[0,-32.5,0],"0.25":{"pre":[0,-21.91,0],"post":[0,-21.91,0],"lerp_mode":"catmullrom"},"0.4583":{"post":[0,-17.5,0],"lerp_mode":"catmullrom"},"0.7083":{"post":[0,-20,0],"lerp_mode":"catmullrom"},"1.1667":{"post":[0,0,0],"lerp_mode":"catmullrom"},"1.375":{"post":[0,-20,0],"lerp_mode":"catmullrom"},"2.25":{"post":[0,-32.5,0],"lerp_mode":"catmullrom"},"3.0":{"post":[0,-32.5,0],"lerp_mode":"catmullrom"}}},"right_wing3":{"rotation":{"0.0":{"post":[0,-22.5,0],"lerp_mode":"catmullrom"},"0.125":{"post":[0,-30,0],"lerp_mode":"catmullrom"},"0.4583":{"post":[0,-22.5,0],"lerp_mode":"catmullrom"},"0.625":{"post":[0,-10,0],"lerp_mode":"catmullrom"},"0.7083":{"post":[0,-27.5,0],"lerp_mode":"catmullrom"},"1.1667":{"post":[0,0,0],"lerp_mode":"catmullrom"},"1.3333":{"post":[0,-35,0],"lerp_mode":"catmullrom"},"1.875":{"post":[0,-35,0],"lerp_mode":"catmullrom"},"2.25":{"post":[0,-22.5,0],"lerp_mode":"catmullrom"},"3.0":{"post":[0,-22.5,0],"lerp_mode":"catmullrom"}}},"right_wing4":{"rotation":{"0.0":{"post":[0,-2.5,0],"lerp_mode":"catmullrom"},"0.3333":{"post":[0,-32.5,0],"lerp_mode":"catmullrom"},"0.5833":{"post":[0,0,0],"lerp_mode":"catmullrom"},"0.8333":{"post":[0,-22.5,0],"lerp_mode":"catmullrom"},"1.1667":{"post":[0,0,0],"lerp_mode":"catmullrom"},"1.2917":{"post":[0,35,0],"lerp_mode":"catmullrom"},"1.5417":{"post":[0,0.75,0],"lerp_mode":"catmullrom"},"1.875":{"post":[0,-21.06,0],"lerp_mode":"catmullrom"},"2.125":{"post":[0,-20.64,0],"lerp_mode":"catmullrom"},"2.375":{"post":[0,-2.5,0],"lerp_mode":"catmullrom"},"3.0":{"post":[0,-2.5,0],"lerp_mode":"catmullrom"}}},"left_wing":{"rotation":{"0.0":[10,90,10],"0.2083":{"pre":[0,87.5,0],"post":[0,87.5,0],"lerp_mode":"catmullrom"},"0.4583":{"post":[0,67.5,0],"lerp_mode":"catmullrom"},"0.6667":{"post":[0,102.5,0],"lerp_mode":"catmullrom"},"1.1667":{"post":[0,62.5,0],"lerp_mode":"catmullrom"},"1.25":{"post":[0,70,0],"lerp_mode":"catmullrom"},"1.2917":[10,90,10],"1.5417":{"pre":[0,97.5,0],"post":[0,97.5,0],"lerp_mode":"catmullrom"},"2.25":{"post":[0,97.5,0],"lerp_mode":"catmullrom"},"2.5":{"post":[10,90,10],"lerp_mode":"catmullrom"},"3.0":{"post":[10,90,10],"lerp_mode":"catmullrom"}}},"left_wing2":{"rotation":{"0.0":[0,32.5,0],"0.25":{"pre":[0,21.91,0],"post":[0,21.91,0],"lerp_mode":"catmullrom"},"0.4583":{"post":[0,17.5,0],"lerp_mode":"catmullrom"},"0.7083":{"post":[0,20,0],"lerp_mode":"catmullrom"},"1.1667":{"post":[0,0,0],"lerp_mode":"catmullrom"},"1.375":{"post":[0,20,0],"lerp_mode":"catmullrom"},"2.25":{"post":[0,32.5,0],"lerp_mode":"catmullrom"},"3.0":{"post":[0,32.5,0],"lerp_mode":"catmullrom"}}},"left_wing3":{"rotation":{"0.0":{"post":[0,22.5,0],"lerp_mode":"catmullrom"},"0.125":{"post":[0,30,0],"lerp_mode":"catmullrom"},"0.4583":{"post":[0,22.5,0],"lerp_mode":"catmullrom"},"0.625":{"post":[0,10,0],"lerp_mode":"catmullrom"},"0.7083":{"post":[0,27.5,0],"lerp_mode":"catmullrom"},"1.1667":{"post":[0,0,0],"lerp_mode":"catmullrom"},"1.3333":{"post":[0,35,0],"lerp_mode":"catmullrom"},"1.875":{"post":[0,35,0],"lerp_mode":"catmullrom"},"2.25":{"post":[0,22.5,0],"lerp_mode":"catmullrom"},"3.0":{"post":[0,22.5,0],"lerp_mode":"catmullrom"}}},"left_wing4":{"rotation":{"0.0":{"post":[0,2.5,0],"lerp_mode":"catmullrom"},"0.3333":{"post":[0,32.5,0],"lerp_mode":"catmullrom"},"0.5833":{"post":[0,0,0],"lerp_mode":"catmullrom"},"0.8333":{"post":[0,22.5,0],"lerp_mode":"catmullrom"},"1.1667":{"post":[0,0,0],"lerp_mode":"catmullrom"},"1.2917":{"post":[0,-35,0],"lerp_mode":"catmullrom"},"1.5417":{"post":[0,-0.75,0],"lerp_mode":"catmullrom"},"1.875":{"post":[0,21.06,0],"lerp_mode":"catmullrom"},"2.125":{"post":[0,20.64,0],"lerp_mode":"catmullrom"},"2.375":{"post":[0,2.5,0],"lerp_mode":"catmullrom"},"3.0":{"post":[0,2.5,0],"lerp_mode":"catmullrom"}}},"tail":{"rotation":{"0.0":[0,0,0],"0.5833":{"pre":[0,0,0],"post":[0,0,0],"lerp_mode":"catmullrom"},"0.7917":{"post":[25,0,0],"lerp_mode":"catmullrom"},"1.1667":{"post":[12.5,0,0],"lerp_mode":"catmullrom"},"1.3333":{"post":[32.5,0,0],"lerp_mode":"catmullrom"},"1.875":{"post":[32.5,0,0],"lerp_mode":"catmullrom"},"2.375":{"post":[0,0,0],"lerp_mode":"catmullrom"},"3.0":[0,0,0]}},"tail2":{"rotation":{"0.0":[5,0,0],"0.375":{"pre":[0,0,0],"post":[0,0,0],"lerp_mode":"catmullrom"},"0.75":{"post":[12.5,0,0],"lerp_mode":"catmullrom"},"1.125":{"post":[0,0,0],"lerp_mode":"catmullrom"},"1.25":{"post":[-6.76,0,0],"lerp_mode":"catmullrom"},"1.375":{"post":[22.5,0,0],"lerp_mode":"catmullrom"},"1.75":{"post":[22.5,0,0],"lerp_mode":"catmullrom"},"2.3333":{"post":[5,0,0],"lerp_mode":"catmullrom"},"3.0":{"post":[5,0,0],"lerp_mode":"catmullrom"}},"position":{"0.0":[0,0,0],"1.125":[0,0,0],"1.375":[0,0,-1.75],"1.75":[0,0,-1.75],"2.3333":[0,0,0]}},"tail3":{"rotation":{"0.0":[7.5,0,0],"0.25":{"pre":[15,0,0],"post":[15,0,0],"lerp_mode":"catmullrom"},"0.4583":{"post":[0,0,0],"lerp_mode":"catmullrom"},"0.75":{"post":[20,0,0],"lerp_mode":"catmullrom"},"1.1667":{"post":[11.52,0,0],"lerp_mode":"catmullrom"},"1.2917":{"post":[-10,0,0],"lerp_mode":"catmullrom"},"1.5":{"post":[7.5,0,0],"lerp_mode":"catmullrom"},"1.7917":{"post":[17.5,0,0],"lerp_mode":"catmullrom"},"2.0417":{"post":[22.5,0,0],"lerp_mode":"catmullrom"},"2.4583":{"post":[7.5,0,0],"lerp_mode":"catmullrom"},"3.0":[7.5,0,0]}},"tail4":{"rotation":{"0.0":[10,0,0],"1.25":[10,0,0],"1.6667":{"pre":[30,0,0],"post":[30,0,0],"lerp_mode":"catmullrom"},"2.1667":{"post":[37.5,0,0],"lerp_mode":"catmullrom"},"2.5833":{"post":[10,0,0],"lerp_mode":"catmullrom"},"3.0":[10,0,0]}},"tail5":{"rotation":[12.5,0,0]},"front_right_leg":{"rotation":{"0.0":[-10,20,0],"0.25":[-10,20,0],"0.5417":[-15,20,0],"0.7083":{"pre":[-7.5,20,0],"post":[-7.5,20,0],"lerp_mode":"catmullrom"},"1.0":{"post":[-32.5,20,10],"lerp_mode":"catmullrom"},"1.1667":{"post":[-32.5,20,10],"lerp_mode":"catmullrom"},"1.25":[-10,20,0]},"position":{"0.0":[0,-1.675,0],"0.25":[0,-1.67,0],"0.5417":[0.35,-2.62,1.1],"0.75":{"pre":[0,0.63,-3.81],"post":[0,0.63,-3.81],"lerp_mode":"catmullrom"},"1.0":{"post":[0,7.38,0],"lerp_mode":"catmullrom"},"1.1667":{"post":[0,7.38,0],"lerp_mode":"catmullrom"},"1.25":[0,-1.675,0]}},"front_right_feet":{"rotation":{"0.0":[10,0,0],"0.25":[10,0,0],"0.5417":[15,0,0],"0.625":[19.17,0,0],"0.8333":[20,0,0],"1.25":[10,0,0]}},"front_left_leg":{"rotation":{"0.0":[-10,-20,0],"0.25":[-10,-20,0],"0.5417":[-15,-20,0],"0.7083":{"pre":[-7.5,-20,0],"post":[-7.5,-20,0],"lerp_mode":"catmullrom"},"1.0":{"post":[-32.5,-20,-10],"lerp_mode":"catmullrom"},"1.1667":{"post":[-32.5,-20,-10],"lerp_mode":"catmullrom"},"1.25":[-10,-20,0]},"position":{"0.0":[0,-1.675,0],"0.25":[0,-1.67,0],"0.5417":[-0.35,-2.62,1.1],"0.75":{"pre":[0,0.63,-3.81],"post":[0,0.63,-3.81],"lerp_mode":"catmullrom"},"1.0":{"post":[0,7.38,0],"lerp_mode":"catmullrom"},"1.1667":{"post":[0,7.38,0],"lerp_mode":"catmullrom"},"1.25":[0,-1.675,0]}},"front_left_feet":{"rotation":{"0.0":[10,0,0],"0.25":[10,0,0],"0.5417":[15,0,0],"0.625":[19.17,0,0],"0.8333":[20,0,0],"1.25":[10,0,0]}},"middle_right_leg":{"rotation":[-10,20,0],"position":[0,-1.675,0]},"middle_right_feet":{"rotation":[10,0,0]},"back_right_leg":{"rotation":[-10,15,0],"position":[0,-2.075,0]},"back_right_feet":{"rotation":[20,0,0]},"back_right_claw":{"rotation":[-10,0,0]},"back_right_claw2":{"rotation":[-10,0,0]},"back_right_claw3":{"rotation":[-10,0,0]},"back_left_leg":{"rotation":[-10,-15,0],"position":[0,-2.075,0]},"back_left_feet":{"rotation":[20,0,0]},"back_left_claw":{"rotation":[-10,0,0]},"back_left_claw2":{"rotation":[-10,0,0]},"back_left_claw3":{"rotation":[-10,0,0]},"middle_left_leg":{"rotation":[-10,-20,0],"position":[0,-1.675,0]},"middle_left_feet":{"rotation":[10,0,0]},"body":{"position":{"0.0":[0,0,0],"1.2083":[0,0,0],"1.25":[0,-1,0],"1.2917":[0,1,0],"1.3333":[0,-0.75,0],"1.375":[0,0.75,0],"1.4167":[0,-0.5,0],"1.4583":[0,0.25,0],"1.5":[0,0,0]},"scale":{"0.0":[1,1,1],"1.2917":[1,1,1],"1.3333":[0.975,0.975,0.975],"1.375":[1.025,1.025,1.025],"1.4167":[0.975,0.975,0.975],"1.4583":[1.025,1.025,1.025],"1.5417":[1,1,1]}},"neck_end":{"rotation":{"0.0":[0,0,0],"1.1667":[0,0,0],"1.25":{"pre":[5,0,0],"post":[5,0,0],"lerp_mode":"catmullrom"},"1.875":{"post":[7.5,0,0],"lerp_mode":"catmullrom"},"2.5":{"post":[0,0,0],"lerp_mode":"catmullrom"},"3.0":[0,0,0]}},"jaw":{"rotation":{"0.7083":[0,0,0],"0.875":[30,0,0],"1.1667":[30,0,0],"1.25":[0,0,0]}}}},"animation.giratina.special":{"animation_length":3,"bones":{"torso":{"rotation":{"0.0":{"post":[10,0,0],"lerp_mode":"catmullrom"},"0.375":{"post":[12.5,0,0],"lerp_mode":"catmullrom"},"0.6667":{"post":[12.5,0,0],"lerp_mode":"catmullrom"},"0.9167":{"post":[5,0,0],"lerp_mode":"catmullrom"},"1.1667":{"post":[5,0,0],"lerp_mode":"catmullrom"},"1.25":{"post":[20,0,0],"lerp_mode":"catmullrom"},"1.5833":{"post":[25,0,0],"lerp_mode":"catmullrom"},"2.0":{"post":[20,0,0],"lerp_mode":"catmullrom"},"2.375":{"post":[10,0,0],"lerp_mode":"catmullrom"},"3.0":{"post":[10,0,0],"lerp_mode":"catmullrom"}},"position":{"0.0":{"post":[0,0,0],"lerp_mode":"catmullrom"},"0.3333":{"post":[0,0,0],"lerp_mode":"catmullrom"},"0.7083":{"post":[0,0,3],"lerp_mode":"catmullrom"},"1.125":{"post":[0,0,0],"lerp_mode":"catmullrom"},"1.2917":{"post":[0,0,-3],"lerp_mode":"catmullrom"},"1.875":{"post":[0,0,-3],"lerp_mode":"catmullrom"},"2.2917":{"post":[0,0,0],"lerp_mode":"catmullrom"},"2.875":{"post":[0,0,0],"lerp_mode":"catmullrom"}}},"neck2":{"rotation":[5,0,0]},"neck":{"rotation":[5,0,0]},"head":{"rotation":[-17.5,0,0]},"right_wing":{"rotation":{"0.0":{"post":[10,-90,-10],"lerp_mode":"catmullrom"},"0.4167":{"post":[0,-92.5,0],"lerp_mode":"catmullrom"},"0.7917":{"post":[0,-100,0],"lerp_mode":"catmullrom"},"1.0":{"post":[0,-75,0],"lerp_mode":"catmullrom"},"1.2083":{"post":[0,-75,0],"lerp_mode":"catmullrom"},"1.2917":{"post":[0,-110,0],"lerp_mode":"catmullrom"},"2.0":{"post":[0,-112.5,0],"lerp_mode":"catmullrom"},"2.4167":{"post":[10,-90,-10],"lerp_mode":"catmullrom"},"3.0":{"post":[10,-90,-10],"lerp_mode":"catmullrom"}}},"right_wing2":{"rotation":{"0.0":[0,-32.5,0],"0.5":{"pre":[0,-32.5,0],"post":[0,-32.5,0],"lerp_mode":"catmullrom"},"0.7083":{"post":[0,-37.5,0],"lerp_mode":"catmullrom"},"0.875":{"post":[0,-47.5,0],"lerp_mode":"catmullrom"},"1.1667":{"post":[0,-30,0],"lerp_mode":"catmullrom"},"1.2917":{"post":[0,-32.5,0],"lerp_mode":"catmullrom"},"1.875":{"post":[0,-37.5,0],"lerp_mode":"catmullrom"},"2.125":{"post":[0,-37.5,0],"lerp_mode":"catmullrom"},"2.3333":{"post":[0,-12.5,0],"lerp_mode":"catmullrom"},"2.6667":{"post":[0,-32.5,0],"lerp_mode":"catmullrom"},"3.0":{"post":[0,-32.5,0],"lerp_mode":"catmullrom"}},"scale":{"2.25":[1,1,1],"2.375":{"pre":[1,0.9,1.2],"post":[1,0.9,1.2],"lerp_mode":"catmullrom"},"2.625":{"post":[1,0.9,1.2],"lerp_mode":"catmullrom"},"2.7917":{"post":[1,1,1],"lerp_mode":"catmullrom"},"3.0":{"post":[1,1,1],"lerp_mode":"catmullrom"}}},"right_wing3":{"rotation":{"0.0":[0,-22.5,0],"0.4583":{"pre":[0,-22.5,0],"post":[0,-22.5,0],"lerp_mode":"catmullrom"},"0.8333":{"post":[0,-37.5,0],"lerp_mode":"catmullrom"},"0.9583":{"post":[0,-37.19,0],"lerp_mode":"catmullrom"},"1.0833":{"post":[0,-25,0],"lerp_mode":"catmullrom"},"1.2083":{"post":[0,-2.5,0],"lerp_mode":"catmullrom"},"1.3333":{"post":[0,-30,0],"lerp_mode":"catmullrom"},"2.0833":{"post":[0,-27.5,0],"lerp_mode":"catmullrom"},"2.5":{"post":[0,-22.5,0],"lerp_mode":"catmullrom"},"3.0":[0,-22.5,0]}},"right_wing4":{"rotation":{"0.0":{"post":[0,-2.5,0],"lerp_mode":"catmullrom"},"0.375":{"post":[0,-2.5,0],"lerp_mode":"catmullrom"},"0.5833":{"post":[0,12.5,0],"lerp_mode":"catmullrom"},"0.75":{"post":[0,25,0],"lerp_mode":"catmullrom"},"0.9167":{"post":[0,-5,0],"lerp_mode":"catmullrom"},"1.0833":{"post":[0,-22.5,0],"lerp_mode":"catmullrom"},"1.1667":{"post":[0,0,0],"lerp_mode":"catmullrom"},"1.25":{"post":[0,30,0],"lerp_mode":"catmullrom"},"1.375":{"post":[0,-7.5,0],"lerp_mode":"catmullrom"},"1.625":{"post":[0,-22.5,0],"lerp_mode":"catmullrom"},"2.0833":{"post":[0,-22.5,0],"lerp_mode":"catmullrom"},"2.25":{"post":[0,-42.5,0],"lerp_mode":"catmullrom"},"2.5833":{"post":[0,-2.5,0],"lerp_mode":"catmullrom"},"3.0":{"post":[0,-2.5,0],"lerp_mode":"catmullrom"}}},"left_wing":{"rotation":{"0.0":{"post":[10,90,10],"lerp_mode":"catmullrom"},"0.4167":{"post":[0,92.5,0],"lerp_mode":"catmullrom"},"0.7917":{"post":[0,100,0],"lerp_mode":"catmullrom"},"1.0":{"post":[0,75,0],"lerp_mode":"catmullrom"},"1.2083":{"post":[0,75,0],"lerp_mode":"catmullrom"},"1.2917":{"post":[0,110,0],"lerp_mode":"catmullrom"},"2.0":{"post":[0,112.5,0],"lerp_mode":"catmullrom"},"2.4167":{"post":[10,90,10],"lerp_mode":"catmullrom"},"3.0":{"post":[10,90,10],"lerp_mode":"catmullrom"}}},"left_wing2":{"rotation":{"0.0":[0,32.5,0],"0.5":{"pre":[0,32.5,0],"post":[0,32.5,0],"lerp_mode":"catmullrom"},"0.7083":{"post":[0,37.5,0],"lerp_mode":"catmullrom"},"0.875":{"post":[0,47.5,0],"lerp_mode":"catmullrom"},"1.1667":{"post":[0,30,0],"lerp_mode":"catmullrom"},"1.2917":{"post":[0,32.5,0],"lerp_mode":"catmullrom"},"1.875":{"post":[0,37.5,0],"lerp_mode":"catmullrom"},"2.125":{"post":[0,37.5,0],"lerp_mode":"catmullrom"},"2.3333":{"post":[0,12.5,0],"lerp_mode":"catmullrom"},"2.6667":{"post":[0,32.5,0],"lerp_mode":"catmullrom"},"3.0":{"post":[0,32.5,0],"lerp_mode":"catmullrom"}},"scale":{"2.25":[1,1,1],"2.375":{"pre":[1,0.9,1.2],"post":[1,0.9,1.2],"lerp_mode":"catmullrom"},"2.625":{"post":[1,0.9,1.2],"lerp_mode":"catmullrom"},"2.7917":{"post":[1,1,1],"lerp_mode":"catmullrom"},"3.0":{"post":[1,1,1],"lerp_mode":"catmullrom"}}},"left_wing3":{"rotation":{"0.0":[0,22.5,0],"0.4583":{"pre":[0,22.5,0],"post":[0,22.5,0],"lerp_mode":"catmullrom"},"0.8333":{"post":[0,37.5,0],"lerp_mode":"catmullrom"},"0.9583":{"post":[0,37.19,0],"lerp_mode":"catmullrom"},"1.0833":{"post":[0,25,0],"lerp_mode":"catmullrom"},"1.2083":{"post":[0,2.5,0],"lerp_mode":"catmullrom"},"1.3333":{"post":[0,30,0],"lerp_mode":"catmullrom"},"2.0833":{"post":[0,27.5,0],"lerp_mode":"catmullrom"},"2.5":{"post":[0,22.5,0],"lerp_mode":"catmullrom"},"3.0":[0,22.5,0]}},"left_wing4":{"rotation":{"0.0":{"post":[0,2.5,0],"lerp_mode":"catmullrom"},"0.375":{"post":[0,2.5,0],"lerp_mode":"catmullrom"},"0.5833":{"post":[0,-12.5,0],"lerp_mode":"catmullrom"},"0.75":{"post":[0,-25,0],"lerp_mode":"catmullrom"},"0.9167":{"post":[0,5,0],"lerp_mode":"catmullrom"},"1.0833":{"post":[0,22.5,0],"lerp_mode":"catmullrom"},"1.1667":{"post":[0,0,0],"lerp_mode":"catmullrom"},"1.25":{"post":[0,-30,0],"lerp_mode":"catmullrom"},"1.375":{"post":[0,7.5,0],"lerp_mode":"catmullrom"},"1.625":{"post":[0,22.5,0],"lerp_mode":"catmullrom"},"2.0833":{"post":[0,22.5,0],"lerp_mode":"catmullrom"},"2.25":{"post":[0,42.5,0],"lerp_mode":"catmullrom"},"2.5833":{"post":[0,2.5,0],"lerp_mode":"catmullrom"},"3.0":{"post":[0,2.5,0],"lerp_mode":"catmullrom"}}},"tail":{"rotation":{"0.0":[0,0,0],"1.1667":{"pre":[12.5,0,0],"post":[12.5,0,0],"lerp_mode":"catmullrom"},"1.3333":{"post":[32.5,0,0],"lerp_mode":"catmullrom"},"1.875":{"post":[32.5,0,0],"lerp_mode":"catmullrom"},"2.375":{"post":[0,0,0],"lerp_mode":"catmullrom"},"3.0":[0,0,0]}},"tail2":{"rotation":{"0.0":[5,0,0],"1.25":{"pre":[-6.76,0,0],"post":[-6.76,0,0],"lerp_mode":"catmullrom"},"1.375":{"post":[22.5,0,0],"lerp_mode":"catmullrom"},"1.75":{"post":[22.5,0,0],"lerp_mode":"catmullrom"},"2.3333":{"post":[5,0,0],"lerp_mode":"catmullrom"},"3.0":{"post":[5,0,0],"lerp_mode":"catmullrom"}},"position":{"0.0":[0,0,0],"1.25":[0,0,0],"1.375":[0,0,-1.75],"1.75":[0,0,-1.75],"2.3333":[0,0,0],"3.0":[0,0,0]}},"tail3":{"rotation":{"0.0":[7.5,0,0],"1.1667":{"pre":[11.52,0,0],"post":[11.52,0,0],"lerp_mode":"catmullrom"},"1.2917":{"post":[-10,0,0],"lerp_mode":"catmullrom"},"1.5":{"post":[7.5,0,0],"lerp_mode":"catmullrom"},"1.7917":{"post":[17.5,0,0],"lerp_mode":"catmullrom"},"2.0417":{"post":[22.5,0,0],"lerp_mode":"catmullrom"},"2.4583":{"post":[7.5,0,0],"lerp_mode":"catmullrom"},"3.0":[7.5,0,0]}},"tail4":{"rotation":{"0.0":[10,0,0],"1.25":[10,0,0],"1.6667":{"pre":[30,0,0],"post":[30,0,0],"lerp_mode":"catmullrom"},"2.1667":{"post":[37.5,0,0],"lerp_mode":"catmullrom"},"2.5833":{"post":[10,0,0],"lerp_mode":"catmullrom"},"3.0":[10,0,0]}},"tail5":{"rotation":[12.5,0,0]},"front_right_leg":{"rotation":[-10,20,0],"position":[0,-1.675,0]},"front_right_feet":{"rotation":[10,0,0]},"front_left_leg":{"rotation":{"0.0":[-10,-20,0],"0.3333":[-10,-20,0],"0.7083":[-20,-20,0],"0.875":{"pre":[-10,-20,0],"post":[-10,-20,0],"lerp_mode":"catmullrom"},"1.1667":[-20,-20,0],"1.75":[-20,-20,0],"2.0":[-10,-20,0]},"position":{"0.0":[0,-1.675,0],"0.3333":[0,-1.67,0],"0.7083":[-0.7,-3.72,2.1],"0.875":{"pre":[0,0.325,0],"post":[0,0.325,0],"lerp_mode":"catmullrom"},"1.1667":{"post":[0,5.33,-1],"lerp_mode":"catmullrom"},"1.25":[-0.775,-3.7,-3],"1.75":[-0.75,-3.7,-3],"1.875":{"pre":[-0.35,-1.84,-1.5],"post":[-0.35,-1.84,-1.5],"lerp_mode":"catmullrom"},"2.0":[0,-1.675,0]}},"front_left_feet":{"rotation":{"0.0":[10,0,0],"0.3333":[10,0,0],"0.7083":[20,0,0],"0.8333":[25,0,0],"1.1667":{"pre":[5.5,0,0],"post":[5.5,0,0],"lerp_mode":"catmullrom"},"1.25":[20,0,0],"1.75":[20,0,0],"1.875":{"pre":[26.67,0,0],"post":[26.67,0,0],"lerp_mode":"catmullrom"},"2.0":[10,0,0]}},"middle_right_leg":{"rotation":[-10,20,0],"position":[0,-1.675,0]},"middle_right_feet":{"rotation":[10,0,0]},"back_right_leg":{"rotation":[-10,15,0],"position":[0,-2.075,0]},"back_right_feet":{"rotation":[20,0,0]},"back_right_claw":{"rotation":[-10,0,0]},"back_right_claw2":{"rotation":[-10,0,0]},"back_right_claw3":{"rotation":[-10,0,0]},"back_left_leg":{"rotation":[-10,-15,0],"position":[0,-2.075,0]},"back_left_feet":{"rotation":[20,0,0]},"back_left_claw":{"rotation":[-10,0,0]},"back_left_claw2":{"rotation":[-10,0,0]},"back_left_claw3":{"rotation":[-10,0,0]},"middle_left_leg":{"rotation":[-10,-20,0],"position":[0,-1.675,0]},"middle_left_feet":{"rotation":[10,0,0]},"neck_end":{"rotation":[0,0,0]},"body":{"position":{"1.2083":[0,0,0],"1.25":[0,-1,0],"1.2917":[0,1,0],"1.3333":[0,-0.75,0],"1.375":[0,0.75,0],"1.4167":[0,-0.5,0],"1.4583":[0,0.25,0],"1.5":[0,0,0]}},"jaw":{"rotation":{"0.8333":{"pre":[0,0,0],"post":[0,0,0],"lerp_mode":"catmullrom"},"1.0417":{"post":[17.5,0,0],"lerp_mode":"catmullrom"},"1.2083":{"post":[22.5,0,0],"lerp_mode":"catmullrom"},"1.375":{"post":[0,0,0],"lerp_mode":"catmullrom"}}}}},"animation.giratina.status":{"animation_length":3,"bones":{"torso":{"rotation":{"0.0":[10,0,0],"0.5":{"pre":[10,0,0],"post":[10,0,0],"lerp_mode":"catmullrom"},"0.875":{"post":[0,0,0],"lerp_mode":"catmullrom"},"1.1667":[-2.5,0,0],"1.25":["15+math.cos(q.anim_time*90*64)",0,0],"1.875":[15,0,0],"2.25":{"pre":[15,0,0],"post":[15,0,0],"lerp_mode":"catmullrom"},"2.5417":{"post":[10,0,0],"lerp_mode":"catmullrom"},"3.0":{"post":[10,0,0],"lerp_mode":"catmullrom"}},"position":[0,0,0]},"neck2":{"rotation":{"0.0":[5,0,0],"0.3333":{"pre":[5,0,0],"post":[5,0,0],"lerp_mode":"catmullrom"},"0.625":{"post":[15,0,0],"lerp_mode":"catmullrom"},"0.8333":{"post":[17.5,0,0],"lerp_mode":"catmullrom"},"1.0417":{"post":[0,0,0],"lerp_mode":"catmullrom"},"1.1667":{"post":[-7.5,0,0],"lerp_mode":"catmullrom"},"1.2917":{"post":[10,0,0],"lerp_mode":"catmullrom"},"2.0":{"post":[10,0,0],"lerp_mode":"catmullrom"},"2.375":{"post":[5,0,0],"lerp_mode":"catmullrom"},"3.0":[5,0,0]}},"neck":{"rotation":{"0.0":[5,0,0],"0.3333":{"pre":[5,0,0],"post":[5,0,0],"lerp_mode":"catmullrom"},"0.625":{"post":[17.5,0,0],"lerp_mode":"catmullrom"},"0.9167":{"post":[-5,0,0],"lerp_mode":"catmullrom"},"1.1667":{"post":[-17.5,0,0],"lerp_mode":"catmullrom"},"1.2917":{"post":[10,0,0],"lerp_mode":"catmullrom"},"2.0":{"post":[10,0,0],"lerp_mode":"catmullrom"},"2.375":{"post":[5,0,0],"lerp_mode":"catmullrom"},"3.0":{"post":[5,0,0],"lerp_mode":"catmullrom"}}},"head":{"rotation":{"0.0":[-17.5,0,0],"0.5":[-17.5,0,0],"0.75":{"pre":[-2.5,0,0],"post":[-2.5,0,0],"lerp_mode":"catmullrom"},"0.9167":{"post":[1.21,0,0],"lerp_mode":"catmullrom"},"1.125":{"post":[-19.27,0,0],"lerp_mode":"catmullrom"},"1.25":[-17.5,0,0],"1.2917":{"pre":[-25,0,0],"post":[-25,0,0],"lerp_mode":"catmullrom"},"2.0":{"post":[-25,0,0],"lerp_mode":"catmullrom"},"2.375":{"post":[-17.5,0,0],"lerp_mode":"catmullrom"},"3.0":{"post":[-17.5,0,0],"lerp_mode":"catmullrom"}}},"right_wing":{"rotation":{"0.0":{"post":[10,-90,-10],"lerp_mode":"catmullrom"},"0.3333":{"post":[10,-90,-10],"lerp_mode":"catmullrom"},"0.5833":{"post":[90,-82.5,-90],"lerp_mode":"catmullrom"},"0.8333":{"post":[90,-82.5,-90],"lerp_mode":"catmullrom"},"1.1667":{"post":[-12.91139,-53.63897,15.05936],"lerp_mode":"catmullrom"},"1.3333":{"post":[117.31891,-62.11306,-116.19607],"lerp_mode":"catmullrom"},"2.0":{"post":[117.32,-62.11,-116.2],"lerp_mode":"catmullrom"},"2.375":{"post":[10,-90,-10],"lerp_mode":"catmullrom"},"3.0":{"post":[10,-90,-10],"lerp_mode":"catmullrom"}}},"right_wing2":{"rotation":{"0.0":[0,-32.5,0],"0.6667":[0,-32.5,0],"0.9167":{"pre":[0,-52.5,0],"post":[0,-52.5,0],"lerp_mode":"catmullrom"},"1.2083":{"post":[0,-20,0],"lerp_mode":"catmullrom"},"1.375":{"post":[0,-35,0],"lerp_mode":"catmullrom"},"2.0417":{"post":[0,-35,0],"lerp_mode":"catmullrom"},"2.2083":{"post":[0,-42.5,0],"lerp_mode":"catmullrom"},"2.4583":{"post":[0,-32.5,0],"lerp_mode":"catmullrom"},"3.0":{"post":[0,-32.5,0],"lerp_mode":"catmullrom"}}},"right_wing3":{"rotation":{"0.0":[0,-22.5,0],"0.75":{"pre":[0,-22.5,0],"post":[0,-22.5,0],"lerp_mode":"catmullrom"},"0.9583":{"post":[0,-35,0],"lerp_mode":"catmullrom"},"1.2083":{"post":[0,-20,0],"lerp_mode":"catmullrom"},"1.375":{"post":[0,-27.5,0],"lerp_mode":"catmullrom"},"2.0417":{"post":[0,-27.5,0],"lerp_mode":"catmullrom"},"2.3333":{"post":[0,-20,0],"lerp_mode":"catmullrom"},"2.5":{"post":[0,-22.5,0],"lerp_mode":"catmullrom"},"3.0":{"post":[0,-22.5,0],"lerp_mode":"catmullrom"}}},"right_wing4":{"rotation":{"0.0":[0,-2.5,0],"0.4583":[0,-2.5,0],"0.625":{"pre":[0,17.5,0],"post":[0,17.5,0],"lerp_mode":"catmullrom"},"0.8333":{"post":[0,35,0],"lerp_mode":"catmullrom"},"0.9583":{"post":[0,-20,0],"lerp_mode":"catmullrom"},"1.125":{"post":[0,-32.5,0],"lerp_mode":"catmullrom"},"1.2083":{"post":[0,-20,0],"lerp_mode":"catmullrom"},"1.25":{"post":[0,45,0],"lerp_mode":"catmullrom"},"1.4167":{"post":[0,-20,0],"lerp_mode":"catmullrom"},"2.0833":{"post":[0,-20,0],"lerp_mode":"catmullrom"},"2.375":{"post":[0,-2.5,0],"lerp_mode":"catmullrom"},"3.0":{"post":[0,-2.5,0],"lerp_mode":"catmullrom"}}},"left_wing":{"rotation":{"0.0":{"post":[10,90,10],"lerp_mode":"catmullrom"},"0.3333":{"post":[10,90,10],"lerp_mode":"catmullrom"},"0.5833":{"post":[90,82.5,90],"lerp_mode":"catmullrom"},"0.8333":{"post":[90,82.5,90],"lerp_mode":"catmullrom"},"1.1667":{"post":[-12.91139,53.63897,-15.05936],"lerp_mode":"catmullrom"},"1.3333":{"post":[117.31891,62.11306,116.19607],"lerp_mode":"catmullrom"},"2.0":{"post":[117.32,62.11,116.2],"lerp_mode":"catmullrom"},"2.375":{"post":[10,90,10],"lerp_mode":"catmullrom"},"3.0":{"post":[10,90,10],"lerp_mode":"catmullrom"}}},"left_wing2":{"rotation":{"0.0":[0,32.5,0],"0.6667":[0,32.5,0],"0.9167":{"pre":[0,52.5,0],"post":[0,52.5,0],"lerp_mode":"catmullrom"},"1.2083":{"post":[0,20,0],"lerp_mode":"catmullrom"},"1.375":{"post":[0,35,0],"lerp_mode":"catmullrom"},"2.0417":{"post":[0,35,0],"lerp_mode":"catmullrom"},"2.2083":{"post":[0,42.5,0],"lerp_mode":"catmullrom"},"2.4583":{"post":[0,32.5,0],"lerp_mode":"catmullrom"},"3.0":{"post":[0,32.5,0],"lerp_mode":"catmullrom"}}},"left_wing3":{"rotation":{"0.0":[0,22.5,0],"0.75":{"pre":[0,22.5,0],"post":[0,22.5,0],"lerp_mode":"catmullrom"},"0.9583":{"post":[0,35,0],"lerp_mode":"catmullrom"},"1.2083":{"post":[0,20,0],"lerp_mode":"catmullrom"},"1.375":{"post":[0,27.5,0],"lerp_mode":"catmullrom"},"2.0417":{"post":[0,27.5,0],"lerp_mode":"catmullrom"},"2.3333":{"post":[0,20,0],"lerp_mode":"catmullrom"},"2.5":{"post":[0,22.5,0],"lerp_mode":"catmullrom"},"3.0":{"post":[0,22.5,0],"lerp_mode":"catmullrom"}}},"left_wing4":{"rotation":{"0.0":[0,2.5,0],"0.4583":[0,2.5,0],"0.625":{"pre":[0,-17.5,0],"post":[0,-17.5,0],"lerp_mode":"catmullrom"},"0.8333":{"post":[0,-35,0],"lerp_mode":"catmullrom"},"0.9583":{"post":[0,20,0],"lerp_mode":"catmullrom"},"1.125":{"post":[0,32.5,0],"lerp_mode":"catmullrom"},"1.2083":{"post":[0,20,0],"lerp_mode":"catmullrom"},"1.25":{"post":[0,-45,0],"lerp_mode":"catmullrom"},"1.4167":{"post":[0,20,0],"lerp_mode":"catmullrom"},"2.0833":{"post":[0,20,0],"lerp_mode":"catmullrom"},"2.375":{"post":[0,2.5,0],"lerp_mode":"catmullrom"},"3.0":{"post":[0,2.5,0],"lerp_mode":"catmullrom"}}},"tail":{"rotation":[0,0,0]},"tail2":{"rotation":[5,0,0]},"tail3":{"rotation":[7.5,0,0]},"tail4":{"rotation":[10,0,0]},"tail5":{"rotation":[12.5,0,0]},"front_right_leg":{"rotation":[-10,20,0],"position":[0,-1.675,0]},"front_right_feet":{"rotation":[10,0,0]},"front_left_leg":{"rotation":[-10,-20,0],"position":[0,-1.675,0]},"front_left_feet":{"rotation":[10,0,0]},"middle_right_leg":{"rotation":[-10,20,0],"position":[0,-1.675,0]},"middle_right_feet":{"rotation":[10,0,0]},"back_right_leg":{"rotation":[-10,15,0],"position":[0,-2.075,0]},"back_right_feet":{"rotation":[20,0,0]},"back_right_claw":{"rotation":[-10,0,0]},"back_right_claw2":{"rotation":[-10,0,0]},"back_right_claw3":{"rotation":[-10,0,0]},"back_left_leg":{"rotation":[-10,-15,0],"position":[0,-2.075,0]},"back_left_feet":{"rotation":[20,0,0]},"back_left_claw":{"rotation":[-10,0,0]},"back_left_claw2":{"rotation":[-10,0,0]},"back_left_claw3":{"rotation":[-10,0,0]},"middle_left_leg":{"rotation":[-10,-20,0],"position":[0,-1.675,0]},"middle_left_feet":{"rotation":[10,0,0]},"neck_end":{"rotation":{"0.0":[0,0,0],"0.5":{"pre":[0,0,0],"post":[0,0,0],"lerp_mode":"catmullrom"},"0.75":{"post":[5,0,0],"lerp_mode":"catmullrom"},"0.9583":{"post":[12.5,0,0],"lerp_mode":"catmullrom"},"1.1667":{"post":[-15,0,0],"lerp_mode":"catmullrom"},"1.2917":{"post":[-10,0,0],"lerp_mode":"catmullrom"},"2.125":{"post":[-10,0,0],"lerp_mode":"catmullrom"},"2.375":{"post":[0,0,0],"lerp_mode":"catmullrom"},"3.0":{"post":[0,0,0],"lerp_mode":"catmullrom"}}},"jaw":{"rotation":{"1.1667":[0,0,0],"1.25":{"pre":[35,0,0],"post":[35,0,0],"lerp_mode":"catmullrom"},"2.0":{"post":[35,0,0],"lerp_mode":"catmullrom"},"2.3333":{"post":[0,0,0],"lerp_mode":"catmullrom"},"3.0":{"post":[0,0,0],"lerp_mode":"catmullrom"}}},"right_eyelid":{"position":{"0.4583":[0,0,0],"0.5":[-0.325,0,-0.675],"1.1667":[-0.32,0,-0.68],"1.2083":[0,0,0],"2.25":[0,0,0],"2.2917":[-0.32,0,-0.68],"2.4167":[-0.32,0,-0.68],"2.4583":[0,0,0]}},"left_eyelid":{"position":{"0.4583":[0,0,0],"0.5":[0.325,0,-0.675],"1.1667":[0.32,0,-0.68],"1.2083":[0,0,0],"2.25":[0,0,0],"2.2917":[0.32,0,-0.68],"2.4167":[0.32,0,-0.68],"2.4583":[0,0,0]}}}},"animation.giratina.air_idle":{"loop":true,"animation_length":8,"bones":{"torso":{"rotation":["math.cos(q.anim_time*90*1)*0.5","math.cos(q.anim_time*90*1)*0.5","math.cos(q.anim_time*90*1+30)*0.5"]},"neck2":{"rotation":["12.5-math.cos(q.anim_time*90*2)*2",0,"math.cos(q.anim_time*90*1)*2"]},"neck":{"rotation":["10-math.cos(q.anim_time*90*1+60)*2",0,0]},"head":{"rotation":["-10+math.cos(q.anim_time*90*2+60)*0.5",0,0]},"jaw":{"rotation":["math.cos(q.anim_time*90*2)*0.5",0,0]},"right_wing":{"rotation":[63.77,-2.09,"-80+math.cos(q.anim_time*90*1)*25-math.clamp(-math.sin(q.anim_time*90*1+50)*10,0,30)"]},"right_wing2":{"rotation":[0,"math.cos(q.anim_time*90*1)*20",0]},"right_wing3":{"rotation":[0,"math.cos(q.anim_time*90*1-60)*20",0]},"right_wing4":{"rotation":[0,"math.cos(q.anim_time*90*1-120)*20",0]},"left_wing":{"rotation":[63.76905,2.08986,"80-math.cos(q.anim_time*90*1)*25+math.clamp(-math.sin(q.anim_time*90*1+50)*10,0,30)"]},"left_wing2":{"rotation":[0,"-(math.cos(q.anim_time*90*1)*20)",0]},"left_wing3":{"rotation":[0,"-(math.cos(q.anim_time*90*1-60)*20)",0]},"left_wing4":{"rotation":[0,"-(math.cos(q.anim_time*90*1-120)*20)",0]},"tail":{"rotation":["35+math.cos(q.anim_time*90*1+60)*8","math.cos(q.anim_time*90/2-30)*10",0]},"tail2":{"rotation":["math.cos(q.anim_time*90*1)*8","math.cos(q.anim_time*90/2-90)*10",0]},"tail3":{"rotation":["math.cos(q.anim_time*90*1-60)*8","math.cos(q.anim_time*90/2-150)*10",0]},"tail4":{"rotation":["math.cos(q.anim_time*90*1-120)*8","math.cos(q.anim_time*90/2-210)*10",0]},"tail5":{"rotation":["math.cos(q.anim_time*90*1-120)*8","math.cos(q.anim_time*90/2-210)*10",0]},"front_right_leg":{"rotation":["-27.7271+math.cos(q.anim_time*90*1)*2",39.08879,"-8.0914+math.cos(q.anim_time*90*1)*2"]},"front_right_feet":{"rotation":["34.9299+math.cos(q.anim_time*90*1-30)*4",-1.70818,4.69986]},"front_left_leg":{"rotation":["-27.7271+math.cos(q.anim_time*90*1)*2",-39.08879,"8.0914+math.cos(q.anim_time*90*1)*2"]},"front_left_feet":{"rotation":["34.9299+math.cos(q.anim_time*90*1-30)*4",1.70818,-4.69986]},"middle_right_leg":{"rotation":["math.cos(q.anim_time*90*1)*2",0,0]},"middle_right_feet":{"rotation":["17.5+math.cos(q.anim_time*90*1-30)*4",0,15]},"back_right_leg":{"rotation":["2.5+math.cos(q.anim_time*90*1)*2",0,0]},"back_right_feet":{"rotation":["22.5+math.cos(q.anim_time*90*1-30)*4",0,10]},"back_left_leg":{"rotation":["2.5+math.cos(q.anim_time*90*1)*2",0,0]},"back_left_feet":{"rotation":["22.5+math.cos(q.anim_time*90*1-30)*4",0,-10]},"middle_left_leg":{"rotation":["math.cos(q.anim_time*90*1)*2",0,0]},"middle_left_feet":{"rotation":["17.5+math.cos(q.anim_time*90*1-30)*4",0,-15]},"body":{"rotation":["-math.cos(q.anim_time*90)*4",0,0],"position":[0,"-math.cos(q.anim_time*90-60)*5+math.clamp(-math.sin(q.anim_time*90+50)*5,0,4.9)",0]}}},"animation.giratina.air_fly":{"loop":true,"animation_length":8,"bones":{"torso":{"rotation":["math.cos(q.anim_time*90*1)*0.5","math.cos(q.anim_time*90*1)*0.5","math.cos(q.anim_time*90*1+30)*0.5"]},"neck2":{"rotation":["12.5-math.cos(q.anim_time*90*2)*2",0,"math.cos(q.anim_time*90*1)*2"]},"neck":{"rotation":["10-math.cos(q.anim_time*90*1+60)*2",0,0]},"head":{"rotation":["-25+math.cos(q.anim_time*90*2+60)*0.5",0,0]},"jaw":{"rotation":["math.cos(q.anim_time*90*2)*0.5",0,0]},"right_wing":{"rotation":["63.769-math.cos(q.anim_time*90*1+50)*20","-2.0899+math.cos(q.anim_time*90*1+50)*15","-80+math.cos(q.anim_time*90*1)*25-math.clamp(-math.sin(q.anim_time*90*1+50)*10,0,30)"]},"right_wing2":{"rotation":[0,"math.cos(q.anim_time*90*1)*20",0]},"right_wing3":{"rotation":[0,"math.cos(q.anim_time*90*1-60)*20",0]},"right_wing4":{"rotation":[0,"math.cos(q.anim_time*90*1-120)*20",0]},"left_wing":{"rotation":["63.769-math.cos(q.anim_time*90*1+50)*20","2.0899-math.cos(q.anim_time*90*1+50)*15","80-math.cos(q.anim_time*90*1)*25+math.clamp(-math.sin(q.anim_time*90*1+50)*10,0,30)"]},"left_wing2":{"rotation":[0,"-(math.cos(q.anim_time*90*1)*20)",0]},"left_wing3":{"rotation":[0,"-(math.cos(q.anim_time*90*1-60)*20)",0]},"left_wing4":{"rotation":[0,"-(math.cos(q.anim_time*90*1-120)*20)",0]},"tail":{"rotation":["35+math.cos(q.anim_time*90*1+60)*8","math.cos(q.anim_time*90/2-30)*10",0]},"tail2":{"rotation":["math.cos(q.anim_time*90*1)*8","math.cos(q.anim_time*90/2-90)*10",0]},"tail3":{"rotation":["math.cos(q.anim_time*90*1-60)*8","math.cos(q.anim_time*90/2-150)*10",0]},"tail4":{"rotation":["math.cos(q.anim_time*90*1-120)*8","math.cos(q.anim_time*90/2-210)*10",0]},"tail5":{"rotation":["math.cos(q.anim_time*90*1-120)*8","math.cos(q.anim_time*90/2-210)*10",0]},"front_right_leg":{"rotation":["-27.7271+math.cos(q.anim_time*90-210)*10",39.0888,"-8.0914-math.cos(q.anim_time*90*1)*2"]},"front_right_feet":{"rotation":["34.9299+math.cos(q.anim_time*90-270)*10",-1.7082,4.6999]},"front_left_leg":{"rotation":["-27.7271+math.cos(q.anim_time*90-210)*10",-39.08879,"8.0914+math.cos(q.anim_time*90*1)*2"]},"front_left_feet":{"rotation":["34.9299+math.cos(q.anim_time*90-270)*10",1.70818,-4.69986]},"middle_right_leg":{"rotation":["math.cos(q.anim_time*90-170)*10",0,0]},"middle_right_feet":{"rotation":["17.5+math.cos(q.anim_time*90-230)*5",0,15]},"back_right_leg":{"rotation":["2.5+math.cos(q.anim_time*90-150)*5",0,0]},"back_right_feet":{"rotation":["22.5+math.cos(q.anim_time*90-210)*5",0,10]},"back_left_leg":{"rotation":["2.5+math.cos(q.anim_time*90-150)*5",0,0]},"back_left_feet":{"rotation":["22.5+math.cos(q.anim_time*90-210)*5",0,-10]},"middle_left_leg":{"rotation":["math.cos(q.anim_time*90-170)*10",0,0]},"middle_left_feet":{"rotation":["17.5+math.cos(q.anim_time*90-230)*5",0,-15]},"body":{"rotation":["10-math.cos(q.anim_time*90)*4",0,0],"position":[0,"-math.cos(q.anim_time*90-60)*5+math.clamp(-math.sin(q.anim_time*90+50)*5,0,4.9)","math.cos(q.anim_time*90-80)*6"]}}},"animation.giratina.faint":{"animation_length":3,"bones":{"torso":{"rotation":{"0.0":[0,0,0],"0.0833":[7.5,0,0],"0.5417":{"pre":[13.21,0,0],"post":[13.21,0,0],"lerp_mode":"catmullrom"},"1.375":{"post":[15,0,0],"lerp_mode":"catmullrom"}},"position":{"0.0":[0,0,0],"0.0417":[0,-3,0],"1.375":[0,-3,0],"1.5":{"pre":[0,-2,-3],"post":[0,-2,-3],"lerp_mode":"catmullrom"},"1.625":{"post":[0,-3,-6],"lerp_mode":"catmullrom"},"1.75":{"post":[0,-3,-6],"lerp_mode":"catmullrom"}}},"neck2":{"rotation":{"0.0":[5,0,0],"0.375":[15,0,0],"1.1667":{"pre":[20,0,0],"post":[20,0,0],"lerp_mode":"catmullrom"},"1.375":{"post":[-17.5,0,0],"lerp_mode":"catmullrom"},"1.7083":{"post":[-17.5,0,0],"lerp_mode":"catmullrom"},"2.0833":{"post":[10,0,0],"lerp_mode":"catmullrom"}}},"neck":{"rotation":{"0.0":[5,0,0],"0.4583":{"pre":[22.5,0,0],"post":[22.5,0,0],"lerp_mode":"catmullrom"},"1.2917":{"post":[27.5,0,0],"lerp_mode":"catmullrom"},"1.4583":{"post":[-7.5,0,0],"lerp_mode":"catmullrom"},"1.7917":{"post":[-10,0,0],"lerp_mode":"catmullrom"},"2.125":{"post":[12.5,0,0],"lerp_mode":"catmullrom"}}},"head":{"rotation":[-7.5,0,0]},"right_wing":{"rotation":{"0.0":[10,-50,0],"0.125":{"pre":[10,-80,0],"post":[10,-80,0],"lerp_mode":"catmullrom"},"0.875":{"post":[10,-100,0],"lerp_mode":"catmullrom"},"1.375":{"post":[10,-50,0],"lerp_mode":"catmullrom"},"1.5":{"post":[10,-110,0],"lerp_mode":"catmullrom"},"1.6667":{"post":[10,-110,0],"lerp_mode":"catmullrom"},"1.875":[90,-58.5,-90],"2.0833":[90,"-57.5+math.cos(q.anim_time*90*32-40)*10",-90]}},"right_wing2":{"rotation":{"0.0":[0,-32.5,0],"0.5833":[0,-32.5,0],"0.9583":{"pre":[0,-42.5,0],"post":[0,-42.5,0],"lerp_mode":"catmullrom"},"1.25":{"post":[0,-42.5,0],"lerp_mode":"catmullrom"},"1.5":{"post":[0,-10,0],"lerp_mode":"catmullrom"},"1.6667":{"post":[0,-17.5,0],"lerp_mode":"catmullrom"},"1.8333":{"post":[0,0,0],"lerp_mode":"catmullrom"},"2.25":{"post":[0,0,0],"lerp_mode":"catmullrom"}}},"right_wing3":{"rotation":{"0.0":[0,-22.5,0],"0.0833":{"pre":[0,0,0],"post":[0,0,0],"lerp_mode":"catmullrom"},"0.875":{"post":[0,-20,0],"lerp_mode":"catmullrom"},"1.0417":{"post":[0,-30,0],"lerp_mode":"catmullrom"},"1.2917":{"post":[0,-30,0],"lerp_mode":"catmullrom"},"1.4583":{"post":[0,0,0],"lerp_mode":"catmullrom"},"1.5833":{"post":[0,-20,0],"lerp_mode":"catmullrom"},"1.7083":{"post":[0,-32.5,0],"lerp_mode":"catmullrom"},"1.9167":{"post":[0,0,0],"lerp_mode":"catmullrom"},"2.25":{"post":[0,0,0],"lerp_mode":"catmullrom"}}},"right_wing4":{"rotation":{"0.0":[0,-2.5,0],"0.0417":{"pre":[0,15,0],"post":[0,15,0],"lerp_mode":"catmullrom"},"0.5":{"post":[0,15,0],"lerp_mode":"catmullrom"},"0.875":{"post":[0,-17.5,0],"lerp_mode":"catmullrom"},"1.125":{"post":[0,-35,0],"lerp_mode":"catmullrom"},"1.3333":{"post":[0,-35,0],"lerp_mode":"catmullrom"},"1.4583":{"post":[0,30,0],"lerp_mode":"catmullrom"},"1.6667":{"post":[0,-20,0],"lerp_mode":"catmullrom"},"1.9583":{"post":[0,0,0],"lerp_mode":"catmullrom"},"2.25":{"post":[0,0,0],"lerp_mode":"catmullrom"}}},"left_wing":{"rotation":{"0.0":[10,50,0],"0.125":{"pre":[10,80,0],"post":[10,80,0],"lerp_mode":"catmullrom"},"0.875":{"post":[10,100,0],"lerp_mode":"catmullrom"},"1.375":{"post":[10,50,0],"lerp_mode":"catmullrom"},"1.5":{"post":[10,110,0],"lerp_mode":"catmullrom"},"1.6667":{"post":[10,110,0],"lerp_mode":"catmullrom"},"1.875":[90,58.5,90],"2.0833":[90,"57.5+math.cos(q.anim_time*90*32)*10",90]}},"left_wing2":{"rotation":{"0.0":[0,32.5,0],"0.5833":[0,32.5,0],"0.9583":{"pre":[0,42.5,0],"post":[0,42.5,0],"lerp_mode":"catmullrom"},"1.25":{"post":[0,42.5,0],"lerp_mode":"catmullrom"},"1.5":{"post":[0,10,0],"lerp_mode":"catmullrom"},"1.6667":{"post":[0,17.5,0],"lerp_mode":"catmullrom"},"1.8333":{"post":[0,0,0],"lerp_mode":"catmullrom"},"2.25":{"post":[0,0,0],"lerp_mode":"catmullrom"}}},"left_wing3":{"rotation":{"0.0":[0,22.5,0],"0.0833":{"pre":[0,0,0],"post":[0,0,0],"lerp_mode":"catmullrom"},"0.875":{"post":[0,20,0],"lerp_mode":"catmullrom"},"1.0417":{"post":[0,30,0],"lerp_mode":"catmullrom"},"1.2917":{"post":[0,30,0],"lerp_mode":"catmullrom"},"1.4583":{"post":[0,0,0],"lerp_mode":"catmullrom"},"1.5833":{"post":[0,20,0],"lerp_mode":"catmullrom"},"1.7083":{"post":[0,32.5,0],"lerp_mode":"catmullrom"},"1.9167":{"post":[0,0,0],"lerp_mode":"catmullrom"},"2.25":{"post":[0,0,0],"lerp_mode":"catmullrom"}}},"left_wing4":{"rotation":{"0.0":[0,2.5,0],"0.0417":{"pre":[0,-15,0],"post":[0,-15,0],"lerp_mode":"catmullrom"},"0.5":{"post":[0,-15,0],"lerp_mode":"catmullrom"},"0.875":{"post":[0,17.5,0],"lerp_mode":"catmullrom"},"1.125":{"post":[0,35,0],"lerp_mode":"catmullrom"},"1.3333":{"post":[0,35,0],"lerp_mode":"catmullrom"},"1.4583":{"post":[0,-30,0],"lerp_mode":"catmullrom"},"1.6667":{"post":[0,20,0],"lerp_mode":"catmullrom"},"1.9583":{"post":[0,0,0],"lerp_mode":"catmullrom"},"2.25":{"post":[0,0,0],"lerp_mode":"catmullrom"}}},"tail":{"rotation":{"0.0":[0,0,0],"0.3333":{"pre":[27.5,0,0],"post":[27.5,0,0],"lerp_mode":"catmullrom"},"1.125":{"post":[45,0,0],"lerp_mode":"catmullrom"},"1.375":{"post":[45,0,0],"lerp_mode":"catmullrom"},"1.5":{"post":[12.5,0,0],"lerp_mode":"catmullrom"},"1.7083":{"post":[2.5,0,0],"lerp_mode":"catmullrom"},"1.9583":{"post":[27.5,0,0],"lerp_mode":"catmullrom"},"2.2083":{"post":[7.5,0,0],"lerp_mode":"catmullrom"},"2.3333":{"post":[-5,0,0],"lerp_mode":"catmullrom"}}},"tail2":{"rotation":{"0.0":[5,0,0],"0.1667":{"pre":[-5,0,0],"post":[-5,0,0],"lerp_mode":"catmullrom"},"0.875":{"post":[15,0,0],"lerp_mode":"catmullrom"},"1.25":{"post":[20,0,0],"lerp_mode":"catmullrom"},"1.4583":{"post":[35,0,0],"lerp_mode":"catmullrom"},"1.7917":{"post":[-20,0,0],"lerp_mode":"catmullrom"},"2.0833":{"post":[12.5,0,0],"lerp_mode":"catmullrom"},"2.25":{"post":[-5,0,0],"lerp_mode":"catmullrom"},"2.625":{"post":[0,0,0],"lerp_mode":"catmullrom"}}},"tail3":{"rotation":{"0.0":[7.5,0,0],"0.25":{"pre":[-7.5,0,0],"post":[-7.5,0,0],"lerp_mode":"catmullrom"},"1.3333":{"post":[20,0,0],"lerp_mode":"catmullrom"},"1.5":{"post":[37.5,0,0],"lerp_mode":"catmullrom"},"1.8333":{"post":[-17.5,0,0],"lerp_mode":"catmullrom"},"2.0833":{"post":[35,0,0],"lerp_mode":"catmullrom"},"2.3333":{"post":[-32.5,0,0],"lerp_mode":"catmullrom"}}},"tail4":{"rotation":{"0.0":[10,0,0],"0.1667":{"pre":[-10,0,0],"post":[-10,0,0],"lerp_mode":"catmullrom"},"0.4167":{"post":[-10,0,0],"lerp_mode":"catmullrom"},"1.4167":{"post":[20,0,0],"lerp_mode":"catmullrom"},"1.625":{"post":[37.5,0,0],"lerp_mode":"catmullrom"},"1.875":{"post":[-25,0,0],"lerp_mode":"catmullrom"},"2.2083":{"post":[47.5,0,0],"lerp_mode":"catmullrom"},"2.375":{"post":[-15,0,0],"lerp_mode":"catmullrom"}}},"tail5":{"rotation":{"0.0":[12.5,0,0],"0.2083":[12.5,0,0],"0.4583":{"pre":[-22.5,0,0],"post":[-22.5,0,0],"lerp_mode":"catmullrom"},"0.75":{"post":[-32.5,0,0],"lerp_mode":"catmullrom"},"1.0833":{"post":[-16.29,0,0],"lerp_mode":"catmullrom"},"1.4167":{"post":[32.5,0,0],"lerp_mode":"catmullrom"},"1.625":{"post":[52.5,0,0],"lerp_mode":"catmullrom"},"1.875":{"post":[-30,0,0],"lerp_mode":"catmullrom"},"2.0417":{"post":[-50,0,0],"lerp_mode":"catmullrom"},"2.2083":{"post":[55,0,0],"lerp_mode":"catmullrom"},"2.4583":{"post":[10,0,0],"lerp_mode":"catmullrom"}}},"jaw":{"rotation":{"0.0":[0,0,0],"1.2917":[0,0,0],"1.4167":{"pre":[40,0,0],"post":[40,0,0],"lerp_mode":"catmullrom"},"1.5833":{"post":[40,0,0],"lerp_mode":"catmullrom"},"2.0":[0,0,0]}},"body":{"rotation":{"1.25":[0,0,0],"1.625":{"pre":[0,0,0],"post":[0,0,0],"lerp_mode":"catmullrom"},"2.5":[57.5,0,0]},"position":{"1.375":[0,0,0],"1.625":[0,0,-6.75],"1.8333":{"pre":[0,-29.25,-12.89],"post":[0,-29.25,-12.89],"lerp_mode":"catmullrom"},"2.125":{"post":[0,-80.26,-18],"lerp_mode":"catmullrom"},"2.5":{"post":[0,-109,-24],"lerp_mode":"catmullrom"}},"scale":{"2.0417":[1,1,1],"2.5":{"pre":[1,1,1],"post":[0,0,0]}}},"right_eyelid":{"position":{"0.0":[0,0,0],"0.0417":[-0.325,0,-0.675],"1.0417":[-0.32,0,-0.68],"1.0833":[0.68,0,-0.68],"1.875":[0.68,0,-0.68],"1.9167":[-0.325,0,-0.675]}},"left_eyelid":{"position":{"0.0":[0,0,0],"0.0417":[0.325,0,-0.675],"1.0417":[0.32,0,-0.68],"1.0833":[-0.68,0,-0.68],"1.875":[-0.68,0,-0.68],"1.9167":[0.325,0,-0.675]}},"front_right_leg":{"rotation":{"0.0":[0,0,0],"0.0833":[-22.5,5,0],"0.5417":[-37.5,5,0],"1.375":[-37.5,5,0],"1.4583":[-32.5,20,0],"1.625":[-27.5,20,0]},"position":{"0.0":[0,0,0],"0.0833":[0,-4.2,5.3],"0.5417":[0,-8.1,7.7],"1.375":[0,-8.1,7.7]}},"front_right_feet":{"rotation":{"0.0":[0,0,0],"0.0833":[22.5,0,0],"0.5417":{"pre":[37.5,0,0],"post":[37.5,0,0],"lerp_mode":"catmullrom"}}},"front_left_leg":{"rotation":{"0.0":[0,0,0],"0.0833":[-22.5,-5,0],"0.5417":[-37.5,-5,0],"1.375":[-37.5,-5,0],"1.4583":[-32.5,-20,0],"1.625":[-27.5,-20,0]},"position":{"0.0":[0,0,0],"0.0833":[0,-4.2,5.3],"0.5417":[0,-8.1,7.7],"1.375":[0,-8.1,7.7]}},"front_left_feet":{"rotation":{"0.0":[0,0,0],"0.0833":[22.5,0,0],"0.5417":{"pre":[37.5,0,0],"post":[37.5,0,0],"lerp_mode":"catmullrom"}}},"middle_right_leg":{"rotation":{"0.0":[0,0,0],"0.0833":{"pre":[-1.5,7.5,0],"post":[-1.5,7.5,0],"lerp_mode":"catmullrom"},"0.5417":[-10,25,0],"1.375":[-10,25,0],"1.625":{"pre":[15,0,0],"post":[15,0,0],"lerp_mode":"catmullrom"},"1.8333":{"post":[32.5,0,0],"lerp_mode":"catmullrom"}},"position":{"0.0":[0,0,0],"0.0833":[0,-0.175,0],"0.5417":[0,-1.67,0],"1.375":[0,-1.67,0],"1.625":{"pre":[0,-7,-6],"post":[0,-7,-6],"lerp_mode":"catmullrom"}}},"middle_right_feet":{"rotation":{"0.0":[0,0,0],"0.0833":[1.5,0,0],"0.5417":[10,0,0]}},"back_right_leg":{"rotation":{"1.375":{"pre":[0,0,0],"post":[0,0,0],"lerp_mode":"catmullrom"},"1.625":{"post":[15,0,0],"lerp_mode":"catmullrom"},"1.8333":{"post":[32.5,0,0],"lerp_mode":"catmullrom"}},"position":{"1.375":{"pre":[0,0,0],"post":[0,0,0],"lerp_mode":"catmullrom"},"1.625":{"post":[0,-7,-6],"lerp_mode":"catmullrom"}}},"back_right_feet":{"rotation":{"1.375":{"pre":[0,0,0],"post":[0,0,0],"lerp_mode":"catmullrom"},"1.625":{"post":[30,0,15],"lerp_mode":"catmullrom"},"1.8333":{"post":[60,0,15],"lerp_mode":"catmullrom"},"1.9583":{"post":[27.5,0,15],"lerp_mode":"catmullrom"}}},"back_left_leg":{"rotation":{"1.375":{"pre":[0,0,0],"post":[0,0,0],"lerp_mode":"catmullrom"},"1.625":{"post":[15,0,0],"lerp_mode":"catmullrom"},"1.8333":{"post":[32.5,0,0],"lerp_mode":"catmullrom"}},"position":{"1.375":{"pre":[0,0,0],"post":[0,0,0],"lerp_mode":"catmullrom"},"1.625":{"post":[0,-7,-6],"lerp_mode":"catmullrom"}}},"back_left_feet":{"rotation":{"1.375":{"pre":[0,0,0],"post":[0,0,0],"lerp_mode":"catmullrom"},"1.625":{"post":[30,0,-15],"lerp_mode":"catmullrom"},"1.8333":{"post":[60,0,-15],"lerp_mode":"catmullrom"},"1.9583":{"post":[27.5,0,-15],"lerp_mode":"catmullrom"}}},"middle_left_leg":{"rotation":{"0.0":[0,0,0],"0.0833":{"pre":[-1.5,-7.5,0],"post":[-1.5,-7.5,0],"lerp_mode":"catmullrom"},"0.5417":[-10,-25,0],"1.375":[-10,-25,0],"1.625":{"pre":[15,0,0],"post":[15,0,0],"lerp_mode":"catmullrom"},"1.8333":{"post":[32.5,0,0],"lerp_mode":"catmullrom"}},"position":{"0.0":[0,0,0],"0.0833":[0,-0.175,0],"0.5417":[0,-1.67,0],"1.375":[0,-1.67,0],"1.625":{"pre":[0,-7,-6],"post":[0,-7,-6],"lerp_mode":"catmullrom"}}},"middle_left_feet":{"rotation":{"0.0":[0,0,0],"0.0833":[1.5,0,0],"0.5417":[10,0,0]}}}},"animation.giratina.blink":{"animation_length":0.25,"bones":{"right_eyelid":{"position":{"0.0":[-0.325,0,-0.675],"0.2083":[-0.325,0,-0.675],"0.25":[0.675,0,-0.675]}},"left_eyelid":{"position":{"0.0":[0.325,0,-0.675],"0.2083":[0.325,0,-0.675],"0.25":[-0.675,0,-0.675]}}}},"animation.giratina.cry":{"animation_length":3,"bones":{"neck2":{"rotation":{"0.0":{"post":[0,0,0],"lerp_mode":"catmullrom"},"0.375":{"post":[15,0,0],"lerp_mode":"catmullrom"},"0.5833":{"post":[17.5,0,0],"lerp_mode":"catmullrom"},"0.9167":{"post":[-20,0,0],"lerp_mode":"catmullrom"},"1.5":{"post":[-20,0,0],"lerp_mode":"catmullrom"},"2.125":{"post":[0,0,0],"lerp_mode":"catmullrom"},"3.0":{"post":[0,0,0],"lerp_mode":"catmullrom"}}},"neck":{"rotation":{"0.0":{"post":[0,0,0],"lerp_mode":"catmullrom"},"0.1667":{"post":[7.5,0,0],"lerp_mode":"catmullrom"},"0.5833":{"post":[7.5,0,0],"lerp_mode":"catmullrom"},"0.7083":{"post":[-4.37,0,0],"lerp_mode":"catmullrom"},"0.9167":{"post":[-7.5,0,0],"lerp_mode":"catmullrom"},"1.5":{"post":[-7.5,0,0],"lerp_mode":"catmullrom"},"2.125":{"post":[0,0,0],"lerp_mode":"catmullrom"},"3.0":{"post":[0,0,0],"lerp_mode":"catmullrom"}}},"neck_end":{"rotation":{"0.0":{"post":[0,0,0],"lerp_mode":"catmullrom"},"0.2917":{"post":[7.5,0,0],"lerp_mode":"catmullrom"},"0.5833":{"post":[7.5,0,0],"lerp_mode":"catmullrom"},"0.625":{"post":[6.63,0,0],"lerp_mode":"catmullrom"},"0.7917":{"post":[3.13,0,0],"lerp_mode":"catmullrom"},"0.9583":{"post":[2.35373,0.4149,-9.99148],"lerp_mode":"catmullrom"},"1.5":{"post":[0,0,0],"lerp_mode":"catmullrom"},"2.125":{"post":[0,0,0],"lerp_mode":"catmullrom"},"3.0":{"post":[0,0,0],"lerp_mode":"catmullrom"}}},"head":{"rotation":{"0.0":{"post":[0,0,0],"lerp_mode":"catmullrom"},"0.9167":{"post":[-12.5,0,0],"lerp_mode":"catmullrom"},"1.625":{"post":[0,0,0],"lerp_mode":"catmullrom"},"3.0":{"post":[0,0,0],"lerp_mode":"catmullrom"}}},"jaw":{"rotation":{"0.5":{"pre":[0,0,0],"post":[0,0,0],"lerp_mode":"catmullrom"},"0.75":{"post":[30,0,0],"lerp_mode":"catmullrom"},"1.125":{"post":[30,0,0],"lerp_mode":"catmullrom"},"2.0417":{"post":[15,0,0],"lerp_mode":"catmullrom"},"2.5417":{"post":[0,0,0],"lerp_mode":"catmullrom"},"3.0":{"post":[0,0,0],"lerp_mode":"catmullrom"}}},"body":{"position":{"0.7083":[0,0,0],"0.75":[0,1,0],"0.7917":[0,-1,0],"0.8333":[0,0.75,0],"0.875":[0,-0.75,0],"0.9167":[0,0.5,0],"0.9583":[0,-0.5,0],"1.0":[0,0.25,0],"1.0417":[0,-0.25,0],"1.0833":[0,0,0]}}},"sound_effects":{"0.7083":{"effect":"pokemon.giratina.cry"}}},"animation.giratina.recoil":{"animation_length":1.25,"bones":{"torso":{"rotation":{"0.0417":[0,0,0],"0.0833":[-6,1,-1],"0.2917":{"pre":[-7.31,2.3,-2],"post":[-7.31,2.3,-2],"lerp_mode":"catmullrom"},"0.5":{"post":[-6,3,-3],"lerp_mode":"catmullrom"},"0.8333":{"post":[0,0,0],"lerp_mode":"catmullrom"},"1.25":{"post":[0,0,0],"lerp_mode":"catmullrom"}},"position":[0,0,0]},"neck2":{"rotation":{"0.0417":[0,0,0],"0.0833":[-1.35,0,-5],"0.4167":{"pre":[-12.5,0,-7.5],"post":[-12.5,0,-7.5],"lerp_mode":"catmullrom"},"0.875":{"post":[0,0,0],"lerp_mode":"catmullrom"},"1.25":{"post":[0,0,0],"lerp_mode":"catmullrom"}}},"neck":{"rotation":{"0.0417":[0,0,0],"0.125":{"pre":[-5,0,-7.5],"post":[-5,0,-7.5],"lerp_mode":"catmullrom"},"0.4583":{"post":[-7.5,0,-10],"lerp_mode":"catmullrom"},"0.875":{"post":[0,0,0],"lerp_mode":"catmullrom"},"1.25":{"post":[0,0,0],"lerp_mode":"catmullrom"}}},"head":{"rotation":{"0.625":[0,0,0],"0.9167":[0,"math.cos(q.anim_time*90*4*4)*5","math.cos(q.anim_time*90*4*4+50)*5"],"1.25":[0,0,0]}},"jaw":{"rotation":{"0.0":[0,0,0],"0.1667":{"pre":[25,0,0],"post":[25,0,0],"lerp_mode":"catmullrom"},"0.5833":{"post":[25,0,0],"lerp_mode":"catmullrom"},"0.75":{"post":[0,0,0],"lerp_mode":"catmullrom"}}},"right_eyelid":{"position":{"0.0":[-0.325,0,-0.675],"0.1667":[-0.325,0,-0.675],"0.2083":[0.675,0,-0.675],"0.7083":[0.675,0,-0.675],"0.75":[-0.325,0,-0.675],"1.125":[-0.325,0,-0.675],"1.1667":[0.675,0,-0.675]}},"left_eyelid":{"position":{"0.0":[0.325,0,-0.675],"0.1667":[0.325,0,-0.675],"0.2083":[-0.675,0,-0.675],"0.7083":[-0.675,0,-0.675],"0.75":[0.325,0,-0.675],"1.125":[0.325,0,-0.675],"1.1667":[-0.675,0,-0.675]}},"right_wing":{"rotation":{"0.0":[0,0,0],"0.125":{"pre":[0,7.5,0],"post":[0,7.5,0],"lerp_mode":"catmullrom"},"0.5":{"post":[0,12.5,0],"lerp_mode":"catmullrom"},"1.25":[0,0,0]}},"left_wing":{"rotation":{"0.0":[0,0,0],"0.125":{"pre":[0,-7.5,0],"post":[0,-7.5,0],"lerp_mode":"catmullrom"},"0.5":{"post":[0,-12.5,0],"lerp_mode":"catmullrom"},"1.25":[0,0,0]}}}},"animation.giratina.walkspeed":{"loop":true,"bones":{"giratina":{"position":[0,0,"-q.anim_time*90*0.125"]}}}}}