{"format_version":"1.8.0","animations":{"animation.glameow.ground_idle":{"loop":true,"animation_length":4,"bones":{"body":{"rotation":["math.cos((q.anim_time-0.6)*360*1)*1",0,0],"position":[0,"0.1-math.cos((q.anim_time -0.1)*360*1)*0.3",0]},"glameow":{"position":[0,0,0]},"neck":{"rotation":["math.cos((q.anim_time-0.2)*360*1)*2",0,0]},"head":{"rotation":["math.cos((q.anim_time-0.35)*360*1)*2",0,0]},"curl":{"position":[0,0,"math.cos((q.anim_time-0.1)*360*1)*0.25"]},"curl2":{"position":[0,0,"math.cos((q.anim_time-0.2)*360*1)*0.25"]},"curl3":{"position":[0,0,"math.cos((q.anim_time-0.3)*360*1)*0.25"]},"curl4":{"position":[0,0,"math.cos((q.anim_time-0.4)*360*1)*0.25"]},"curl5":{"position":[0,0,"math.cos((q.anim_time-0.5)*360*1)*0.25"]},"curl6":{"position":[0,0,"math.cos((q.anim_time-0.1)*360*1)*0.25"]},"curl7":{"position":[0,0,"math.cos((q.anim_time-0.7)*360*1)*0.25"]},"curl8":{"position":[0,0,"math.cos((q.anim_time-0.8)*360*1)*0.25"]},"curl9":{"position":[0,0,"math.cos((q.anim_time-0.9)*360*1)*0.25"]},"curl10":{"position":[0,0,"math.cos((q.anim_time-1)*360*1)*0.25"]},"curl11":{"position":[0,0,"math.cos((q.anim_time-1.1)*360*1)*0.25"]},"curl12":{"position":[0,0,"math.cos((q.anim_time-1.2)*360*1)*0.25"]},"curl13":{"position":[0,0,"math.cos((q.anim_time-1.3)*360*1)*0.25"]},"curl14":{"position":[0,0,"math.cos((q.anim_time-1.4)*360*1)*0.25"]},"curl15":{"position":[0,0,"math.cos((q.anim_time-1.5)*360*1)*0.25"]},"curl16":{"position":[0,0,"math.cos((q.anim_time-1.6)*360*1)*0.25"]},"curl17":{"position":[0,0,"math.cos((q.anim_time-1.7)*360*1)*0.25"]},"curl18":{"position":[0,0,"math.cos((q.anim_time-1.8)*360*1)*0.25"]},"curl19":{"position":[0,0,"math.cos((q.anim_time-1.9)*360*1)*0.25"]},"curl20":{"position":[0,0,"math.cos((q.anim_time-2)*360*1)*0.25"]},"curl21":{"position":[0,0,"math.cos((q.anim_time-2.1)*360*1)*0.25"]},"curl22":{"position":[0,0,"math.cos((q.anim_time-2.2)*360*1)*0.25"]},"curl23":{"position":[0,0,"math.cos((q.anim_time-2.3)*360*1)*0.25"]},"curl24":{"rotation":[-4.21208,0,"-13.1799+math.cos((q.anim_time -0.1)*360*1)*8"],"position":[0,0,"-0.1+math.cos((q.anim_time-2.4)*360*1)*0.1"]},"curl25":{"rotation":[-3.11243,-35.74569,-40.65909],"position":[0,0,0]},"ear_l":{"rotation":{"0.0":["7.5+math.cos((q.anim_time -0.1)*360*4)*4",0,0],"1.0":[0,0,0],"2.0":["7.5+math.cos((q.anim_time -0.1)*360*4)*4",0,0],"3.0":[0,0,0]}},"ear_r":{"rotation":{"0.0":["7.5+math.cos((q.anim_time -0.4)*360*4)*4",0,0],"1.0":[0,0,0],"2.0":["7.5+math.cos((q.anim_time -0.5)*360*4)*4",0,0],"3.0":[0,0,0]}},"thigh_fr":{"rotation":["-math.cos((q.anim_time-0.6)*360*1)*2",0,0],"position":[0,"-0.3+math.cos((q.anim_time -0.1)*360*1)*0.3",0]},"leg_fr":{"position":[0,0,0]},"thigh_fl":{"rotation":["-math.cos((q.anim_time-0.6)*360*1)*2",0,0],"position":[0,"-0.3+math.cos((q.anim_time -0.1)*360*1)*0.3",0]},"leg_fl":{"position":[0,0,0]},"thigh_br":{"rotation":["-math.cos((q.anim_time-0.6)*360*1)*2",0,0],"position":[0,"-0.3+math.cos((q.anim_time -0.1)*360*1)*0.3",0]},"leg_br":{"position":[0,0,0]},"thigh_bl":{"rotation":["-math.cos((q.anim_time-0.6)*360*1)*2",0,0],"position":[0,"-0.3+math.cos((q.anim_time -0.1)*360*1)*0.3",0]},"leg_bl":{"position":[0,0,0]}}},"animation.glameow.ground_walk":{"loop":true,"animation_length":1,"bones":{"body":{"position":{"0.0":[0,-0.5,0],"0.25":[0,0,0],"0.5":[0,-0.5,0],"0.75":[0,0,0],"1.0":[0,-0.5,0]}},"thigh_fr":{"rotation":{"0.0":[-35,0,0],"0.25":[0,0,0],"0.5":[35,0,0],"0.75":[0,0,0],"1.0":[-35,0,0]}},"leg_fr":{"rotation":{"0.0":[15,0,0],"0.5":[0,0,0],"0.75":[-30,0,0],"1.0":[15,0,0]}},"thigh_fl":{"rotation":{"0.0":[35,0,0],"0.25":[0,0,0],"0.5":[-35,0,0],"0.75":[0,0,0],"1.0":[35,0,0]}},"leg_fl":{"rotation":{"0.0":[0,0,0],"0.25":[-30,0,0],"0.5":[15,0,0],"0.75":[0,0,0],"1.0":[0,0,0]}},"thigh_br":{"rotation":{"0.0":[35,0,0],"0.5":[-35,0,0],"1.0":[35,0,0]}},"thigh_bl":{"rotation":{"0.0":[-35,0,0],"0.5":[35,0,0],"1.0":[-35,0,0]}},"tail_base":{"rotation":{"0.0":[0,0,0],"0.25":[-10,0,0],"0.5":[0,0,0],"0.75":[-10,0,0],"1.0":[0,0,0]}}}},"animation.glameow.sleep":{"loop":true,"animation_length":3,"bones":{"body":{"rotation":[-90,0,-90],"position":[0,2.5,-6]},"neck":{"rotation":[50,0,0]},"head":{"rotation":[30,0,0]},"ear_l":{"rotation":[35,0,0]},"ear_r":{"rotation":[35,0,0]},"thigh_fr":{"rotation":[-42.5,0,0]},"thigh_fl":{"rotation":[-40,0,12.5]},"thigh_br":{"rotation":[20,0,0]},"thigh_bl":{"rotation":[19.81197,-3.1622,6.80423]},"tail_base":{"rotation":[-87.5,0,0]},"eyelid_l":{"position":[0,0,-0.04]},"eyelid_r":{"position":[0,0,-0.04]}}},"animation.glameow.blink":{"animation_length":0.25,"bones":{"eyelid_l":{"position":{"0.0":[0,0,0],"0.0417":[0,0,-0.03],"0.25":[0,0,-0.03]}},"eyelid_r":{"position":{"0.0":[0,0,0],"0.0417":[0,0,-0.03],"0.25":[0,0,-0.03]}}}},"animation.glameow.cry":{"animation_length":1.25,"sound_effects":{"0.0417":{"effect":"pokemon.glameow.cry"}},"bones":{"neck":{"rotation":{"0.0":[0,0,0],"0.125":[15,0,0],"0.75":[-20,0,0],"1.25":[0,0,0]}},"head":{"rotation":[0,0,0]},"mouth":{"position":{"0.0":[0,0,0],"0.25":[0,0,0],"0.75":[0,0,-0.02]}}}},"animation.glameow.faint":{"loop":true,"animation_length":4,"bones":{"body":{"position":{"0.0":[0,0,0],"0.5":[0,-4.5,0],"1.0":[0,-4.5,0]}},"neck":{"rotation":{"0.0":[0,0,0],"0.5":[22.5,0,0],"1.0":[22.5,0,0]}},"head":{"rotation":{"0.0":[0,0,0],"0.5":[22.5,0,0],"1.0":[22.5,0,0]}},"ear_l":{"rotation":{"0.0":[0,0,0],"0.5":[40,0,0],"1.0":[40,0,0]}},"ear_r":{"rotation":{"0.0":[0,0,0],"0.5":[40,0,0],"1.0":[40,0,0]}},"thigh_fr":{"rotation":{"0.0":[0,0,0],"0.5":[-85,15,0],"1.0":[-85,15,0]}},"thigh_fl":{"rotation":{"0.0":[0,0,0],"0.5":[-85,-15,0],"1.0":[-85,-15,0]}},"thigh_br":{"rotation":{"0.0":[0,0,0],"0.5":[75,-15,0],"1.0":[75,-15,0]}},"thigh_bl":{"rotation":{"0.0":[0,0,0],"0.5":[75,15,0],"1.0":[75,15,0]}},"tail_base":{"rotation":{"0.0":[0,0,0],"0.5":[-37.5,0,0],"1.0":[-37.5,0,0]}}}}}}