{"format_version":"1.8.0","animations":{"animation.glastrier_rider.ground_idle":{"loop":true,"animation_length":4,"bones":{"back_body":{"position":[0,"-1.5+math.cos(q.anim_time*90*2)*1.5",0]},"front_leg_left2":{"rotation":["7.5-math.cos(q.anim_time*90*2)*9",0,0],"position":[0,"-math.cos(q.anim_time*90*2)/2","math.cos(q.anim_time*90*2)*1.8"]},"front_leg_left3":{"rotation":["-10+math.cos(q.anim_time*90*2)*8",0,0]},"front_leg_right2":{"rotation":["7.5-math.cos(q.anim_time*90*2)*9",0,0],"position":[0,"-math.cos(q.anim_time*90*2)/2","math.cos(q.anim_time*90*2)*1.8"]},"front_leg_right3":{"rotation":["-10+math.cos(q.anim_time*90*2)*8",0,0]},"neck":{"rotation":["15+math.sin(q.anim_time*90*2)*2",0,0]},"head":{"rotation":["8+math.sin(q.anim_time*90*2-45)*1.5",0,0]},"tail":{"rotation":["25+math.sin(q.anim_time*90*2)*6",0,0]},"tail2":{"rotation":["35+math.sin(q.anim_time*90*2-45)*6",0,0]},"tail4":{"rotation":["math.sin(q.anim_time*90*2-90)*8","math.sin(q.anim_time*90*2/2)*8",0]},"tail5":{"rotation":["math.sin(q.anim_time*90*2-135)*8",0,0]},"tail6":{"rotation":["math.sin(q.anim_time*90*2-180)*6",0,0]},"back_leg_left":{"position":[0,"-1.5+math.cos(q.anim_time*90*2)*1.5",0]},"back_leg_left2":{"rotation":["math.cos(q.anim_time*90*2)*9",0,0],"position":[0,"-math.cos(q.anim_time*90*2)/4","-math.cos(q.anim_time*90*2)/0.9"]},"back_leg_left3":{"rotation":["-math.cos(q.anim_time*90*2)*9",0,0],"position":[0,"math.cos(q.anim_time*90*2)/2",0]},"back_leg_right":{"position":[0,"-1.5+math.cos(q.anim_time*90*2)*1.5",0]},"back_leg_right2":{"rotation":["math.cos(q.anim_time*90*2)*9",0,0],"position":[0,"-math.cos(q.anim_time*90*2)/4","-math.cos(q.anim_time*90*2)/0.9"]},"back_leg_right3":{"rotation":["-math.cos(q.anim_time*90*2)*9",0,0],"position":[0,"math.cos(q.anim_time*90*2)/2",0]},"Torso":{"position":[0,"math.cos(q.anim_time*90*2)*1.5",0]},"body2":{"position":[0,-24,0]},"leg_left":{"rotation":[-90,-60,12.5]},"leg_left2":{"rotation":[137.47457,8.23923,70.73505],"position":[-1,0.75,1.75]},"leg_right":{"rotation":[-90,60,-12.5]},"leg_right2":{"rotation":[137.47457,-8.23923,-70.73505],"position":[1,0.75,1.75]},"upper_body":{"rotation":[10,0,0]},"arm_right":{"rotation":[-6.33024,-81.5269,-62.65946]},"head2":{"rotation":[-10,0,0]},"arm_left":{"rotation":[-6.33024,81.5269,62.65946]},"leg_left3":{"rotation":[-30,0,0]},"leg_right3":{"rotation":[-30,0,0]}}},"animation.glastrier_rider.ground_walk":{"loop":true,"animation_length":1,"bones":{"front_leg_left":{"rotation":["math.cos(q.anim_time*90*4-45)*10",0,0],"position":[0,"math.clamp(-math.sin(q.anim_time*90*4-45)*2.25,0,2.25)","math.cos(q.anim_time*90*4-45)*2.25"]},"front_leg_left2":{"rotation":["math.cos(q.anim_time*90*4)*19",0,0]},"front_leg_left3":{"rotation":["math.sin(q.anim_time*90*4-45)*12",0,0]},"front_foot_left":{"rotation":["-math.sin(q.anim_time*90*4-270-45)*20-math.clamp(-math.sin(q.anim_time*90*4-45)*40,0,40)",0,0],"position":[0,"-math.clamp(-math.sin(q.anim_time*90*4-45)*2,0,2)",0]},"front_leg_right":{"rotation":["-math.cos(q.anim_time*90*4-45)*10",0,0],"position":[0,"math.clamp(math.sin(q.anim_time*90*4-45)*2.25,0,2.25)","-math.cos(q.anim_time*90*4-45)*2.25"]},"front_leg_right2":{"rotation":["math.cos(q.anim_time*90*4-180)*19",0,0]},"front_leg_right3":{"rotation":["math.sin(q.anim_time*90*4-270)*12",0,0]},"front_foot_right":{"rotation":["math.sin(q.anim_time*90*4-270-45)*20-math.clamp(math.sin(q.anim_time*90*4-45)*40,0,40)",0,0],"position":[0,"-math.clamp(math.sin(q.anim_time*90*4-45)*2,0,2)",0]},"back_leg_left":{"rotation":["math.cos(q.anim_time*90*4)*10",0,0],"position":[0,"math.clamp(-math.sin(q.anim_time*90*4)*2.25,0,2.25)","math.cos(q.anim_time*90*4)*2.25"]},"back_leg_left2":{"rotation":["5-math.clamp(-math.sin(q.anim_time*90*4)*20,0,20)",0,0]},"back_leg_left3":{"rotation":["math.sin(q.anim_time*90*4-270)*12",0,0]},"back_foot_left":{"rotation":["-math.sin(q.anim_time*90*4-270)*20-math.clamp(-math.sin(q.anim_time*90*4)*40,0,40)",0,0],"position":[0,"-math.clamp(-math.sin(q.anim_time*90*4)*2,0,2)",0]},"back_leg_right":{"rotation":["-math.cos(q.anim_time*90*4)*10",0,0],"position":[0,"math.clamp(math.sin(q.anim_time*90*4)*2.25,0,2.25)","-math.cos(q.anim_time*90*4)*2.25"]},"back_leg_right2":{"rotation":["5-math.clamp(math.sin(q.anim_time*90*4)*20,0,20)",0,0]},"back_leg_right3":{"rotation":["math.sin(q.anim_time*90*4-45)*12",0,0]},"back_foot_right":{"rotation":["math.sin(q.anim_time*90*4-270)*20-math.clamp(math.sin(q.anim_time*90*4)*40,0,40)",0,0],"position":[0,"-math.clamp(math.sin(q.anim_time*90*4)*2,0,2)",0]},"neck":{"rotation":["22.5+math.cos(q.anim_time*90*4*2)",0,0]},"neck2":{"rotation":["math.cos(q.anim_time*90*4*2+90)*2",0,0]},"head":{"rotation":["math.cos(q.anim_time*90*4*2+180)*2-math.clamp(-math.sin(q.anim_time*90*4*2)*1.5,0,1.5)",0,0]},"tail":{"rotation":["20+math.sin(q.anim_time*90*4*2)*10",0,0]},"tail2":{"rotation":["20+math.sin(q.anim_time*90*4*2-45)*10",0,0]},"tail3":{"rotation":["math.sin(q.anim_time*90*4*2-90)*10",0,0]},"tail4":{"rotation":["10+math.sin(q.anim_time*90*4*2-90-45)*10",0,0]},"tail5":{"rotation":["10+math.sin(q.anim_time*90*4*2-90-90)*10",0,0]},"tail6":{"rotation":["10+math.sin(q.anim_time*90*4*2-90-90-45)*10",0,0]},"Torso":{"position":[0,"math.sin(q.anim_time*90*4*2-45)/1.25",0]},"body2":{"position":[0,-24,0]},"leg_left":{"rotation":[-90,-60,12.5]},"leg_left2":{"rotation":[137.47457,8.23923,70.73505],"position":[-1,0.75,1.75]},"leg_right":{"rotation":[-90,60,-12.5]},"upper_body":{"rotation":[10,0,0]},"arm_right":{"rotation":[-6.33024,-81.5269,-62.65946]},"head2":{"rotation":[-10,0,0]},"arm_left":{"rotation":[-6.33024,81.5269,62.65946]},"leg_left3":{"rotation":[-30,0,0]},"leg_right2":{"rotation":[137.47457,-8.23923,-70.73505],"position":[1,0.75,1.75]},"leg_right3":{"rotation":[-30,0,0]}}},"animation.glastrier_rider.walktest":{"loop":true,"bones":{"glastrier":{"position":[0,0,"-q.anim_time*90*0.8"]}}}}}