{"format_version":"1.8.0","animations":{"animation.grubbin.ground_idle":{"loop":true,"bones":{"head":{"rotation":["0+math.sin(q.anim_time*90*2)*0.5",0,0]},"grubbin":{"rotation":["0+math.sin(q.anim_time*90*2)*0.5",0,0]},"rightfrontleg":{"rotation":["0+math.sin(q.anim_time*90*2)*0.5",0,0]},"frontbod":{"rotation":["0+math.sin(q.anim_time*90*2)*0.5","0+math.sin(q.anim_time*90*2)*0.5",0]},"clawright":{"rotation":["0+math.sin(q.anim_time*90*2)*0.5","0+math.sin(q.anim_time*90*2)*0.5",0]},"clawleft":{"rotation":["0+math.sin(q.anim_time*90*2)*0.5","0+math.sin(q.anim_time*90*2)*0.5",0]},"backbod":{"rotation":["0+math.sin(q.anim_time*90*2)*0.5","0+math.sin(q.anim_time*90*2)*0.5",0]},"leftmidleg":{"rotation":["0+math.sin(q.anim_time*90*2)*0.5",0,0]},"leftbackleg":{"rotation":["0+math.sin(q.anim_time*90*2)*0.5",0,0]},"leftfrontleg":{"rotation":["0+math.sin(q.anim_time*90*2)*0.5",0,0]},"rightmidleg":{"rotation":["0+math.sin(q.anim_time*90*2)*0.5",0,0]},"rightbackleg":{"rotation":["0+math.sin(q.anim_time*90*2)*0.5",0,0]}}},"animation.grubbin.ground_walk":{"loop":true,"bones":{"head":{"rotation":["0+math.sin(q.anim_time*90*2)*0.5",0,0]},"grubbin":{"rotation":["0+math.sin(q.anim_time*90*4)*1",0,0],"position":[0,0,"0+math.clamp(math.sin(q.anim_time*90*4-60)*0.2,-0.2, 0.175)"]},"rightfrontleg":{"rotation":["0+math.sin(q.anim_time*90*-4)*1",0,0],"position":[0,0,"0+math.clamp(math.sin(q.anim_time*90*4+60)*0.2,-0.2, 0.175)"]},"frontbod":{"rotation":["0+math.sin(q.anim_time*90*4)*1",0,0],"position":[0,0,"0+math.clamp(math.sin(q.anim_time*90*4-60)*0.2,-0.2, 0.175)"]},"clawright":{"rotation":["0+math.sin(q.anim_time*90*2)*0.5","0+math.sin(q.anim_time*90*2)*0.5",0]},"clawleft":{"rotation":["0+math.sin(q.anim_time*90*2)*0.5","0+math.sin(q.anim_time*90*2)*0.5",0]},"backbod":{"rotation":["0+math.sin(q.anim_time*40*4)*1",0,0],"position":[0,0,"0+math.clamp(math.sin(q.anim_time*40*4-60)*0.2,-0.2, 0.175)"]},"leftmidleg":{"rotation":["0+math.sin(q.anim_time*90*4)*1",0,0],"position":[0,0,"0+math.clamp(math.sin(q.anim_time*90*4-60)*0.2,-0.2, 0.175)"]},"leftbackleg":{"rotation":["0+math.sin(q.anim_time*90*-4)*1",0,0],"position":[0,0,"0+math.clamp(math.sin(q.anim_time*90*4+60)*0.2,-0.2, 0.175)"]},"leftfrontleg":{"rotation":["0+math.sin(q.anim_time*90*-4)*1",0,0],"position":[0,0,"0+math.clamp(math.sin(q.anim_time*90*4+60)*0.2,-0.2, 0.175)"]},"rightmidleg":{"rotation":["0+math.sin(q.anim_time*90*4)*1",0,0],"position":[0,0,"0+math.clamp(math.sin(q.anim_time*90*4-60)*0.2,-0.2, 0.175)"]},"rightbackleg":{"rotation":["0+math.sin(q.anim_time*90*-4)*1",0,0],"position":[0,0,"0+math.clamp(math.sin(q.anim_time*90*4+60)*0.2,-0.2, 0.175)"]}}}}}