{"format_version":"1.8.0","animations":{"animation.hatenna.render":{"loop":true,"bones":{"torso":{"rotation":[-7.5,0,0]},"mouth_closed":{"position":[0,0,0.1]},"hat_mid":{"rotation":[12.5,0,0]},"hat__mid_bend":{"rotation":[5,0,0]},"hat_end":{"rotation":[10,0,0]},"hat_end_bend":{"rotation":[0,0,0]},"hat_tip":{"rotation":[5,0,0]},"right_foot":{"rotation":[10,10,0]},"right_toe":{"rotation":[-12.5,0,0]},"left_foot":{"rotation":[10,-12.5,0]},"left_toe":{"rotation":[-12.5,0,0]},"left_hair_arm":{"rotation":[0,-15,60]},"left_hair_elbow":{"rotation":[0,0,-15]},"left_hair_hand":{"rotation":[0,0,-45]},"right_hair_arm":{"rotation":[19.53424,5.47999,-62.44893]},"right_hair_elbow":{"rotation":[0,0,47.5]},"right_hair_hand":{"rotation":[0,0,35]},"mouth_open":{"position":[0,0,-0.1]}}},"animation.hatenna.ground_idle":{"loop":true,"bones":{"body":{"rotation":[0,0,"(math.cos((q.anim_time - 0) * 360 / 2) * 1)"],"position":["(math.cos((q.anim_time - 0) * 360 / 2) * 0.12)","(math.cos((q.anim_time - 0.5) * 360 / 1) * 0.025) + 0.075",0]},"left_hair_arm":{"rotation":[0,0,"42.5 + (math.cos((q.anim_time - 0.3) * 360 / 2) * 1)"]},"left_hair_elbow":{"rotation":[0,0,"-12.5 + (math.cos((q.anim_time - 0.5) * 360 / 2) * 1)"]},"left_hair_hand":{"rotation":[0,0,"-15 + (math.cos((q.anim_time - 0.7) * 360 / 2) * 2)"]},"right_hair_arm":{"rotation":[0,0,"-42.5 + (math.cos((q.anim_time - 0.3) * 360 / 2) * 1)"]},"right_hair_elbow":{"rotation":[0,0,"12.5 + (math.cos((q.anim_time - 0.5) * 360 / 2) * 1)"]},"right_hair_hand":{"rotation":[0,0,"15 + (math.cos((q.anim_time - 0.7) * 360 / 2) * 2)"]},"hat_base":{"rotation":[0,0,"(math.cos((q.anim_time - 0) * 360 / 2) * 2)"]},"hat_mid":{"rotation":[0,"(math.cos((q.anim_time - 0.1) * 360 / 2) * 2)",0]},"hat__mid_bend":{"rotation":[0,"(math.cos((q.anim_time - 0.2) * 360 / 2) * 3)",0]},"hat_end":{"rotation":[0,"(math.cos((q.anim_time - 0.3) * 360 / 2) * 3)",0]},"hat_tip":{"rotation":[0,"(math.cos((q.anim_time - 0.4) * 360 / 2) * 3)",0]},"right_foot":{"rotation":["math.clamp( ((math.sin((q.anim_time - 1.5 + (math.sin((q.anim_time - 1 + (math.sin((q.anim_time - 1) * 360 / 2 ) * 0.2)) * 360 / 2 ) * 0.1)) * 360 / 2 ) * 4) + 4), 0, 5)",0,"(math.cos((q.anim_time - 1) * 360 / 2) * 1)"],"position":[0,"(math.cos((q.anim_time - 1) * 360 / 2) * (0.0256/2)) - (0.0256/2)",0]},"right_toe":{"rotation":["math.clamp( -((math.sin((q.anim_time - 1.5 + (math.sin((q.anim_time - 1 + (math.sin((q.anim_time - 1) * 360 / 2 ) * 0.2)) * 360 / 2 ) * 0.1)) * 360 / 2 ) * 4) + 4), -5, 0)",0,0]},"left_foot":{"rotation":["math.clamp( ((math.sin((q.anim_time - 0.5 + (math.sin((q.anim_time - 0 + (math.sin((q.anim_time - 0) * 360 / 2 ) * 0.2)) * 360 / 2 ) * 0.1)) * 360 / 2 ) * 4) + 4), 0, 5)",0,"(math.cos((q.anim_time - 1) * 360 / 2) * 1)"],"position":[0,"(math.cos((q.anim_time - 0) * 360 / 2) * (0.0256/2)) - (0.0256/2)",0]},"left_toe":{"rotation":["math.clamp( -((math.sin((q.anim_time - 0.5 + (math.sin((q.anim_time - 0 + (math.sin((q.anim_time - 0) * 360 / 2 ) * 0.2)) * 360 / 2 ) * 0.1)) * 360 / 2 ) * 4) + 4), -5, 0)",0,0]}}},"animation.hatenna.ground_walk":{"loop":true,"animation_length":1,"bones":{"body":{"rotation":["-(math.sin((q.anim_time - 0.1 -(math.sin((q.anim_time - 0.1) * 360 / 0.5) * 0.03)) * 360 / 0.5) * 2) - 1.7","(math.sin((q.anim_time - 0.15) * 360 / 1) * 8)","-(math.sin((q.anim_time - 0) * 360 / 1) * 3)"],"position":{"0.0":[0.09375,"0.1563+(math.sin((q.anim_time - 0.1) * 360 / 0.5) * 0.1) +NaN",0],"0.25":[-0.15625,"(math.sin((q.anim_time - 0.1) * 360 / 0.5) * 0.1) + 0.1",0],"0.4583":[-0.16,"0.1875+(math.sin((q.anim_time - 0.1) * 360 / 0.5) * 0.1) +NaN",0],"0.7083":[0.1525,"(math.sin((q.anim_time - 0.1) * 360 / 0.5) * 0.1) + 0.1",0],"1.0":[0.09375,"0.1563+(math.sin((q.anim_time - 0.1) * 360 / 0.5) * 0.1) +NaN",0]}},"right_foot":{"rotation":{"0.0":[4.37463,0.08682,-0.4924],"0.125":[5.45328,-2.79121,1.61402],"0.2083":[8.67221,-5.28926,2.08511],"0.375":[6.04303,-9.28364,2.21724],"0.7083":[0,0,0],"0.875":[8.49403,-1.43402,-1.96964],"1.0":[4.37463,0.08682,-0.4924]}},"right_toe":{"rotation":{"0.0":[-3.4375,0,0],"0.125":[-3.2,0,0],"0.2083":[-7,0,0],"0.375":[-6,0,0],"0.7083":[-2.96875,0,0],"0.875":[-5.59375,0,0],"1.0":[-3.4375,0,0]}},"left_foot":{"rotation":{"0.0":[2.59263,3.6681,-0.0676],"0.2083":[0,0,0],"0.375":[8.5033,1.84751,1.28712],"0.4583":[5.76,0.9025,0.6275],"0.5417":[3.00719,1.34243,-0.41462],"0.625":[3.23,2.7825,-1.41],"0.7083":[3.45346,6.60176,-2.39761],"0.7917":[3.355,8.96875,-1.99],"0.875":[2.50744,9.67284,-1.59111],"1.0":[2.59263,3.6681,-0.0676]}},"left_toe":{"rotation":{"0.0":[-1.34375,0,0],"0.2083":[-2.90625,0,0],"0.375":[-6.34375,0,0],"0.5417":[-2.03125,0,0],"0.75":[0.3125,0,0],"0.875":[-1.875,0,0],"1.0":[-1.34375,0,0]}},"left_hair_arm":{"rotation":["-(math.sin((q.anim_time - 1.1) * 360 / 1) * 3) + 4","(math.sin((q.anim_time - 1.3) * 360 / 1) * 3)","25-(math.sin((q.anim_time - 0.8) * 360 / 1) * 3)"],"position":[-0.125,0,0]},"left_hair_elbow":{"rotation":[0,0,"-15-(math.sin((q.anim_time - 1.1) * 360 / 1) * 4)"]},"left_hair_hand":{"rotation":[0,0,"-10-(math.sin((q.anim_time - 1.3) * 360 / 1) * 3)"]},"right_hair_arm":{"rotation":["(math.sin((q.anim_time - 1.1) * 360 / 1) * 3) + 4","-(math.sin((q.anim_time - 1) * 360 / 1) * 3)","-25-(math.sin((q.anim_time - 1) * 360 / 1) * 3)"],"position":[0.125,0,0]},"right_hair_elbow":{"rotation":[0,0,"15-(math.sin((q.anim_time - 1.1) * 360 / 1) * 2)"]},"right_hair_hand":{"rotation":[0,0,"10-(math.sin((q.anim_time - 1.3) * 360 / 1) * 2)"]},"hat_mid":{"rotation":["(math.sin((q.anim_time - 0.45) * 360 / 0.5) * 3) ","-(math.sin((q.anim_time - 0) * 360 / 1) * 4)",0]},"hat__mid_bend":{"rotation":["(math.sin((q.anim_time - 0.5) * 360 / 0.5) * 2) ","-(math.sin((q.anim_time - 0.05) * 360 / 1) * 4)",0]},"hat_end":{"rotation":["(math.sin((q.anim_time - 0.55) * 360 / 0.5) * 1) ","-(math.sin((q.anim_time - 0.25) * 360 / 1) * 4)",0]},"hat_end_bend":{"rotation":["(math.sin((q.anim_time - 0.6) * 360 / 0.5) * 2) ","-(math.sin((q.anim_time - 0.3) * 360 / 1) * 1)",0]},"hat_tip":{"rotation":["(math.sin((q.anim_time - 0.63) * 360 / 0.5) * 2) ","-(math.sin((q.anim_time - 0.2) * 360 / 1) * 7)",0]}}},"animation.hatenna.walk_test":{"loop":true,"bones":{"body":{"position":[0,0,"-q.anim_time*90*walk"]}}},"animation.hatenna.cry":{"animation_length":1.25,"bones":{"torso":{"rotation":{"0.0":{"post":[-7.5,0,0],"lerp_mode":"catmullrom"},"0.1667":{"post":[-7.5,0,0],"lerp_mode":"catmullrom"},"0.2917":{"post":[-15,0,0],"lerp_mode":"catmullrom"},"0.4167":{"post":[-10,0,0],"lerp_mode":"catmullrom"},"0.5":{"post":[-15,0,0],"lerp_mode":"catmullrom"},"0.9167":{"post":[-7.5,0,0],"lerp_mode":"catmullrom"}}},"mouth_closed":{"position":{"0.0":{"post":[0,0,0],"lerp_mode":"catmullrom"},"0.125":{"post":[0,0,0],"lerp_mode":"catmullrom"},"0.1667":{"post":[0,0,1],"lerp_mode":"catmullrom"},"1.0417":{"post":[0,0,0],"lerp_mode":"catmullrom"}}},"hat_mid":{"rotation":{"0.0":{"post":[12.5,0,0],"lerp_mode":"catmullrom"}}},"hat__mid_bend":{"rotation":{"0.0":{"post":[5,0,0],"lerp_mode":"catmullrom"}}},"hat_end":{"rotation":{"0.0":{"post":[10,0,0],"lerp_mode":"catmullrom"}}},"hat_end_bend":{"rotation":{"0.0":{"post":[0,0,0],"lerp_mode":"catmullrom"}}},"hat_tip":{"rotation":{"0.0":{"post":[5,0,0],"lerp_mode":"catmullrom"}}},"right_foot":{"rotation":{"0.0":{"post":[10,10,0],"lerp_mode":"catmullrom"}},"position":{"0.0":{"post":[0,0,0],"lerp_mode":"catmullrom"},"0.1667":{"post":[0,1,0],"lerp_mode":"catmullrom"},"0.2917":{"post":[0,0,0],"lerp_mode":"catmullrom"},"0.5":{"post":[0,1,0],"lerp_mode":"catmullrom"},"0.75":{"post":[0,0,0],"lerp_mode":"catmullrom"}}},"right_toe":{"rotation":{"0.0":{"post":[-12.5,0,0],"lerp_mode":"catmullrom"}}},"left_foot":{"rotation":{"0.0":{"post":[10,-12.5,0],"lerp_mode":"catmullrom"}},"position":{"0.0":{"post":[0,0,0],"lerp_mode":"catmullrom"},"0.1667":{"post":[0,1,0],"lerp_mode":"catmullrom"},"0.2917":{"post":[0,0,0],"lerp_mode":"catmullrom"},"0.5":{"post":[0,1,0],"lerp_mode":"catmullrom"},"0.75":{"post":[0,0,0],"lerp_mode":"catmullrom"}}},"left_toe":{"rotation":{"0.0":{"post":[-12.5,0,0],"lerp_mode":"catmullrom"}}},"mouth_open":{"position":{"0.0":{"post":[0,0,1.9],"lerp_mode":"catmullrom"},"0.1667":[0,0,-0.1]},"scale":{"0.0":[1,1,1],"0.1667":[1,0.4,1],"0.3333":[1,0.6,1],"0.4583":[1,0.9,1],"0.5833":[1,0.5,1],"0.75":[1,0.3,1],"1.0833":[1,0,1]}},"body":{"position":{"0.0":{"post":[0,0,0],"lerp_mode":"catmullrom"},"0.1667":{"post":[0,-1,0],"lerp_mode":"catmullrom"},"0.2917":{"post":[0,4,0],"lerp_mode":"catmullrom"},"0.5":{"post":[0,-1,0],"lerp_mode":"catmullrom"},"0.75":{"post":[0,0,0],"lerp_mode":"catmullrom"}}}},"sound_effects":{"0.0417":{"effect":"pokemon.hatenna.cry"}}}}}