{"format_version":"1.8.0","animations":{"animation.heliolisk.ground_idle":{"loop":true,"bones":{"bottom_neck":{"rotation":["-17.5+math.cos((q.anim_time)*360*0.5)*2",0,0]},"head":{"rotation":["5+math.cos((q.anim_time -0.3)*360*0.5)*2",0,0]},"left_leg":{"rotation":[-2.47582,-0.43767,5.02372],"position":[1,-0.4,0]},"lower_leg2":{"rotation":[2.5,0,-2.5],"position":[0,0.3,0]},"tail":{"rotation":["17.5+math.cos((q.anim_time -0.1)*360*1)*5","math.cos((q.anim_time -0.5)*360*0.5)*5 + math.cos((q.anim_time -0.7)*360*0.5)*2",0]},"tail2":{"rotation":["-22.5+math.cos((q.anim_time -0.3)*360*1)*15","math.cos((q.anim_time -0.5)*360*0.5)*5 + math.cos((q.anim_time -0.7)*360*0.5)*2",0]},"tail3":{"rotation":["-25+math.cos((q.anim_time -0.5)*360*1)*25",0,0]},"left_arm":{"rotation":[2.06754,22.4097,"-29.5904+math.cos((q.anim_time-0.3)*360*0.5)*5"]},"left_hand":{"rotation":[0,0,-32.5]},"upper_left_arm":{"rotation":[-89.85576,38.13173,-53.40872]},"right_arm":{"rotation":[0,"-22.5-math.cos((q.anim_time-0.7)*360*0.5)*5","35-math.cos((q.anim_time-0.7)*360*0.5)*5"]},"upper_right_arm":{"rotation":[-86.3216,-32.3939,54.74011]},"right_hand":{"rotation":[0,0,17.5]},"open_frill":{"scale":[0,0,1]},"body":{"rotation":["math.cos((q.anim_time)*360*0.5)*2",0,0]},"mouth":{"rotation":["-5+math.cos((q.anim_time -0.2)*360*0.5)*5",0,0]}}},"animation.heliolisk.ground_walk":{"loop":true,"bones":{"left_leg":{"rotation":["math.cos((q.anim_time -0.3)*360*1)*25",0,0]},"tail":{"rotation":["17.5+math.cos((q.anim_time -0.1)*360*1)*5","math.cos((q.anim_time -0.5)*360*0.5)*5 + math.cos((q.anim_time -0.7)*360*0.5)*2",0]},"tail2":{"rotation":["-22.5+math.cos((q.anim_time -0.3)*360*1)*15","math.cos((q.anim_time -0.5)*360*0.5)*5 + math.cos((q.anim_time -0.7)*360*0.5)*2",0]},"tail3":{"rotation":["-25+math.cos((q.anim_time -0.5)*360*1)*25",0,0]},"left_arm":{"rotation":[0,"math.cos((q.anim_time -0.3)*360*1)*22",-27.5]},"upper_left_arm":{"rotation":[-3.90399,"17.0723+math.cos((q.anim_time -0.5)*360*1)*22",-53.08619]},"open_frill":{"scale":0},"main":{"rotation":[0,0,0],"position":[0,"0.9-math.cos((q.anim_time)*360*2)*0.5",0]},"foot_left":{"rotation":["-math.cos(query.anim_time*360 )*-9",0,0]},"right_leg":{"rotation":["math.cos((q.anim_time -0.8)*360*1)*25",0,0]},"frills_down":{"scale":1},"foot_right":{"rotation":["math.cos(query.anim_time*360 )*-9",0,0]},"body":{"rotation":["-10+math.cos((q.anim_time -0.3)*360*1)*1",0,0]},"right_arm":{"rotation":[0,"math.cos((q.anim_time -0.3)*360*1)*22",27.5]},"upper_right_arm":{"rotation":[0,"-17.0723+math.cos((q.anim_time -0.5)*360*1)*22",53.0862]},"bottom_neck":{"rotation":["math.cos((q.anim_time -0.7)*360*1)*2",0,0]},"head":{"rotation":["math.cos((q.anim_time -0.7)*360*1)*2",0,0]}}},"animation.heliolisk.battle_idle":{"loop":true,"bones":{"bottom_neck":{"rotation":["-22.5+math.cos((q.anim_time)*360*0.5)*2",0,0],"position":[0,0,0.5]},"head":{"rotation":["12.5+math.cos((q.anim_time -0.3)*360*0.5)*2",0,0]},"left_leg":{"rotation":[-2.47582,-0.43767,5.02372],"position":[1,-0.4,0]},"lower_leg2":{"rotation":[2.5,0,-2.5],"position":[0,0.3,0]},"tail":{"rotation":["17.5+math.cos((q.anim_time -0.1)*360*1)*5","math.cos((q.anim_time -0.5)*360*0.5)*5 + math.cos((q.anim_time -0.7)*360*0.5)*2",0]},"tail2":{"rotation":["-22.5+math.cos((q.anim_time -0.3)*360*1)*15","math.cos((q.anim_time -0.5)*360*0.5)*5 + math.cos((q.anim_time -0.7)*360*0.5)*2",0]},"tail3":{"rotation":["-25+math.cos((q.anim_time -0.5)*360*1)*25",0,0]},"left_arm":{"rotation":[2.06754,22.4097,"-29.5904+math.cos((q.anim_time-0.3)*360*0.5)*5"]},"left_hand":{"rotation":[0,0,-32.5]},"upper_left_arm":{"rotation":[-89.85576,38.13173,-53.40872]},"right_arm":{"rotation":[0,"-22.5-math.cos((q.anim_time-0.7)*360*0.5)*5","35-math.cos((q.anim_time-0.7)*360*0.5)*5"]},"upper_right_arm":{"rotation":[-86.3216,-32.3939,54.74011]},"right_hand":{"rotation":[0,0,17.5]},"open_frill":{"scale":1},"body":{"rotation":["math.cos((q.anim_time)*360*0.5)*2",0,0]},"mouth":{"rotation":["-25+math.cos((q.anim_time -0.2)*360*0.5)*2",0,0]},"frill_on_neck":{"scale":0},"frills_down":{"scale":0}}},"animation.heliolisk.blink":{"animation_length":0.29167,"bones":{"left_eye":{"scale":{"0.0":[1,1,1],"0.1667":[1,1,1],"0.2083":[1,0,1]}},"right_eye":{"scale":{"0.0":[1,1,1],"0.1667":[1,1,1],"0.2083":[1,0,1]}}}}}}