{"format_version":"1.8.0","animations":{"animation.heracross_mega.blink":{"animation_length":0.16667,"bones":{"pupil_left":{"position":{"0.0":[0,0,0.1],"0.125":[0,0,0.1],"0.1667":[0,0,0]}},"pupil_closed_left":{"position":{"0.0":[0,0,-0.1],"0.125":[0,0,-0.1],"0.1667":[0,0,0]}},"pupil_right":{"position":{"0.0":[0,0,0.1],"0.125":[0,0,0.1],"0.1667":[0,0,0]}},"pupil_closed_right":{"position":{"0.0":[0,0,-0.1],"0.125":[0,0,-0.1],"0.1667":[0,0,0]}}}},"animation.heracross.ground_walk":{"loop":true,"animation_length":1,"bones":{"torso":{"rotation":["1.5 * math.clamp(math.sin(q.anim_time * 6 * 120), 0, 1)  + 0.5 * math.clamp(math.sin(q.anim_time * 6 * 120), -1, 0)",0,"- 0.5 * math.sin(q.anim_time * 6 *  60)"],"position":[0,"-0.25 * math.sin(q.anim_time * 6 * 120)",0]},"antenna_right":{"rotation":["2 * math.cos(q.anim_time * 6 * 120 - 45)",0,0]},"antenna_right2":{"rotation":["4 * math.cos(q.anim_time * 6 * 120 - 90)",0,0]},"antenna_left":{"rotation":["2 * math.cos(q.anim_time * 6 * 120 - 45)",0,0]},"antenna_left2":{"rotation":["4 * math.cos(q.anim_time * 6 * 120 - 90)",0,0]},"arm_right":{"rotation":["4 * math.cos(q.anim_time * 6 * 60 - 45)",-27.5,-12.5]},"arm_right2":{"rotation":[0,-40,0]},"arm_right3":{"rotation":[0,"- 4 * math.cos(q.anim_time * 6 * 60 - 75)",0]},"arm_left":{"rotation":["- 4 * math.cos(q.anim_time * 6 * 60 - 45)",27.5,12.5]},"arm_left2":{"rotation":[0,40,0]},"arm_left3":{"rotation":[0,"4 * math.cos(q.anim_time * 6 * 60 - 75)",0]},"leg_right":{"rotation":["-37.5 * math.cos(q.anim_time * 6 * 60) + 2.5",0,0],"position":{"0.0":[0,0,0],"0.125":{"pre":[0,-0.2,0],"post":[0,-0.2,0],"lerp_mode":"catmullrom"},"0.25":{"post":[0,0,0],"lerp_mode":"catmullrom"},"0.375":{"post":[0,-0.2,0],"lerp_mode":"catmullrom"},"0.5":{"post":[0,0,0],"lerp_mode":"catmullrom"},"0.75":{"post":[0,0.75,0],"lerp_mode":"catmullrom"},"1.0":{"post":[0,0,0],"lerp_mode":"catmullrom"}}},"leg_right2":{"rotation":{"0.0":[0,0,0],"0.125":{"pre":[10,0,0],"post":[10,0,0],"lerp_mode":"catmullrom"},"0.25":{"post":[2.5,0,0],"lerp_mode":"catmullrom"},"0.375":{"post":[-5,0,0],"lerp_mode":"catmullrom"},"0.5":{"post":[0,0,0],"lerp_mode":"catmullrom"},"0.625":{"post":[-5,0,0],"lerp_mode":"catmullrom"},"0.75":{"post":[-12.5,0,0],"lerp_mode":"catmullrom"},"0.875":{"post":[-5,0,0],"lerp_mode":"catmullrom"},"1.0":{"post":[0,0,0],"lerp_mode":"catmullrom"}}},"feet_right":{"rotation":{"0.0":[0,0,0],"0.125":{"pre":[6.5,0,0],"post":[6.5,0,0],"lerp_mode":"catmullrom"},"0.25":{"post":[-5,0,0],"lerp_mode":"catmullrom"},"0.375":{"post":[-15,0,0],"lerp_mode":"catmullrom"},"0.5":{"post":[0,0,0],"lerp_mode":"catmullrom"},"0.625":{"post":[-5,0,0],"lerp_mode":"catmullrom"},"0.75":{"post":[-10,0,0],"lerp_mode":"catmullrom"},"0.875":{"post":[-5,0,0],"lerp_mode":"catmullrom"},"1.0":{"post":[0,0,0],"lerp_mode":"catmullrom"}}},"leg_left":{"rotation":["37.5 * math.cos(q.anim_time * 6 * 60) + 2.5",0,0],"position":{"0.0":[0,0,0],"0.25":{"pre":[0,0.75,0],"post":[0,0.75,0],"lerp_mode":"catmullrom"},"0.5":{"post":[0,0,0],"lerp_mode":"catmullrom"},"0.625":{"post":[0,-0.2,0],"lerp_mode":"catmullrom"},"0.75":{"post":[0,0,0],"lerp_mode":"catmullrom"},"0.875":{"post":[0,-0.2,0],"lerp_mode":"catmullrom"},"1.0":{"post":[0,0,0],"lerp_mode":"catmullrom"}}},"leg_left2":{"rotation":{"0.0":[0,0,0],"0.125":{"pre":[-5,0,0],"post":[-5,0,0],"lerp_mode":"catmullrom"},"0.25":{"post":[-12.5,0,0],"lerp_mode":"catmullrom"},"0.375":{"post":[-5,0,0],"lerp_mode":"catmullrom"},"0.5":{"post":[0,0,0],"lerp_mode":"catmullrom"},"0.625":{"post":[10,0,0],"lerp_mode":"catmullrom"},"0.75":{"post":[2.5,0,0],"lerp_mode":"catmullrom"},"0.875":{"post":[-5,0,0],"lerp_mode":"catmullrom"},"1.0":{"post":[0,0,0],"lerp_mode":"catmullrom"}}},"feet_left":{"rotation":{"0.0":[0,0,0],"0.125":{"pre":[-5,0,0],"post":[-5,0,0],"lerp_mode":"catmullrom"},"0.25":{"post":[-10,0,0],"lerp_mode":"catmullrom"},"0.375":{"post":[-5,0,0],"lerp_mode":"catmullrom"},"0.5":{"post":[0,0,0],"lerp_mode":"catmullrom"},"0.625":{"post":[7.5,0,0],"lerp_mode":"catmullrom"},"0.75":{"post":[-5,0,0],"lerp_mode":"catmullrom"},"0.875":{"post":[-15,0,0],"lerp_mode":"catmullrom"},"1.0":{"post":[0,0,0],"lerp_mode":"catmullrom"}}}}},"animation.heracross.ground_idle":{"loop":true,"bones":{"body":{"rotation":[0,0,0],"position":[0,-1.25,0]},"leg_right":{"rotation":[40.5,20,11.5]},"leg_right2":{"rotation":[-25,-5,-7.5]},"feet_right":{"rotation":[-11,0,-2]},"arm_right":{"rotation":[-15,-12.5,"-37.5 + 2 * math.sin(q.anim_time * 6 * 60 - 75)"]},"arm_right2":{"rotation":[0,-35,0]},"arm_right3":{"rotation":[20,-35,"-1.5 * math.sin(q.anim_time * 6 * 60 - 105)"]},"antenna_right":{"rotation":["1.5 * math.sin(q.anim_time * 6 * 60 - 45)",20,-15]},"torso":{"rotation":["12.5 + 0.5 * math.sin(q.anim_time * 6 * 60)",0,0]},"heracross":{"position":[0,0.5,0]},"antenna_left":{"rotation":["1.5 * math.sin(q.anim_time * 6 * 60 - 45)",-20,15]},"arm_left":{"rotation":[-15,12.5,"37.5 - 2 * math.sin(q.anim_time * 6 * 60 - 75)"]},"arm_left2":{"rotation":[0,35,0]},"arm_left3":{"rotation":[20,35,"1.5 * math.sin(q.anim_time * 6 * 60 - 105)"]},"leg_left":{"rotation":[40.5,-20,-11.5]},"leg_left2":{"rotation":[-25,5,7.5]},"feet_left":{"rotation":[-11,0,2]},"antenna_right2":{"rotation":["1.5 * math.sin(q.anim_time * 6 * 60 - 75)",0,0]},"antenna_left2":{"rotation":["1.5 * math.sin(q.anim_time * 6 * 60 - 75)",0,0]}}},"animation.heracross_mega.ground_walk":{"loop":true,"animation_length":1,"bones":{"torso":{"rotation":["1.5 * math.clamp(math.sin(q.anim_time * 6 * 120), 0, 1)  + 0.5 * math.clamp(math.sin(q.anim_time * 6 * 120), -1, 0)",0,"- 0.5 * math.sin(q.anim_time * 6 *  60)"],"position":[0,"-0.25 * math.sin(q.anim_time * 6 * 120)",0]},"antenna_right":{"rotation":["2 * math.cos(q.anim_time * 6 * 120 - 45)",0,0]},"antenna_right2":{"rotation":["4 * math.cos(q.anim_time * 6 * 120 - 90)",0,0]},"antenna_left":{"rotation":["2 * math.cos(q.anim_time * 6 * 120 - 45)",0,0]},"antenna_left2":{"rotation":["4 * math.cos(q.anim_time * 6 * 120 - 90)",0,0]},"arm_right":{"rotation":["4 * math.cos(q.anim_time * 6 * 60 - 45)",-27.5,-12.5]},"arm_right2":{"rotation":[0,-40,0]},"arm_right3":{"rotation":[0,"- 4 * math.cos(q.anim_time * 6 * 60 - 75)",0]},"arm_left":{"rotation":["- 4 * math.cos(q.anim_time * 6 * 60 - 45)",27.5,12.5]},"arm_left2":{"rotation":[0,40,0]},"arm_left3":{"rotation":[0,"4 * math.cos(q.anim_time * 6 * 60 - 75)",0]},"leg_right":{"rotation":["-37.5 * math.cos(q.anim_time * 6 * 60) + 2.5",0,0],"position":{"0.0":[0,0,0],"0.125":{"pre":[0,-0.2,0],"post":[0,-0.2,0],"lerp_mode":"catmullrom"},"0.25":{"post":[0,0,0],"lerp_mode":"catmullrom"},"0.375":{"post":[0,-0.2,0],"lerp_mode":"catmullrom"},"0.5":{"post":[0,0,0],"lerp_mode":"catmullrom"},"0.75":{"post":[0,0.75,0],"lerp_mode":"catmullrom"},"1.0":{"post":[0,0,0],"lerp_mode":"catmullrom"}}},"leg_right2":{"rotation":{"0.0":[0,0,0],"0.125":{"pre":[10,0,0],"post":[10,0,0],"lerp_mode":"catmullrom"},"0.25":{"post":[2.5,0,0],"lerp_mode":"catmullrom"},"0.375":{"post":[-5,0,0],"lerp_mode":"catmullrom"},"0.5":{"post":[0,0,0],"lerp_mode":"catmullrom"},"0.625":{"post":[-5,0,0],"lerp_mode":"catmullrom"},"0.75":{"post":[-12.5,0,0],"lerp_mode":"catmullrom"},"0.875":{"post":[-5,0,0],"lerp_mode":"catmullrom"},"1.0":{"post":[0,0,0],"lerp_mode":"catmullrom"}}},"feet_right":{"rotation":{"0.0":[0,0,0],"0.125":{"pre":[6.5,0,0],"post":[6.5,0,0],"lerp_mode":"catmullrom"},"0.25":{"post":[-5,0,0],"lerp_mode":"catmullrom"},"0.375":{"post":[-15,0,0],"lerp_mode":"catmullrom"},"0.5":{"post":[0,0,0],"lerp_mode":"catmullrom"},"0.625":{"post":[-5,0,0],"lerp_mode":"catmullrom"},"0.75":{"post":[-10,0,0],"lerp_mode":"catmullrom"},"0.875":{"post":[-5,0,0],"lerp_mode":"catmullrom"},"1.0":{"post":[0,0,0],"lerp_mode":"catmullrom"}}},"leg_left":{"rotation":["37.5 * math.cos(q.anim_time * 6 * 60) + 2.5",0,0],"position":{"0.0":[0,0,0],"0.25":{"pre":[0,0.75,0],"post":[0,0.75,0],"lerp_mode":"catmullrom"},"0.5":{"post":[0,0,0],"lerp_mode":"catmullrom"},"0.625":{"post":[0,-0.2,0],"lerp_mode":"catmullrom"},"0.75":{"post":[0,0,0],"lerp_mode":"catmullrom"},"0.875":{"post":[0,-0.2,0],"lerp_mode":"catmullrom"},"1.0":{"post":[0,0,0],"lerp_mode":"catmullrom"}}},"leg_left2":{"rotation":{"0.0":[0,0,0],"0.125":{"pre":[-5,0,0],"post":[-5,0,0],"lerp_mode":"catmullrom"},"0.25":{"post":[-12.5,0,0],"lerp_mode":"catmullrom"},"0.375":{"post":[-5,0,0],"lerp_mode":"catmullrom"},"0.5":{"post":[0,0,0],"lerp_mode":"catmullrom"},"0.625":{"post":[10,0,0],"lerp_mode":"catmullrom"},"0.75":{"post":[2.5,0,0],"lerp_mode":"catmullrom"},"0.875":{"post":[-5,0,0],"lerp_mode":"catmullrom"},"1.0":{"post":[0,0,0],"lerp_mode":"catmullrom"}}},"feet_left":{"rotation":{"0.0":[0,0,0],"0.125":{"pre":[-5,0,0],"post":[-5,0,0],"lerp_mode":"catmullrom"},"0.25":{"post":[-10,0,0],"lerp_mode":"catmullrom"},"0.375":{"post":[-5,0,0],"lerp_mode":"catmullrom"},"0.5":{"post":[0,0,0],"lerp_mode":"catmullrom"},"0.625":{"post":[7.5,0,0],"lerp_mode":"catmullrom"},"0.75":{"post":[-5,0,0],"lerp_mode":"catmullrom"},"0.875":{"post":[-15,0,0],"lerp_mode":"catmullrom"},"1.0":{"post":[0,0,0],"lerp_mode":"catmullrom"}}},"heracross_mega":{"position":[0,1,0]}}},"animation.heracross_mega.ground_idle":{"loop":true,"bones":{"body":{"rotation":[0,0,0],"position":[0,-1.25,0]},"leg_right":{"rotation":[40.5,20,11.5]},"leg_right2":{"rotation":[-25,-5,-7.5]},"feet_right":{"rotation":[-11,0,-2]},"arm_right":{"rotation":[-15,-12.5,"-37.5 + 2 * math.sin(q.anim_time * 6 * 60 - 75)"]},"arm_right2":{"rotation":[0,-35,0]},"arm_right3":{"rotation":[20,-35,"-1.5 * math.sin(q.anim_time * 6 * 60 - 105)"]},"antenna_right":{"rotation":["1.5 * math.sin(q.anim_time * 6 * 60 - 45)",20,-15]},"torso":{"rotation":["12.5 + 0.5 * math.sin(q.anim_time * 6 * 60)",0,0]},"heracross":{"position":[0,0.5,0]},"antenna_left":{"rotation":["1.5 * math.sin(q.anim_time * 6 * 60 - 45)",-20,15]},"arm_left":{"rotation":[-15,12.5,"37.5 - 2 * math.sin(q.anim_time * 6 * 60 - 75)"]},"arm_left2":{"rotation":[0,35,0]},"arm_left3":{"rotation":[20,35,"1.5 * math.sin(q.anim_time * 6 * 60 - 105)"]},"leg_left":{"rotation":[40.5,-20,-11.5]},"leg_left2":{"rotation":[-25,5,7.5]},"feet_left":{"rotation":[-11,0,2]},"antenna_right2":{"rotation":["1.5 * math.sin(q.anim_time * 6 * 60 - 75)",0,0]},"antenna_left2":{"rotation":["1.5 * math.sin(q.anim_time * 6 * 60 - 75)",0,0]},"heracross_mega":{"position":[0,2,0]}}}},"geckolib_format_version":2}