{"format_version":"1.8.0","animations":{"animation.hoopa.blink":{"animation_length":0.215,"bones":{"eyelid_left":{"position":{"0.0":[0,0,-1],"0.1667":[0,0,-1],"0.2083":[0,0,0]}},"eyelid_right":{"position":{"0.0":[0,0,-1],"0.1667":[0,0,-1],"0.2083":[0,0,0]}}}},"animation.hoopa.faint":{"animation_length":1.5,"bones":{"body":{"rotation":{"0.0":[0,0,0],"0.25":[0,0,90]},"position":{"0.0":[0,0,0],"0.1667":[9.67,-5,0],"0.25":[13,-8,0],"1.5":[13,-8,0]}},"hoopa":{"position":[0,4,0]}}},"animation.hoopa.ground_idle":{"loop":true,"bones":{"body":{"position":["0+math.sin(q.anim_time*90*2)*3","3-math.clamp(math.sin(q.anim_time*90*4-90)*1+1,0,2)",0]},"torso":{"rotation":[10,"0-math.sin(q.anim_time*90*2-90)*4","0+math.sin(q.anim_time*90*2-45)*5"]},"head":{"rotation":["2.5+math.sin(q.anim_time*90*4-135)*3",0,"0+math.sin(q.anim_time*90*2-90)*3"]},"hoop_left":{"rotation":[0,0,"-25+math.sin(q.anim_time*90*4-225)*5"],"position":["0.35+math.sin(q.anim_time*90*2-135)*1/6",0.15,"0+math.sin(q.anim_time*90*4-90)*1/6"]},"hoop_right":{"rotation":[0,0,"25-math.sin(q.anim_time*90*4-225)*5"],"position":["-0.35+math.sin(q.anim_time*90*2-135)*1/6",0.15,"0+math.sin(q.anim_time*90*4-90)*1/6"]},"hair":{"rotation":["0+math.sin(q.anim_time*90*4-180)*5","0+math.sin(q.anim_time*90*2-135)*6",0]},"hair1":{"rotation":["-15+math.sin(q.anim_time*90*4-225)*6","0+math.sin(q.anim_time*90*2-135)*7",0]},"hair2":{"rotation":["25+math.sin(q.anim_time*90*4-270)*7","0+math.sin(q.anim_time*90*2-180)*8",0]},"arm_left":{"rotation":[0,"-15+math.sin(q.anim_time*90*4-45)*3","37.5+math.sin(q.anim_time*90*4-180)*5"],"position":[0.75,1,0]},"hand_left":{"rotation":[0,0,0]},"fingers_left":{"rotation":[0,0,"20+math.sin(q.anim_time*90*4-180)*6"]},"thumb_left":{"rotation":[0,25,37.5]},"thumb_left1":{"rotation":[0,"-25+math.sin(q.anim_time*90*4-180)*6",0]},"arm_right":{"rotation":[0,"15-math.sin(q.anim_time*90*4-45)*3","-37.5-math.sin(q.anim_time*90*4-180)*5"],"position":[-0.75,1,0]},"hand_right":{"rotation":[0,0,0]},"fingers_right":{"rotation":[0,0,"-20-math.sin(q.anim_time*90*4-180)*6"]},"thumb_right":{"rotation":[0,-25,-37.5]},"thumb_right1":{"rotation":[0,"25-math.sin(q.anim_time*90*4-180)*6",0]},"tail":{"rotation":["-2.5+math.sin(q.anim_time*90*4+45)*5",0,"0-math.sin(q.anim_time*90*2-135)*6"]},"tail1":{"rotation":[12.5,0,0]}}}},"geckolib_format_version":2}