{"format_version":"1.8.0","animations":{"animation.houndoom_mega.ground_idle":{"loop":true,"animation_length":4,"bones":{"torso":{"rotation":["math.cos(q.anim_time*90+130)*1.5",0,0],"position":[0,"-1/2+math.cos(q.anim_time*90)/2",0]},"tail":{"rotation":["-42.5+math.cos(q.anim_time*90+130-40)*2",0,0]},"tail2":{"rotation":["30+math.cos(q.anim_time*90+130-80)*5",0,0]},"tail3":{"rotation":["25+math.cos(q.anim_time*90+130-110)*6",0,0]},"tail4":{"rotation":["12.5+math.cos(q.anim_time*90+130-140)*6",0,0]},"leg_front_left":{"rotation":[0,0,0]}}},"animation.houndoom_mega.battle_idle":{"loop":true,"animation_length":2,"bones":{"torso":{"rotation":["15+math.cos(q.anim_time*90*2+130)*1.5",0,0],"position":[0,"-1+math.cos(q.anim_time*90*2)/2",0]},"tail":{"rotation":["-42.5+math.cos(q.anim_time*90*2+130-40)*2",0,0]},"tail2":{"rotation":["30+math.cos(q.anim_time*90*2+130-80)*5",0,0]},"tail3":{"rotation":["25+math.cos(q.anim_time*90*2+130-110)*6",0,0]},"tail4":{"rotation":["12.5+math.cos(q.anim_time*90*2+130-140)*6",0,0]},"leg_front_left":{"rotation":["-10+math.cos(q.anim_time*90*2+160)*5",-20,0],"position":["0.5+math.cos(q.anim_time*90*2+160)/17","-1.09-math.cos(q.anim_time*90*2+160)/1.7875","1-math.cos(q.anim_time*90*2+160)/6"]},"leg_front_left2":{"rotation":["-15-math.cos(q.anim_time*90*2+160)*10",0,0]},"foot_front_left":{"rotation":["25+math.cos(q.anim_time*90*2+160)*5",0,0]},"neck":{"rotation":["-5+math.cos(q.anim_time*90*2+90)*2",0,0]},"head":{"rotation":["-9+math.cos(q.anim_time*90*2-50)*3",0,0]},"leg_back_left":{"rotation":["-15-math.cos(q.anim_time*90*2+160)*5",-20,0],"position":[1,"0.05-math.cos(q.anim_time*90*2+160)/18",-3]},"leg_back_left2":{"rotation":["10+math.cos(q.anim_time*90*2+160)*12",0,0]},"foot_back_left":{"rotation":["5-math.cos(q.anim_time*90*2+160)*7",0,0]},"leg_front_right":{"rotation":["20+math.cos(q.anim_time*90*2+160)*5",20,0],"position":["-1.5+math.cos(q.anim_time*90*2+160)/25","-1.3-math.cos(q.anim_time*90*2+160)/1.45",1]},"leg_front_right2":{"rotation":["-32.5-math.cos(q.anim_time*90*2+160)*10",0,0]},"foot_front_right":{"rotation":["12.5+math.cos(q.anim_time*90*2+160)*5",0,0]},"leg_back_right":{"rotation":["-15-math.cos(q.anim_time*90*2+160)*5",30,0],"position":[-1,"-0.1-math.cos(q.anim_time*90*2+160)/3.3",0]},"leg_back_right2":{"rotation":["40+math.cos(q.anim_time*90*2+160)*12",0,0]},"foot_back_right":{"rotation":["-25-math.cos(q.anim_time*90*2+160)*7",0,0]}}},"animation.houndoom_mega.ground_walk":{"loop":true,"animation_length":1.5,"bones":{"torso":{"rotation":["math.cos(q.anim_time*90*2*2.655+120)","-math.cos(q.anim_time*90*2.655+120)",0],"position":[0,"math.cos(q.anim_time*90*2*2.655)/3",0]},"tail":{"rotation":["-25-math.cos(q.anim_time*90*2*2.655+70)*2","-math.cos(q.anim_time*90*2.655+70)*5",0]},"tail2":{"rotation":["20-math.cos(q.anim_time*90*2*2.655+30)*3","-math.cos(q.anim_time*90*2.655+20)*6",0]},"tail3":{"rotation":["25-math.cos(q.anim_time*90*2*2.655-10)*2","-math.cos(q.anim_time*90*2.655-40)*8",0]},"tail4":{"rotation":["10-math.cos(q.anim_time*90*2*2.655-70)*7.5","-math.cos(q.anim_time*90*2.655-40)*10",0]},"neck":{"rotation":["math.cos(q.anim_time*90*2*2.667+40)*1.5","-math.cos(q.anim_time*90*2.655+210)",0]},"head":{"rotation":["math.cos(q.anim_time*90*2*2.667-40)*1.5","-math.cos(q.anim_time*90*2.655+300)",0]},"leg_back_left":{"rotation":{"0.0":[0,-10,0],"0.375":[15,-10,0],"0.5833":{"pre":[7.1,-10,0],"post":[7.1,-10,0],"lerp_mode":"catmullrom"},"0.75":{"post":[-0.5,-10,0],"lerp_mode":"catmullrom"},"0.9583":{"post":[-10.46,-10,0],"lerp_mode":"catmullrom"},"1.125":[-15,-10,0],"1.5":[0,-10,0]},"position":{"0.0":[0,0,0],"0.375":[0,-0.175,1.5],"0.75":{"pre":[0,1.5,0],"post":[0,1.5,0],"lerp_mode":"catmullrom"},"1.125":[0,-0.275,-1.5],"1.5":[0,0,0]}},"leg_back_left2":{"rotation":{"0.0":[0,0,0],"0.375":[-10,0,0],"0.5833":{"pre":[17.5,0,0],"post":[17.5,0,0],"lerp_mode":"catmullrom"},"0.75":{"post":[8.55,0,0],"lerp_mode":"catmullrom"},"1.0":{"post":[-4.88,0,0],"lerp_mode":"catmullrom"},"1.125":[10,0,0],"1.5":[0,0,0]}},"foot_back_left":{"rotation":{"0.0":[0,0,0],"0.375":[-5,0,0],"0.6667":{"pre":[35,0,0],"post":[35,0,0],"lerp_mode":"catmullrom"},"0.75":{"post":[25,0,0],"lerp_mode":"catmullrom"},"1.125":[5,0,0],"1.5":[0,0,0]}},"leg_front_left":{"rotation":{"0.0":[-6.67,-10,0],"0.1667":[0,-10,0],"0.5417":[15,-10,0],"0.75":{"pre":[7.1,-10,0],"post":[7.1,-10,0],"lerp_mode":"catmullrom"},"0.9167":{"post":[-0.5,-10,0],"lerp_mode":"catmullrom"},"1.125":{"post":[-10.46,-10,0],"lerp_mode":"catmullrom"},"1.2917":[-15,-10,0],"1.5":[-6.67,-10,0]},"position":{"0.0":[0,-0.12,0.33],"0.1667":[0,0,1],"0.5417":[0,-0.175,2.5],"0.75":{"pre":[0,0.76,1.67],"post":[0,0.76,1.67],"lerp_mode":"catmullrom"},"0.9167":{"post":[0,1.5,1],"lerp_mode":"catmullrom"},"1.2917":[0,-0.275,-0.5],"1.5":[0,-0.12,0.33]}},"leg_front_left2":{"rotation":{"0.0":[5,0,0],"0.5417":[-5,0,0],"0.7083":{"pre":[-17.5,0,0],"post":[-17.5,0,0],"lerp_mode":"catmullrom"},"0.75":{"post":[-17.19,0,0],"lerp_mode":"catmullrom"},"1.0833":{"post":[-14.72,0,0],"lerp_mode":"catmullrom"},"1.2917":[8.5,0,0],"1.5":[5,0,0]}},"foot_front_left":{"rotation":{"0.0":[1.5,0,0],"0.5417":[-9.5,0,0],"0.6667":{"pre":[20.5,0,0],"post":[20.5,0,0],"lerp_mode":"catmullrom"},"0.75":{"post":[16.77,0,0],"lerp_mode":"catmullrom"},"1.125":{"post":[0,0,0],"lerp_mode":"catmullrom"},"1.2917":[6.5,0,0],"1.5":[1.5,0,0]}},"leg_front_right":{"rotation":{"0.0":{"post":[7.1,10,0],"lerp_mode":"catmullrom"},"0.1667":{"post":[-0.5,10,0],"lerp_mode":"catmullrom"},"0.375":{"post":[-10.46,10,0],"lerp_mode":"catmullrom"},"0.5417":[-15,10,0],"0.75":[-6.67,10,0],"0.9167":[0,10,0],"1.2917":[15,10,0],"1.5":{"pre":[7.1,10,0],"post":[7.1,10,0],"lerp_mode":"catmullrom"}},"position":{"0.0":{"post":[0,0.76,1.67],"lerp_mode":"catmullrom"},"0.1667":{"post":[0,1.5,1],"lerp_mode":"catmullrom"},"0.5417":[0,-0.275,-0.5],"0.75":[0,-0.12,0.33],"0.9167":[0,0,1],"1.2917":[0,-0.175,2.5],"1.5":{"pre":[0,0.76,1.67],"post":[0,0.76,1.67],"lerp_mode":"catmullrom"}}},"leg_front_right2":{"rotation":{"0.0":{"post":[-17.19,0,0],"lerp_mode":"catmullrom"},"0.3333":{"post":[-14.72,0,0],"lerp_mode":"catmullrom"},"0.5417":[8.5,0,0],"0.75":[5,0,0],"1.2917":[-5,0,0],"1.4583":{"pre":[-17.5,0,0],"post":[-17.5,0,0],"lerp_mode":"catmullrom"},"1.5":{"post":[-17.19,0,0],"lerp_mode":"catmullrom"}}},"foot_front_right":{"rotation":{"0.0":{"post":[16.77,0,0],"lerp_mode":"catmullrom"},"0.375":{"post":[0,0,0],"lerp_mode":"catmullrom"},"0.5417":[6.5,0,0],"0.75":[1.5,0,0],"1.2917":[-9.5,0,0],"1.4167":{"pre":[20.5,0,0],"post":[20.5,0,0],"lerp_mode":"catmullrom"},"1.5":{"post":[16.77,0,0],"lerp_mode":"catmullrom"}}},"leg_back_right":{"rotation":{"0.0":{"post":[-0.5,10,0],"lerp_mode":"catmullrom"},"0.2083":{"post":[-10.46,10,0],"lerp_mode":"catmullrom"},"0.375":[-15,10,0],"0.75":[0,10,0],"1.125":[15,10,0],"1.3333":{"pre":[7.1,10,0],"post":[7.1,10,0],"lerp_mode":"catmullrom"},"1.5":{"post":[-0.5,10,0],"lerp_mode":"catmullrom"}},"position":{"0.0":{"post":[0,1.5,0],"lerp_mode":"catmullrom"},"0.375":[0,-0.275,-1.5],"0.75":[0,0,0],"1.125":[0,-0.175,1.5],"1.5":{"pre":[0,1.5,0],"post":[0,1.5,0],"lerp_mode":"catmullrom"}}},"leg_back_right2":{"rotation":{"0.0":{"post":[8.55,0,0],"lerp_mode":"catmullrom"},"0.25":{"post":[-4.88,0,0],"lerp_mode":"catmullrom"},"0.375":[10,0,0],"0.75":[0,0,0],"1.125":[-10,0,0],"1.3333":{"pre":[17.5,0,0],"post":[17.5,0,0],"lerp_mode":"catmullrom"},"1.5":{"post":[8.55,0,0],"lerp_mode":"catmullrom"}}},"foot_back_right":{"rotation":{"0.0":{"post":[25,0,0],"lerp_mode":"catmullrom"},"0.375":[5,0,0],"0.75":[0,0,0],"1.125":[-5,0,0],"1.4167":{"pre":[35,0,0],"post":[35,0,0],"lerp_mode":"catmullrom"},"1.5":{"post":[25,0,0],"lerp_mode":"catmullrom"}}}}},"animation.houndoom_mega.blink":{"animation_length":0.25,"bones":{"left_eye_closed":{"position":{"0.0":[0.1,0,-0.1],"0.1667":[0.1,0,-0.1],"0.2083":[0,0,0]}},"right_eye_closed":{"position":{"0.0":[-0.1,0,-0.1],"0.1667":[-0.1,0,-0.1],"0.2083":[0,0,0]}}}}}}