{"format_version":"1.8.0","animations":{"animation.houndour.ground_idle":{"loop":true,"animation_length":3,"bones":{"torso":{"position":[0,"math.cos(q.anim_time*60*4)/3",0]},"tail":{"rotation":["-math.sin(q.anim_time*60*4-70)*9",0,"-math.sin(q.anim_time*30*4-70)*9"]},"neck":{"rotation":["-math.sin(q.anim_time*60*4)*1.5",0,"-math.sin(q.anim_time*30*4-45)*1.5"]},"head":{"rotation":["-math.sin(q.anim_time*60*4-45)*1.5",0,"0-math.sin(q.anim_time*30*4-45)*1.5"]}}},"animation.houndour.ground_walk":{"loop":true,"animation_length":3,"bones":{"torso":{"rotation":[0,0,"math.cos(q.anim_time*90*4)*3"]},"tail":{"rotation":[0,"math.sin(q.anim_time*90*4)*8","-math.cos(q.anim_time*90*4)*3"]},"neck":{"rotation":["-math.sin(q.anim_time*90*4)*1.5",0,"-math.cos(q.anim_time*90*4)*1.5"]},"head":{"rotation":["-math.sin(q.anim_time*90*4-90)*1.5",0,"-math.cos(q.anim_time*90*4)*1.5"]},"leg_front_right":{"rotation":["math.cos(q.anim_time*90*4)*8",0,0],"position":[0,"math.clamp(math.sin(q.anim_time*90*4)/3,0,3)",0]},"leg_front_right2":{"rotation":["math.cos(q.anim_time*90*4-25)*8",0,0]},"leg_front_right3":{"rotation":["-math.cos(q.anim_time*90*4-25-25)*16",0,0]},"leg_front_left":{"rotation":["math.cos(q.anim_time*90*4-180)*8",0,0],"position":[0,"math.clamp(math.sin(q.anim_time*90*4-180)/2,0,2)",0]},"leg_front_left2":{"rotation":["math.cos(q.anim_time*90*4-25-180)*8",0,0]},"leg_front_left3":{"rotation":["-math.cos(q.anim_time*90*4-25-25-180)*16",0,0]},"leg_back_right":{"rotation":["math.cos(q.anim_time*90*4-180+15)*8",0,0],"position":[0,"math.clamp(math.sin(q.anim_time*90*4-180+15)/3,0,3)",0]},"leg_back_right2":{"rotation":["math.cos(q.anim_time*90*4-180+15)*8",0,0]},"leg_back_right3":{"rotation":["-math.cos(q.anim_time*90*4-25-25-180+15)*16",0,0]},"leg_back_left":{"rotation":["math.cos(q.anim_time*90*4+15)*8",0,0],"position":[0,"math.clamp(math.sin(q.anim_time*90*4+15)/3,0,3)",0]},"leg_back_left2":{"rotation":["math.cos(q.anim_time*90*4-25+15)*8",0,0]},"leg_back_left3":{"rotation":["-math.cos(q.anim_time*90*4-25-25+15)*16",0,0]}}},"animation.houndour.blink":{"animation_length":0.2083,"bones":{"left_eye_closed":{"position":{"0.0":[0.1,0,-0.1],"0.1667":[0.1,0,-0.1],"0.2083":[0,0,0]}},"right_eye_closed":{"position":{"0.0":[-0.1,0,-0.1],"0.1667":[-0.1,0,-0.1],"0.2083":[0,0,0]}}}}}}