{"format_version":"1.8.0","animations":{"animation.hydrapple.ground_idle":{"loop":true,"animation_length":4,"bones":{"main_head_neck_base":{"rotation":["-22.5+math.cos(q.anim_time*90-90)*5",0,0]},"main_head_neck_base_bend":{"rotation":["-22.5+math.cos(q.anim_time*90-90-90)*4",0,0]},"main_head_neck_mid":{"rotation":["-5+math.cos(q.anim_time*90-90-90-90)*4",0,0]},"main_head_neck_mid_bend":{"rotation":["45+math.cos(q.anim_time*90-90-180-90)*8",0,0]},"main_head_neck_end":{"rotation":["22.5+math.cos(q.anim_time*90-90-180-180)*5",0,0]},"main_head_neck_end_bend":{"rotation":["45+math.cos(q.anim_time*90-90-180-180+90)*5",0,0]},"main_head_neck_tip":{"rotation":["22.5+math.cos(q.anim_time*90-90-180-180+180)*5",0,0]},"main_head_eye_left":{"rotation":["18.5337-math.cos(q.anim_time*90)*5",-34.044,-64.8734]},"main_head_eye_left_bend":{"rotation":["-22.5-math.cos(q.anim_time*90-90)*8",0,0]},"main_head_eye_right":{"rotation":["18.5337-math.cos(q.anim_time*90)*5",34.044,64.8734]},"main_head_eye_right_bend":{"rotation":["-22.5-math.cos(q.anim_time*90-90)*8",0,0]},"front_right_head_neck_base":{"scale":0},"front_left_head_neck_base":{"scale":0},"back_left_head_neck_base":{"scale":0},"back_right_head_neck_base":{"scale":0},"main_head_head":{"rotation":["22.5+math.cos(q.anim_time*90-90-180-180+180+45)*8",0,0]},"main_head_jaw":{"rotation":["5+math.cos(q.anim_time*90)*5",0,0]},"main_head_tongue":{"scale":0},"tail_right_base":{"rotation":["5+math.cos(q.anim_time*90)*10",22.5,0]},"tail_right_bend":{"rotation":["math.cos(q.anim_time*90-45)*10",0,0]},"tail_right_end":{"rotation":["math.cos(q.anim_time*90-90)*15",0,0]},"tail_right_tip":{"rotation":["math.cos(q.anim_time*90-90-45)*20",0,0]},"tail_leaves_right":{"rotation":["math.cos(q.anim_time*90-90-90)*20",0,0]},"tail_left_base":{"rotation":["5-math.cos(q.anim_time*90)*10",-22.5,0]},"tail_left_bend":{"rotation":["-math.cos(q.anim_time*90-45)*10",0,0]},"tail_left_end":{"rotation":["-math.cos(q.anim_time*90-90)*15",0,0]},"tail_left_tip":{"rotation":["-math.cos(q.anim_time*90-90-45)*20",0,0]},"tail_leaves_left":{"rotation":["-math.cos(q.anim_time*90-90-90)*20",0,0]}}},"animation.hydrapple.blink":{"animation_length":0.16667,"bones":{"front_right_head_eye_left_closed":{"position":{"0.0":[0,0,-0.03],"0.125":[0,0,-0.03],"0.1667":[0,0,0]}},"front_right_head_eye_left_bend_closed":{"position":{"0.0":[0,0,-0.03],"0.125":[0,0,-0.03],"0.1667":[0,0,0]}},"front_right_head_eye_right_closed":{"position":{"0.0":[0,0,-0.03],"0.125":[0,0,-0.03],"0.1667":[0,0,0]}},"front_right_head_eye_right_bend_closed":{"position":{"0.0":[0,0,-0.03],"0.125":[0,0,-0.03],"0.1667":[0,0,0]}},"main_head_eye_left_closed":{"position":{"0.0":[0,0,-0.03],"0.125":[0,0,-0.03],"0.1667":[0,0,0]}},"main_head_eye_left_bend_closed":{"position":{"0.0":[0,0,-0.03],"0.125":[0,0,-0.03],"0.1667":[0,0,0]}},"main_head_eye_right_closed":{"position":{"0.0":[0,0,-0.03],"0.125":[0,0,-0.03],"0.1667":[0,0,0]}},"main_head_eye_right_bend_closed":{"position":{"0.0":[0,0,-0.03],"0.125":[0,0,-0.03],"0.1667":[0,0,0]}},"front_left_head_eye_right_closed":{"position":{"0.0":[0,0,-0.03],"0.125":[0,0,-0.03],"0.1667":[0,0,0]}},"front_left_head_eye_right_bend_closed":{"position":{"0.0":[0,0,-0.03],"0.125":[0,0,-0.03],"0.1667":[0,0,0]}},"front_left_head_eye_left_closed":{"position":{"0.0":[0,0,-0.03],"0.125":[0,0,-0.03],"0.1667":[0,0,0]}},"front_left_head_eye_left_bend_closed":{"position":{"0.0":[0,0,-0.03],"0.125":[0,0,-0.03],"0.1667":[0,0,0]}},"back_left_head_eye_right_closed":{"position":{"0.0":[0,0,-0.03],"0.125":[0,0,-0.03],"0.1667":[0,0,0]}},"back_left_head_eye_right_bend_closed":{"position":{"0.0":[0,0,-0.03],"0.125":[0,0,-0.03],"0.1667":[0,0,0]}},"back_left_head_eye_left_closed":{"position":{"0.0":[0,0,-0.03],"0.125":[0,0,-0.03],"0.1667":[0,0,0]}},"back_left_head_eye_left_bend_closed":{"position":{"0.0":[0,0,-0.03],"0.125":[0,0,-0.03],"0.1667":[0,0,0]}},"back_right_head_eye_left_closed":{"position":{"0.0":[0,0,-0.03],"0.125":[0,0,-0.03],"0.1667":[0,0,0]}},"back_right_head_eye_left_bend_closed":{"position":{"0.0":[0,0,-0.03],"0.125":[0,0,-0.03],"0.1667":[0,0,0]}},"back_right_head_eye_right_closed":{"position":{"0.0":[0,0,-0.03],"0.125":[0,0,-0.03],"0.1667":[0,0,0]}},"back_right_head_eye_right_bend_closed":{"position":{"0.0":[0,0,-0.03],"0.125":[0,0,-0.03],"0.1667":[0,0,0]}}}},"animation.hydrapple.battle_idle":{"loop":true,"animation_length":4,"bones":{"main_head_neck_base":{"rotation":["-22.5+math.cos(q.anim_time*90-90)*5",0,0]},"main_head_neck_base_bend":{"rotation":["-22.5+math.cos(q.anim_time*90-90-90)*4",0,0]},"main_head_neck_mid":{"rotation":["-5+math.cos(q.anim_time*90-90-90-90)*4",0,0]},"main_head_neck_mid_bend":{"rotation":["45+math.cos(q.anim_time*90-90-180-90)*8",0,0]},"main_head_neck_end":{"rotation":["22.5+math.cos(q.anim_time*90-90-180-180)*5",0,0]},"main_head_neck_end_bend":{"rotation":["45+math.cos(q.anim_time*90-90-180-180+90)*5",0,0]},"main_head_neck_tip":{"rotation":["22.5+math.cos(q.anim_time*90-90-180-180+180)*5",0,0]},"main_head_eye_left":{"rotation":["18.5337-math.cos(q.anim_time*90)*5",-34.044,-64.8734]},"main_head_eye_left_bend":{"rotation":["-22.5-math.cos(q.anim_time*90-90)*8",0,0]},"main_head_eye_right":{"rotation":["18.5337-math.cos(q.anim_time*90)*5",34.044,64.8734]},"main_head_eye_right_bend":{"rotation":["-22.5-math.cos(q.anim_time*90-90)*8",0,0]},"front_right_head_neck_base":{"rotation":["-67.5+math.cos(q.anim_time*90-45)*5",11.5,0],"scale":1},"front_left_head_neck_base":{"rotation":["-67.5+math.cos(q.anim_time*90-90)*5",-11.5,0],"scale":1},"back_left_head_neck_base":{"rotation":["-112.5+math.cos(q.anim_time*90-90-45)*5",180,360],"scale":1},"back_right_head_neck_base":{"rotation":["-112.5+math.cos(q.anim_time*90-90-45)*5",-180,-360],"scale":1},"main_head_head":{"rotation":["22.5+math.cos(q.anim_time*90-90-180-180+180+45)*8",0,0]},"main_head_jaw":{"rotation":["15+math.cos(q.anim_time*90)*5",0,0]},"main_head_tongue":{"scale":0},"tail_right_base":{"rotation":["5+math.cos(q.anim_time*90)*10",22.5,0]},"tail_right_bend":{"rotation":["math.cos(q.anim_time*90-45)*10",0,0]},"tail_right_end":{"rotation":["math.cos(q.anim_time*90-90)*15",0,0]},"tail_right_tip":{"rotation":["math.cos(q.anim_time*90-90-45)*20",0,0]},"tail_leaves_right":{"rotation":["math.cos(q.anim_time*90-90-90)*20",0,0]},"tail_left_base":{"rotation":["5-math.cos(q.anim_time*90)*10",-22.5,0]},"tail_left_bend":{"rotation":["-math.cos(q.anim_time*90-45)*10",0,0]},"tail_left_end":{"rotation":["-math.cos(q.anim_time*90-90)*15",0,0]},"tail_left_tip":{"rotation":["-math.cos(q.anim_time*90-90-45)*20",0,0]},"tail_leaves_left":{"rotation":["-math.cos(q.anim_time*90-90-90)*20",0,0]},"front_right_neck_base_bend":{"rotation":["-45+math.cos(q.anim_time*90-45-90)*5",11.5,0]},"front_right_head_neck_mid":{"rotation":["-45+math.cos(q.anim_time*90-45-180)*5",11.5,0]},"front_right_head_neck_mid_bend":{"rotation":["45+math.cos(q.anim_time*90-45-180-90)*9",0,0]},"front_right_head_neck_end":{"rotation":["22.5+math.cos(q.anim_time*90-45-180)*6",0,0]},"front_right_head_neck_end_bend":{"rotation":["45+math.cos(q.anim_time*90-45-180+90)*7",0,0]},"front_right_head_neck_tip":{"rotation":["45+math.cos(q.anim_time*90-45-180+180)*12.5",0,0]},"front_right_head_head":{"rotation":["22.5+math.cos(q.anim_time*90-45-180+180+90)*7.5",0,-11.5]},"front_right_head_eye_left":{"rotation":[18.5337,-34.044,-64.8734]},"front_right_head_eye_left_bend":{"rotation":[-22.5,0,0]},"front_right_head_eye_right":{"rotation":[18.5337,34.044,64.8734]},"front_right_head_eye_right_bend":{"rotation":[-22.5,0,0]},"front_right_head_jaw":{"rotation":["15+math.cos(q.anim_time*90+45)*5",0,0]},"front_right_head_tongue":{"scale":0},"front_left_neck_base_bend":{"rotation":["-45+math.cos(q.anim_time*90-90-90)*5",-11.5,0]},"front_left_head_neck_mid":{"rotation":["-45+math.cos(q.anim_time*90-90-180)*5",-11.5,0]},"front_left_head_neck_mid_bend":{"rotation":["45+math.cos(q.anim_time*90-90-180-90)*9",0,0]},"front_left_head_neck_end":{"rotation":["22.5+math.cos(q.anim_time*90-90-180)*6",0,0]},"front_left_head_neck_end_bend":{"rotation":["45+math.cos(q.anim_time*90-90-180+90)*7",0,0]},"front_left_head_neck_tip":{"rotation":["45+math.cos(q.anim_time*90-90-180+180)*12.5",0,0]},"front_left_head_head":{"rotation":["22.5+math.cos(q.anim_time*90-90-180+180+90)*7.5",0,11.5]},"front_left_head_eye_right":{"rotation":[18.5337,34.044,64.8734]},"front_left_head_eye_right_bend":{"rotation":[-22.5,0,0]},"front_left_head_eye_left":{"rotation":[18.5337,-34.044,-64.8734]},"front_left_head_eye_left_bend":{"rotation":[-22.5,0,0]},"front_left_head_jaw":{"rotation":["15+math.cos(q.anim_time*90)*5",0,0]},"front_left_head_tongue":{"scale":0},"back_left_neck_base_bend":{"rotation":["-22.5+math.cos(q.anim_time*90-90-90-45)*5",0,0]},"back_left_head_neck_mid":{"rotation":["-22.5+math.cos(q.anim_time*90-90-180-45)*5",0,0]},"back_left_head_neck_mid_bend":{"rotation":["45+math.cos(q.anim_time*90-90-180-90-45)*9",0,0]},"back_left_head_neck_end":{"rotation":["45+math.cos(q.anim_time*90-90-180-45)*6",11.5,0]},"back_left_head_neck_end_bend":{"rotation":["22.5+math.cos(q.anim_time*90-90-180+90-45)*7",11.5,0]},"back_left_head_neck_tip":{"rotation":["22.5+math.cos(q.anim_time*90-90-180+180-45)*12.5",11.5,0]},"back_left_head_head":{"rotation":["30+math.cos(q.anim_time*90-90-180+180+90-45)*7.5",0,-11.5]},"back_left_head_eye_right":{"rotation":[18.5337,34.044,64.8734]},"back_left_head_eye_right_bend":{"rotation":[-22.5,0,0]},"back_left_head_eye_left":{"rotation":[18.5337,-34.044,-64.8734]},"back_left_head_eye_left_bend":{"rotation":[-22.5,0,0]},"back_left_head_jaw":{"rotation":["15+math.cos(q.anim_time*90+45)*5",0,0]},"back_left_head_tongue":{"scale":0},"back_right_neck_base_bend":{"rotation":["-22.5+math.cos(q.anim_time*90-90-90-45)*5",0,0]},"back_right_head_neck_mid":{"rotation":["-22.5+math.cos(q.anim_time*90-90-180-45)*5",0,0]},"back_right_head_neck_mid_bend":{"rotation":["45+math.cos(q.anim_time*90-90-180-90-45)*9",0,0]},"back_right_head_neck_end":{"rotation":["45+math.cos(q.anim_time*90-90-180-45)*6",-11.5,0]},"back_right_head_neck_end_bend":{"rotation":["22.5+math.cos(q.anim_time*90-90-180+90-45)*7",-11.5,0]},"back_right_head_neck_tip":{"rotation":["22.5+math.cos(q.anim_time*90-90-180+180-45)*12.5",-11.5,0]},"back_right_head_head":{"rotation":["30+math.cos(q.anim_time*90-90-180+180+90-45)*7.5",0,11.5]},"back_right_head_eye_left":{"rotation":[18.5337,-34.044,-64.8734]},"back_right_head_eye_left_bend":{"rotation":[-22.5,0,0]},"back_right_head_eye_right":{"rotation":[18.5337,34.044,64.8734]},"back_right_head_eye_right_bend":{"rotation":[-22.5,0,0]},"back_right_head_jaw":{"rotation":[22.5,0,0]},"back_right_head_tongue":{"scale":0}}},"animation.hydrapple.battle_ground_walk":{"loop":true,"animation_length":1,"bones":{"main_head_neck_base":{"rotation":["-22.5+math.cos(q.anim_time*90*4-90)*5",0,0]},"main_head_neck_base_bend":{"rotation":["-22.5+math.cos(q.anim_time*90*4-90-90)*4",0,0]},"main_head_neck_mid":{"rotation":["-5+math.cos(q.anim_time*90*4-90-90-90)*4",0,0]},"main_head_neck_mid_bend":{"rotation":["45+math.cos(q.anim_time*90*4-90-180-90)*8",0,0]},"main_head_neck_end":{"rotation":["22.5+math.cos(q.anim_time*90*4-90-180-180)*5",0,0]},"main_head_neck_end_bend":{"rotation":["45+math.cos(q.anim_time*90*4-90-180-180+90)*5",0,0]},"main_head_neck_tip":{"rotation":["22.5+math.cos(q.anim_time*90*4-90-180-180+180)*5",0,0]},"main_head_eye_left":{"rotation":["18.5337-math.cos(q.anim_time*90*4)*5",-34.044,-64.8734]},"main_head_eye_left_bend":{"rotation":["-22.5-math.cos(q.anim_time*90*4-90)*8",0,0]},"main_head_eye_right":{"rotation":["18.5337-math.cos(q.anim_time*90*4)*5",34.044,64.8734]},"main_head_eye_right_bend":{"rotation":["-22.5-math.cos(q.anim_time*90*4-90)*8",0,0]},"front_right_head_neck_base":{"rotation":["-67.5+math.cos(q.anim_time*90*4-45)*5",11.5,0],"scale":1},"front_left_head_neck_base":{"rotation":["-67.5+math.cos(q.anim_time*90*4-90)*5",-11.5,0],"scale":1},"back_left_head_neck_base":{"rotation":["-112.5+math.cos(q.anim_time*90*4-90-45)*5",180,360],"scale":1},"back_right_head_neck_base":{"rotation":["-112.5+math.cos(q.anim_time*90*4-90-45)*5",-180,-360],"scale":1},"main_head_head":{"rotation":["22.5+math.cos(q.anim_time*90*4-90-180-180+180+45)*8",0,0]},"main_head_jaw":{"rotation":["15+math.cos(q.anim_time*90*4)*5",0,0]},"main_head_tongue":{"scale":0},"tail_right_base":{"rotation":["5+math.cos(q.anim_time*90*4)*10",22.5,0]},"tail_right_bend":{"rotation":["math.cos(q.anim_time*90*4-45)*10",0,0]},"tail_right_end":{"rotation":["math.cos(q.anim_time*90*4-90)*15",0,0]},"tail_right_tip":{"rotation":["math.cos(q.anim_time*90*4-90-45)*20",0,0]},"tail_leaves_right":{"rotation":["math.cos(q.anim_time*90*4-90-90)*20",0,0]},"tail_left_base":{"rotation":["5-math.cos(q.anim_time*90*4)*10",-22.5,0]},"tail_left_bend":{"rotation":["-math.cos(q.anim_time*90*4-45)*10",0,0]},"tail_left_end":{"rotation":["-math.cos(q.anim_time*90*4-90)*15",0,0]},"tail_left_tip":{"rotation":["-math.cos(q.anim_time*90*4-90-45)*20",0,0]},"tail_leaves_left":{"rotation":["-math.cos(q.anim_time*90*4-90-90)*20",0,0]},"front_right_neck_base_bend":{"rotation":["-45+math.cos(q.anim_time*90*4-45-90)*5",11.5,0]},"front_right_head_neck_mid":{"rotation":["-45+math.cos(q.anim_time*90*4-45-180)*5",11.5,0]},"front_right_head_neck_mid_bend":{"rotation":["45+math.cos(q.anim_time*90*4-45-180-90)*9",0,0]},"front_right_head_neck_end":{"rotation":["22.5+math.cos(q.anim_time*90*4-45-180)*6",0,0]},"front_right_head_neck_end_bend":{"rotation":["45+math.cos(q.anim_time*90*4-45-180+90)*7",0,0]},"front_right_head_neck_tip":{"rotation":["45+math.cos(q.anim_time*90*4-45-180+180)*12.5",0,0]},"front_right_head_head":{"rotation":["22.5+math.cos(q.anim_time*90*4-45-180+180+90)*7.5",0,-11.5]},"front_right_head_eye_left":{"rotation":[18.5337,-34.044,-64.8734]},"front_right_head_eye_left_bend":{"rotation":[-22.5,0,0]},"front_right_head_eye_right":{"rotation":[18.5337,34.044,64.8734]},"front_right_head_eye_right_bend":{"rotation":[-22.5,0,0]},"front_right_head_jaw":{"rotation":["15+math.cos(q.anim_time*90*4+45)*5",0,0]},"front_right_head_tongue":{"scale":0},"front_left_neck_base_bend":{"rotation":["-45+math.cos(q.anim_time*90*4-90-90)*5",-11.5,0]},"front_left_head_neck_mid":{"rotation":["-45+math.cos(q.anim_time*90*4-90-180)*5",-11.5,0]},"front_left_head_neck_mid_bend":{"rotation":["45+math.cos(q.anim_time*90*4-90-180-90)*9",0,0]},"front_left_head_neck_end":{"rotation":["22.5+math.cos(q.anim_time*90*4-90-180)*6",0,0]},"front_left_head_neck_end_bend":{"rotation":["45+math.cos(q.anim_time*90*4-90-180+90)*7",0,0]},"front_left_head_neck_tip":{"rotation":["45+math.cos(q.anim_time*90*4-90-180+180)*12.5",0,0]},"front_left_head_head":{"rotation":["22.5+math.cos(q.anim_time*90*4-90-180+180+90)*7.5",0,11.5]},"front_left_head_eye_right":{"rotation":[18.5337,34.044,64.8734]},"front_left_head_eye_right_bend":{"rotation":[-22.5,0,0]},"front_left_head_eye_left":{"rotation":[18.5337,-34.044,-64.8734]},"front_left_head_eye_left_bend":{"rotation":[-22.5,0,0]},"front_left_head_jaw":{"rotation":["15+math.cos(q.anim_time*90*4)*5",0,0]},"front_left_head_tongue":{"scale":0},"back_left_neck_base_bend":{"rotation":["-22.5+math.cos(q.anim_time*90*4-90-90-45)*5",0,0]},"back_left_head_neck_mid":{"rotation":["-22.5+math.cos(q.anim_time*90*4-90-180-45)*5",0,0]},"back_left_head_neck_mid_bend":{"rotation":["45+math.cos(q.anim_time*90*4-90-180-90-45)*9",0,0]},"back_left_head_neck_end":{"rotation":["45+math.cos(q.anim_time*90*4-90-180-45)*6",11.5,0]},"back_left_head_neck_end_bend":{"rotation":["22.5+math.cos(q.anim_time*90*4-90-180+90-45)*7",11.5,0]},"back_left_head_neck_tip":{"rotation":["22.5+math.cos(q.anim_time*90*4-90-180+180-45)*12.5",11.5,0]},"back_left_head_head":{"rotation":["30+math.cos(q.anim_time*90*4-90-180+180+90-45)*7.5",0,-11.5]},"back_left_head_eye_right":{"rotation":[18.5337,34.044,64.8734]},"back_left_head_eye_right_bend":{"rotation":[-22.5,0,0]},"back_left_head_eye_left":{"rotation":[18.5337,-34.044,-64.8734]},"back_left_head_eye_left_bend":{"rotation":[-22.5,0,0]},"back_left_head_jaw":{"rotation":["15+math.cos(q.anim_time*90*4+45)*5",0,0]},"back_left_head_tongue":{"scale":0},"back_right_neck_base_bend":{"rotation":["-22.5+math.cos(q.anim_time*90*4-90-90-45)*5",0,0]},"back_right_head_neck_mid":{"rotation":["-22.5+math.cos(q.anim_time*90*4-90-180-45)*5",0,0]},"back_right_head_neck_mid_bend":{"rotation":["45+math.cos(q.anim_time*90*4-90-180-90-45)*9",0,0]},"back_right_head_neck_end":{"rotation":["45+math.cos(q.anim_time*90*4-90-180-45)*6",-11.5,0]},"back_right_head_neck_end_bend":{"rotation":["22.5+math.cos(q.anim_time*90*4-90-180+90-45)*7",-11.5,0]},"back_right_head_neck_tip":{"rotation":["22.5+math.cos(q.anim_time*90*4-90-180+180-45)*12.5",-11.5,0]},"back_right_head_head":{"rotation":["30+math.cos(q.anim_time*90*4-90-180+180+90-45)*7.5",0,11.5]},"back_right_head_eye_left":{"rotation":[18.5337,-34.044,-64.8734]},"back_right_head_eye_left_bend":{"rotation":[-22.5,0,0]},"back_right_head_eye_right":{"rotation":[18.5337,34.044,64.8734]},"back_right_head_eye_right_bend":{"rotation":[-22.5,0,0]},"back_right_head_jaw":{"rotation":[22.5,0,0]},"back_right_head_tongue":{"scale":0},"bottom":{"scale":["1-0.1+math.sin(q.anim_time*90*4)*0.1","1.1-math.cos(q.anim_time*90*4)*0.1","1-0.1+math.sin(q.anim_time*90*4)*0.1"]},"apple_top":{"position":[0,"-math.cos(q.anim_time*90*4)/2",0]}}},"animation.hydrapple.ground_walk":{"loop":true,"animation_length":1,"bones":{"main_head_neck_base":{"rotation":["-22.5+math.cos(q.anim_time*90*4-90)*5",0,0]},"main_head_neck_base_bend":{"rotation":["-22.5+math.cos(q.anim_time*90*4-90-90)*4",0,0]},"main_head_neck_mid":{"rotation":["-5+math.cos(q.anim_time*90*4-90-90-90)*4",0,0]},"main_head_neck_mid_bend":{"rotation":["45+math.cos(q.anim_time*90*4-90-180-90)*8",0,0]},"main_head_neck_end":{"rotation":["22.5+math.cos(q.anim_time*90*4-90-180-180)*5",0,0]},"main_head_neck_end_bend":{"rotation":["45+math.cos(q.anim_time*90*4-90-180-180+90)*5",0,0]},"main_head_neck_tip":{"rotation":["22.5+math.cos(q.anim_time*90*4-90-180-180+180)*5",0,0]},"main_head_eye_left":{"rotation":["18.5337-math.cos(q.anim_time*90*4)*5",-34.044,-64.8734]},"main_head_eye_left_bend":{"rotation":["-22.5-math.cos(q.anim_time*90*4-90)*8",0,0]},"main_head_eye_right":{"rotation":["18.5337-math.cos(q.anim_time*90*4)*5",34.044,64.8734]},"main_head_eye_right_bend":{"rotation":["-22.5-math.cos(q.anim_time*90*4-90)*8",0,0]},"front_right_head_neck_base":{"rotation":["-67.5+math.cos(q.anim_time*90-45)*5",11.5,0],"scale":0},"front_left_head_neck_base":{"rotation":["-67.5+math.cos(q.anim_time*90-90)*5",-11.5,0],"scale":0},"back_left_head_neck_base":{"rotation":["-112.5+math.cos(q.anim_time*90-90-45)*5",180,360],"scale":0},"back_right_head_neck_base":{"rotation":["-112.5+math.cos(q.anim_time*90-90-45)*5",-180,-360],"scale":0},"main_head_head":{"rotation":["22.5+math.cos(q.anim_time*90*4-90-180-180+180+45)*8",0,0]},"main_head_jaw":{"rotation":["15+math.cos(q.anim_time*90*4)*5",0,0]},"main_head_tongue":{"scale":0},"tail_right_base":{"rotation":["5+math.cos(q.anim_time*90*4)*10",22.5,0]},"tail_right_bend":{"rotation":["math.cos(q.anim_time*90*4-45)*10",0,0]},"tail_right_end":{"rotation":["math.cos(q.anim_time*90*4-90)*15",0,0]},"tail_right_tip":{"rotation":["math.cos(q.anim_time*90*4-90-45)*20",0,0]},"tail_leaves_right":{"rotation":["math.cos(q.anim_time*90*4-90-90)*20",0,0]},"tail_left_base":{"rotation":["5-math.cos(q.anim_time*90*4)*10",-22.5,0]},"tail_left_bend":{"rotation":["-math.cos(q.anim_time*90*4-45)*10",0,0]},"tail_left_end":{"rotation":["-math.cos(q.anim_time*90*4-90)*15",0,0]},"tail_left_tip":{"rotation":["-math.cos(q.anim_time*90*4-90-45)*20",0,0]},"tail_leaves_left":{"rotation":["-math.cos(q.anim_time*90*4-90-90)*20",0,0]},"front_right_neck_base_bend":{"rotation":["-45+math.cos(q.anim_time*90-45-90)*5",11.5,0]},"front_right_head_neck_mid":{"rotation":["-45+math.cos(q.anim_time*90-45-180)*5",11.5,0]},"front_right_head_neck_mid_bend":{"rotation":["45+math.cos(q.anim_time*90-45-180-90)*9",0,0]},"front_right_head_neck_end":{"rotation":["22.5+math.cos(q.anim_time*90-45-180)*6",0,0]},"front_right_head_neck_end_bend":{"rotation":["45+math.cos(q.anim_time*90-45-180+90)*7",0,0]},"front_right_head_neck_tip":{"rotation":["45+math.cos(q.anim_time*90-45-180+180)*12.5",0,0]},"front_right_head_head":{"rotation":["22.5+math.cos(q.anim_time*90-45-180+180+90)*7.5",0,-11.5]},"front_right_head_eye_left":{"rotation":[18.5337,-34.044,-64.8734]},"front_right_head_eye_left_bend":{"rotation":[-22.5,0,0]},"front_right_head_eye_right":{"rotation":[18.5337,34.044,64.8734]},"front_right_head_eye_right_bend":{"rotation":[-22.5,0,0]},"front_right_head_jaw":{"rotation":["15+math.cos(q.anim_time*90+45)*5",0,0]},"front_right_head_tongue":{"scale":0},"front_left_neck_base_bend":{"rotation":["-45+math.cos(q.anim_time*90-90-90)*5",-11.5,0]},"front_left_head_neck_mid":{"rotation":["-45+math.cos(q.anim_time*90-90-180)*5",-11.5,0]},"front_left_head_neck_mid_bend":{"rotation":["45+math.cos(q.anim_time*90-90-180-90)*9",0,0]},"front_left_head_neck_end":{"rotation":["22.5+math.cos(q.anim_time*90-90-180)*6",0,0]},"front_left_head_neck_end_bend":{"rotation":["45+math.cos(q.anim_time*90-90-180+90)*7",0,0]},"front_left_head_neck_tip":{"rotation":["45+math.cos(q.anim_time*90-90-180+180)*12.5",0,0]},"front_left_head_head":{"rotation":["22.5+math.cos(q.anim_time*90-90-180+180+90)*7.5",0,11.5]},"front_left_head_eye_right":{"rotation":[18.5337,34.044,64.8734]},"front_left_head_eye_right_bend":{"rotation":[-22.5,0,0]},"front_left_head_eye_left":{"rotation":[18.5337,-34.044,-64.8734]},"front_left_head_eye_left_bend":{"rotation":[-22.5,0,0]},"front_left_head_jaw":{"rotation":["15+math.cos(q.anim_time*90)*5",0,0]},"front_left_head_tongue":{"scale":0},"back_left_neck_base_bend":{"rotation":["-22.5+math.cos(q.anim_time*90-90-90-45)*5",0,0]},"back_left_head_neck_mid":{"rotation":["-22.5+math.cos(q.anim_time*90-90-180-45)*5",0,0]},"back_left_head_neck_mid_bend":{"rotation":["45+math.cos(q.anim_time*90-90-180-90-45)*9",0,0]},"back_left_head_neck_end":{"rotation":["45+math.cos(q.anim_time*90-90-180-45)*6",11.5,0]},"back_left_head_neck_end_bend":{"rotation":["22.5+math.cos(q.anim_time*90-90-180+90-45)*7",11.5,0]},"back_left_head_neck_tip":{"rotation":["22.5+math.cos(q.anim_time*90-90-180+180-45)*12.5",11.5,0]},"back_left_head_head":{"rotation":["30+math.cos(q.anim_time*90-90-180+180+90-45)*7.5",0,-11.5]},"back_left_head_eye_right":{"rotation":[18.5337,34.044,64.8734]},"back_left_head_eye_right_bend":{"rotation":[-22.5,0,0]},"back_left_head_eye_left":{"rotation":[18.5337,-34.044,-64.8734]},"back_left_head_eye_left_bend":{"rotation":[-22.5,0,0]},"back_left_head_jaw":{"rotation":["15+math.cos(q.anim_time*90+45)*5",0,0]},"back_left_head_tongue":{"scale":0},"back_right_neck_base_bend":{"rotation":["-22.5+math.cos(q.anim_time*90-90-90-45)*5",0,0]},"back_right_head_neck_mid":{"rotation":["-22.5+math.cos(q.anim_time*90-90-180-45)*5",0,0]},"back_right_head_neck_mid_bend":{"rotation":["45+math.cos(q.anim_time*90-90-180-90-45)*9",0,0]},"back_right_head_neck_end":{"rotation":["45+math.cos(q.anim_time*90-90-180-45)*6",-11.5,0]},"back_right_head_neck_end_bend":{"rotation":["22.5+math.cos(q.anim_time*90-90-180+90-45)*7",-11.5,0]},"back_right_head_neck_tip":{"rotation":["22.5+math.cos(q.anim_time*90-90-180+180-45)*12.5",-11.5,0]},"back_right_head_head":{"rotation":["30+math.cos(q.anim_time*90-90-180+180+90-45)*7.5",0,11.5]},"back_right_head_eye_left":{"rotation":[18.5337,-34.044,-64.8734]},"back_right_head_eye_left_bend":{"rotation":[-22.5,0,0]},"back_right_head_eye_right":{"rotation":[18.5337,34.044,64.8734]},"back_right_head_eye_right_bend":{"rotation":[-22.5,0,0]},"back_right_head_jaw":{"rotation":[22.5,0,0]},"back_right_head_tongue":{"scale":0},"bottom":{"scale":["1-0.1+math.sin(q.anim_time*90*4)*0.1","1.1-math.cos(q.anim_time*90*4)*0.1","1-0.1+math.sin(q.anim_time*90*4)*0.1"]},"apple_top":{"position":[0,"-math.cos(q.anim_time*90*4)/2",0]}}}}}