{"format_version":"1.8.0","animations":{"animation.ironboulder.ground_idle":{"loop":true,"bones":{"head":{"rotation":["10 -(math.sin((q.anim_time - 0.4 - (math.sin((q.anim_time - 0.4) * 360 / 4) * 0.25)) * 360 / 4) * 2) + 1",0,0]},"leg_front_left":{"rotation":["(math.sin((q.anim_time - 0.3 - (math.sin((q.anim_time - 0.3) * 360 / 4) * 0.25)) * 360 / 4) * 3) - 3",0,-5],"position":[0,"-0.5 + (math.sin((q.anim_time - 0.3 - (math.sin((q.anim_time - 0.3) * 360 / 4) * 0.25)) * 360 / 4) * 0.18)","1.3126-(math.sin((q.anim_time - 0.3 - (math.sin((q.anim_time - 0.3) * 360 / 4) * 0.25)) * 360 / 4) * 0.46)"]},"leg_knee_front_left":{"rotation":["-(math.sin((q.anim_time - 0.3 - (math.sin((q.anim_time - 0.3) * 360 / 4) * 0.25)) * 360 / 4) * 2) + 2",0,2.5]},"leg_foot_front_left":{"rotation":["-(math.sin((q.anim_time - 0.3 - (math.sin((q.anim_time - 0.3) * 360 / 4) * 0.25)) * 360 / 4) * 1) + 1",0,2.5]},"leg_back_right":{"rotation":["(math.sin((q.anim_time - 1.7 - (math.sin((q.anim_time - 1.7) * 360 / 4) * 0.25)) * 360 / 4) * 2) + 2",0,5],"position":[0,"-0.3 -(math.sin((q.anim_time - 1.7 - (math.sin((q.anim_time - 1.7) * 360 / 4) * 0.25)) * 360 / 4) * 0.08)","-(math.sin((q.anim_time - 1.7 - (math.sin((q.anim_time - 1.7) * 360 / 4) * 0.25)) * 360 / 4) * 0.46)"]},"leg_knee_back_right":{"rotation":["-(math.sin((q.anim_time - 1.7 - (math.sin((q.anim_time - 1.7) * 360 / 4) * 0.25)) * 360 / 4) * 1) - 1",0,-2.5]},"leg_foot_back_right":{"rotation":["0.375 -(math.sin((q.anim_time - 1.7 - (math.sin((q.anim_time - 1.7) * 360 / 4) * 0.25)) * 360 / 4) * 1) - 1",0,-2.5]},"leg_front_right":{"rotation":["(math.sin((q.anim_time - 0.2 - (math.sin((q.anim_time - 0.2) * 360 / 4) * 0.25)) * 360 / 4) * 3) - 3",0,5],"position":[0,"-0.5 + (math.sin((q.anim_time - 0.2 - (math.sin((q.anim_time - 0.2) * 360 / 4) * 0.25)) * 360 / 4) * 0.18)","1.3126-(math.sin((q.anim_time - 0.3 - (math.sin((q.anim_time - 0.3) * 360 / 4) * 0.25)) * 360 / 4) * 0.46)"]},"leg_knee_front_right":{"rotation":["-(math.sin((q.anim_time - 0.2 - (math.sin((q.anim_time - 0.2) * 360 / 4) * 0.25)) * 360 / 4) * 2) + 2",0,-2.5]},"leg_foot_front_right":{"rotation":["-(math.sin((q.anim_time - 0.2 - (math.sin((q.anim_time - 0.2) * 360 / 4) * 0.25)) * 360 / 4) * 1) + 1",0,-2.5]},"leg_back_left":{"rotation":["(math.sin((q.anim_time - 1.7 - (math.sin((q.anim_time - 1.7) * 360 / 4) * 0.25)) * 360 / 4) * 2) + 2",0,-5],"position":[0,"-0.3 -(math.sin((q.anim_time - 1.7 - (math.sin((q.anim_time - 1.7) * 360 / 4) * 0.25)) * 360 / 4) * 0.08)","-(math.sin((q.anim_time - 1.7 - (math.sin((q.anim_time - 1.7) * 360 / 4) * 0.25)) * 360 / 4) * 0.46)"]},"leg_knee_back_left":{"rotation":["-(math.sin((q.anim_time - 1.7 - (math.sin((q.anim_time - 1.7) * 360 / 4) * 0.25)) * 360 / 4) * 1) - 1",0,2.5]},"leg_foot_back_left":{"rotation":["0.375 -(math.sin((q.anim_time - 1.7 - (math.sin((q.anim_time - 1.7) * 360 / 4) * 0.25)) * 360 / 4) * 1) - 1",0,2.5]},"torso":{"rotation":["-(math.sin((q.anim_time - 3.9 - (math.sin((q.anim_time - 3.9) * 360 / 4) * 0.25)) * 360 / 4) * 1) - 2",0,"(math.sin((q.anim_time - 3.3 - (math.sin((q.anim_time - 2.3) * 360 / 4) * 0.25)) * 360 / 4) * 1)"],"position":[0,"(math.sin((q.anim_time - 4.5 - (math.sin((q.anim_time - 3.7) * 360 / 4) * 0.1)) * 360 / 4) * 0.3) + 0.2","-(math.sin((q.anim_time - 1) * 360 / 4) * 0.1) - 0.1"]},"chest":{"rotation":["-(math.sin((q.anim_time - 0.2 - (math.sin((q.anim_time - 0.2) * 360 / 4) * 0.25)) * 360 / 4) * 1)",0,0]},"neck":{"rotation":["(math.sin((q.anim_time - 3.5 - (math.sin((q.anim_time - 3.5) * 360 / 4) * 0.25)) * 360 / 4) * 1) - 1",0,"-(math.sin((q.anim_time - 4 - (math.sin((q.anim_time - 3) * 360 / 4) * 0.25)) * 360 / 4) * 1)"]},"waist":{"rotation":["(math.sin((q.anim_time - 3.9 - (math.sin((q.anim_time - 3.9) * 360 / 4) * 0.25)) * 360 / 4) * 1) - 2",0,0]}}},"animation.ironboulder.ground_walk":{"loop":true,"animation_length":1.5,"bones":{"leg_front_left":{"rotation":{"0.0":[24,0,0],"0.25":[30,0,0],"0.375":[16.63,4.37,1.575],"0.5":[-12.11883,5.21141,5.11112],"0.6667":[-33.55633,2.27391,2.76737],"0.75":[-25.61883,0,0],"1.0":[-5.3025,0,0],"1.25":[14.10375,0,0],"1.5":[24,0,0]},"position":{"0.0":[0,-0.59375,0.59375],"0.25":[0,0.25,1.90625],"0.5":[0,2.09375,0.8125],"0.6667":[0,-0.0925,-0.625],"0.75":[0,-2.43625,0],"1.0":[0,-1.03125,0],"1.25":[0,-0.43625,0.21875],"1.375":[0,-0.4525,0.4375],"1.5":[0,-0.59375,0.59375]}},"leg_knee_front_left":{"rotation":{"0.0":[-7.1875,0,0],"0.25":[-3.59375,0,0],"0.5":[5.46875,0,0],"0.6667":[7.125,0,0],"0.75":[4.53125,0,0],"1.0":[1.15625,0,0],"1.25":[-7.875,0,0],"1.5":[-7.1875,0,0]},"position":{"0.0":[0,0.3125,0.84375],"0.25":[0,0,0.6875],"0.5":[0,0,-0.09375],"0.6667":[0,0,-0.1275],"0.75":[0,0.5625,0.31],"1.0":[0,0.6875,0.465],"1.25":[0,0.625,0.59375],"1.5":[0,0.3125,0.84375]}},"leg_foot_front_left":{"rotation":{"0.0":[-2.5,0,0],"0.25":[-0.125,0,0],"0.5":[10.96875,0,0],"0.6667":[17.09375,0,0],"0.75":[18.28125,0,0],"1.0":[4.21875,0,0],"1.25":[-0.0625,0,0],"1.5":[-2.5,0,0]}},"leg_back_right":{"rotation":{"0.0":[-14,0,0],"0.1667":[-3.1875,0,0],"0.4167":[6.09375,0,0],"0.625":[6.74,0,0],"0.75":[7.125,0.6875,0.6875],"0.8333":[4.99668,2.79585,3.13477],"1.0":[-8.4,3.26875,4.3575],"1.125":[-18.44082,2.04585,3.32227],"1.25":[-28.90957,0,0],"1.5":[-14,0,0]},"position":{"0.0":[0,0.47,0],"0.1667":[0,0.88125,0],"0.4167":[0,0.8525,0.08375],"0.5417":[0,0.9925,0.16625],"0.75":[0,1.82,0.75],"0.8333":[0,2.03125,0.375],"0.9583":[0.13375,2.39,0.1475],"1.125":[0.6875,2.285,0],"1.25":[0,-0.87125,0],"1.375":[0,-0.0125,0],"1.5":[0,0.47,0]}},"leg_knee_back_right":{"rotation":{"0.0":[-2.25,0,0],"0.1667":[-9.34375,0,0],"0.4167":[-6.5625,0,0],"0.75":[-0.8125,0,0],"1.125":[-9.65625,0,0],"1.25":[-9.875,0,0],"1.5":[-2.25,0,0]},"position":{"0.0":[0,0.0225,0],"0.1667":[0,0,0],"0.75":[0,0,0],"1.125":[0,0.93375,0],"1.25":[0,1.15625,0],"1.5":[0,0.0225,0]}},"leg_foot_back_right":{"rotation":{"0.0":[16.9625,0,0],"0.1667":[17.74922,0,0],"0.4167":[17.0625,0,0],"0.625":[30.66875,0,0],"0.75":[28.3125,0,0],"0.8333":[22.5,0,0],"1.125":[21.21875,0,0],"1.25":[37.90625,0,0],"1.5":[16.9625,0,0]}},"leg_front_right":{"rotation":{"0.0":[-25.61883,0,0],"0.25":[-5.3025,0,0],"0.5":[14.10375,0,0],"0.75":[24,0,0],"1.0":[30,0,0],"1.125":[16.63,-4.37,-1.575],"1.25":[-12.11883,-5.21141,-5.11112],"1.4167":[-33.55633,-2.27391,-2.76737],"1.5":[-25.61883,0,0]},"position":{"0.0":[0,-2.43625,0],"0.25":[0,-1.03125,0],"0.5":[0,-0.43625,0.21875],"0.625":[0,-0.4525,0.4375],"0.75":[0,-0.59375,0.59375],"1.0":[0,0.25,1.90625],"1.25":[0,2.09375,0.8125],"1.4167":[0,-0.0925,-0.625],"1.5":[0,-2.43625,0]}},"leg_knee_front_right":{"rotation":{"0.0":[4.53125,0,0],"0.25":[1.15625,0,0],"0.5":[-7.875,0,0],"0.75":[-7.1875,0,0],"1.0":[-3.59375,0,0],"1.25":[5.46875,0,0],"1.4167":[7.125,0,0],"1.5":[4.53125,0,0]},"position":{"0.0":[0,0.5625,0.31],"0.25":[0,0.6875,0.465],"0.5":[0,0.625,0.59375],"0.75":[0,0.3125,0.84375],"1.0":[0,0,0.6875],"1.25":[0,0,-0.09375],"1.4167":[0,0,-0.1275],"1.5":[0,0.5625,0.31]}},"leg_foot_front_right":{"rotation":{"0.0":[18.28125,0,0],"0.25":[4.21875,0,0],"0.5":[-0.0625,0,0],"0.75":[-2.5,0,0],"1.0":[-0.125,0,0],"1.25":[10.96875,0,0],"1.4167":[17.09375,0,0],"1.5":[18.28125,0,0]}},"leg_back_left":{"rotation":{"0.0":[7.125,-0.6875,-0.6875],"0.0833":[4.99668,-2.79585,-3.13477],"0.25":[-8.4,-3.26875,-4.3575],"0.375":[-18.44082,-2.04585,-3.32227],"0.5":[-28.90957,0,0],"0.75":[-14,0,0],"0.9167":[-3.1875,0,0],"1.1667":[6.09375,0,0],"1.375":[6.74,0,0],"1.5":[7.125,-0.6875,-0.6875]},"position":{"0.0":[0,1.82,0.75],"0.0833":[0,2.03125,0.375],"0.2083":[-0.13375,2.39,0.1475],"0.375":[-0.6875,2.285,0],"0.5":[0,-0.87125,0],"0.625":[0,-0.0125,0],"0.75":[0,0.47,0],"0.9167":[0,0.88125,0],"1.1667":[0,0.8525,0.08375],"1.2917":[0,0.9925,0.16625],"1.5":[0,1.82,0.75]}},"leg_knee_back_left":{"rotation":{"0.0":[-0.8125,0,0],"0.375":[-9.65625,0,0],"0.5":[-9.875,0,0],"0.75":[-2.25,0,0],"0.9167":[-9.34375,0,0],"1.1667":[-6.5625,0,0],"1.5":[-0.8125,0,0]},"position":{"0.0":[0,0,0],"0.375":[0,0.93375,0],"0.5":[0,1.15625,0],"0.75":[0,0.0225,0],"0.9167":[0,0,0],"1.5":[0,0,0]}},"leg_foot_back_left":{"rotation":{"0.0":[28.3125,0,0],"0.0833":[22.5,0,0],"0.375":[21.21875,0,0],"0.5":[37.90625,0,0],"0.75":[16.9625,0,0],"0.9167":[17.74922,0,0],"1.1667":[17.0625,0,0],"1.375":[30.66875,0,0],"1.5":[28.3125,0,0]}},"torso":{"rotation":["-(math.sin((q.anim_time - 0.2 + (-math.sin((q.anim_time - 0.1) * 360 / (3/4)) * 0.05)) * 360 / (3/4)) * 1)","-(math.sin((q.anim_time - 0.73 + (math.sin((q.anim_time - 0.83 + (math.sin((q.anim_time - 0.63) * 360 / (3/2) ) * 0.3)) * 360 / (3/2)) * 0.03)) * 360 / (3/2)) * 1)","-(math.cos((q.anim_time - 0) * 360 / (3/2)) * 1)"],"position":{"0.0":["-(math.sin((q.anim_time - 0.12) * 360 / (3/2)) * 0.5)","(math.sin((q.anim_time - 0.2 + (-math.sin((q.anim_time - 0.2) * 360 / (3/4)) * 0.05)) * 360 / (3/4)) * 0.4) + 0.2",0],"0.0417":["-(math.sin((q.anim_time - 0.12) * 360 / (3/2)) * 0.5)","-0.1563+(math.sin((q.anim_time - 0.2 + (-math.sin((q.anim_time - 0.2) * 360 / (3/4)) * 0.05)) * 360 / (3/4)) * 0.4) +NaN",0],"0.1667":["-(math.sin((q.anim_time - 0.12) * 360 / (3/2)) * 0.5)","(math.sin((q.anim_time - 0.2 + (-math.sin((q.anim_time - 0.2) * 360 / (3/4)) * 0.05)) * 360 / (3/4)) * 0.4) + 0.2",0],"0.75":["-(math.sin((q.anim_time - 0.12) * 360 / (3/2)) * 0.5)","(math.sin((q.anim_time - 0.2 + (-math.sin((q.anim_time - 0.2) * 360 / (3/4)) * 0.05)) * 360 / (3/4)) * 0.4) + 0.2",0],"0.7917":["-(math.sin((q.anim_time - 0.12) * 360 / (3/2)) * 0.5)","-0.1563+(math.sin((q.anim_time - 0.2 + (-math.sin((q.anim_time - 0.2) * 360 / (3/4)) * 0.05)) * 360 / (3/4)) * 0.4) +NaN",0],"0.9167":["-(math.sin((q.anim_time - 0.12) * 360 / (3/2)) * 0.5)","(math.sin((q.anim_time - 0.2 + (-math.sin((q.anim_time - 0.2) * 360 / (3/4)) * 0.05)) * 360 / (3/4)) * 0.4) + 0.2",0]}},"chest":{"rotation":{"0.0":["-(math.sin((q.anim_time - 0.35 + (-math.sin((q.anim_time - 0.25) * 360 / (3/4)) * 0.05)) * 360 / (3/4)) * 3)",0,0],"0.0833":["1.6876-(math.sin((q.anim_time - 0.35 + (-math.sin((q.anim_time - 0.25) * 360 / (3/4)) * 0.05)) * 360 / (3/4)) * 3)",0,0],"0.1667":["-(math.sin((q.anim_time - 0.35 + (-math.sin((q.anim_time - 0.25) * 360 / (3/4)) * 0.05)) * 360 / (3/4)) * 3)",0,0],"0.75":["-(math.sin((q.anim_time - 0.35 + (-math.sin((q.anim_time - 0.25) * 360 / (3/4)) * 0.05)) * 360 / (3/4)) * 3)",0,0],"0.8333":["1.6876-(math.sin((q.anim_time - 0.35 + (-math.sin((q.anim_time - 0.25) * 360 / (3/4)) * 0.05)) * 360 / (3/4)) * 3)",0,0],"0.9167":["-(math.sin((q.anim_time - 0.35 + (-math.sin((q.anim_time - 0.25) * 360 / (3/4)) * 0.05)) * 360 / (3/4)) * 3)",0,0]}},"waist":{"rotation":{"0.0":["(math.cos((q.anim_time - 0.2 + (-math.cos((q.anim_time - 0.1) * 360 / (3/4)) * 0.05)) * 360 / (3/4)) * 1)","-(math.sin((q.anim_time - 0.83 + (math.sin((q.anim_time - 0.93 + (math.sin((q.anim_time - 0.73) * 360 / (3/2) ) * 0.3)) * 360 / (3/2)) * 0.03)) * 360 / (3/2)) * 0.5)",0],"0.4583":["(math.cos((q.anim_time - 0.2 + (-math.cos((q.anim_time - 0.1) * 360 / (3/4)) * 0.05)) * 360 / (3/4)) * 1)","-(math.sin((q.anim_time - 0.83 + (math.sin((q.anim_time - 0.93 + (math.sin((q.anim_time - 0.73) * 360 / (3/2) ) * 0.3)) * 360 / (3/2)) * 0.03)) * 360 / (3/2)) * 0.5)",0],"0.5417":["-1.7188+(math.cos((q.anim_time - 0.2 + (-math.cos((q.anim_time - 0.1) * 360 / (3/4)) * 0.05)) * 360 / (3/4)) * 1)","-(math.sin((q.anim_time - 0.83 + (math.sin((q.anim_time - 0.93 + (math.sin((q.anim_time - 0.73) * 360 / (3/2) ) * 0.3)) * 360 / (3/2)) * 0.03)) * 360 / (3/2)) * 0.5)",0],"0.625":["(math.cos((q.anim_time - 0.2 + (-math.cos((q.anim_time - 0.1) * 360 / (3/4)) * 0.05)) * 360 / (3/4)) * 1)","-(math.sin((q.anim_time - 0.83 + (math.sin((q.anim_time - 0.93 + (math.sin((q.anim_time - 0.73) * 360 / (3/2) ) * 0.3)) * 360 / (3/2)) * 0.03)) * 360 / (3/2)) * 0.5)",0],"1.2083":["(math.cos((q.anim_time - 0.2 + (-math.cos((q.anim_time - 0.1) * 360 / (3/4)) * 0.05)) * 360 / (3/4)) * 1)","-(math.sin((q.anim_time - 0.83 + (math.sin((q.anim_time - 0.93 + (math.sin((q.anim_time - 0.73) * 360 / (3/2) ) * 0.3)) * 360 / (3/2)) * 0.03)) * 360 / (3/2)) * 0.5)",0],"1.2917":["-1.7188+(math.cos((q.anim_time - 0.2 + (-math.cos((q.anim_time - 0.1) * 360 / (3/4)) * 0.05)) * 360 / (3/4)) * 1)","-(math.sin((q.anim_time - 0.83 + (math.sin((q.anim_time - 0.93 + (math.sin((q.anim_time - 0.73) * 360 / (3/2) ) * 0.3)) * 360 / (3/2)) * 0.03)) * 360 / (3/2)) * 0.5)",0],"1.375":["(math.cos((q.anim_time - 0.2 + (-math.cos((q.anim_time - 0.1) * 360 / (3/4)) * 0.05)) * 360 / (3/4)) * 1)","-(math.sin((q.anim_time - 0.83 + (math.sin((q.anim_time - 0.93 + (math.sin((q.anim_time - 0.73) * 360 / (3/2) ) * 0.3)) * 360 / (3/2)) * 0.03)) * 360 / (3/2)) * 0.5)",0]}},"hip":{"rotation":{"0.0":["(math.cos((q.anim_time - 0.3 + (-math.cos((q.anim_time - 0.2) * 360 / (3/4)) * 0.05)) * 360 / (3/4)) * 2)","-(math.sin((q.anim_time - 0.9 + (math.sin((q.anim_time - 1 + (math.sin((q.anim_time - 0.8) * 360 / (3/2) ) * 0.3)) * 360 / (3/2)) * 0.03)) * 360 / (3/2)) * 1)",0],"0.5417":["(math.cos((q.anim_time - 0.3 + (-math.cos((q.anim_time - 0.2) * 360 / (3/4)) * 0.05)) * 360 / (3/4)) * 2)","-(math.sin((q.anim_time - 0.9 + (math.sin((q.anim_time - 1 + (math.sin((q.anim_time - 0.8) * 360 / (3/2) ) * 0.3)) * 360 / (3/2)) * 0.03)) * 360 / (3/2)) * 1)",0],"0.625":["-1.6876+(math.cos((q.anim_time - 0.3 + (-math.cos((q.anim_time - 0.2) * 360 / (3/4)) * 0.05)) * 360 / (3/4)) * 2)","-(math.sin((q.anim_time - 0.9 + (math.sin((q.anim_time - 1 + (math.sin((q.anim_time - 0.8) * 360 / (3/2) ) * 0.3)) * 360 / (3/2)) * 0.03)) * 360 / (3/2)) * 1)",0],"0.7083":["(math.cos((q.anim_time - 0.3 + (-math.cos((q.anim_time - 0.2) * 360 / (3/4)) * 0.05)) * 360 / (3/4)) * 2)","-(math.sin((q.anim_time - 0.9 + (math.sin((q.anim_time - 1 + (math.sin((q.anim_time - 0.8) * 360 / (3/2) ) * 0.3)) * 360 / (3/2)) * 0.03)) * 360 / (3/2)) * 1)",0],"1.2917":["(math.cos((q.anim_time - 0.3 + (-math.cos((q.anim_time - 0.2) * 360 / (3/4)) * 0.05)) * 360 / (3/4)) * 2)","-(math.sin((q.anim_time - 0.9 + (math.sin((q.anim_time - 1 + (math.sin((q.anim_time - 0.8) * 360 / (3/2) ) * 0.3)) * 360 / (3/2)) * 0.03)) * 360 / (3/2)) * 1)",0],"1.375":["-1.6876+(math.cos((q.anim_time - 0.3 + (-math.cos((q.anim_time - 0.2) * 360 / (3/4)) * 0.05)) * 360 / (3/4)) * 2)","-(math.sin((q.anim_time - 0.9 + (math.sin((q.anim_time - 1 + (math.sin((q.anim_time - 0.8) * 360 / (3/2) ) * 0.3)) * 360 / (3/2)) * 0.03)) * 360 / (3/2)) * 1)",0],"1.4583":["(math.cos((q.anim_time - 0.3 + (-math.cos((q.anim_time - 0.2) * 360 / (3/4)) * 0.05)) * 360 / (3/4)) * 2)","-(math.sin((q.anim_time - 0.9 + (math.sin((q.anim_time - 1 + (math.sin((q.anim_time - 0.8) * 360 / (3/2) ) * 0.3)) * 360 / (3/2)) * 0.03)) * 360 / (3/2)) * 1)",0]}},"neck":{"rotation":["-(math.sin((q.anim_time - 0.4 + (-math.sin((q.anim_time - 0.3) * 360 / (3/4)) * 0.05)) * 360 / (3/4)) * 1)","-(math.sin((q.anim_time - 0.8 + (math.sin((q.anim_time - 0.9 + (math.sin((q.anim_time - 0.7) * 360 / (3/2) ) * 0.3)) * 360 / (3/2)) * 0.03)) * 360 / (3/2)) * 2)","-(math.cos((q.anim_time - 0.1) * 360 / (3/2)) * 1)"]},"head":{"rotation":["-(math.sin((q.anim_time - 0.45 + (-math.sin((q.anim_time - 0.35) * 360 / (3/4)) * 0.05)) * 360 / (3/4)) * 1)",0,0]},"tail":{"rotation":["(math.cos((q.anim_time - 0.35 + (-math.cos((q.anim_time - 0.25) * 360 / (3/4)) * 0.05)) * 360 / (3/4)) * 5)","-(math.sin((q.anim_time - 1.1 + (math.sin((q.anim_time - 1.2 + (math.sin((q.anim_time - 1) * 360 / (3/2) ) * 0.3)) * 360 / (3/2)) * 0.03)) * 360 / (3/2)) * 1)","-(math.sin((q.anim_time - 1.1 + (math.sin((q.anim_time - 1.2 + (math.sin((q.anim_time - 1) * 360 / (3/2) ) * 0.3)) * 360 / (3/2)) * 0.03)) * 360 / (3/2)) * 1)"]}}},"animation.ironboulder.walk_test":{"loop":true,"bones":{"body":{"position":[0,0,"-q.anim_time*90*0.2"]}}},"animation.ironboulder.blink":{"animation_length":0.16667,"bones":{"eye_left":{"position":{"0.0":[-0.0625,0,0],"0.125":{"pre":[-0.0625,0,0],"post":[-0.0625,0,0]},"0.1667":{"pre":[-0.0625,0,0],"post":[0,0,0]}}},"eyelid_left":{"position":{"0.0":[0.15,0,0],"0.125":{"pre":[0.15,0,0],"post":[0.15,0,0]},"0.1667":{"pre":[0.15,0,0],"post":[0,0,0]}}},"eye_right":{"position":{"0.0":[0.0625,0,0],"0.125":{"pre":[0.0625,0,0],"post":[0.0625,0,0]},"0.1667":{"pre":[0.0625,0,0],"post":[0,0,0]}}},"eyelid_right":{"position":{"0.0":[-0.15,0,0],"0.125":{"pre":[-0.15,0,0],"post":[-0.15,0,0]},"0.1667":{"pre":[-0.15,0,0],"post":[0,0,0]}}}}}}}