{"format_version":"1.8.0","animations":{"animation.ironjugulis.air_idle":{"loop":true,"animation_length":2,"bones":{"body":{"rotation":[37.5,0,0],"position":[0,"-math.sin(q.anim_time*90*2)*2+math.clamp(math.cos(q.anim_time*90*2-30)*1,0,0.5)+math.clamp(math.cos(q.anim_time*90*2+90)*2,0,1)+math.clamp(math.cos(q.anim_time*90*2+120)*2,0,1)",1]},"tail":{"rotation":["-15-math.cos(q.anim_time*90*2+40)*10",0,0]},"tail2":{"rotation":["-12.5-math.cos(q.anim_time*90*2-20)*8",0,0]},"tail3":{"rotation":["37.5-math.cos(q.anim_time*90*2-70)*8",0,0]},"tail4":{"rotation":["37.5-math.cos(q.anim_time*90*2-110)*8",0,0]},"leg_left":{"rotation":["-59.7539-math.cos(q.anim_time*90*2-40)*10",-5.29571,"-5.3185-math.cos(q.anim_time*90*2-20)*5"]},"arm_right":{"rotation":[44.60407,"11.0729+math.cos(q.anim_time*90*2)*5","-65.7285+math.cos(q.anim_time*90*2-50)*5"],"position":[0,-5,0]},"arm_right2":{"rotation":[0,"-12.5+math.cos(q.anim_time*90*2-60)*5",0],"position":[0,0,0]},"head_rotation":{"rotation":[-12.5,0,0]},"jaw":{"rotation":["10+math.cos(q.anim_time*90*2)*10",0,0]},"lower_hand_right":{"rotation":[0,0,0]},"leg_left2":{"rotation":["15-math.cos(q.anim_time*90*2-90)*12",0,0]},"head_fur_top":{"rotation":["5+math.cos(q.anim_time*90*2+20)*5",0,0]},"head_fur_top2":{"rotation":["7.5+math.cos(q.anim_time*90*2-50)*7.5",0,0]},"head_fur_top_left2":{"rotation":["7.5+math.cos(q.anim_time*90*2-70)*5",0,0]},"head_fur_top_right2":{"rotation":["7.5+math.cos(q.anim_time*90*2-70)*5",0,0]},"head_fur_bottom":{"rotation":["40+math.cos(q.anim_time*90*2)*10",0,0]},"wing_top_left":{"rotation":[-10,"-math.cos(q.anim_time*90*2)*20-math.clamp(math.sin(q.anim_time*90*2+90)*40,0,20)",-10]},"wing_top_left2":{"rotation":[0,"40-math.cos(q.anim_time*90*2-60)*20-math.clamp(math.sin(q.anim_time*90*2+90-60)*40,0,20)",0]},"wing_top_left3":{"rotation":[0,"40-math.cos(q.anim_time*90*2-120)*20-math.clamp(math.sin(q.anim_time*90*2+90-120)*40,0,20)",0]},"wing_top_left4":{"rotation":[0,"40-math.cos(q.anim_time*90*2-180)*20-math.clamp(math.sin(q.anim_time*90*2+90-180)*40,0,20)",0]},"wing_middle_left2":{"rotation":[0,"40-math.cos(q.anim_time*90*2-90)*20-math.clamp(math.sin(q.anim_time*90*2+90-90)*40,0,20)",0]},"wing_middle_left3":{"rotation":[0,"40-math.cos(q.anim_time*90*2-150)*20-math.clamp(math.sin(q.anim_time*90*2+90-150)*40,0,20)",0]},"wing_middle_left4":{"rotation":[0,"40-math.cos(q.anim_time*90*2-210)*20-math.clamp(math.sin(q.anim_time*90*2+90-210)*40,0,20)",0]},"wing_bototm_left":{"rotation":[0,-7.5,0]},"wing_bototm_left2":{"rotation":[0,25,0]},"wing_bototm_left3":{"rotation":[0,25,0]},"wing_bototm_left4":{"rotation":[0,22.5,0]},"wing_top_right":{"rotation":[-10,"math.cos(q.anim_time*90*2)*20+math.clamp(math.sin(q.anim_time*90*2+90)*40,0,20)",10]},"wing_top_right2":{"rotation":[0,"-40+math.cos(q.anim_time*90*2-60)*20+math.clamp(math.sin(q.anim_time*90*2+90-60)*40,0,20)",0]},"wing_top_right3":{"rotation":[0,"-40+math.cos(q.anim_time*90*2-120)*20+math.clamp(math.sin(q.anim_time*90*2+90-120)*40,0,20)",0]},"wing_top_right4":{"rotation":[0,"-40+math.cos(q.anim_time*90*2-180)*20+math.clamp(math.sin(q.anim_time*90*2+90-180)*40,0,20)",0]},"wing_middle_right2":{"rotation":[0,"-40+math.cos(q.anim_time*90*2-90)*20+math.clamp(math.sin(q.anim_time*90*2+90-90)*40,0,20)",0]},"wing_middle_right3":{"rotation":[0,"-40+math.cos(q.anim_time*90*2-150)*20+math.clamp(math.sin(q.anim_time*90*2+90-150)*40,0,20)",0]},"wing_middle_right4":{"rotation":[0,"-40+math.cos(q.anim_time*90*2-210)*20+math.clamp(math.sin(q.anim_time*90*2+90-210)*40,0,20)",0]},"wing_bototm_right":{"rotation":[0,7.5,0]},"wing_bototm_right2":{"rotation":[0,-25,0]},"wing_bototm_right3":{"rotation":[0,-25,0]},"wing_bototm_right4":{"rotation":[0,-22.5,0]},"wing_bottom_left":{"rotation":[10,"-math.cos(q.anim_time*90*2-60)*20-math.clamp(math.sin(q.anim_time*90*2+90-60)*40,0,20)",10]},"wing_bottom_left2":{"rotation":[0,"40-math.cos(q.anim_time*90*2-120)*20-math.clamp(math.sin(q.anim_time*90*2+90-120)*40,0,20)",0]},"wing_bottom_left3":{"rotation":[0,"40-math.cos(q.anim_time*90*2-180)*20-math.clamp(math.sin(q.anim_time*90*2+90-180)*40,0,20)",0]},"wing_bottom_left4":{"rotation":[0,"40-math.cos(q.anim_time*90*2-180-60)*20-math.clamp(math.sin(q.anim_time*90*2+90-180-60)*40,0,20)",0]},"wing_bottom_right":{"rotation":[10,"math.cos(q.anim_time*90*2-60)*20+math.clamp(math.sin(q.anim_time*90*2+90-60)*40,0,20)",-10]},"wing_bottom_right2":{"rotation":[0,"-40+math.cos(q.anim_time*90*2-120)*20+math.clamp(math.sin(q.anim_time*90*2+90-120)*40,0,20)",0]},"wing_bottom_right3":{"rotation":[0,"-40+math.cos(q.anim_time*90*2-180)*20+math.clamp(math.sin(q.anim_time*90*2+90-180)*40,0,20)",0]},"wing_bottom_right4":{"rotation":[0,"-40+math.cos(q.anim_time*90*2-180-60)*20+math.clamp(math.sin(q.anim_time*90*2+90-180-60)*40,0,20)",0]},"hand_hair_front_right":{"rotation":[0,-15,0]},"hand_hair_back_right":{"rotation":[0,5,0]},"hand_hair_top_right2":{"rotation":[0,0,40]},"hand_hair_top_front_right2":{"rotation":[0,0,45]},"hand_hair_top_back_right2":{"rotation":[0,0,45]},"arm_left":{"rotation":[44.60407,"-11.0729-math.cos(q.anim_time*90*2)*5","65.7285-math.cos(q.anim_time*90*2-50)*5"],"position":[0,-5,0]},"arm_left2":{"rotation":[0,"12.5-math.cos(q.anim_time*90*2-60)*5",0],"position":[0,0,0]},"hand_hair_front_left":{"rotation":[0,15,0]},"hand_hair_back_left2":{"rotation":[0,"-22.5+math.cos(q.anim_time*90*2-90)*10",0]},"hand_hair_top_left2":{"rotation":[2.30991,0.95645,-32.48072]},"hand_hair_top_front_left2":{"rotation":[0,0,-17.5]},"hand_hair_top_back_left2":{"rotation":[0,0,"math.cos(q.anim_time*90*2-60)*10"]},"torso":{"rotation":["-math.cos(q.anim_time*90*2+20)*3",0,0]},"chest_fur_front":{"rotation":["-10-math.cos(q.anim_time*90*2)*10",0,0]},"chest_fur_back":{"rotation":["10+math.cos(q.anim_time*90*2)*10",0,0]},"chest_fur_left":{"rotation":[0,0,"-10-math.cos(q.anim_time*90*2)*10"]},"chest_fur_right":{"rotation":[0,0,"10+math.cos(q.anim_time*90*2)*10"]},"wing_middle_left":{"rotation":[0,"-math.cos(q.anim_time*90*2-30)*20-math.clamp(math.sin(q.anim_time*90*2+90-30)*40,0,20)",0]},"wing_middle_right":{"rotation":[0,"math.cos(q.anim_time*90*2-30)*20+math.clamp(math.sin(q.anim_time*90*2+90-30)*40,0,20)",0]},"hand_right":{"rotation":[0,"-7.5+math.cos(q.anim_time*90*2-120)*5",0]},"hand_left":{"rotation":[0,"7.5-math.cos(q.anim_time*90*2-120)*5",0]},"hand_hair_back_left":{"rotation":[0,"math.cos(q.anim_time*90*2-30)*10",0]},"hand_hair_top_back_left":{"rotation":[0,"math.cos(q.anim_time*90*2)*10",0]},"neck":{"rotation":["-20+math.cos(q.anim_time*90*2-20)*5",0,0]},"neck2":{"rotation":["math.cos(q.anim_time*90*2+20)*5",0,0]},"neck3":{"rotation":["math.cos(q.anim_time*90*2+120)*5",0,0]},"head":{"rotation":["math.cos(q.anim_time*90*2+180)*5",0,0]},"head_fur_left":{"rotation":[0,0,"-math.cos(q.anim_time*90*2-40)*7.5"]},"head_fur_left2":{"rotation":[0,0,"-7.5-math.cos(q.anim_time*90*2-100)*7.5"]},"head_fur_top_left":{"rotation":["math.cos(q.anim_time*90*2-10)*5",0,0]},"head_fur_bottom_left":{"rotation":[0,0,"-math.cos(q.anim_time*90*2-70)*7.5"]},"head_fur_bottom_left2":{"rotation":[0,0,"-7.5-math.cos(q.anim_time*90*2-130)*7.5"]},"head_fur_right":{"rotation":[0,0,"math.cos(q.anim_time*90*2-40)*7.5"]},"head_fur_right2":{"rotation":[0,0,"7.5+math.cos(q.anim_time*90*2-100)*7.5"]},"head_fur_top_right":{"rotation":["math.cos(q.anim_time*90*2-10)*5",0,0]},"head_fur_bottom_right":{"rotation":[0,0,"math.cos(q.anim_time*90*2-70)*7.5"]},"head_fur_bottom_right2":{"rotation":[0,0,"7.5+math.cos(q.anim_time*90*2-130)*7.5"]},"tail5":{"rotation":["37.5-math.cos(q.anim_time*90*2-150)*8",0,0]},"leg_left3":{"rotation":["15-math.cos(q.anim_time*90*2-150)*12",0,0]},"leg_right":{"rotation":["-59.7539-math.cos(q.anim_time*90*2-40)*10",5.29571,"5.3185+math.cos(q.anim_time*90*2-20)*5"]},"leg_right2":{"rotation":["15-math.cos(q.anim_time*90*2-90)*12",0,0]},"leg_right3":{"rotation":["15-math.cos(q.anim_time*90*2-150)*12",0,0]}}},"animation.ironjugulis.ground_idle":{"loop":true,"animation_length":2,"bones":{"body":{"rotation":[37.5,0,0],"position":[0,"8-math.sin(q.anim_time*90*2)*2+math.clamp(math.cos(q.anim_time*90*2-30)*1,0,0.5)+math.clamp(math.cos(q.anim_time*90*2+90)*2,0,1)+math.clamp(math.cos(q.anim_time*90*2+120)*2,0,1)",1]},"tail":{"rotation":["-15-math.cos(q.anim_time*90*2+40)*10",0,0]},"tail2":{"rotation":["-12.5-math.cos(q.anim_time*90*2-20)*8",0,0]},"tail3":{"rotation":["37.5-math.cos(q.anim_time*90*2-70)*8",0,0]},"tail4":{"rotation":["37.5-math.cos(q.anim_time*90*2-110)*8",0,0]},"leg_left":{"rotation":["-59.7539-math.cos(q.anim_time*90*2-40)*10",-5.29571,"-5.3185-math.cos(q.anim_time*90*2-20)*5"]},"arm_right":{"rotation":[44.60407,"11.0729+math.cos(q.anim_time*90*2)*5","-65.7285+math.cos(q.anim_time*90*2-50)*5"],"position":[0,-5,0]},"arm_right2":{"rotation":[0,"-12.5+math.cos(q.anim_time*90*2-60)*5",0],"position":[0,0,0]},"head_rotation":{"rotation":[-12.5,0,0]},"jaw":{"rotation":["10+math.cos(q.anim_time*90*2)*10",0,0]},"lower_hand_right":{"rotation":[0,0,0]},"leg_left2":{"rotation":["15-math.cos(q.anim_time*90*2-90)*12",0,0]},"head_fur_top":{"rotation":["5+math.cos(q.anim_time*90*2+20)*5",0,0]},"head_fur_top2":{"rotation":["7.5+math.cos(q.anim_time*90*2-50)*7.5",0,0]},"head_fur_top_left2":{"rotation":["7.5+math.cos(q.anim_time*90*2-70)*5",0,0]},"head_fur_top_right2":{"rotation":["7.5+math.cos(q.anim_time*90*2-70)*5",0,0]},"head_fur_bottom":{"rotation":["40+math.cos(q.anim_time*90*2)*10",0,0]},"wing_top_left":{"rotation":[-10,"-math.cos(q.anim_time*90*2)*20-math.clamp(math.sin(q.anim_time*90*2+90)*40,0,20)",-10]},"wing_top_left2":{"rotation":[0,"40-math.cos(q.anim_time*90*2-60)*20-math.clamp(math.sin(q.anim_time*90*2+90-60)*40,0,20)",0]},"wing_top_left3":{"rotation":[0,"40-math.cos(q.anim_time*90*2-120)*20-math.clamp(math.sin(q.anim_time*90*2+90-120)*40,0,20)",0]},"wing_top_left4":{"rotation":[0,"40-math.cos(q.anim_time*90*2-180)*20-math.clamp(math.sin(q.anim_time*90*2+90-180)*40,0,20)",0]},"wing_middle_left2":{"rotation":[0,"40-math.cos(q.anim_time*90*2-90)*20-math.clamp(math.sin(q.anim_time*90*2+90-90)*40,0,20)",0]},"wing_middle_left3":{"rotation":[0,"40-math.cos(q.anim_time*90*2-150)*20-math.clamp(math.sin(q.anim_time*90*2+90-150)*40,0,20)",0]},"wing_middle_left4":{"rotation":[0,"40-math.cos(q.anim_time*90*2-210)*20-math.clamp(math.sin(q.anim_time*90*2+90-210)*40,0,20)",0]},"wing_bototm_left":{"rotation":[0,-7.5,0]},"wing_bototm_left2":{"rotation":[0,25,0]},"wing_bototm_left3":{"rotation":[0,25,0]},"wing_bototm_left4":{"rotation":[0,22.5,0]},"wing_top_right":{"rotation":[-10,"math.cos(q.anim_time*90*2)*20+math.clamp(math.sin(q.anim_time*90*2+90)*40,0,20)",10]},"wing_top_right2":{"rotation":[0,"-40+math.cos(q.anim_time*90*2-60)*20+math.clamp(math.sin(q.anim_time*90*2+90-60)*40,0,20)",0]},"wing_top_right3":{"rotation":[0,"-40+math.cos(q.anim_time*90*2-120)*20+math.clamp(math.sin(q.anim_time*90*2+90-120)*40,0,20)",0]},"wing_top_right4":{"rotation":[0,"-40+math.cos(q.anim_time*90*2-180)*20+math.clamp(math.sin(q.anim_time*90*2+90-180)*40,0,20)",0]},"wing_middle_right2":{"rotation":[0,"-40+math.cos(q.anim_time*90*2-90)*20+math.clamp(math.sin(q.anim_time*90*2+90-90)*40,0,20)",0]},"wing_middle_right3":{"rotation":[0,"-40+math.cos(q.anim_time*90*2-150)*20+math.clamp(math.sin(q.anim_time*90*2+90-150)*40,0,20)",0]},"wing_middle_right4":{"rotation":[0,"-40+math.cos(q.anim_time*90*2-210)*20+math.clamp(math.sin(q.anim_time*90*2+90-210)*40,0,20)",0]},"wing_bototm_right":{"rotation":[0,7.5,0]},"wing_bototm_right2":{"rotation":[0,-25,0]},"wing_bototm_right3":{"rotation":[0,-25,0]},"wing_bototm_right4":{"rotation":[0,-22.5,0]},"wing_bottom_left":{"rotation":[10,"-math.cos(q.anim_time*90*2-60)*20-math.clamp(math.sin(q.anim_time*90*2+90-60)*40,0,20)",10]},"wing_bottom_left2":{"rotation":[0,"40-math.cos(q.anim_time*90*2-120)*20-math.clamp(math.sin(q.anim_time*90*2+90-120)*40,0,20)",0]},"wing_bottom_left3":{"rotation":[0,"40-math.cos(q.anim_time*90*2-180)*20-math.clamp(math.sin(q.anim_time*90*2+90-180)*40,0,20)",0]},"wing_bottom_left4":{"rotation":[0,"40-math.cos(q.anim_time*90*2-180-60)*20-math.clamp(math.sin(q.anim_time*90*2+90-180-60)*40,0,20)",0]},"wing_bottom_right":{"rotation":[10,"math.cos(q.anim_time*90*2-60)*20+math.clamp(math.sin(q.anim_time*90*2+90-60)*40,0,20)",-10]},"wing_bottom_right2":{"rotation":[0,"-40+math.cos(q.anim_time*90*2-120)*20+math.clamp(math.sin(q.anim_time*90*2+90-120)*40,0,20)",0]},"wing_bottom_right3":{"rotation":[0,"-40+math.cos(q.anim_time*90*2-180)*20+math.clamp(math.sin(q.anim_time*90*2+90-180)*40,0,20)",0]},"wing_bottom_right4":{"rotation":[0,"-40+math.cos(q.anim_time*90*2-180-60)*20+math.clamp(math.sin(q.anim_time*90*2+90-180-60)*40,0,20)",0]},"hand_hair_front_right":{"rotation":[0,-15,0]},"hand_hair_back_right":{"rotation":[0,5,0]},"hand_hair_top_right2":{"rotation":[0,0,40]},"hand_hair_top_front_right2":{"rotation":[0,0,45]},"hand_hair_top_back_right2":{"rotation":[0,0,45]},"arm_left":{"rotation":[44.60407,"-11.0729-math.cos(q.anim_time*90*2)*5","65.7285-math.cos(q.anim_time*90*2-50)*5"],"position":[0,-5,0]},"arm_left2":{"rotation":[0,"12.5-math.cos(q.anim_time*90*2-60)*5",0],"position":[0,0,0]},"hand_hair_front_left":{"rotation":[0,15,0]},"hand_hair_back_left2":{"rotation":[0,"-22.5+math.cos(q.anim_time*90*2-90)*10",0]},"hand_hair_top_left2":{"rotation":[2.30991,0.95645,-32.48072]},"hand_hair_top_front_left2":{"rotation":[0,0,-17.5]},"hand_hair_top_back_left2":{"rotation":[0,0,"math.cos(q.anim_time*90*2-60)*10"]},"torso":{"rotation":["-math.cos(q.anim_time*90*2+20)*3",0,0]},"chest_fur_front":{"rotation":["-10-math.cos(q.anim_time*90*2)*10",0,0]},"chest_fur_back":{"rotation":["10+math.cos(q.anim_time*90*2)*10",0,0]},"chest_fur_left":{"rotation":[0,0,"-10-math.cos(q.anim_time*90*2)*10"]},"chest_fur_right":{"rotation":[0,0,"10+math.cos(q.anim_time*90*2)*10"]},"wing_middle_left":{"rotation":[0,"-math.cos(q.anim_time*90*2-30)*20-math.clamp(math.sin(q.anim_time*90*2+90-30)*40,0,20)",0]},"wing_middle_right":{"rotation":[0,"math.cos(q.anim_time*90*2-30)*20+math.clamp(math.sin(q.anim_time*90*2+90-30)*40,0,20)",0]},"hand_right":{"rotation":[0,"-7.5+math.cos(q.anim_time*90*2-120)*5",0]},"hand_left":{"rotation":[0,"7.5-math.cos(q.anim_time*90*2-120)*5",0]},"hand_hair_back_left":{"rotation":[0,"math.cos(q.anim_time*90*2-30)*10",0]},"hand_hair_top_back_left":{"rotation":[0,"math.cos(q.anim_time*90*2)*10",0]},"neck":{"rotation":["-20+math.cos(q.anim_time*90*2-20)*5",0,0]},"neck2":{"rotation":["math.cos(q.anim_time*90*2+20)*5",0,0]},"neck3":{"rotation":["math.cos(q.anim_time*90*2+120)*5",0,0]},"head":{"rotation":["math.cos(q.anim_time*90*2+180)*5",0,0]},"head_fur_left":{"rotation":[0,0,"-math.cos(q.anim_time*90*2-40)*7.5"]},"head_fur_left2":{"rotation":[0,0,"-7.5-math.cos(q.anim_time*90*2-100)*7.5"]},"head_fur_top_left":{"rotation":["math.cos(q.anim_time*90*2-10)*5",0,0]},"head_fur_bottom_left":{"rotation":[0,0,"-math.cos(q.anim_time*90*2-70)*7.5"]},"head_fur_bottom_left2":{"rotation":[0,0,"-7.5-math.cos(q.anim_time*90*2-130)*7.5"]},"head_fur_right":{"rotation":[0,0,"math.cos(q.anim_time*90*2-40)*7.5"]},"head_fur_right2":{"rotation":[0,0,"7.5+math.cos(q.anim_time*90*2-100)*7.5"]},"head_fur_top_right":{"rotation":["math.cos(q.anim_time*90*2-10)*5",0,0]},"head_fur_bottom_right":{"rotation":[0,0,"math.cos(q.anim_time*90*2-70)*7.5"]},"head_fur_bottom_right2":{"rotation":[0,0,"7.5+math.cos(q.anim_time*90*2-130)*7.5"]},"tail5":{"rotation":["37.5-math.cos(q.anim_time*90*2-150)*8",0,0]},"leg_left3":{"rotation":["15-math.cos(q.anim_time*90*2-150)*12",0,0]},"leg_right":{"rotation":["-59.7539-math.cos(q.anim_time*90*2-40)*10",5.29571,"5.3185+math.cos(q.anim_time*90*2-20)*5"]},"leg_right2":{"rotation":["15-math.cos(q.anim_time*90*2-90)*12",0,0]},"leg_right3":{"rotation":["15-math.cos(q.anim_time*90*2-150)*12",0,0]}}},"animation.ironjugulis.battle_air_idle":{"loop":true,"animation_length":2,"bones":{"body":{"rotation":[37.5,-30,0],"position":[0,"-math.sin(q.anim_time*90*2)*2+math.clamp(math.cos(q.anim_time*90*2-30)*1,0,0.5)+math.clamp(math.cos(q.anim_time*90*2+90)*2,0,1)+math.clamp(math.cos(q.anim_time*90*2+120)*2,0,1)",1]},"tail":{"rotation":["-15-math.cos(q.anim_time*90*2+40)*10",0,0]},"tail2":{"rotation":["-12.5-math.cos(q.anim_time*90*2-20)*8",0,0]},"tail3":{"rotation":["37.5-math.cos(q.anim_time*90*2-70)*8",0,0]},"tail4":{"rotation":["37.5-math.cos(q.anim_time*90*2-110)*8",0,0]},"leg_left":{"rotation":["-59.7539-math.cos(q.anim_time*90*2-40)*10",-5.29571,"-5.3185-math.cos(q.anim_time*90*2-20)*5"]},"arm_right":{"rotation":[-43.33091,"28.3271+math.cos(q.anim_time*90*2)*5","26.419+math.cos(q.anim_time*90*2-50)*5"],"position":[0,-5,0]},"arm_right2":{"rotation":[0,"-12.5+math.cos(q.anim_time*90*2-60)*5",0],"position":[0,0,0]},"head_rotation":{"rotation":[-12.5,0,0]},"jaw":{"rotation":["10+math.cos(q.anim_time*90*2)*10",0,0]},"lower_hand_right":{"rotation":[0,0,"-15+math.cos(q.anim_time*90*2-60)*8"]},"leg_left2":{"rotation":["15-math.cos(q.anim_time*90*2-90)*12",0,0]},"head_fur_top":{"rotation":["5+math.cos(q.anim_time*90*2+20)*5",0,0]},"head_fur_top2":{"rotation":["7.5+math.cos(q.anim_time*90*2-50)*7.5",0,0]},"head_fur_top_left2":{"rotation":["7.5+math.cos(q.anim_time*90*2-70)*5",0,0]},"head_fur_top_right2":{"rotation":["7.5+math.cos(q.anim_time*90*2-70)*5",0,0]},"head_fur_bottom":{"rotation":["40+math.cos(q.anim_time*90*2)*10",0,0]},"wing_top_left":{"rotation":[-10,"-math.cos(q.anim_time*90*2)*20-math.clamp(math.sin(q.anim_time*90*2+90)*40,0,20)",-10]},"wing_top_left2":{"rotation":[0,"40-math.cos(q.anim_time*90*2-60)*20-math.clamp(math.sin(q.anim_time*90*2+90-60)*40,0,20)",0]},"wing_top_left3":{"rotation":[0,"40-math.cos(q.anim_time*90*2-120)*20-math.clamp(math.sin(q.anim_time*90*2+90-120)*40,0,20)",0]},"wing_top_left4":{"rotation":[0,"40-math.cos(q.anim_time*90*2-180)*20-math.clamp(math.sin(q.anim_time*90*2+90-180)*40,0,20)",0]},"wing_middle_left2":{"rotation":[0,"40-math.cos(q.anim_time*90*2-90)*20-math.clamp(math.sin(q.anim_time*90*2+90-90)*40,0,20)",0]},"wing_middle_left3":{"rotation":[0,"40-math.cos(q.anim_time*90*2-150)*20-math.clamp(math.sin(q.anim_time*90*2+90-150)*40,0,20)",0]},"wing_middle_left4":{"rotation":[0,"40-math.cos(q.anim_time*90*2-210)*20-math.clamp(math.sin(q.anim_time*90*2+90-210)*40,0,20)",0]},"wing_bototm_left":{"rotation":[0,-7.5,0]},"wing_bototm_left2":{"rotation":[0,25,0]},"wing_bototm_left3":{"rotation":[0,25,0]},"wing_bototm_left4":{"rotation":[0,22.5,0]},"wing_top_right":{"rotation":[-10,"math.cos(q.anim_time*90*2)*20+math.clamp(math.sin(q.anim_time*90*2+90)*40,0,20)",10]},"wing_top_right2":{"rotation":[0,"-40+math.cos(q.anim_time*90*2-60)*20+math.clamp(math.sin(q.anim_time*90*2+90-60)*40,0,20)",0]},"wing_top_right3":{"rotation":[0,"-40+math.cos(q.anim_time*90*2-120)*20+math.clamp(math.sin(q.anim_time*90*2+90-120)*40,0,20)",0]},"wing_top_right4":{"rotation":[0,"-40+math.cos(q.anim_time*90*2-180)*20+math.clamp(math.sin(q.anim_time*90*2+90-180)*40,0,20)",0]},"wing_middle_right2":{"rotation":[0,"-40+math.cos(q.anim_time*90*2-90)*20+math.clamp(math.sin(q.anim_time*90*2+90-90)*40,0,20)",0]},"wing_middle_right3":{"rotation":[0,"-40+math.cos(q.anim_time*90*2-150)*20+math.clamp(math.sin(q.anim_time*90*2+90-150)*40,0,20)",0]},"wing_middle_right4":{"rotation":[0,"-40+math.cos(q.anim_time*90*2-210)*20+math.clamp(math.sin(q.anim_time*90*2+90-210)*40,0,20)",0]},"wing_bototm_right":{"rotation":[0,7.5,0]},"wing_bototm_right2":{"rotation":[0,-25,0]},"wing_bototm_right3":{"rotation":[0,-25,0]},"wing_bototm_right4":{"rotation":[0,-22.5,0]},"wing_bottom_left":{"rotation":[10,"-math.cos(q.anim_time*90*2-60)*20-math.clamp(math.sin(q.anim_time*90*2+90-60)*40,0,20)",10]},"wing_bottom_left2":{"rotation":[0,"40-math.cos(q.anim_time*90*2-120)*20-math.clamp(math.sin(q.anim_time*90*2+90-120)*40,0,20)",0]},"wing_bottom_left3":{"rotation":[0,"40-math.cos(q.anim_time*90*2-180)*20-math.clamp(math.sin(q.anim_time*90*2+90-180)*40,0,20)",0]},"wing_bottom_left4":{"rotation":[0,"40-math.cos(q.anim_time*90*2-180-60)*20-math.clamp(math.sin(q.anim_time*90*2+90-180-60)*40,0,20)",0]},"wing_bottom_right":{"rotation":[10,"math.cos(q.anim_time*90*2-60)*20+math.clamp(math.sin(q.anim_time*90*2+90-60)*40,0,20)",-10]},"wing_bottom_right2":{"rotation":[0,"-40+math.cos(q.anim_time*90*2-120)*20+math.clamp(math.sin(q.anim_time*90*2+90-120)*40,0,20)",0]},"wing_bottom_right3":{"rotation":[0,"-40+math.cos(q.anim_time*90*2-180)*20+math.clamp(math.sin(q.anim_time*90*2+90-180)*40,0,20)",0]},"wing_bottom_right4":{"rotation":[0,"-40+math.cos(q.anim_time*90*2-180-60)*20+math.clamp(math.sin(q.anim_time*90*2+90-180-60)*40,0,20)",0]},"hand_hair_front_right":{"rotation":[0,-15,0]},"hand_hair_back_right":{"rotation":[0,5,0]},"hand_hair_top_right2":{"rotation":[0,0,40]},"hand_hair_top_front_right2":{"rotation":[0,0,45]},"hand_hair_top_back_right2":{"rotation":[0,0,45]},"arm_left":{"rotation":[-111.75248,"-6.0625-math.cos(q.anim_time*90*2)*5","-113.113-math.cos(q.anim_time*90*2-50)*5"],"position":[5.19615,-1.64832,-1.32899]},"arm_left2":{"rotation":[0,"12.5-math.cos(q.anim_time*90*2-60)*5",0],"position":[0,0,0]},"hand_hair_front_left":{"rotation":[0,15,0]},"hand_hair_back_left2":{"rotation":[0,"-22.5+math.cos(q.anim_time*90*2-90)*10",0]},"hand_hair_top_left2":{"rotation":[2.30991,0.95645,-32.48072]},"hand_hair_top_front_left2":{"rotation":[0,0,-17.5]},"hand_hair_top_back_left2":{"rotation":[0,0,"math.cos(q.anim_time*90*2-60)*10"]},"torso":{"rotation":["-math.cos(q.anim_time*90*2+20)*3",0,0]},"chest_fur_front":{"rotation":["-10-math.cos(q.anim_time*90*2)*10",0,0]},"chest_fur_back":{"rotation":["10+math.cos(q.anim_time*90*2)*10",0,0]},"chest_fur_left":{"rotation":[0,0,"-10-math.cos(q.anim_time*90*2)*10"]},"chest_fur_right":{"rotation":[0,0,"10+math.cos(q.anim_time*90*2)*10"]},"wing_middle_left":{"rotation":[0,"-math.cos(q.anim_time*90*2-30)*20-math.clamp(math.sin(q.anim_time*90*2+90-30)*40,0,20)",0]},"wing_middle_right":{"rotation":[0,"math.cos(q.anim_time*90*2-30)*20+math.clamp(math.sin(q.anim_time*90*2+90-30)*40,0,20)",0]},"hand_right":{"rotation":[0,"-7.5+math.cos(q.anim_time*90*2-120)*5",0]},"hand_left":{"rotation":[0,"7.5-math.cos(q.anim_time*90*2-120)*5",0]},"hand_hair_back_left":{"rotation":[0,"math.cos(q.anim_time*90*2-30)*10",0]},"hand_hair_top_back_left":{"rotation":[0,"math.cos(q.anim_time*90*2)*10",0]},"neck":{"rotation":["-35+math.cos(q.anim_time*90*2-20)*5",0,0]},"neck2":{"rotation":["15+math.cos(q.anim_time*90*2+20)*5",0,0]},"neck3":{"rotation":["10+math.cos(q.anim_time*90*2+120)*5",0,0]},"head":{"rotation":["-15+math.cos(q.anim_time*90*2+180)*5",0,-30]},"head_fur_left":{"rotation":[0,0,"-math.cos(q.anim_time*90*2-40)*7.5"]},"head_fur_left2":{"rotation":[0,0,"-7.5-math.cos(q.anim_time*90*2-100)*7.5"]},"head_fur_top_left":{"rotation":["math.cos(q.anim_time*90*2-10)*5",0,0]},"head_fur_bottom_left":{"rotation":[0,0,"-math.cos(q.anim_time*90*2-70)*7.5"]},"head_fur_bottom_left2":{"rotation":[0,0,"-7.5-math.cos(q.anim_time*90*2-130)*7.5"]},"head_fur_right":{"rotation":[0,0,"math.cos(q.anim_time*90*2-40)*7.5"]},"head_fur_right2":{"rotation":[0,0,"7.5+math.cos(q.anim_time*90*2-100)*7.5"]},"head_fur_top_right":{"rotation":["math.cos(q.anim_time*90*2-10)*5",0,0]},"head_fur_bottom_right":{"rotation":[0,0,"math.cos(q.anim_time*90*2-70)*7.5"]},"head_fur_bottom_right2":{"rotation":[0,0,"7.5+math.cos(q.anim_time*90*2-130)*7.5"]},"tail5":{"rotation":["37.5-math.cos(q.anim_time*90*2-150)*8",0,0]},"leg_left3":{"rotation":["15-math.cos(q.anim_time*90*2-150)*12",0,0]},"leg_right":{"rotation":["-59.7539-math.cos(q.anim_time*90*2-40)*10",5.29571,"5.3185+math.cos(q.anim_time*90*2-20)*5"]},"leg_right2":{"rotation":["15-math.cos(q.anim_time*90*2-90)*12",0,0]},"leg_right3":{"rotation":["15-math.cos(q.anim_time*90*2-150)*12",0,0]},"lower_hand_left":{"rotation":[0,0,"15+math.cos(q.anim_time*90*2-60)*8"]},"eye_neutral_left":{"position":[-0.1,0,0]},"eye_angry_left":{"position":[0.1,0,0]},"eye_neutral_right":{"position":[0.1,0,0]},"eye_angry_right":{"position":[-0.1,0,0]}}},"animation.ironjugulis.battle_ground_idle":{"loop":true,"animation_length":2,"bones":{"body":{"rotation":[37.5,-30,0],"position":[0,"8-math.sin(q.anim_time*90*2)*2+math.clamp(math.cos(q.anim_time*90*2-30)*1,0,0.5)+math.clamp(math.cos(q.anim_time*90*2+90)*2,0,1)+math.clamp(math.cos(q.anim_time*90*2+120)*2,0,1)",1]},"tail":{"rotation":["-15-math.cos(q.anim_time*90*2+40)*10",0,0]},"tail2":{"rotation":["-12.5-math.cos(q.anim_time*90*2-20)*8",0,0]},"tail3":{"rotation":["37.5-math.cos(q.anim_time*90*2-70)*8",0,0]},"tail4":{"rotation":["37.5-math.cos(q.anim_time*90*2-110)*8",0,0]},"leg_left":{"rotation":["-59.7539-math.cos(q.anim_time*90*2-40)*10",-5.29571,"-5.3185-math.cos(q.anim_time*90*2-20)*5"]},"arm_right":{"rotation":[-43.33091,"28.3271+math.cos(q.anim_time*90*2)*5","26.419+math.cos(q.anim_time*90*2-50)*5"],"position":[0,-5,0]},"arm_right2":{"rotation":[0,"-12.5+math.cos(q.anim_time*90*2-60)*5",0],"position":[0,0,0]},"head_rotation":{"rotation":[-12.5,0,0]},"jaw":{"rotation":["10+math.cos(q.anim_time*90*2)*10",0,0]},"lower_hand_right":{"rotation":[0,0,"-15+math.cos(q.anim_time*90*2-60)*8"]},"leg_left2":{"rotation":["15-math.cos(q.anim_time*90*2-90)*12",0,0]},"head_fur_top":{"rotation":["5+math.cos(q.anim_time*90*2+20)*5",0,0]},"head_fur_top2":{"rotation":["7.5+math.cos(q.anim_time*90*2-50)*7.5",0,0]},"head_fur_top_left2":{"rotation":["7.5+math.cos(q.anim_time*90*2-70)*5",0,0]},"head_fur_top_right2":{"rotation":["7.5+math.cos(q.anim_time*90*2-70)*5",0,0]},"head_fur_bottom":{"rotation":["40+math.cos(q.anim_time*90*2)*10",0,0]},"wing_top_left":{"rotation":[-10,"-math.cos(q.anim_time*90*2)*20-math.clamp(math.sin(q.anim_time*90*2+90)*40,0,20)",-10]},"wing_top_left2":{"rotation":[0,"40-math.cos(q.anim_time*90*2-60)*20-math.clamp(math.sin(q.anim_time*90*2+90-60)*40,0,20)",0]},"wing_top_left3":{"rotation":[0,"40-math.cos(q.anim_time*90*2-120)*20-math.clamp(math.sin(q.anim_time*90*2+90-120)*40,0,20)",0]},"wing_top_left4":{"rotation":[0,"40-math.cos(q.anim_time*90*2-180)*20-math.clamp(math.sin(q.anim_time*90*2+90-180)*40,0,20)",0]},"wing_middle_left2":{"rotation":[0,"40-math.cos(q.anim_time*90*2-90)*20-math.clamp(math.sin(q.anim_time*90*2+90-90)*40,0,20)",0]},"wing_middle_left3":{"rotation":[0,"40-math.cos(q.anim_time*90*2-150)*20-math.clamp(math.sin(q.anim_time*90*2+90-150)*40,0,20)",0]},"wing_middle_left4":{"rotation":[0,"40-math.cos(q.anim_time*90*2-210)*20-math.clamp(math.sin(q.anim_time*90*2+90-210)*40,0,20)",0]},"wing_bototm_left":{"rotation":[0,-7.5,0]},"wing_bototm_left2":{"rotation":[0,25,0]},"wing_bototm_left3":{"rotation":[0,25,0]},"wing_bototm_left4":{"rotation":[0,22.5,0]},"wing_top_right":{"rotation":[-10,"math.cos(q.anim_time*90*2)*20+math.clamp(math.sin(q.anim_time*90*2+90)*40,0,20)",10]},"wing_top_right2":{"rotation":[0,"-40+math.cos(q.anim_time*90*2-60)*20+math.clamp(math.sin(q.anim_time*90*2+90-60)*40,0,20)",0]},"wing_top_right3":{"rotation":[0,"-40+math.cos(q.anim_time*90*2-120)*20+math.clamp(math.sin(q.anim_time*90*2+90-120)*40,0,20)",0]},"wing_top_right4":{"rotation":[0,"-40+math.cos(q.anim_time*90*2-180)*20+math.clamp(math.sin(q.anim_time*90*2+90-180)*40,0,20)",0]},"wing_middle_right2":{"rotation":[0,"-40+math.cos(q.anim_time*90*2-90)*20+math.clamp(math.sin(q.anim_time*90*2+90-90)*40,0,20)",0]},"wing_middle_right3":{"rotation":[0,"-40+math.cos(q.anim_time*90*2-150)*20+math.clamp(math.sin(q.anim_time*90*2+90-150)*40,0,20)",0]},"wing_middle_right4":{"rotation":[0,"-40+math.cos(q.anim_time*90*2-210)*20+math.clamp(math.sin(q.anim_time*90*2+90-210)*40,0,20)",0]},"wing_bototm_right":{"rotation":[0,7.5,0]},"wing_bototm_right2":{"rotation":[0,-25,0]},"wing_bototm_right3":{"rotation":[0,-25,0]},"wing_bototm_right4":{"rotation":[0,-22.5,0]},"wing_bottom_left":{"rotation":[10,"-math.cos(q.anim_time*90*2-60)*20-math.clamp(math.sin(q.anim_time*90*2+90-60)*40,0,20)",10]},"wing_bottom_left2":{"rotation":[0,"40-math.cos(q.anim_time*90*2-120)*20-math.clamp(math.sin(q.anim_time*90*2+90-120)*40,0,20)",0]},"wing_bottom_left3":{"rotation":[0,"40-math.cos(q.anim_time*90*2-180)*20-math.clamp(math.sin(q.anim_time*90*2+90-180)*40,0,20)",0]},"wing_bottom_left4":{"rotation":[0,"40-math.cos(q.anim_time*90*2-180-60)*20-math.clamp(math.sin(q.anim_time*90*2+90-180-60)*40,0,20)",0]},"wing_bottom_right":{"rotation":[10,"math.cos(q.anim_time*90*2-60)*20+math.clamp(math.sin(q.anim_time*90*2+90-60)*40,0,20)",-10]},"wing_bottom_right2":{"rotation":[0,"-40+math.cos(q.anim_time*90*2-120)*20+math.clamp(math.sin(q.anim_time*90*2+90-120)*40,0,20)",0]},"wing_bottom_right3":{"rotation":[0,"-40+math.cos(q.anim_time*90*2-180)*20+math.clamp(math.sin(q.anim_time*90*2+90-180)*40,0,20)",0]},"wing_bottom_right4":{"rotation":[0,"-40+math.cos(q.anim_time*90*2-180-60)*20+math.clamp(math.sin(q.anim_time*90*2+90-180-60)*40,0,20)",0]},"hand_hair_front_right":{"rotation":[0,-15,0]},"hand_hair_back_right":{"rotation":[0,5,0]},"hand_hair_top_right2":{"rotation":[0,0,40]},"hand_hair_top_front_right2":{"rotation":[0,0,45]},"hand_hair_top_back_right2":{"rotation":[0,0,45]},"arm_left":{"rotation":[-111.75248,"-6.0625-math.cos(q.anim_time*90*2)*5","-113.113-math.cos(q.anim_time*90*2-50)*5"],"position":[5.19615,-1.64832,-1.32899]},"arm_left2":{"rotation":[0,"12.5-math.cos(q.anim_time*90*2-60)*5",0],"position":[0,0,0]},"hand_hair_front_left":{"rotation":[0,15,0]},"hand_hair_back_left2":{"rotation":[0,"-22.5+math.cos(q.anim_time*90*2-90)*10",0]},"hand_hair_top_left2":{"rotation":[2.30991,0.95645,-32.48072]},"hand_hair_top_front_left2":{"rotation":[0,0,-17.5]},"hand_hair_top_back_left2":{"rotation":[0,0,"math.cos(q.anim_time*90*2-60)*10"]},"torso":{"rotation":["-math.cos(q.anim_time*90*2+20)*3",0,0]},"chest_fur_front":{"rotation":["-10-math.cos(q.anim_time*90*2)*10",0,0]},"chest_fur_back":{"rotation":["10+math.cos(q.anim_time*90*2)*10",0,0]},"chest_fur_left":{"rotation":[0,0,"-10-math.cos(q.anim_time*90*2)*10"]},"chest_fur_right":{"rotation":[0,0,"10+math.cos(q.anim_time*90*2)*10"]},"wing_middle_left":{"rotation":[0,"-math.cos(q.anim_time*90*2-30)*20-math.clamp(math.sin(q.anim_time*90*2+90-30)*40,0,20)",0]},"wing_middle_right":{"rotation":[0,"math.cos(q.anim_time*90*2-30)*20+math.clamp(math.sin(q.anim_time*90*2+90-30)*40,0,20)",0]},"hand_right":{"rotation":[0,"-7.5+math.cos(q.anim_time*90*2-120)*5",0]},"hand_left":{"rotation":[0,"7.5-math.cos(q.anim_time*90*2-120)*5",0]},"hand_hair_back_left":{"rotation":[0,"math.cos(q.anim_time*90*2-30)*10",0]},"hand_hair_top_back_left":{"rotation":[0,"math.cos(q.anim_time*90*2)*10",0]},"neck":{"rotation":["-35+math.cos(q.anim_time*90*2-20)*5",0,0]},"neck2":{"rotation":["15+math.cos(q.anim_time*90*2+20)*5",0,0]},"neck3":{"rotation":["10+math.cos(q.anim_time*90*2+120)*5",0,0]},"head":{"rotation":["-15+math.cos(q.anim_time*90*2+180)*5",0,-30]},"head_fur_left":{"rotation":[0,0,"-math.cos(q.anim_time*90*2-40)*7.5"]},"head_fur_left2":{"rotation":[0,0,"-7.5-math.cos(q.anim_time*90*2-100)*7.5"]},"head_fur_top_left":{"rotation":["math.cos(q.anim_time*90*2-10)*5",0,0]},"head_fur_bottom_left":{"rotation":[0,0,"-math.cos(q.anim_time*90*2-70)*7.5"]},"head_fur_bottom_left2":{"rotation":[0,0,"-7.5-math.cos(q.anim_time*90*2-130)*7.5"]},"head_fur_right":{"rotation":[0,0,"math.cos(q.anim_time*90*2-40)*7.5"]},"head_fur_right2":{"rotation":[0,0,"7.5+math.cos(q.anim_time*90*2-100)*7.5"]},"head_fur_top_right":{"rotation":["math.cos(q.anim_time*90*2-10)*5",0,0]},"head_fur_bottom_right":{"rotation":[0,0,"math.cos(q.anim_time*90*2-70)*7.5"]},"head_fur_bottom_right2":{"rotation":[0,0,"7.5+math.cos(q.anim_time*90*2-130)*7.5"]},"tail5":{"rotation":["37.5-math.cos(q.anim_time*90*2-150)*8",0,0]},"leg_left3":{"rotation":["15-math.cos(q.anim_time*90*2-150)*12",0,0]},"leg_right":{"rotation":["-59.7539-math.cos(q.anim_time*90*2-40)*10",5.29571,"5.3185+math.cos(q.anim_time*90*2-20)*5"]},"leg_right2":{"rotation":["15-math.cos(q.anim_time*90*2-90)*12",0,0]},"leg_right3":{"rotation":["15-math.cos(q.anim_time*90*2-150)*12",0,0]},"lower_hand_left":{"rotation":[0,0,"15+math.cos(q.anim_time*90*2-60)*8"]},"eye_neutral_left":{"position":[-0.1,0,0]},"eye_angry_left":{"position":[0.1,0,0]},"eye_neutral_right":{"position":[0.1,0,0]},"eye_angry_right":{"position":[-0.1,0,0]}}},"animation.ironjugulis.air_fly":{"loop":true,"animation_length":2,"bones":{"body":{"rotation":[67,0,0],"position":[0,"-math.sin(q.anim_time*90*2)*2+math.clamp(math.cos(q.anim_time*90*2-30)*1,0,0.5)+math.clamp(math.cos(q.anim_time*90*2+90)*2,0,1)+math.clamp(math.cos(q.anim_time*90*2+120)*2,0,1)",1]},"tail":{"rotation":["-15-math.cos(q.anim_time*90*2+40)*10",0,"math.cos(q.anim_time*90*2)*15"]},"tail2":{"rotation":["-12.5-math.cos(q.anim_time*90*2-20)*8",0,"math.cos(q.anim_time*90*2-60)*15"]},"tail3":{"rotation":["37.5-math.cos(q.anim_time*90*2-70)*8",0,"math.cos(q.anim_time*90*2-120)*15"]},"tail4":{"rotation":["37.5-math.cos(q.anim_time*90*2-110)*8",0,"math.cos(q.anim_time*90*2-180)*15"]},"leg_left":{"rotation":["-59.7539-math.cos(q.anim_time*90*2-40)*10",-5.29571,"-5.3185-math.cos(q.anim_time*90*2-20)*5"]},"arm_right":{"rotation":[-72.57027,"26.4922-math.cos(q.anim_time*90*2)*5","58.1836-math.cos(q.anim_time*90*2-50)*5"],"position":[0,-5,0]},"arm_right2":{"rotation":[0,"-12.5+math.cos(q.anim_time*90*2-60)*5",0],"position":[0,0,0]},"head_rotation":{"rotation":[-12.5,0,0]},"jaw":{"rotation":["10+math.cos(q.anim_time*90*2)*10",0,0]},"lower_hand_right":{"rotation":[0,0,"-10+math.cos(q.anim_time*90*2+45)*5"]},"leg_left2":{"rotation":["15-math.cos(q.anim_time*90*2-90)*12",0,0]},"head_fur_top":{"rotation":["5+math.cos(q.anim_time*90*2+20)*5",0,0]},"head_fur_top2":{"rotation":["7.5+math.cos(q.anim_time*90*2-50)*7.5",0,0]},"head_fur_top_left2":{"rotation":["7.5+math.cos(q.anim_time*90*2-70)*5",0,0]},"head_fur_top_right2":{"rotation":["7.5+math.cos(q.anim_time*90*2-70)*5",0,0]},"head_fur_bottom":{"rotation":["40+math.cos(q.anim_time*90*2)*10",0,0]},"wing_top_left":{"rotation":[-10,"-math.cos(q.anim_time*90*2)*20-math.clamp(math.sin(q.anim_time*90*2+90)*40,0,20)",-10]},"wing_top_left2":{"rotation":[0,"40-math.cos(q.anim_time*90*2-60)*20-math.clamp(math.sin(q.anim_time*90*2+90-60)*40,0,20)",0]},"wing_top_left3":{"rotation":[0,"40-math.cos(q.anim_time*90*2-120)*20-math.clamp(math.sin(q.anim_time*90*2+90-120)*40,0,20)",0]},"wing_top_left4":{"rotation":[0,"40-math.cos(q.anim_time*90*2-180)*20-math.clamp(math.sin(q.anim_time*90*2+90-180)*40,0,20)",0]},"wing_middle_left2":{"rotation":[0,"40-math.cos(q.anim_time*90*2-90)*20-math.clamp(math.sin(q.anim_time*90*2+90-90)*40,0,20)",0]},"wing_middle_left3":{"rotation":[0,"40-math.cos(q.anim_time*90*2-150)*20-math.clamp(math.sin(q.anim_time*90*2+90-150)*40,0,20)",0]},"wing_middle_left4":{"rotation":[0,"40-math.cos(q.anim_time*90*2-210)*20-math.clamp(math.sin(q.anim_time*90*2+90-210)*40,0,20)",0]},"wing_bototm_left":{"rotation":[0,-7.5,0]},"wing_bototm_left2":{"rotation":[0,25,0]},"wing_bototm_left3":{"rotation":[0,25,0]},"wing_bototm_left4":{"rotation":[0,22.5,0]},"wing_top_right":{"rotation":[-10,"math.cos(q.anim_time*90*2)*20+math.clamp(math.sin(q.anim_time*90*2+90)*40,0,20)",10]},"wing_top_right2":{"rotation":[0,"-40+math.cos(q.anim_time*90*2-60)*20+math.clamp(math.sin(q.anim_time*90*2+90-60)*40,0,20)",0]},"wing_top_right3":{"rotation":[0,"-40+math.cos(q.anim_time*90*2-120)*20+math.clamp(math.sin(q.anim_time*90*2+90-120)*40,0,20)",0]},"wing_top_right4":{"rotation":[0,"-40+math.cos(q.anim_time*90*2-180)*20+math.clamp(math.sin(q.anim_time*90*2+90-180)*40,0,20)",0]},"wing_middle_right2":{"rotation":[0,"-40+math.cos(q.anim_time*90*2-90)*20+math.clamp(math.sin(q.anim_time*90*2+90-90)*40,0,20)",0]},"wing_middle_right3":{"rotation":[0,"-40+math.cos(q.anim_time*90*2-150)*20+math.clamp(math.sin(q.anim_time*90*2+90-150)*40,0,20)",0]},"wing_middle_right4":{"rotation":[0,"-40+math.cos(q.anim_time*90*2-210)*20+math.clamp(math.sin(q.anim_time*90*2+90-210)*40,0,20)",0]},"wing_bototm_right":{"rotation":[0,7.5,0]},"wing_bototm_right2":{"rotation":[0,-25,0]},"wing_bototm_right3":{"rotation":[0,-25,0]},"wing_bototm_right4":{"rotation":[0,-22.5,0]},"wing_bottom_left":{"rotation":[10,"-math.cos(q.anim_time*90*2-60)*20-math.clamp(math.sin(q.anim_time*90*2+90-60)*40,0,20)",10]},"wing_bottom_left2":{"rotation":[0,"40-math.cos(q.anim_time*90*2-120)*20-math.clamp(math.sin(q.anim_time*90*2+90-120)*40,0,20)",0]},"wing_bottom_left3":{"rotation":[0,"40-math.cos(q.anim_time*90*2-180)*20-math.clamp(math.sin(q.anim_time*90*2+90-180)*40,0,20)",0]},"wing_bottom_left4":{"rotation":[0,"40-math.cos(q.anim_time*90*2-180-60)*20-math.clamp(math.sin(q.anim_time*90*2+90-180-60)*40,0,20)",0]},"wing_bottom_right":{"rotation":[10,"math.cos(q.anim_time*90*2-60)*20+math.clamp(math.sin(q.anim_time*90*2+90-60)*40,0,20)",-10]},"wing_bottom_right2":{"rotation":[0,"-40+math.cos(q.anim_time*90*2-120)*20+math.clamp(math.sin(q.anim_time*90*2+90-120)*40,0,20)",0]},"wing_bottom_right3":{"rotation":[0,"-40+math.cos(q.anim_time*90*2-180)*20+math.clamp(math.sin(q.anim_time*90*2+90-180)*40,0,20)",0]},"wing_bottom_right4":{"rotation":[0,"-40+math.cos(q.anim_time*90*2-180-60)*20+math.clamp(math.sin(q.anim_time*90*2+90-180-60)*40,0,20)",0]},"hand_hair_front_right":{"rotation":[0,-15,0]},"hand_hair_back_right":{"rotation":[0,5,0]},"hand_hair_top_right2":{"rotation":[0,0,40]},"hand_hair_top_front_right2":{"rotation":[0,0,45]},"hand_hair_top_back_right2":{"rotation":[0,0,45]},"arm_left":{"rotation":[-72.57027,"-26.4922-math.cos(q.anim_time*90*2)*5","-58.1836-math.cos(q.anim_time*90*2-50)*5"],"position":[0,-5,0]},"arm_left2":{"rotation":[0,"12.5-math.cos(q.anim_time*90*2-60)*5",0],"position":[0,0,0]},"hand_hair_front_left":{"rotation":[0,15,0]},"hand_hair_back_left2":{"rotation":[0,"-22.5+math.cos(q.anim_time*90*2-90)*10",0]},"hand_hair_top_left2":{"rotation":[2.30991,0.95645,-32.48072]},"hand_hair_top_front_left2":{"rotation":[0,0,-17.5]},"hand_hair_top_back_left2":{"rotation":[0,0,"math.cos(q.anim_time*90*2-60)*10"]},"torso":{"rotation":["-math.cos(q.anim_time*90*2+20)*3",0,0]},"chest_fur_front":{"rotation":["-10-math.cos(q.anim_time*90*2)*10",0,0]},"chest_fur_back":{"rotation":["10+math.cos(q.anim_time*90*2)*10",0,0]},"chest_fur_left":{"rotation":[0,0,"-10-math.cos(q.anim_time*90*2)*10"]},"chest_fur_right":{"rotation":[0,0,"10+math.cos(q.anim_time*90*2)*10"]},"wing_middle_left":{"rotation":[0,"-math.cos(q.anim_time*90*2-30)*20-math.clamp(math.sin(q.anim_time*90*2+90-30)*40,0,20)",0]},"wing_middle_right":{"rotation":[0,"math.cos(q.anim_time*90*2-30)*20+math.clamp(math.sin(q.anim_time*90*2+90-30)*40,0,20)",0]},"hand_right":{"rotation":[0,"-7.5+math.cos(q.anim_time*90*2-120)*5",0]},"hand_left":{"rotation":[0,"7.5-math.cos(q.anim_time*90*2-120)*5",0]},"hand_hair_back_left":{"rotation":[0,"math.cos(q.anim_time*90*2-30)*10",0]},"hand_hair_top_back_left":{"rotation":[0,"math.cos(q.anim_time*90*2)*10",0]},"neck":{"rotation":["-20+math.cos(q.anim_time*90*2-20)*5",0,0]},"neck2":{"rotation":["math.cos(q.anim_time*90*2+20)*5",0,0]},"neck3":{"rotation":["-22.5+math.cos(q.anim_time*90*2+120)*5",0,0]},"head":{"rotation":["-10+math.cos(q.anim_time*90*2+180)*5",0,0]},"head_fur_left":{"rotation":[0,0,"-math.cos(q.anim_time*90*2-40)*7.5"]},"head_fur_left2":{"rotation":[0,0,"-7.5-math.cos(q.anim_time*90*2-100)*7.5"]},"head_fur_top_left":{"rotation":["math.cos(q.anim_time*90*2-10)*5",0,0]},"head_fur_bottom_left":{"rotation":[0,0,"-math.cos(q.anim_time*90*2-70)*7.5"]},"head_fur_bottom_left2":{"rotation":[0,0,"-7.5-math.cos(q.anim_time*90*2-130)*7.5"]},"head_fur_right":{"rotation":[0,0,"math.cos(q.anim_time*90*2-40)*7.5"]},"head_fur_right2":{"rotation":[0,0,"7.5+math.cos(q.anim_time*90*2-100)*7.5"]},"head_fur_top_right":{"rotation":["math.cos(q.anim_time*90*2-10)*5",0,0]},"head_fur_bottom_right":{"rotation":[0,0,"math.cos(q.anim_time*90*2-70)*7.5"]},"head_fur_bottom_right2":{"rotation":[0,0,"7.5+math.cos(q.anim_time*90*2-130)*7.5"]},"tail5":{"rotation":["37.5-math.cos(q.anim_time*90*2-150)*8",0,"math.cos(q.anim_time*90*2-150)*25"]},"leg_left3":{"rotation":["15-math.cos(q.anim_time*90*2-150)*12",0,0]},"leg_right":{"rotation":["-59.7539-math.cos(q.anim_time*90*2-40)*10",5.29571,"5.3185+math.cos(q.anim_time*90*2-20)*5"]},"leg_right2":{"rotation":["15-math.cos(q.anim_time*90*2-90)*12",0,0]},"leg_right3":{"rotation":["15-math.cos(q.anim_time*90*2-150)*12",0,0]},"lower_hand_left":{"rotation":[0,0,"10+math.cos(q.anim_time*90*2+45)*5"]}}},"animation.ironjugulis.ground_walk":{"loop":true,"animation_length":2,"bones":{"body":{"rotation":[67,0,0],"position":[0,"0.5-math.sin(q.anim_time*90*2)*2+math.clamp(math.cos(q.anim_time*90*2-30)*1,0,0.5)+math.clamp(math.cos(q.anim_time*90*2+90)*2,0,1)+math.clamp(math.cos(q.anim_time*90*2+120)*2,0,1)",1]},"tail":{"rotation":["-15-math.cos(q.anim_time*90*2+40)*10",0,"math.cos(q.anim_time*90*2)*15"]},"tail2":{"rotation":["-12.5-math.cos(q.anim_time*90*2-20)*8",0,"math.cos(q.anim_time*90*2-60)*15"]},"tail3":{"rotation":["37.5-math.cos(q.anim_time*90*2-70)*8",0,"math.cos(q.anim_time*90*2-120)*15"]},"tail4":{"rotation":["37.5-math.cos(q.anim_time*90*2-110)*8",0,"math.cos(q.anim_time*90*2-180)*15"]},"leg_left":{"rotation":["-59.7539-math.cos(q.anim_time*90*2-40)*10",-5.29571,"-5.3185-math.cos(q.anim_time*90*2-20)*5"]},"arm_right":{"rotation":[-72.57027,"26.4922-math.cos(q.anim_time*90*2)*5","58.1836-math.cos(q.anim_time*90*2-50)*5"],"position":[0,-5,0]},"arm_right2":{"rotation":[0,"-12.5+math.cos(q.anim_time*90*2-60)*5",0],"position":[0,0,0]},"head_rotation":{"rotation":[-12.5,0,0]},"jaw":{"rotation":["10+math.cos(q.anim_time*90*2)*10",0,0]},"lower_hand_right":{"rotation":[0,0,"-10+math.cos(q.anim_time*90*2+45)*5"]},"leg_left2":{"rotation":["15-math.cos(q.anim_time*90*2-90)*12",0,0]},"head_fur_top":{"rotation":["5+math.cos(q.anim_time*90*2+20)*5",0,0]},"head_fur_top2":{"rotation":["7.5+math.cos(q.anim_time*90*2-50)*7.5",0,0]},"head_fur_top_left2":{"rotation":["7.5+math.cos(q.anim_time*90*2-70)*5",0,0]},"head_fur_top_right2":{"rotation":["7.5+math.cos(q.anim_time*90*2-70)*5",0,0]},"head_fur_bottom":{"rotation":["40+math.cos(q.anim_time*90*2)*10",0,0]},"wing_top_left":{"rotation":[-10,"-math.cos(q.anim_time*90*2)*20-math.clamp(math.sin(q.anim_time*90*2+90)*40,0,20)",-10]},"wing_top_left2":{"rotation":[0,"40-math.cos(q.anim_time*90*2-60)*20-math.clamp(math.sin(q.anim_time*90*2+90-60)*40,0,20)",0]},"wing_top_left3":{"rotation":[0,"40-math.cos(q.anim_time*90*2-120)*20-math.clamp(math.sin(q.anim_time*90*2+90-120)*40,0,20)",0]},"wing_top_left4":{"rotation":[0,"40-math.cos(q.anim_time*90*2-180)*20-math.clamp(math.sin(q.anim_time*90*2+90-180)*40,0,20)",0]},"wing_middle_left2":{"rotation":[0,"40-math.cos(q.anim_time*90*2-90)*20-math.clamp(math.sin(q.anim_time*90*2+90-90)*40,0,20)",0]},"wing_middle_left3":{"rotation":[0,"40-math.cos(q.anim_time*90*2-150)*20-math.clamp(math.sin(q.anim_time*90*2+90-150)*40,0,20)",0]},"wing_middle_left4":{"rotation":[0,"40-math.cos(q.anim_time*90*2-210)*20-math.clamp(math.sin(q.anim_time*90*2+90-210)*40,0,20)",0]},"wing_bototm_left":{"rotation":[0,-7.5,0]},"wing_bototm_left2":{"rotation":[0,25,0]},"wing_bototm_left3":{"rotation":[0,25,0]},"wing_bototm_left4":{"rotation":[0,22.5,0]},"wing_top_right":{"rotation":[-10,"math.cos(q.anim_time*90*2)*20+math.clamp(math.sin(q.anim_time*90*2+90)*40,0,20)",10]},"wing_top_right2":{"rotation":[0,"-40+math.cos(q.anim_time*90*2-60)*20+math.clamp(math.sin(q.anim_time*90*2+90-60)*40,0,20)",0]},"wing_top_right3":{"rotation":[0,"-40+math.cos(q.anim_time*90*2-120)*20+math.clamp(math.sin(q.anim_time*90*2+90-120)*40,0,20)",0]},"wing_top_right4":{"rotation":[0,"-40+math.cos(q.anim_time*90*2-180)*20+math.clamp(math.sin(q.anim_time*90*2+90-180)*40,0,20)",0]},"wing_middle_right2":{"rotation":[0,"-40+math.cos(q.anim_time*90*2-90)*20+math.clamp(math.sin(q.anim_time*90*2+90-90)*40,0,20)",0]},"wing_middle_right3":{"rotation":[0,"-40+math.cos(q.anim_time*90*2-150)*20+math.clamp(math.sin(q.anim_time*90*2+90-150)*40,0,20)",0]},"wing_middle_right4":{"rotation":[0,"-40+math.cos(q.anim_time*90*2-210)*20+math.clamp(math.sin(q.anim_time*90*2+90-210)*40,0,20)",0]},"wing_bototm_right":{"rotation":[0,7.5,0]},"wing_bototm_right2":{"rotation":[0,-25,0]},"wing_bototm_right3":{"rotation":[0,-25,0]},"wing_bototm_right4":{"rotation":[0,-22.5,0]},"wing_bottom_left":{"rotation":[10,"-math.cos(q.anim_time*90*2-60)*20-math.clamp(math.sin(q.anim_time*90*2+90-60)*40,0,20)",10]},"wing_bottom_left2":{"rotation":[0,"40-math.cos(q.anim_time*90*2-120)*20-math.clamp(math.sin(q.anim_time*90*2+90-120)*40,0,20)",0]},"wing_bottom_left3":{"rotation":[0,"40-math.cos(q.anim_time*90*2-180)*20-math.clamp(math.sin(q.anim_time*90*2+90-180)*40,0,20)",0]},"wing_bottom_left4":{"rotation":[0,"40-math.cos(q.anim_time*90*2-180-60)*20-math.clamp(math.sin(q.anim_time*90*2+90-180-60)*40,0,20)",0]},"wing_bottom_right":{"rotation":[10,"math.cos(q.anim_time*90*2-60)*20+math.clamp(math.sin(q.anim_time*90*2+90-60)*40,0,20)",-10]},"wing_bottom_right2":{"rotation":[0,"-40+math.cos(q.anim_time*90*2-120)*20+math.clamp(math.sin(q.anim_time*90*2+90-120)*40,0,20)",0]},"wing_bottom_right3":{"rotation":[0,"-40+math.cos(q.anim_time*90*2-180)*20+math.clamp(math.sin(q.anim_time*90*2+90-180)*40,0,20)",0]},"wing_bottom_right4":{"rotation":[0,"-40+math.cos(q.anim_time*90*2-180-60)*20+math.clamp(math.sin(q.anim_time*90*2+90-180-60)*40,0,20)",0]},"hand_hair_front_right":{"rotation":[0,-15,0]},"hand_hair_back_right":{"rotation":[0,5,0]},"hand_hair_top_right2":{"rotation":[0,0,40]},"hand_hair_top_front_right2":{"rotation":[0,0,45]},"hand_hair_top_back_right2":{"rotation":[0,0,45]},"arm_left":{"rotation":[-72.57027,"-26.4922-math.cos(q.anim_time*90*2)*5","-58.1836-math.cos(q.anim_time*90*2-50)*5"],"position":[0,-5,0]},"arm_left2":{"rotation":[0,"12.5-math.cos(q.anim_time*90*2-60)*5",0],"position":[0,0,0]},"hand_hair_front_left":{"rotation":[0,15,0]},"hand_hair_back_left2":{"rotation":[0,"-22.5+math.cos(q.anim_time*90*2-90)*10",0]},"hand_hair_top_left2":{"rotation":[2.30991,0.95645,-32.48072]},"hand_hair_top_front_left2":{"rotation":[0,0,-17.5]},"hand_hair_top_back_left2":{"rotation":[0,0,"math.cos(q.anim_time*90*2-60)*10"]},"torso":{"rotation":["-math.cos(q.anim_time*90*2+20)*3",0,0]},"chest_fur_front":{"rotation":["-10-math.cos(q.anim_time*90*2)*10",0,0]},"chest_fur_back":{"rotation":["10+math.cos(q.anim_time*90*2)*10",0,0]},"chest_fur_left":{"rotation":[0,0,"-10-math.cos(q.anim_time*90*2)*10"]},"chest_fur_right":{"rotation":[0,0,"10+math.cos(q.anim_time*90*2)*10"]},"wing_middle_left":{"rotation":[0,"-math.cos(q.anim_time*90*2-30)*20-math.clamp(math.sin(q.anim_time*90*2+90-30)*40,0,20)",0]},"wing_middle_right":{"rotation":[0,"math.cos(q.anim_time*90*2-30)*20+math.clamp(math.sin(q.anim_time*90*2+90-30)*40,0,20)",0]},"hand_right":{"rotation":[0,"-7.5+math.cos(q.anim_time*90*2-120)*5",0]},"hand_left":{"rotation":[0,"7.5-math.cos(q.anim_time*90*2-120)*5",0]},"hand_hair_back_left":{"rotation":[0,"math.cos(q.anim_time*90*2-30)*10",0]},"hand_hair_top_back_left":{"rotation":[0,"math.cos(q.anim_time*90*2)*10",0]},"neck":{"rotation":["-20+math.cos(q.anim_time*90*2-20)*5",0,0]},"neck2":{"rotation":["math.cos(q.anim_time*90*2+20)*5",0,0]},"neck3":{"rotation":["-22.5+math.cos(q.anim_time*90*2+120)*5",0,0]},"head":{"rotation":["-10+math.cos(q.anim_time*90*2+180)*5",0,0]},"head_fur_left":{"rotation":[0,0,"-math.cos(q.anim_time*90*2-40)*7.5"]},"head_fur_left2":{"rotation":[0,0,"-7.5-math.cos(q.anim_time*90*2-100)*7.5"]},"head_fur_top_left":{"rotation":["math.cos(q.anim_time*90*2-10)*5",0,0]},"head_fur_bottom_left":{"rotation":[0,0,"-math.cos(q.anim_time*90*2-70)*7.5"]},"head_fur_bottom_left2":{"rotation":[0,0,"-7.5-math.cos(q.anim_time*90*2-130)*7.5"]},"head_fur_right":{"rotation":[0,0,"math.cos(q.anim_time*90*2-40)*7.5"]},"head_fur_right2":{"rotation":[0,0,"7.5+math.cos(q.anim_time*90*2-100)*7.5"]},"head_fur_top_right":{"rotation":["math.cos(q.anim_time*90*2-10)*5",0,0]},"head_fur_bottom_right":{"rotation":[0,0,"math.cos(q.anim_time*90*2-70)*7.5"]},"head_fur_bottom_right2":{"rotation":[0,0,"7.5+math.cos(q.anim_time*90*2-130)*7.5"]},"tail5":{"rotation":["37.5-math.cos(q.anim_time*90*2-150)*8",0,"math.cos(q.anim_time*90*2-150)*25"]},"leg_left3":{"rotation":["15-math.cos(q.anim_time*90*2-150)*12",0,0]},"leg_right":{"rotation":["-59.7539-math.cos(q.anim_time*90*2-40)*10",5.29571,"5.3185+math.cos(q.anim_time*90*2-20)*5"]},"leg_right2":{"rotation":["15-math.cos(q.anim_time*90*2-90)*12",0,0]},"leg_right3":{"rotation":["15-math.cos(q.anim_time*90*2-150)*12",0,0]},"lower_hand_left":{"rotation":[0,0,"10+math.cos(q.anim_time*90*2+45)*5"]}}},"animation.ironjugulis.blink":{"animation_length":0.1667,"bones":{"eyelid_left":{"position":{"0.0":[0.1,0,0],"0.125":[0.1,0,0],"0.1667":[0,0,0]}},"eyelid_right":{"position":{"0.0":[-0.1,0,0],"0.125":[-0.1,0,0],"0.1667":[0,0,0]}},"pupil_left":{"position":{"0.0":[-0.1,0,0],"0.125":[-0.1,0,0],"0.1667":[0,0,0]}},"pupil_right":{"position":{"0.0":[0.1,0,0],"0.125":[0.1,0,0],"0.1667":[0,0,0]}}}},"animation.ironjugulis.surprised":{"loop":true,"bones":{"eye_neutral_left":{"position":[-0.1,0,0]},"pupil_left":{"position":[-0.1,0,0]},"pupil_small_left":{"position":[0.1,0,0]},"eye_wide_left":{"position":[0.1,0,0]},"eye_neutral_right":{"position":[0.1,0,0]},"eye_wide_right":{"position":[-0.1,0,0]},"pupil_right":{"position":[0.1,0,0]},"pupil_small_right":{"position":[-0.1,0,0]}}},"animation.ironjugulis.cry":{"animation_length":2,"bones":{"body":{"rotation":{"0.0":[0,0,0],"0.0833":[0,0,0],"0.25":{"pre":[-30,0,0],"post":[-30,0,0],"lerp_mode":"catmullrom"},"0.625":{"post":[-30,0,0],"lerp_mode":"catmullrom"},"0.8333":{"post":[5,0,0],"lerp_mode":"catmullrom"},"1.5":{"post":[12.5,0,0],"lerp_mode":"catmullrom"},"2.0":{"post":[0,0,0],"lerp_mode":"catmullrom"}}},"neck":{"rotation":{"0.0417":[0,0,0],"0.625":{"pre":[0,0,0],"post":[0,0,0],"lerp_mode":"catmullrom"},"0.75":{"post":[30,0,0],"lerp_mode":"catmullrom"},"0.875":{"post":[40,0,0],"lerp_mode":"catmullrom"},"1.5":{"post":[40,0,0],"lerp_mode":"catmullrom"},"2.0":[0,0,0]}},"neck2":{"rotation":{"0.0":[0,0,0],"0.0417":[-20,0,0],"0.625":{"pre":[-20,0,0],"post":[-20,0,0],"lerp_mode":"catmullrom"},"0.6667":{"post":[9.35,0,0],"lerp_mode":"catmullrom"},"0.75":{"post":[20,0,0],"lerp_mode":"catmullrom"},"1.5":{"post":[20,0,0],"lerp_mode":"catmullrom"},"2.0":[0,0,0]}},"neck3":{"rotation":{"0.0":[0,0,0],"0.0417":[-20,0,0],"0.5":{"pre":[-20,0,0],"post":[-20,0,0],"lerp_mode":"catmullrom"},"0.625":{"post":[5,0,0],"lerp_mode":"catmullrom"},"0.75":{"post":[-35,0,0],"lerp_mode":"catmullrom"},"1.5":{"post":[-35,0,0],"lerp_mode":"catmullrom"},"2.0":[0,0,0]}},"head":{"rotation":{"0.0":[0,0,0],"0.0417":{"pre":[-27.5,0,0],"post":[-27.5,0,0],"lerp_mode":"catmullrom"},"0.375":{"post":[-27.5,0,0],"lerp_mode":"catmullrom"},"0.5833":{"post":[10,0,0],"lerp_mode":"catmullrom"},"0.75":{"post":[-12.5,0,0],"lerp_mode":"catmullrom"},"1.5":{"post":[-12.5,0,0],"lerp_mode":"catmullrom"},"2.0":[0,0,0]}},"jaw":{"rotation":{"0.0":[0,0,0],"0.0417":{"pre":[17.5,0,0],"post":[17.5,0,0],"lerp_mode":"catmullrom"},"0.5":{"post":[32.5,0,0],"lerp_mode":"catmullrom"},"0.7083":{"post":[0,0,0],"lerp_mode":"catmullrom"},"0.7917":{"post":[17.5,0,0],"lerp_mode":"catmullrom"},"1.75":{"post":[32.5,0,0],"lerp_mode":"catmullrom"},"2.0":[0,0,0]}}},"sound_effects":{"0.0":{"effect":"pokemon.ironjugulis.cry"}}},"animation.ironjugulis.sad":{"loop":true,"bones":{"eye_neutral_left":{"position":[-0.1,0,0]},"eye_neutral_right":{"position":[0.1,0,0]},"eye_squint_right":{"position":[-0.1,0,0]},"eye_squint_left":{"position":[0.1,0,0]}}},"animation.ironjugulis.angry":{"loop":true,"bones":{"eye_neutral_left":{"position":[-0.1,0,0]},"eye_angry_left":{"position":[0.1,0,0]},"eye_neutral_right":{"position":[0.1,0,0]},"eye_angry_right":{"position":[-0.1,0,0]}}}}}