{"format_version":"1.8.0","animations":{"animation.irontreads.ground_idle":{"loop":true,"animation_length":4,"bones":{"Torso":{"rotation":["-math.cos(q.anim_time*90*2-33)/4","math.sin(q.anim_time*90-33)/4",0],"position":[0,"math.cos(q.anim_time*90*2-33)/16",0]},"ear_right":{"rotation":[0,0,"math.sin(q.anim_time*90*2+22.5-33)"]},"ear_left":{"rotation":[0,0,"-math.sin(q.anim_time*90*2+22.5-33)"]},"trunkfront2":{"rotation":["math.cos(q.anim_time*90*2)/2",0,0]},"trunkfront3":{"rotation":["math.cos(q.anim_time*90*2)/2",0,0]},"trunkfront4":{"rotation":["math.sin(q.anim_time*90*2)/2",0,0]},"trunkfront5":{"rotation":["math.sin(q.anim_time*90*2)/2",0,0]},"trunkback2":{"rotation":["-math.cos(q.anim_time*90*2)/2",0,0]},"trunkback3":{"rotation":["-math.cos(q.anim_time*90*2)/2",0,0]},"trunkback4":{"rotation":["-math.sin(q.anim_time*90*2)/2",0,0]},"trunkback5":{"rotation":["-math.sin(q.anim_time*90*2)/2",0,0]}}},"animation.irontreads.battle_idle":{"loop":true,"animation_length":2,"bones":{"Torso":{"rotation":["5+math.cos(q.anim_time*90*4)/2","math.cos(q.anim_time*90*2)",0],"position":[0,"math.cos(q.anim_time*90*4-90)/16",0]},"ear_right":{"rotation":[-45,-22.5,"-math.sin(q.anim_time*90*4)"]},"ear_left":{"rotation":[-45,22.5,"math.sin(q.anim_time*90*4)"]},"trunkfront2":{"rotation":[-135,0,0]},"trunkfront3":{"rotation":[-90,0,0]},"trunkfront4":{"rotation":[-122.5,0,0]},"trunkfront5":{"rotation":[-5,0,0]},"leg_front_left":{"rotation":[0,22.5,0],"position":[0,0,-2]},"leg_front_right":{"rotation":[0,-22.5,0],"position":[0,0,-2]},"leg_back_right":{"rotation":[0,22.5,0],"position":[0,0,2]},"leg_back_left":{"rotation":[0,-22.5,0],"position":[0,0,2]}}},"animation.irontreads.ground_walk":{"loop":true,"animation_length":2,"bones":{"Torso":{"rotation":["-math.sin(q.anim_time*90*2*2)/2",0,"math.sin(q.anim_time*90*2)"],"position":[0,"math.cos(q.anim_time*90*2*2)/8",0]},"ear_right":{"rotation":[0,0,"math.sin(q.anim_time*90*4)"]},"ear_left":{"rotation":[0,0,"-math.sin(q.anim_time*90*4)"]},"trunkfront2":{"rotation":["-math.sin(q.anim_time*90*4)",0,0]},"trunkfront3":{"rotation":["-math.sin(q.anim_time*90*4)/2 ",0,0]},"trunkfront4":{"rotation":["-math.sin(q.anim_time*90*4-90)/2",0,0]},"trunkfront5":{"rotation":["-math.sin(q.anim_time*90*4-90)/2",0,0]},"trunkback2":{"rotation":["math.sin(q.anim_time*90*4)",0,0]},"trunkback3":{"rotation":["math.sin(q.anim_time*90*4)/2",0,0]},"trunkback4":{"rotation":["math.sin(q.anim_time*90*4-90)/2",0,0]},"trunkback5":{"rotation":["math.sin(q.anim_time*90*4-90)/2",0,0]},"leg_front_left":{"rotation":["math.sin(q.anim_time*90*2)*10",0,0],"position":[0,"math.clamp(math.sin(q.anim_time*90*2-90)/2,0,2)","math.sin(q.anim_time*90*2)/2"]},"leg_front_right":{"rotation":["-math.sin(q.anim_time*90*2)*10",0,0],"position":[0,"math.clamp(-math.sin(q.anim_time*90*2-90)/2,0,2)","-math.sin(q.anim_time*90*2)/2"]},"leg_back_right":{"rotation":["-math.cos(q.anim_time*90*2)*10",0,0],"position":[0,"math.clamp(-math.sin(q.anim_time*90*2)/2,0,2)","-math.cos(q.anim_time*90*2)/2"]},"leg_back_left":{"rotation":["math.cos(q.anim_time*90*2)*10",0,0],"position":[0,"math.clamp(math.sin(q.anim_time*90*2)/2,0,2)","math.cos(q.anim_time*90*2)/2"]}}},"animation.irontreads.walktest":{"loop":true,"bones":{"irontreads":{"position":[0,0,"-q.anim_time*90*0.07"]}}},"animation.irontreads.blink":{"animation_length":0.20833,"bones":{"eyelids":{"position":{"0.0":[0,0,-0.1],"0.1667":[0,0,-0.1],"0.2083":[0,0,0]}}}}}}