{"format_version":"1.8.0","animations":{"animation.kangaskhan_mega.pose1":{"loop":true,"bones":{"tail":{"rotation":[-8.52365,-21.79608,5.66323]},"head":{"rotation":[-29.81733,9.60718,-1.77001]},"jaw":{"rotation":[32.5,0,0]},"ears_left":{"rotation":[0,0,-12.5]},"torso":{"rotation":[-2.47168,4.95712,0.65426]},"armright":{"rotation":[-1.91951,-10.16609,-38.98336]},"forearmright":{"rotation":[-24.58683,-63.90515,11.61004]},"handright":{"rotation":[0,0,12.5]},"middlefingerright":{"rotation":[0,0,-37.5]},"ringfingerright":{"rotation":[0,0,-55]},"indexfingerright2":{"rotation":[0,0,-47.5]},"armleft":{"rotation":[-12.24501,18.0409,27.38226]},"forearmleft":{"rotation":[-48.06989,41.56076,-59.21027]},"handleft":{"rotation":[3.31914,14.63639,12.92638]},"middlefingerleft":{"rotation":[0,0,35]},"indexfingerleft2":{"rotation":[0,0,45]},"ringfingerleft":{"rotation":[0,0,62.5]},"legright":{"rotation":[-45.32034,27.99179,12.6443]},"legright2":{"rotation":[30,0,0]},"toe_right3":{"rotation":[0,-17.5,0]},"toe_right1":{"rotation":[0,22.5,0]},"tail2":{"rotation":[18.84359,-21.40584,-7.09999]},"tail4":{"rotation":[10,-15,0]},"tail3":{"rotation":[10,-22.5,0]},"babyhead":{"rotation":[0,-2.5,0]},"leftbabyarm":{"rotation":[0,0,22.5]},"leftbabyhand":{"rotation":[2.06754,22.40972,5.40961]},"rightbabyarm":{"rotation":[0,0,17.5]},"rightbabyhand":{"rotation":[0,-7.5,0]},"megakangaskhan":{"rotation":[0,20,0]},"rightbabyleg":{"rotation":[0,7.5,10]},"leftbabyleg":{"rotation":[0,-17.5,0]},"leftbabyfoot":{"rotation":[12.5,0,0]},"babytail":{"rotation":[5,-27.5,0]},"babytail2":{"rotation":[15,0,0]}}},"animation.kangaskhan_mega.ground_idle":{"loop":true,"animation_length":2,"bones":{"body":{"rotation":[0,22.5,0]},"torso":{"rotation":["math.sin(q.anim_time*90*2+45)",0,0],"position":[0,"-math.cos(q.anim_time*90*2)/2",0]},"head":{"rotation":["-7.5/2-math.cos(q.anim_time*90*2)*7.5/2",-22.5,0]},"armright":{"rotation":[-11.52421,"42.8588-math.cos(q.anim_time*90*2)*2","-28.8368-math.sin(q.anim_time*90*2)*5"]},"forearmright":{"rotation":[0,"-112.5-math.cos(q.anim_time*90*2-90)*2",0]},"handright":{"rotation":["9.0072-math.sin(q.anim_time*90*2)*2",20.70481,"-20.8513+math.cos(q.anim_time*90*2)*7"]},"middlefingerright":{"rotation":[0,0,-35]},"indexfingerright2":{"rotation":[0,0,-45]},"ringfingerright":{"rotation":[0,0,-45]},"armleft":{"rotation":[-11.52421,"-42.8588+math.cos(q.anim_time*90*2)*2","28.8368+math.sin(q.anim_time*90*2)*5"]},"forearmleft":{"rotation":[0,"112.5+math.cos(q.anim_time*90*2-90)*2",0]},"handleft":{"rotation":["9.0072-math.sin(q.anim_time*90*2)*2",-20.70481,"20.8513-math.cos(q.anim_time*90*2)*7"]},"middlefingerleft":{"rotation":[0,0,35]},"indexfingerleft2":{"rotation":[0,0,45]},"ringfingerleft":{"rotation":[0,0,45]},"legright":{"rotation":["-5-math.cos(q.anim_time*90*2)*5",45,0],"position":["-3+math.cos(q.anim_time*90*2)/3","-0.5-math.cos(q.anim_time*90*2)/3","2+math.cos(q.anim_time*90*2)/3"]},"legright2":{"rotation":["5+math.cos(q.anim_time*90*2)*5",0,0]},"toe_right1":{"rotation":[0,45,0]},"toe_right3":{"rotation":[0,-45,0]},"tail":{"rotation":["5-math.cos(q.anim_time*90*2)*1.5","math.sin(q.anim_time*90*2)*1.5",0]},"tail2":{"rotation":["-math.cos(q.anim_time*90*2-45)*3","math.sin(q.anim_time*90*2-45)*3",0]},"tail3":{"rotation":["-math.cos(q.anim_time*90*2-90)*4","math.sin(q.anim_time*90*2-90)*4",0]},"tail4":{"rotation":["-math.cos(q.anim_time*90*2-90-45)*5","math.sin(q.anim_time*90*2-90-45)*5",0]},"babytorso":{"rotation":[0,0,"math.cos(q.anim_time*90*2)"],"position":["math.cos(q.anim_time*90*2)/4","-math.cos(q.anim_time*90*2*2)/3",1]},"babyhead":{"rotation":[0,22.5,0]},"babyjaw":{"rotation":["-10+math.sin(q.anim_time*90*4)*5",0,0]},"rightbabyarm":{"rotation":[0,-22.5,"math.sin(q.anim_time*90*2)*2"]},"rightbabyhand":{"rotation":[9.00717,-20.70481,-24.14867]},"leftbabyarm":{"rotation":[0,22.5,"math.sin(q.anim_time*90*2)*2"]},"leftbabyhand":{"rotation":[9.00717,20.70481,24.14867]},"rightbabyleg":{"rotation":[0,45,0],"position":[0.5,0,2]},"leftbabyleg":{"rotation":[0,-22.5,0],"position":[0,0,-1]},"babytail":{"rotation":["-math.sin(q.anim_time*90*4)*5","math.cos(q.anim_time*90*4)*5",0]},"babytail2":{"rotation":["-math.sin(q.anim_time*90*4-45)*5","math.cos(q.anim_time*90*4-45)*5",0]},"babybody":{"rotation":[0,-22.5,0]},"legleft":{"rotation":["-5-math.cos(q.anim_time*90*2)*5",-45,0],"position":["-math.cos(q.anim_time*90*2)/3","-0.5-math.cos(q.anim_time*90*2)/3","math.cos(q.anim_time*90*2)/3"]},"legleft2":{"rotation":["5+math.cos(q.anim_time*90*2)*5",0,0]},"toe_left1":{"rotation":[0,-22.5,0]},"toe_left3":{"rotation":[0,22.5,0]}}},"animation.kangaskhan_mega.ground_walk":{"loop":true,"animation_length":2,"bones":{"armleft":{"rotation":[3.01,"8.02+math.cos(q.anim_time*90*2)*10",31.04]},"forearmleft":{"rotation":[0,"22.5+math.cos(q.anim_time*90*2-45)*10",0]},"handleft":{"rotation":[9.00717,"20.7048+math.cos(q.anim_time*90*2-90)*10",24.14867]},"middlefingerleft":{"rotation":[0,0,45]},"indexfingerleft2":{"rotation":[0,0,45]},"ringfingerleft":{"rotation":[0,0,45]},"legright":{"rotation":["-math.cos(q.anim_time*90*2)*10",10,0],"position":[0,"math.clamp(-math.sin(q.anim_time*90*2)*2,0,2)","-math.cos(q.anim_time*90*2)*2"]},"legright2":{"rotation":["math.cos(q.anim_time*90*2)*10+math.clamp(-math.sin(q.anim_time*90*2)*30,0,30)",10,0]},"legleft":{"rotation":["math.cos(q.anim_time*90*2)*10",-10,0],"position":[0,"math.clamp(math.sin(q.anim_time*90*2)*2,0,2)","math.cos(q.anim_time*90*2)*2"]},"legleft2":{"rotation":["-math.cos(q.anim_time*90*2)*10+math.clamp(math.sin(q.anim_time*90*2)*30,0,30)",-10,0]},"torso":{"rotation":[0,"-math.cos(q.anim_time*90*2-45)*2",0],"position":[0,"-math.sin(q.anim_time*90*4)/2",0]},"head":{"rotation":[0,"math.cos(q.anim_time*90*2-22.5)*3",0]},"armright":{"rotation":[3.01,"-8.02+math.cos(q.anim_time*90*2)*10",-31.04]},"forearmright":{"rotation":[0,"-22.5+math.cos(q.anim_time*90*2-45)*10",0]},"handright":{"rotation":[9.00717,"-20.7048+math.cos(q.anim_time*90*2-90)*10",-24.1487]},"middlefingerright":{"rotation":[0,0,-45]},"indexfingerright2":{"rotation":[0,0,-45]},"ringfingerright":{"rotation":[0,0,-45]},"tail":{"rotation":["5+math.cos(q.anim_time*90*4)*5","math.cos(q.anim_time*90*2)*10",0]},"tail2":{"rotation":["math.cos(q.anim_time*90*4-45)*5","math.cos(q.anim_time*90*2-45)*10",0]},"tail3":{"rotation":["math.cos(q.anim_time*90*4-90)*5","math.cos(q.anim_time*90*2-90)*10",0]},"tail4":{"rotation":["math.cos(q.anim_time*90*4-90-45)*5","math.cos(q.anim_time*90*2-90-45)*10",0]},"babytorso":{"rotation":[0,"-math.cos(q.anim_time*90*4-45)*3",0],"position":[0,"-math.sin(q.anim_time*90*4*2)/4",0]},"babyjaw":{"rotation":["-10-math.cos(q.anim_time*90*4*2)*3",0,0]},"rightbabyarm":{"rotation":[0,"math.cos(q.anim_time*90*4)*15",-45]},"rightbabyhand":{"rotation":[0,-22.5,0]},"leftbabyarm":{"rotation":[0,"math.cos(q.anim_time*90*4)*15",45]},"leftbabyhand":{"rotation":[0,22.5,0]},"babytail":{"rotation":["math.cos(q.anim_time*90*4*2)*3","math.cos(q.anim_time*90*4)*8",0]},"babytail2":{"rotation":["math.cos(q.anim_time*90*4*2-45)*3","math.cos(q.anim_time*90*4-45)*8",0]},"rightbabyleg":{"rotation":["-math.cos(q.anim_time*90*4)*10/2",10,0],"position":[0,"math.clamp(-math.sin(q.anim_time*90*4)*1,0,1)","-math.cos(q.anim_time*90*4)"]},"leftbabyleg":{"rotation":["math.cos(q.anim_time*90*4)*10/2",-10,0],"position":[0,"math.clamp(math.sin(q.anim_time*90*4)*1,0,1)","math.cos(q.anim_time*90*4)"]}}},"animation.kangaskhan_mega.cry":{"animation_length":1.75,"bones":{"torso":{"rotation":{"0.75":{"pre":[0,0,0],"post":[0,0,0],"lerp_mode":"catmullrom"},"1.0":{"post":[10,0,0],"lerp_mode":"catmullrom"},"1.25":{"post":[10,0,0],"lerp_mode":"catmullrom"},"1.75":{"post":[0,0,0],"lerp_mode":"catmullrom"}}},"head":{"rotation":{"0.0":[0,0,0],"0.125":{"pre":[-15,0,0],"post":[-15,0,0],"lerp_mode":"catmullrom"},"0.25":{"post":[-15,0,0],"lerp_mode":"catmullrom"},"0.375":{"post":[0,0,0],"lerp_mode":"catmullrom"},"0.5":{"post":[-15,0,0],"lerp_mode":"catmullrom"},"0.625":{"post":[-15,0,0],"lerp_mode":"catmullrom"},"0.75":{"post":[-15,0,0],"lerp_mode":"catmullrom"},"0.875":{"post":[-10,0,0],"lerp_mode":"catmullrom"},"1.0":{"post":[-22.5,0,0],"lerp_mode":"catmullrom"},"1.25":{"post":[-22.5,0,0],"lerp_mode":"catmullrom"},"1.75":{"post":[0,0,0],"lerp_mode":"catmullrom"}}},"jaw":{"rotation":{"0.0":{"post":[0,0,0],"lerp_mode":"catmullrom"},"0.2083":{"post":[45,0,0],"lerp_mode":"catmullrom"},"0.375":{"post":[5,0,0],"lerp_mode":"catmullrom"},"0.5":{"post":[45,0,0],"lerp_mode":"catmullrom"},"0.625":{"post":[45,0,0],"lerp_mode":"catmullrom"},"0.75":{"post":[0,0,0],"lerp_mode":"catmullrom"},"0.875":{"post":[0,0,0],"lerp_mode":"catmullrom"},"1.0":{"post":[45,0,0],"lerp_mode":"catmullrom"},"1.375":{"post":[45,0,0],"lerp_mode":"catmullrom"},"1.75":{"post":[0,0,0],"lerp_mode":"catmullrom"}}}},"sound_effects":{"0.0":{"effect":"pokemon.kangaskhan.cry"}}},"animation.kangaskhan_mega.blink":{"animation_length":0.25,"bones":{"eyeright":{"position":{"0.0":[1,0,0],"0.1667":[1,0,0],"0.2083":[0,0,0]}},"eyelidright":{"position":{"0.0":[-1,0,0],"0.1667":[-1,0,0],"0.2083":[0,0,0]}},"eyelidleft":{"position":{"0.0":[1,0,0],"0.1667":[1,0,0],"0.2083":[0,0,0]}},"eyeleft":{"position":{"0.0":[-1,0,0],"0.1667":[-1,0,0],"0.2083":[0,0,0]}}}}}}