{"format_version":"1.8.0","animations":{"animation.model.pose":{"animation_length":0.58333,"bones":{"main":{"rotation":[0,-25,0]},"right_leg":{"rotation":[0,0,40],"position":[0.25,0.75,0]},"bone2":{"rotation":[0,0,-12.5],"position":[0,0.5,0]},"bone3":{"rotation":[0,0,-17.5],"position":[0,0.5,0]},"left_leg":{"rotation":[-1.28365,-3.86588,-47.04166],"position":[-0.25,0.75,0]},"bone4":{"rotation":[-1.89337,-0.36065,17.40032],"position":[0,0.5,0]},"bone5":{"rotation":[0,0,12.5],"position":[0,0.5,0]},"right_arm":{"rotation":[-6.69207,-21.77316,13.36024]},"blade":{"rotation":[0,-40,0]},"right_ear":{"rotation":[0,0,-27.5],"position":[0.5,1,0]},"left_ear":{"rotation":[0,0,25],"position":[-0.75,1,0]},"left_arm":{"rotation":[0,15,0]}}},"animation.kartana.ground_idle":{"loop":true,"animation_length":2,"bones":{"main":{"rotation":{"0.0":{"post":[-10,0,0],"lerp_mode":"catmullrom"},"0.625":{"post":[-10.34527,-14.76689,2.66399],"lerp_mode":"catmullrom"},"1.0833":{"post":[12.22107,4.16215,4.1053],"lerp_mode":"catmullrom"},"1.4583":{"post":[-1.43091,-18.37558,2.08605],"lerp_mode":"catmullrom"},"1.9583":{"post":[-10,0,0],"lerp_mode":"catmullrom"}},"position":{"0.0":{"post":[0,0,0],"lerp_mode":"catmullrom"},"0.5417":{"post":[0,-6.33,1.79],"lerp_mode":"catmullrom"},"1.0":{"post":[0,-8,7],"lerp_mode":"catmullrom"},"1.4583":{"post":[0,-0.33,4.92],"lerp_mode":"catmullrom"},"1.9583":{"post":[0,0,0],"lerp_mode":"catmullrom"}}},"right_leg":{"rotation":{"0.0":{"post":[-20,0,40],"lerp_mode":"catmullrom"},"1.125":{"post":[7.5,0,40],"lerp_mode":"catmullrom"},"2.0":{"post":[-20,0,40],"lerp_mode":"catmullrom"}},"position":{"0.0":{"post":[0.25,0.75,0],"lerp_mode":"catmullrom"}}},"bone2":{"rotation":{"0.0":{"post":[-25,0,-12.5],"lerp_mode":"catmullrom"},"1.2917":{"post":[20,0,-12.5],"lerp_mode":"catmullrom"},"2.0":{"post":[-25,0,-12.5],"lerp_mode":"catmullrom"}},"position":{"0.0":{"post":[0,0.5,0],"lerp_mode":"catmullrom"}}},"bone3":{"rotation":{"0.0":{"post":[-35,0,-17.5],"lerp_mode":"catmullrom"},"1.0833":{"post":[45,0,-17.5],"lerp_mode":"catmullrom"},"2.0":{"post":[-35,0,-17.5],"lerp_mode":"catmullrom"}},"position":{"0.0":{"post":[0,0.5,0],"lerp_mode":"catmullrom"}}},"left_leg":{"rotation":{"0.0":{"post":[-21.28365,-3.86588,-47.04166],"lerp_mode":"catmullrom"},"1.125":{"post":[26.4295,1.69473,-58.24316],"lerp_mode":"catmullrom"},"2.0":{"post":[-21.28365,-3.86588,-47.04166],"lerp_mode":"catmullrom"}},"position":[-0.25,0.75,0]},"bone4":{"rotation":{"0.0":{"post":[-16.89337,-0.36065,17.40032],"lerp_mode":"catmullrom"},"1.2083":{"post":[10.60663,-0.36065,17.40032],"lerp_mode":"catmullrom"},"2.0":{"post":[-16.89337,-0.36065,17.40032],"lerp_mode":"catmullrom"}},"position":{"0.0":{"post":[0,0.5,0],"lerp_mode":"catmullrom"}}},"bone5":{"rotation":{"0.0":{"post":[-35,0,12.5],"lerp_mode":"catmullrom"},"1.0833":{"post":[40,0,12.5],"lerp_mode":"catmullrom"},"2.0":{"post":[-35,0,12.5],"lerp_mode":"catmullrom"}},"position":{"0.0":{"post":[0,0.5,0],"lerp_mode":"catmullrom"}}},"right_arm":{"rotation":{"0.0":[0,0,-10],"0.7083":[0,17.5,-10],"1.3333":[3.16222,0.18775,-16.79386],"2.0":[0,0,-10]}},"blade":{"rotation":{"0.0":{"post":[0,12.5,0],"lerp_mode":"catmullrom"},"0.4583":{"post":[0,16.08696,0],"lerp_mode":"catmullrom"},"1.3333":{"post":[0,-34.2,0],"lerp_mode":"catmullrom"},"2.0":{"post":[0,12.5,0],"lerp_mode":"catmullrom"}},"position":{"0.4583":{"pre":[0.75,0,0],"post":[0.75,0,0],"lerp_mode":"catmullrom"}}},"right_ear":{"rotation":{"0.0":{"post":[17.5,0,-27.5],"lerp_mode":"catmullrom"},"0.9583":{"post":[-7.5,0,-27.5],"lerp_mode":"catmullrom"},"2.0":{"post":[17.5,0,-27.5],"lerp_mode":"catmullrom"}},"position":[0.5,1,0]},"left_ear":{"rotation":{"0.0":{"post":[17.5,0,25],"lerp_mode":"catmullrom"},"0.9583":{"post":[-7.5,0,25],"lerp_mode":"catmullrom"},"2.0":{"post":[17.5,0,25],"lerp_mode":"catmullrom"}},"position":{"0.0":{"post":[-0.75,1,0],"lerp_mode":"catmullrom"}}},"left_arm":{"rotation":{"0.0":{"post":[0,0,-12.5],"lerp_mode":"catmullrom"},"0.9167":{"post":[0,-15,-12.5],"lerp_mode":"catmullrom"},"1.375":{"post":[3.392,18.54931,-1.94592],"lerp_mode":"catmullrom"},"2.0":{"post":[0,0,-12.5],"lerp_mode":"catmullrom"}}},"side_right":{"rotation":{"0.0":{"post":[0,0,0],"lerp_mode":"catmullrom"},"1.25":{"post":[-12.5,0,0],"lerp_mode":"catmullrom"},"2.0":{"post":[0,0,0],"lerp_mode":"catmullrom"}}},"side_left":{"rotation":{"0.0":[0,0,0],"1.25":{"pre":[-12.5,0,0],"post":[-12.5,0,0],"lerp_mode":"catmullrom"},"2.0":[0,0,0]}},"blade3":{"rotation":{"0.0":{"post":[0,-25,0],"lerp_mode":"catmullrom"},"1.1667":{"post":[0,20,0],"lerp_mode":"catmullrom"},"2.0":{"post":[0,-25,0],"lerp_mode":"catmullrom"}}},"kartana":{"position":[0,-33,0]}}},"animation.kartana.ground_walk":{"loop":true,"bones":{"kartana":{"rotation":["27.5+math.sin(q.anim_time*90*3-80)*2",0,0],"position":["+math.sin(q.anim_time*90*1.5)","-35+math.sin(q.anim_time*90*3)",0]},"bone2":{"rotation":[7.32417,-1.61888,12.39638]},"bone3":{"rotation":["22.5-math.sin(q.anim_time*90*3-20)*8",0,0]},"bone4":{"rotation":[0,0,-10]},"bone5":{"rotation":["35-math.sin(q.anim_time*90*3-20)*8",0,0]},"right_arm":{"rotation":[0,25,"-math.sin(q.anim_time*90*3-60)*3"]},"blade":{"rotation":[0,20,0]},"left_arm":{"rotation":[0,-20,"math.sin(q.anim_time*90*3-20)*3"]},"blade3":{"rotation":[0,-15,0]},"right_ear":{"rotation":["-30-math.sin(q.anim_time*90*3-20)*3",0,0]},"left_ear":{"rotation":["-27.5-math.sin(q.anim_time*90*3-30)*3",0,0]}}}}}