{"format_version":"1.8.0","animations":{"animation.kilowattrel.air_idle":{"loop":true,"animation_length":0.5,"override_previous_animation":true,"bones":{"body":{"rotation":["-40 + 5 * math.sin(q.anim_time * 6 * 120 - 30)",0,0],"position":[0,"17 - 2 * math.sin(q.anim_time * 6 * 120 - 15)",0]},"wing_left":{"rotation":[2.5,15,0]},"wing_right":{"rotation":[2.5,-15,0]},"leg_left":{"rotation":["-50 + 10 * math.sin(q.anim_time * 6 * 120 - 45)",0,0]},"leg_right":{"rotation":["-50 + 10 * math.sin(q.anim_time * 6 * 120 - 45)",0,0]},"head":{"rotation":["27.5 - 1.5 * math.sin(q.anim_time * 6 * 120 - 45)",0,0]},"wing_left2":{"rotation":[0,-22.5,0]},"wing_left3":{"rotation":{"0.0":[0,0,37.5],"0.0417":{"pre":[0,0,-31.87],"post":[0,0,-31.87],"lerp_mode":"catmullrom"},"0.0833":{"post":[0,0,-33.75],"lerp_mode":"catmullrom"},"0.125":{"post":[0,0,-20.62],"lerp_mode":"catmullrom"},"0.1667":{"post":[0,0,15],"lerp_mode":"catmullrom"},"0.25":{"post":[0,0,41.88],"lerp_mode":"catmullrom"},"0.3333":{"post":[0,0,36.25],"lerp_mode":"catmullrom"},"0.4167":{"post":[0,0,18.13],"lerp_mode":"catmullrom"},"0.5":{"post":[0,0,37.5],"lerp_mode":"catmullrom"}}},"wing_right2":{"rotation":[0,22.5,0]},"wing_right3":{"rotation":{"0.0":[0,0,-37.5],"0.0417":{"pre":[0,0,31.87],"post":[0,0,31.87],"lerp_mode":"catmullrom"},"0.0833":{"post":[0,0,33.75],"lerp_mode":"catmullrom"},"0.125":{"post":[0,0,20.62],"lerp_mode":"catmullrom"},"0.1667":{"post":[0,0,-15],"lerp_mode":"catmullrom"},"0.25":{"post":[0,0,-41.88],"lerp_mode":"catmullrom"},"0.3333":{"post":[0,0,-36.25],"lerp_mode":"catmullrom"},"0.4167":{"post":[0,0,-18.13],"lerp_mode":"catmullrom"},"0.5":{"post":[0,0,-37.5],"lerp_mode":"catmullrom"}}},"wing_left_anim":{"rotation":{"0.0":[5,0,-47.5],"0.0417":{"pre":[2.47864,0.32621,-24.48544],"post":[2.47864,0.32621,-24.48544],"lerp_mode":"catmullrom"},"0.0833":{"post":[0,0,16.25],"lerp_mode":"catmullrom"},"0.125":{"post":[0,0,38.13],"lerp_mode":"catmullrom"},"0.1667":{"post":[0,0,52.5],"lerp_mode":"catmullrom"},"0.3333":{"post":[-15,0,-16.25],"lerp_mode":"catmullrom"},"0.5":{"post":[5,0,-47.5],"lerp_mode":"catmullrom"}}},"wing_left2_anim":{"rotation":{"0.0":[0,0,-32.5],"0.0417":{"pre":[0,0,-39.37],"post":[0,0,-39.37],"lerp_mode":"catmullrom"},"0.0833":{"post":[0,0,-31.25],"lerp_mode":"catmullrom"},"0.125":{"post":[0,0,-11.87],"lerp_mode":"catmullrom"},"0.1667":{"post":[0,0,22.5],"lerp_mode":"catmullrom"},"0.25":{"post":[0,0,41.88],"lerp_mode":"catmullrom"},"0.3333":{"post":[0,0,31.25],"lerp_mode":"catmullrom"},"0.4167":{"post":[0,0,19.38],"lerp_mode":"catmullrom"},"0.5":{"post":[0,0,-32.5],"lerp_mode":"catmullrom"}}},"wing_right2_anim":{"rotation":{"0.0":[0,0,32.5],"0.0417":{"pre":[0,0,39.37],"post":[0,0,39.37],"lerp_mode":"catmullrom"},"0.0833":{"post":[0,0,31.25],"lerp_mode":"catmullrom"},"0.125":{"post":[0,0,11.87],"lerp_mode":"catmullrom"},"0.1667":{"post":[0,0,-22.5],"lerp_mode":"catmullrom"},"0.25":{"post":[0,0,-41.88],"lerp_mode":"catmullrom"},"0.3333":{"post":[0,0,-31.25],"lerp_mode":"catmullrom"},"0.4167":{"post":[0,0,-19.38],"lerp_mode":"catmullrom"},"0.5":{"post":[0,0,32.5],"lerp_mode":"catmullrom"}}},"wing_right_anim":{"rotation":{"0.0":[-5,0,47.5],"0.0417":{"pre":[-2.47864,0.32621,24.48544],"post":[-2.47864,0.32621,24.48544],"lerp_mode":"catmullrom"},"0.0833":{"post":[0,0,-16.25],"lerp_mode":"catmullrom"},"0.125":{"post":[0,0,-38.13],"lerp_mode":"catmullrom"},"0.1667":{"post":[0,0,-52.5],"lerp_mode":"catmullrom"},"0.3333":{"post":[15,0,16.25],"lerp_mode":"catmullrom"},"0.5":{"post":[-5,0,47.5],"lerp_mode":"catmullrom"}}},"tail":{"rotation":["5 * math.sin(q.anim_time * 6 * 120 - 30)",0,0]},"finger_right_behind":{"rotation":[-67.5,0,0]},"finger_right_right":{"rotation":[67.5,-22.5,0]},"finger_right_middle":{"rotation":[57.5,0,0]},"finger_right_left":{"rotation":[67.5,22.5,0]},"finger_left_right":{"rotation":[67.5,-22.5,0]},"finger_left_behind":{"rotation":[-67.5,0,0]},"finger_left_left":{"rotation":[67.5,22.5,0]},"finger_left_middle":{"rotation":[57.5,0,0]},"neck":{"rotation":["15 - 1.5 * math.sin(q.anim_time * 6 * 120 - 45)",0,0]},"sack":{"rotation":[-17.5,0,0],"position":[0,-1,1]}}},"animation.kilowattrel.air_fly":{"loop":true,"bones":{"wing_left_anim":{"rotation":["2.5 + 1.5 * math.sin(q.anim_time * 6 * 15) + 0.1 * math.sin(q.anim_time * 6 * 225)",0,"-(2 * math.sin(q.anim_time * 6 * 20))"]},"wing_right_anim":{"rotation":["2.5 + 1.5 * math.sin(q.anim_time * 6 * 15) + 0.1 * math.sin(q.anim_time * 6 * 225)",0,"2 * math.sin(q.anim_time * 6 * 20)"]},"head":{"rotation":["- 2.5 + 2 * math.sin(q.anim_time * 6 * 15)",0,0]},"wing_left2_anim":{"rotation":["1.5 * math.sin(q.anim_time * 6 * 15)",0,"-(2 * math.sin(q.anim_time * 6 * 20 - 45))"]},"wing_left3":{"rotation":["1.5 * math.sin(q.anim_time * 6 * 15) + 0.1 * math.sin(q.anim_time * 6 * 225)",0,"-(2 * math.sin(q.anim_time * 6 * 20 - 90))"]},"wing_right2_anim":{"rotation":["1.5 * math.sin(q.anim_time * 6 * 15)",0,"2 * math.sin(q.anim_time * 6 * 20 - 45)"]},"wing_right3":{"rotation":["1.5 * math.sin(q.anim_time * 6 * 15) + 0.1 * math.sin(q.anim_time * 6 * 225)",0,"2 * math.sin(q.anim_time * 6 * 20 - 90)"]},"leg_left":{"rotation":["- 2.5 * math.sin(q.anim_time * 6 * 15) + 0.1 * math.sin(q.anim_time * 6 * 225)",0,0]},"leg_right":{"rotation":["- 2.5 * math.sin(q.anim_time * 6 * 15) + 0.1 * math.sin(q.anim_time * 6 * 225)",0,0]},"tail":{"rotation":["- 1.5 * math.sin(q.anim_time * 6 * 15) + 0.1 * math.sin(q.anim_time * 6 * 225)",0,0]},"body":{"rotation":["-2.5 - 2.5 * math.sin(q.anim_time * 6 * 15)",0,"0.5 * math.sin(q.anim_time * 6 * 30)"],"position":["1.5 * math.sin(q.anim_time * 6 * 15)","13 + 2 * math.sin(q.anim_time * 6 * 10)",0]},"finger_right_behind":{"rotation":[-67.5,0,0]},"finger_right_right":{"rotation":[67.5,-22.5,0]},"finger_right_middle":{"rotation":[57.5,0,0]},"finger_right_left":{"rotation":[67.5,22.5,0]},"finger_left_behind":{"rotation":[-67.5,0,0]},"finger_left_left":{"rotation":[67.5,22.5,0]},"finger_left_middle":{"rotation":[57.5,0,0]},"finger_left_right":{"rotation":[67.5,-22.5,0]},"neck":{"rotation":["5 - 0.5 * math.sin(q.anim_time * 6 * 15)",0,0]}}},"animation.kilowattrel.air_fly_quirk":{"loop":true,"animation_length":5.54167,"bones":{"body":{"rotation":{"0.8333":{"pre":[0,0,0],"post":[0,0,0],"lerp_mode":"catmullrom"},"1.3333":{"post":[-5,0,0],"lerp_mode":"catmullrom"},"2.625":{"post":[5,0,0],"lerp_mode":"catmullrom"},"2.875":{"post":[-5,0,0],"lerp_mode":"catmullrom"},"3.75":{"post":[0,0,0],"lerp_mode":"catmullrom"}},"position":{"0.8333":{"pre":[0,0,0],"post":[0,0,0],"lerp_mode":"catmullrom"},"1.3333":{"post":[0,2,0],"lerp_mode":"catmullrom"},"2.625":{"post":[0,-2,0],"lerp_mode":"catmullrom"},"2.875":{"post":[0,2,0],"lerp_mode":"catmullrom"},"3.75":{"post":[0,0,0],"lerp_mode":"catmullrom"},"4.1667":{"post":[0,1,0],"lerp_mode":"catmullrom"}}},"wing_left_anim":{"rotation":{"0.8333":[0,0,0],"0.9583":[0,-2.5,15],"1.1667":[0,-5,22.5],"1.375":[0,-7.5,15],"1.625":[0,-10,-9.25],"1.875":[0,-12.5,-18.5],"2.25":[0,12.5,-45],"2.3333":{"pre":[5,-12.5,-27.84],"post":[5,-12.5,-27.84],"lerp_mode":"catmullrom"},"2.4167":{"post":[10,-12.5,-5.68],"lerp_mode":"catmullrom"},"2.5417":{"post":[17.5,-12.5,18.65],"lerp_mode":"catmullrom"},"2.6667":{"post":[20,12.5,26.73],"lerp_mode":"catmullrom"},"2.7917":{"post":[-17.5,12.5,30],"lerp_mode":"catmullrom"},"3.0":{"post":[-10,12.5,25.53],"lerp_mode":"catmullrom"},"3.25":{"post":[0,12.5,-15.33],"lerp_mode":"catmullrom"},"3.5":{"post":[0,12.5,-40.05],"lerp_mode":"catmullrom"},"3.75":{"post":[0,12.5,-45],"lerp_mode":"catmullrom"},"3.8333":{"post":[5,-12.5,-27.84],"lerp_mode":"catmullrom"},"3.9167":{"post":[10,-12.5,-5.68],"lerp_mode":"catmullrom"},"4.0417":{"post":[17.5,-12.5,18.65],"lerp_mode":"catmullrom"},"4.1667":{"post":[20,12.5,26.73],"lerp_mode":"catmullrom"},"4.375":{"post":[0,0,0],"lerp_mode":"catmullrom"}}},"wing_left2_anim":{"rotation":{"0.8333":[0,0,0],"0.9583":[0,-2.5,-15],"1.1667":[0,-5,9],"1.375":[0,-10,21.5],"1.625":[0,-12.5,27.25],"1.875":[0,-15,3],"2.25":[0,-20,-32.5],"2.3333":{"pre":[0,-20,-27.22],"post":[0,-20,-27.22],"lerp_mode":"catmullrom"},"2.4167":{"post":[0,-20,-36.93],"lerp_mode":"catmullrom"},"2.5417":{"post":[0,-20,-31.35],"lerp_mode":"catmullrom"},"2.6667":{"post":[0,-20,-12.91],"lerp_mode":"catmullrom"},"2.7917":{"post":[0,-20,35],"lerp_mode":"catmullrom"},"3.0":{"post":[0,-20,48.28],"lerp_mode":"catmullrom"},"3.25":{"post":[0,-20,47.72],"lerp_mode":"catmullrom"},"3.5":{"post":[0,-20,17.93],"lerp_mode":"catmullrom"},"3.75":{"post":[0,-20,-32.5],"lerp_mode":"catmullrom"},"3.8333":{"post":[0,-20,-27.22],"lerp_mode":"catmullrom"},"3.9167":{"post":[0,-20,-36.93],"lerp_mode":"catmullrom"},"4.0417":{"post":[0,-20,-31.35],"lerp_mode":"catmullrom"},"4.1667":{"post":[0,-20,-12.91],"lerp_mode":"catmullrom"},"4.375":{"post":[0,0,0],"lerp_mode":"catmullrom"}}},"wing_left3":{"rotation":{"0.8333":[0,0,0],"0.9583":[0,0,-6.88],"1.1667":[0,0,15.49],"1.375":[0,0,25.49],"1.625":[-5,0,19.17],"1.875":[5,0,7.86],"2.25":{"pre":[0,0,22.5],"post":[0,0,22.5],"lerp_mode":"catmullrom"},"2.3333":{"post":[-2.5,0,-12.74],"lerp_mode":"catmullrom"},"2.4167":{"post":[-5,0,-32.98],"lerp_mode":"catmullrom"},"2.5417":{"post":[-5,0,-33.46],"lerp_mode":"catmullrom"},"2.6667":{"post":[-2.5,0,-10.55],"lerp_mode":"catmullrom"},"2.7917":{"post":[0,0,37.5],"lerp_mode":"catmullrom"},"3.0":{"post":[0,0,44.36],"lerp_mode":"catmullrom"},"3.25":{"post":[0,0,63.59],"lerp_mode":"catmullrom"},"3.5":{"post":[0,0,51.79],"lerp_mode":"catmullrom"},"3.75":{"post":[0,0,22.5],"lerp_mode":"catmullrom"},"3.8333":{"post":[-2.5,0,-12.74],"lerp_mode":"catmullrom"},"3.9167":{"post":[-5,0,-32.98],"lerp_mode":"catmullrom"},"4.0417":{"post":[-5,0,-33.46],"lerp_mode":"catmullrom"},"4.1667":{"post":[-2.5,0,-10.55],"lerp_mode":"catmullrom"},"4.375":{"post":[0,0,0],"lerp_mode":"catmullrom"}}},"wing_right":{"rotation":{"0.8333":[0,0,0],"1.375":[0,0,-7.5],"2.25":[0,0,0],"2.375":{"pre":[0,18.21,0],"post":[0,18.21,0],"lerp_mode":"catmullrom"},"2.5":{"post":[0,25,0],"lerp_mode":"catmullrom"},"2.625":{"post":[0,20,0],"lerp_mode":"catmullrom"},"2.7083":{"post":[0,5.83,0],"lerp_mode":"catmullrom"},"2.7917":{"post":[0,0,0],"lerp_mode":"catmullrom"},"3.75":{"post":[0,0,0],"lerp_mode":"catmullrom"},"3.875":{"post":[0,18.21,0],"lerp_mode":"catmullrom"},"4.0":{"post":[0,25,0],"lerp_mode":"catmullrom"},"4.125":{"post":[0,20,0],"lerp_mode":"catmullrom"},"4.2083":{"post":[0,5.83,0],"lerp_mode":"catmullrom"}}},"wing_right_anim":{"rotation":{"0.8333":[0,0,0],"0.9583":[0,-2.5,-15],"1.1667":[0,5,-22.5],"1.375":[0,7.5,-15],"1.625":[0,10,9.25],"1.875":[0,12.5,18.5],"2.25":[0,-12.5,45],"2.3333":{"pre":[5,-12.5,27.84],"post":[5,-12.5,27.84],"lerp_mode":"catmullrom"},"2.4167":{"post":[10,-12.5,5.68],"lerp_mode":"catmullrom"},"2.5417":{"post":[17.5,-12.5,-18.65],"lerp_mode":"catmullrom"},"2.6667":{"post":[20,-12.5,-26.73],"lerp_mode":"catmullrom"},"2.7917":{"post":[-17.5,-12.5,-30],"lerp_mode":"catmullrom"},"3.0":{"post":[-10,-12.5,-25.53],"lerp_mode":"catmullrom"},"3.25":{"post":[0,-12.5,15.33],"lerp_mode":"catmullrom"},"3.5":{"post":[0,-12.5,40.05],"lerp_mode":"catmullrom"},"3.75":{"post":[0,-12.5,45],"lerp_mode":"catmullrom"},"3.8333":{"post":[5,-12.5,27.84],"lerp_mode":"catmullrom"},"3.9167":{"post":[10,-12.5,5.68],"lerp_mode":"catmullrom"},"4.0417":{"post":[17.5,-12.5,-18.65],"lerp_mode":"catmullrom"},"4.1667":{"post":[20,-12.5,-26.73],"lerp_mode":"catmullrom"},"4.375":{"post":[0,0,0],"lerp_mode":"catmullrom"}}},"wing_right2_anim":{"rotation":{"0.8333":[0,0,0],"0.9583":[0,2.5,15],"1.1667":[0,5,-9],"1.375":[0,10,-21.5],"1.625":[0,12.5,-27.25],"1.875":[0,15,-3],"2.25":[0,20,32.5],"2.3333":{"pre":[0,20,27.22],"post":[0,20,27.22],"lerp_mode":"catmullrom"},"2.4167":{"post":[0,20,36.93],"lerp_mode":"catmullrom"},"2.5417":{"post":[0,20,31.35],"lerp_mode":"catmullrom"},"2.6667":{"post":[0,20,12.91],"lerp_mode":"catmullrom"},"2.7917":{"post":[0,20,-35],"lerp_mode":"catmullrom"},"3.0":{"post":[0,20,-48.28],"lerp_mode":"catmullrom"},"3.25":{"post":[0,20,-47.72],"lerp_mode":"catmullrom"},"3.5":{"post":[0,20,-17.93],"lerp_mode":"catmullrom"},"3.75":{"post":[0,20,32.5],"lerp_mode":"catmullrom"},"3.8333":{"post":[0,20,27.22],"lerp_mode":"catmullrom"},"3.9167":{"post":[0,20,36.93],"lerp_mode":"catmullrom"},"4.0417":{"post":[0,20,31.35],"lerp_mode":"catmullrom"},"4.1667":{"post":[0,20,12.91],"lerp_mode":"catmullrom"},"4.375":{"post":[0,0,0],"lerp_mode":"catmullrom"}}},"wing_right3":{"rotation":{"0.8333":[0,0,0],"0.9583":[0,0,6.88],"1.1667":[0,0,-15.49],"1.375":[0,0,-25.49],"1.625":[5,0,-19.17],"1.875":[-5,0,-7.86],"2.25":{"pre":[0,0,-22.5],"post":[0,0,-22.5],"lerp_mode":"catmullrom"},"2.3333":{"post":[2.5,0,12.74],"lerp_mode":"catmullrom"},"2.4167":{"post":[5,0,32.98],"lerp_mode":"catmullrom"},"2.5417":{"post":[5,0,33.46],"lerp_mode":"catmullrom"},"2.6667":{"post":[2.5,0,10.55],"lerp_mode":"catmullrom"},"2.7917":{"post":[0,0,-37.5],"lerp_mode":"catmullrom"},"3.0":{"post":[0,0,-44.36],"lerp_mode":"catmullrom"},"3.25":{"post":[0,0,-63.59],"lerp_mode":"catmullrom"},"3.5":{"post":[0,0,-51.79],"lerp_mode":"catmullrom"},"3.75":{"post":[0,0,-22.5],"lerp_mode":"catmullrom"},"3.8333":{"post":[2.5,0,12.74],"lerp_mode":"catmullrom"},"3.9167":{"post":[5,0,32.98],"lerp_mode":"catmullrom"},"4.0417":{"post":[5,0,33.46],"lerp_mode":"catmullrom"},"4.1667":{"post":[2.5,0,10.55],"lerp_mode":"catmullrom"},"4.375":{"post":[0,0,0],"lerp_mode":"catmullrom"}}}}},"animation.kilowattrel.ground_quirk":{"animation_length":2.5,"bones":{"tail":{"rotation":{"0.0":["25 + 5 * math.sin(q.anim_time * 6 * 30 - 30)",0,0],"0.2083":["12.5 + 5 * math.sin(q.anim_time * 6 * 30 - 30)",0,0],"0.4167":["45 + 5 * math.sin(q.anim_time * 6 * 30 - 30)",0,0],"0.5":["50 + 5 * math.sin(q.anim_time * 6 * 30 - 30)",0,0],"1.9583":["45 + 5 * math.sin(q.anim_time * 6 * 30 - 30)",0,0],"2.1667":["12.5 + 5 * math.sin(q.anim_time * 6 * 30 - 30)",0,0],"2.4583":["25 + 5 * math.sin(q.anim_time * 6 * 30 - 30)",0,0]}},"head":{"rotation":{"0.0":[52.5,0,0],"0.4167":[42.5,0,0],"0.5":[40,0,0],"1.9583":[42.5,0,0],"2.4583":[52.5,0,0]}},"neck":{"rotation":{"0.0":[-25,0,0],"0.2083":[-15,0,0],"0.4167":[-45,0,0],"0.5":[-47.5,0,0],"1.9583":[-45,0,0],"2.1667":[-15,0,0],"2.4583":[-25,0,0]}},"sack":{"rotation":{"0.0":[0,0,0],"0.4167":[0,0,0],"0.5":[-5,0,0],"1.9583":[0,0,0],"2.4583":[0,0,0]},"position":{"0.0":[0,0,2],"0.4167":[0,0,2],"0.5":[0,-1.5,1.75],"1.9583":[0,0,2],"2.4583":[0,0,2]}}}},"animation.kilowattrel.ground_idle":{"loop":true,"bones":{"body":{"rotation":[-17.5,0,0],"position":[0,3.25,-10]},"torso":{"rotation":["-10 + 2.5 * math.sin(q.anim_time * 6 * 30)",0,0],"position":[0,"0.5-0.5 * math.sin(q.anim_time * 6 * 30)",0]},"wing_left":{"rotation":[22.5,0,0]},"wing_left_anim":{"rotation":[0,-17.5,85]},"wing_left2_anim":{"rotation":[0,0,-175]},"wing_left3":{"rotation":[0,0,172.5]},"wing_right":{"rotation":[22.5,0,0]},"wing_right_anim":{"rotation":[0,17.5,-85]},"wing_right2_anim":{"rotation":[0,0,175]},"wing_right3":{"rotation":[0,0,-172.5]},"leg_left":{"rotation":[-72.5,0,0]},"leg_right":{"rotation":[-72.5,0,0]},"tail":{"rotation":["25 + 5 * math.sin(q.anim_time * 6 * 30 - 30)",0,0]},"head":{"rotation":["52.5 - 5 * math.sin(q.anim_time * 6 * 30)",0,0]},"neck":{"rotation":["-25 + 2.5 * math.sin(q.anim_time * 6 * 30)",0,0]},"sack":{"position":[0,0,2]}}},"animation.kilowattrel.blink":{"animation_length":0.16667,"bones":{"eye_closed_left":{"position":{"0.0":[1,0,-1],"0.125":[1,0,-1],"0.1667":[0,0,0]}},"eye_closed_right":{"position":{"0.0":[-1,0,-1],"0.125":[-1,0,-1],"0.1667":[0,0,0]}}}},"animation.kilowattrel.ground_walk":{"loop":true,"bones":{"leg_right":{"rotation":["math.sin(query.anim_time * 360) * -25",0,0]},"leg_left":{"rotation":["math.sin(query.anim_time * 360) * 25",0,0]}}}}}