{"format_version":"1.8.0","animations":{"animation.kubfu.ground_idle":{"loop":true,"bones":{"body":{"rotation":[0,15,0],"position":[0,-1.5,0]},"head":{"rotation":[5,-12.5,"0- math.sin((query.anim_time - 0.4) * 180 - 120) * 2.3"]},"left_bandana":{"rotation":["-15.2834- math.cos((query.anim_time + 0.4) * 90 * 2) * 8",-21.20628,11.14194]},"left_bandana_bend":{"rotation":["20 - math.cos((query.anim_time + 0.6) * 90 * 2) * 8",0,0]},"left_bandana_end":{"rotation":["-17.5- math.cos((query.anim_time + 0.2) * 90 * 2) * 14",0,0]},"right_bandana":{"rotation":["9.7441- math.cos((query.anim_time + 0.4) * 90 * 2) * 8",-40.24635,-32.6326]},"right_bandana_bend":{"rotation":["35- math.cos((query.anim_time + 0.4) * 90 * 2) * 8",0,0]},"right_bandana_end":{"rotation":["-22.5- math.cos((query.anim_time + 0.2) * 90 * 2) * 14",0,0]},"left_arm":{"rotation":[0,12.5,35]},"left_elbow":{"rotation":[0,"42.5- math.sin((query.anim_time +0.3) * 180) * 2.5",0]},"left_hand":{"rotation":[0,0,"30- math.sin(query.anim_time * 180) * 1.7"]},"right_arm":{"rotation":[0,"37.5- math.sin((query.anim_time +0.6) * 180) * 3",-22.5]},"right_elbow":{"rotation":[0,"-40- math.sin((query.anim_time +0.3) * 180) * 2.5",0]},"right_hand":{"rotation":[0,0,"-27.5- math.sin(query.anim_time * 180) * 1.7"]},"left_leg":{"rotation":[-26.84452,-37.17584,-0.76624]},"left_knee":{"rotation":[25,0,0]},"right_leg":{"rotation":[-21.0139,54.36772,7.37475]},"right_knee":{"rotation":[25,0,0]},"torso":{"rotation":[7.61435,-9.91358,"-1.3184- math.sin(query.anim_time * 180) * 1.7"],"position":[0,"0.1*math.sin(query.anim_time * 90*4)",0]}}},"animation.kubfu.blink":{"animation_length":0.1667,"bones":{"right_eye_closed":{"position":{"0.0":[0,0,-0.1],"0.125":[0,0,-0.1],"0.1667":[0,0,0]}},"left_eye_closed":{"position":{"0.0":[0,0,-0.1],"0.125":[0,0,-0.1],"0.1667":[0,0,0]}}}},"animation.kubfu.cry":{"animation_length":0.5,"bones":{"mouth_open":{"position":{"0.0":[0,0,0],"0.125":[0,0,0],"0.1667":[0,0,-0.2],"0.4583":[0,0,-0.2],"0.5":[0,0,0]}},"head":{"rotation":{"0.0":[0,0,0],"0.1667":[-15,0,0],"0.4167":[0,0,0]}}},"sound_effects":{"1.0833":{"effect":"pokemon.kubfu.cry"}}},"animation.kubfu.ground_walk":{"loop":true,"animation_length":1,"bones":{"torso":{"rotation":["7.5-math.sin((query.anim_time)*720-20)*0.5","0+math.sin((query.anim_time)*360+20)*2","0+math.sin((query.anim_time)*360-100)*0.5"],"position":["math.sin((query.anim_time)*360-90)*0.1 ","math.sin((query.anim_time)*720-90)*0.2",0]},"head":{"rotation":["0-math.sin((query.anim_time)*720-20)*1",0,"0-math.sin((query.anim_time)*720-20)*0.5"]},"left_bandana":{"rotation":[0,25,0]},"right_bandana":{"rotation":[0,-25,0]},"left_arm":{"rotation":[-2.32728,"0.1016+(math.sin((query.anim_time-0.25)*360)*25)",40.51393],"position":[1,1,0]},"left_elbow":{"rotation":[5,"32.5-20*math.sin(q.anim_time*90*4-200)",35]},"left_hand":{"rotation":[0,0,"20- math.sin(query.anim_time * 180) * 1.7"]},"right_arm":{"rotation":[-2.3273,"0.1016+((math.sin((query.anim_time-0.25)*360)*25))",-29.48616],"position":[0,1,0]},"right_elbow":{"rotation":[-5,"-32.5-20*math.sin(q.anim_time*90*4-200)",-35]},"right_hand":{"rotation":[0,0,"-20- math.sin(query.anim_time * 180) * 1.7"]},"left_leg":{"rotation":["(-Math.cos(query.anim_time * 360-1)*15)",0,0],"position":[-0.5,"-0.7+math.clamp((-Math.sin(query.anim_time * 360)*0.5),0,0.5)","(-Math.cos(query.anim_time * 360)*0.5)"]},"left_knee":{"rotation":{"0.0":[0,0,0],"0.4583":[0,0,0],"0.75":[27.5,0,0],"1.0":[0,0,0]}},"right_leg":{"rotation":["(Math.cos(query.anim_time * 360)*15)",0,0],"position":[0.5,"-0.5+math.clamp((Math.sin(query.anim_time * 360)*0.5),0,0.5)","-0.01+(Math.cos(query.anim_time * 360)*0.5)"]},"right_knee":{"rotation":{"0.0":[3.93,0,0],"0.25":[27.5,0,0],"0.5":[0,0,0],"0.9583":[0,0,0],"1.0":[3.93,0,0]}}}},"animation.kubfu.band":{"loop":true,"bones":{"left_bandana":{"rotation":["0- math.cos((query.anim_time + 0.4) * 90 * 2) * 8",0,0]},"left_bandana_bend":{"rotation":["0- math.cos((query.anim_time + 0.6) * 90 * 2) * 8",0,0]},"left_bandana_end":{"rotation":["0- math.cos((query.anim_time + 0.2) * 90 * 2) * 14",0,0]},"right_bandana":{"rotation":["0- math.cos((query.anim_time + 0.4) * 90 * 2) * 8 ",0,0]},"right_bandana_bend":{"rotation":["0- math.cos((query.anim_time + 0.6) * 90 * 2) * 8",0,0]},"right_bandana_end":{"rotation":["0- math.cos((query.anim_time + 0.2) * 90 * 2) * 14",0,0]}}},"animation.kubfu.shoulder_right":{"loop":true,"bones":{"body":{"rotation":[12.03002,3.30577,"-7.1137-(math.sin((query.anim_time)*90*2) * 0.3)"],"position":[0,-13.5,2]},"head":{"rotation":[0,0,-17.5]},"left_bandana":{"rotation":[0,12.5,0]},"left_bandana_bend":{"rotation":[22.5,0,0]},"right_bandana":{"rotation":[0,-20,0]},"right_bandana_bend":{"rotation":[17.5,0,0]},"left_arm":{"rotation":[0,32.5,0]},"left_elbow":{"rotation":[0,0,37.5]},"right_arm":{"rotation":[-6.2461,-19.0377,-18.5483]},"right_elbow":{"rotation":[40,-35,0]},"left_knee":{"rotation":[22.5,0,0]},"right_knee":{"rotation":[17.5,0,0]},"left_hand":{"rotation":[0,0,17.5]},"right_hand":{"rotation":[0,0,-22.5]}}},"animation.kubfu.shoulder_left":{"loop":true,"bones":{"body":{"rotation":[12.03002,3.30577,"7.1137-(math.sin((query.anim_time)*90*2) * 0.3)"],"position":[0,-13.5,2]},"head":{"rotation":[0,0,17.5]},"left_bandana":{"rotation":[0,12.5,0]},"left_bandana_bend":{"rotation":[22.5,0,0]},"right_bandana":{"rotation":[0,-20,0]},"right_bandana_bend":{"rotation":[17.5,0,0]},"left_arm":{"rotation":[6.24605,19.03771,18.54835]},"left_elbow":{"rotation":[-40,35,0]},"right_arm":{"rotation":[0,-32.5,0]},"right_elbow":{"rotation":[0,0,-37.5]},"left_knee":{"rotation":[22.5,0,0]},"right_knee":{"rotation":[17.5,0,0]},"left_hand":{"rotation":[0,0,22.5]},"right_hand":{"rotation":[0,0,-20]}}}}}