{"format_version":"1.8.0","animations":{"animation.kyurem.ground_idle":{"loop":true,"animation_length":2,"bones":{"torso":{"rotation":["7.5+math.cos(q.anim_time*90*2+60)",0,0],"position":[0,"2+math.cos(q.anim_time*90*2)/2",0]},"neck":{"rotation":["math.cos(q.anim_time*90*2+90)",0,0]},"neck2":{"rotation":["2.5+math.cos(q.anim_time*90*2+120)",0,0]},"head":{"rotation":["-10+math.cos(q.anim_time*90*2+180)",0,0]},"left_arm":{"rotation":[0.84978,36.88681,"74.2388+math.cos(q.anim_time*90*2+60)*4"]},"left_forearm":{"rotation":[0,0,"15+4+math.cos(q.anim_time*90*2)*4"]},"left_hand":{"rotation":[0,0,"22.5+8+math.cos(q.anim_time*90*2-60)*8"]},"right_arm":{"rotation":[0.84978,-36.88681,"-74.2388-math.cos(q.anim_time*90*2+60)*4"]},"right_forearm":{"rotation":[0,0,"-15-4-math.cos(q.anim_time*90*2)*4"]},"right_hand":{"rotation":[0,0,"-22.5-8-math.cos(q.anim_time*90*2-60)*8"]},"tail":{"rotation":["10+math.cos(q.anim_time*90*2+60-30)*3","math.cos(q.anim_time*90*2-30)",0]},"leg_left":{"rotation":["math.cos(q.anim_time*90*2)*2",-10,0],"position":["math.cos(q.anim_time*90*2)/35","math.cos(q.anim_time*90*2)/2","-math.cos(q.anim_time*90*2)/2.5"]},"leg_left2":{"rotation":["-math.cos(q.anim_time*90*2)*5",0,0]},"leg_left3":{"rotation":["math.cos(q.anim_time*90*2)*5",0,0]},"foot_left":{"rotation":["-math.cos(q.anim_time*90*2)*2",0,0]},"leg_right":{"rotation":["math.cos(q.anim_time*90*2)*2",10,0],"position":["-(math.cos(q.anim_time*90*2)/35)","math.cos(q.anim_time*90*2)/2","-math.cos(q.anim_time*90*2)/2.5"]},"leg_right2":{"rotation":["-math.cos(q.anim_time*90*2)*5",0,0]},"leg_right3":{"rotation":["math.cos(q.anim_time*90*2)*5",0,0]},"foot_right":{"rotation":["-math.cos(q.anim_time*90*2)*2",0,0]}}},"animation.kyurem.battle_idle":{"loop":true,"animation_length":2,"bones":{"torso":{"rotation":["7.5+math.cos(q.anim_time*90*2+60)",0,0],"position":[0,"2+math.cos(q.anim_time*90*2)/2",0]},"neck":{"rotation":["math.cos(q.anim_time*90*2+90)*2",5,0]},"neck2":{"rotation":["2.5+math.cos(q.anim_time*90*2+120)*2",5,0]},"head":{"rotation":["-10+math.cos(q.anim_time*90*2+180)*2",10,0]},"left_arm":{"rotation":[0.84978,36.88681,"74.2388+math.cos(q.anim_time*90*2+60)*4"]},"left_forearm":{"rotation":[0,0,"15+4+math.cos(q.anim_time*90*2)*4"]},"left_hand":{"rotation":[0,0,"22.5+8+math.cos(q.anim_time*90*2-60)*8"]},"right_arm":{"rotation":[0.84978,-36.88681,"-74.2388-math.cos(q.anim_time*90*2+60)*4"]},"right_forearm":{"rotation":[0,0,"-15-4-math.cos(q.anim_time*90*2)*4"]},"right_hand":{"rotation":[0,0,"-22.5-8-math.cos(q.anim_time*90*2-60)*8"]},"tail":{"rotation":["10+math.cos(q.anim_time*90*2+60-30)*3","math.cos(q.anim_time*90*2-30)*5",0]},"leg_left":{"rotation":["math.cos(q.anim_time*90*2)*2",-10,0],"position":["math.cos(q.anim_time*90*2)/35","math.cos(q.anim_time*90*2)/2","-math.cos(q.anim_time*90*2)/2.5"]},"leg_left2":{"rotation":["-math.cos(q.anim_time*90*2)*5",0,0]},"leg_left3":{"rotation":["math.cos(q.anim_time*90*2)*5",0,0]},"foot_left":{"rotation":["-math.cos(q.anim_time*90*2)*2",0,0]},"leg_right":{"rotation":["math.cos(q.anim_time*90*2)*2",30,0],"position":["-1-math.cos(q.anim_time*90*2)/5","math.cos(q.anim_time*90*2)/2","-math.cos(q.anim_time*90*2)/2.5"]},"leg_right2":{"rotation":["-math.cos(q.anim_time*90*2)*5",0,0]},"leg_right3":{"rotation":["math.cos(q.anim_time*90*2)*5",0,0]},"foot_right":{"rotation":["-math.cos(q.anim_time*90*2)*2",0,0]},"body":{"rotation":[0,-20,0]}}},"animation.kyurem.ground_walk":{"loop":true,"animation_length":2,"bones":{"torso":{"rotation":["7.5+math.cos(q.anim_time*90*4)*2-math.clamp(math.sin(q.anim_time*90*4-15)*1,0,1)","-math.sin(q.anim_time*90*2)*4","math.sin(q.anim_time*90*2+60)*5"],"position":{"0.0":[0,"math.sin(q.anim_time*90*4)+math.clamp(math.cos(q.anim_time*90*4)*1.5,0,1.5)",0],"0.125":[0,"math.sin(q.anim_time*90*4)+math.clamp(math.cos(q.anim_time*90*4)*1.5,0,1.5)",0],"0.1667":[0,"-2+math.sin(q.anim_time*90*4)+math.clamp(math.cos(q.anim_time*90*4)*1.5,0,1.5)",0],"0.2083":[0,"1+math.sin(q.anim_time*90*4)+math.clamp(math.cos(q.anim_time*90*4)*1.5,0,1.5)",0],"0.2917":[0,"math.sin(q.anim_time*90*4)+math.clamp(math.cos(q.anim_time*90*4)*1.5,0,1.5)",0],"1.0":[0,"math.sin(q.anim_time*90*4)+math.clamp(math.cos(q.anim_time*90*4)*1.5,0,1.5)",0],"1.125":[0,"math.sin(q.anim_time*90*4)+math.clamp(math.cos(q.anim_time*90*4)*1.5,0,1.5)",0],"1.1667":[0,"-2+math.sin(q.anim_time*90*4)+math.clamp(math.cos(q.anim_time*90*4)*1.5,0,1.5)",0],"1.2083":[0,"1+math.sin(q.anim_time*90*4)+math.clamp(math.cos(q.anim_time*90*4)*1.5,0,1.5)",0],"1.2917":[0,"math.sin(q.anim_time*90*4)+math.clamp(math.cos(q.anim_time*90*4)*1.5,0,1.5)",0]}},"neck":{"rotation":["math.cos(q.anim_time*90*4+60)*2","-math.cos(q.anim_time*90*2+30)*5",0]},"neck2":{"rotation":["math.cos(q.anim_time*90*4+120)*2","-math.cos(q.anim_time*90*2+90)*5",0]},"head":{"rotation":["math.cos(q.anim_time*90*4+180)*2","-math.cos(q.anim_time*90*2+150)*5",0]},"left_arm":{"rotation":[0.84978,"36.8868-math.cos(q.anim_time*90*2-60)*7.5","74.2388+math.cos(q.anim_time*90*4-60)*4"]},"left_forearm":{"rotation":[0,0,"15+4+math.cos(q.anim_time*90*4-120)*4"]},"left_hand":{"rotation":[0,0,"22.5+4+math.cos(q.anim_time*90*4-180)*4"]},"right_arm":{"rotation":[0.84978,"-36.8868+math.cos(q.anim_time*90*2-60)*7.5","-74.2388-math.cos(q.anim_time*90*4-60)*4"]},"right_forearm":{"rotation":[0,0,"-15-4-math.cos(q.anim_time*90*4-120)*4"]},"right_hand":{"rotation":[0,0,"-22.5-4-math.cos(q.anim_time*90*4-180)*4"]},"tail":{"rotation":["math.cos(q.anim_time*90*4-90)*5","-math.sin(q.anim_time*90*2-90)*5",0]},"leg_left":{"rotation":{"0.0":[0,-10,0],"0.875":[30,-10,0],"1.0":[0,-10,0],"1.125":[-30,-10,0],"2.0":[0,-10,0]},"position":{"0.0":[0,0,0],"0.2083":[0,0.2,0],"0.4583":[0,-0.25,0],"0.7083":[0,-1,0],"0.875":[0,-2,0],"0.9167":[0,2.5,0],"0.9583":[0,3.5,0],"1.0":[0,4,0],"1.0417":[0,3.5,0],"1.0833":[0,2.5,0],"1.125":[0,0,0],"1.1667":[0,-1,0],"1.25":[0,2,0],"1.375":[0,0,0],"1.6667":[0,0.75,0],"2.0":[0,0,0]}},"leg_left2":{"rotation":{"0.0":[0,0,0],"0.875":[-10,0,0],"0.9583":[30,0,0],"1.0":[22.5,0,0],"1.125":[0,0,0],"2.0":[0,0,0]}},"leg_left3":{"rotation":{"0.0":[0,0,0],"0.875":[20,0,0],"0.9583":[-10,0,0],"1.0":[-7.5,0,0],"1.125":[0,0,0],"2.0":[0,0,0]}},"foot_left":{"rotation":{"0.0":[0,0,0],"0.875":[0,0,0],"0.9583":[30,0,0],"1.0":[15,0,0],"1.0417":[0,0,0],"1.125":[30,0,0],"2.0":[0,0,0]}},"foot_left2":{"rotation":{"0.0":[0,0,0],"0.875":[-40,0,0],"0.9583":[20,0,0],"1.0":[0,0,0],"1.0417":[-20,0,0],"1.125":[0,0,0],"2.0":[0,0,0]},"position":{"0.0":[0,0,0],"0.875":[0,-1,-1],"0.9583":[0,1,-1],"1.0":[0,0.25,-1],"1.0417":[0,-0.5,-1],"1.125":[0,-0.5,-1],"2.0":[0,0,0]}},"leg_right":{"rotation":{"0.0":[0,10,0],"0.125":[-30,10,0],"1.0":[0,10,0],"1.875":[30,10,0],"2.0":[0,10,0]},"position":{"0.0":[0,4,0],"0.0417":[0,3.5,0],"0.0833":[0,2.5,0],"0.125":[0,0,0],"0.1667":[0,-1,0],"0.25":[0,2,0],"0.375":[0,0,0],"0.6667":[0,0.75,0],"1.0":[0,0,0],"1.2083":[0,0.2,0],"1.4583":[0,-0.25,0],"1.7083":[0,-1,0],"1.875":[0,-2,0],"1.9167":[0,2.5,0],"1.9583":[0,3.5,0],"2.0":[0,4,0]}},"leg_right2":{"rotation":{"0.0":[22.5,0,0],"0.125":[0,0,0],"1.0":[0,0,0],"1.875":[-10,0,0],"1.9583":[30,0,0],"2.0":[22.5,0,0]}},"leg_right3":{"rotation":{"0.0":[-7.5,0,0],"0.125":[0,0,0],"1.0":[0,0,0],"1.875":[20,0,0],"1.9583":[-10,0,0],"2.0":[-7.5,0,0]}},"foot_right":{"rotation":{"0.0":[15,0,0],"0.0417":[0,0,0],"0.125":[30,0,0],"1.0":[0,0,0],"1.875":[0,0,0],"1.9583":[30,0,0],"2.0":[15,0,0]}},"foot_right2":{"rotation":{"0.0":[0,0,0],"0.0417":[-20,0,0],"0.125":[0,0,0],"1.0":[0,0,0],"1.875":[-40,0,0],"1.9583":[20,0,0],"2.0":[0,0,0]},"position":{"0.0":[0,0.25,-1],"0.0417":[0,-0.5,-1],"0.125":[0,-0.5,-1],"1.0":[0,0,0],"1.875":[0,-1,-1],"1.9583":[0,1,-1],"2.0":[0,0.25,-1]}}}},"animation.kyurem.physical":{"animation_length":3,"bones":{"torso":{"rotation":{"0.0":[7.5,0,0],"0.625":{"pre":[-7.5,-20,-20],"post":[-7.5,-20,-20],"lerp_mode":"catmullrom"},"1.2083":{"post":[-7.5,-20,-20],"lerp_mode":"catmullrom"},"1.3333":{"post":[0,30,0],"lerp_mode":"catmullrom"},"1.875":{"post":[0,35,0],"lerp_mode":"catmullrom"},"2.375":{"post":[7.5,0,0],"lerp_mode":"catmullrom"},"3.0":{"post":[7.5,0,0],"lerp_mode":"catmullrom"}},"position":[0,2,0]},"neck":{"rotation":{"0.0":[0,5,0],"1.2083":{"pre":[20,5,20],"post":[20,5,20],"lerp_mode":"catmullrom"},"1.2917":{"post":[0,5,0],"lerp_mode":"catmullrom"},"2.125":{"post":[0,5,0],"lerp_mode":"catmullrom"},"3.0":[0,5,0]}},"neck2":{"rotation":[2.5,5,0]},"head":{"rotation":[-10,10,0]},"left_arm":{"rotation":{"0.0":[0.84978,36.88681,74.2388],"1.2083":{"pre":[-32.66179,-18.2114,-43.16602],"post":[-32.66179,-18.2114,-43.16602],"lerp_mode":"catmullrom"},"1.2917":{"post":[4.58541,36.65265,80.47603],"lerp_mode":"catmullrom"},"1.875":{"post":[8.25214,36.09019,86.65168],"lerp_mode":"catmullrom"},"2.25":{"post":[0.84978,36.88681,74.2388],"lerp_mode":"catmullrom"},"3.0":{"post":[0.84978,36.88681,74.2388],"lerp_mode":"catmullrom"}}},"left_forearm":{"rotation":{"0.0":[0,0,15],"1.2083":{"pre":[0,0,0],"post":[0,0,0],"lerp_mode":"catmullrom"},"1.2917":{"post":[0,0,52.5],"lerp_mode":"catmullrom"},"2.125":{"post":[0,0,75],"lerp_mode":"catmullrom"},"3.0":[0,0,15]}},"left_hand":{"rotation":{"0.0":[0,0,22.5],"1.2083":{"pre":[0,0,0],"post":[0,0,0],"lerp_mode":"catmullrom"},"1.2917":{"post":[0,0,60],"lerp_mode":"catmullrom"},"2.5":{"post":[0,0,22.5],"lerp_mode":"catmullrom"},"3.0":{"post":[0,0,22.5],"lerp_mode":"catmullrom"}}},"right_arm":{"rotation":{"0.0":[0.84978,-36.88681,-74.2388],"1.2083":{"pre":[2.72275,-36.80886,-77.36152],"post":[2.72275,-36.80886,-77.36152],"lerp_mode":"catmullrom"},"1.2917":{"post":[61.07625,-3.41186,11.98475],"lerp_mode":"catmullrom"},"2.0":{"post":[61.08,-3.41,11.98],"lerp_mode":"catmullrom"},"2.5":{"post":[0.84978,-36.88681,-74.2388],"lerp_mode":"catmullrom"},"3.0":{"post":[0.84978,-36.88681,-74.2388],"lerp_mode":"catmullrom"}}},"right_forearm":{"rotation":[0,0,-15]},"right_hand":{"rotation":[0,0,-22.5]},"tail":{"rotation":{"0.0":[10,0,0],"0.1667":{"pre":[10,20,0],"post":[10,20,0],"lerp_mode":"catmullrom"},"0.5":{"post":[10,20,0],"lerp_mode":"catmullrom"},"1.2083":{"post":[10,-10,0],"lerp_mode":"catmullrom"},"1.2917":{"post":[10,-30,0],"lerp_mode":"catmullrom"},"1.625":{"post":[10,0,0],"lerp_mode":"catmullrom"},"2.0":{"post":[10,0,0],"lerp_mode":"catmullrom"},"3.0":{"post":[10,0,0],"lerp_mode":"catmullrom"}}},"leg_left":{"rotation":[0,-10,0],"position":[0,0,0]},"leg_left2":{"rotation":[0,0,0]},"leg_left3":{"rotation":[0,0,0]},"foot_left":{"rotation":[0,0,0]},"leg_right":{"rotation":{"0.0":[0,30,0],"0.7917":[-10,14.91,0],"1.0":[0,0,0],"1.2083":[0,0,0],"1.2917":[0,30,0]},"position":{"0.0":[-1,0,0],"0.1667":[-1.27,1,-0.27],"0.2917":[-1.48,1.5,-0.48],"0.4583":[-1.75,4.8,-0.75],"0.5833":[-1.96,5,-0.96],"0.75":[-2.24,1.8,-1.24],"0.875":[-2.45,1.5,-1.45],"0.9583":[-2.72,1,-1.72],"1.0":[-3,0,-2],"1.2083":[-3,0,-2],"1.25":{"pre":[-2,2,-1],"post":[-2,2,-1],"lerp_mode":"catmullrom"},"1.2917":[-1,0,0]}},"leg_right2":{"rotation":{"0.0":[0,0,0],"0.25":{"pre":[22.5,0,0],"post":[22.5,0,0],"lerp_mode":"catmullrom"},"0.875":{"post":[-10,0,0],"lerp_mode":"catmullrom"},"1.0":{"post":[0,0,0],"lerp_mode":"catmullrom"}}},"leg_right3":{"rotation":{"0.0":[0,0,0],"0.2917":{"pre":[-10,0,0],"post":[-10,0,0],"lerp_mode":"catmullrom"},"0.75":{"post":[-10,0,0],"lerp_mode":"catmullrom"},"1.0":{"post":[0,0,0],"lerp_mode":"catmullrom"}}},"foot_right":{"rotation":{"0.0":[0,0,0],"0.3333":{"pre":[20,0,0],"post":[20,0,0],"lerp_mode":"catmullrom"},"0.6667":{"post":[40,0,0],"lerp_mode":"catmullrom"},"0.875":{"post":[-10,0,0],"lerp_mode":"catmullrom"},"1.0":{"post":[0,0,0],"lerp_mode":"catmullrom"}}},"body":{"rotation":[0,-20,0]},"foot_right2":{"rotation":{"0.25":[0,0,0],"0.375":{"pre":[20,0,0],"post":[20,0,0],"lerp_mode":"catmullrom"},"0.75":{"post":[20,0,0],"lerp_mode":"catmullrom"},"0.9167":{"post":[-20,0,0],"lerp_mode":"catmullrom"},"1.0":{"post":[-20,0,0],"lerp_mode":"catmullrom"},"1.0833":{"post":[0,0,0],"lerp_mode":"catmullrom"}}}}},"animation.kyurem.special":{"animation_length":3,"bones":{"torso":{"rotation":{"0.0":[7.5,0,0],"0.625":{"pre":[-7.5,0,0],"post":[-7.5,0,0],"lerp_mode":"catmullrom"},"1.1667":{"post":[-7.5,0,0],"lerp_mode":"catmullrom"},"1.3333":{"post":[15,0,0],"lerp_mode":"catmullrom"},"2.25":{"post":[15,0,0],"lerp_mode":"catmullrom"},"3.0":[7.5,0,0]},"position":[0,2,0]},"neck":{"rotation":{"0.0":[0,5,0],"0.25":{"pre":[0,5,0],"post":[0,5,0],"lerp_mode":"catmullrom"},"0.75":{"post":[30,5,0],"lerp_mode":"catmullrom"},"1.2083":{"post":[30,5,0],"lerp_mode":"catmullrom"},"1.375":{"post":[-10,5,0],"lerp_mode":"catmullrom"},"1.8333":{"post":[-15,5,0],"lerp_mode":"catmullrom"},"2.2917":{"post":[-10,5,0],"lerp_mode":"catmullrom"},"3.0":[0,5,0]}},"neck2":{"rotation":{"0.0":[2.5,5,0],"0.125":{"pre":[0,5,0],"post":[0,5,0],"lerp_mode":"catmullrom"},"0.625":{"post":[30,5,0],"lerp_mode":"catmullrom"},"1.0833":{"post":[30,5,0],"lerp_mode":"catmullrom"},"1.25":{"post":[-10,5,0],"lerp_mode":"catmullrom"},"1.7083":{"post":[5,5,0],"lerp_mode":"catmullrom"},"2.1667":{"post":[2.5,5,0],"lerp_mode":"catmullrom"},"3.0":[2.5,5,0]}},"head":{"rotation":{"0.0":[-10,10,0],"0.625":{"pre":[-10,10,0],"post":[-10,10,0],"lerp_mode":"catmullrom"},"0.875":{"post":[-40,10,0],"lerp_mode":"catmullrom"},"1.25":{"post":[-40,10,0],"lerp_mode":"catmullrom"},"1.625":{"post":[0,10,0],"lerp_mode":"catmullrom"},"2.5":{"post":[0,10,0],"lerp_mode":"catmullrom"},"3.0":[-10,10,0]}},"left_arm":{"rotation":{"0.0":[0.85,36.89,74.24],"1.0":{"pre":[8.24796,36.09322,86.648],"post":[8.24796,36.09322,86.648],"lerp_mode":"catmullrom"},"1.2083":{"post":[8.25,36.09,86.65],"lerp_mode":"catmullrom"},"1.375":{"post":[-35.79642,9.60493,-4.15041],"lerp_mode":"catmullrom"},"2.375":{"post":[-35.8,9.6,-4.15],"lerp_mode":"catmullrom"},"3.0":[0.85,36.89,74.24]}},"left_forearm":{"rotation":[0,0,15]},"left_hand":{"rotation":[0,0,22.5]},"right_arm":{"rotation":{"0.0":[0.85,-36.89,-74.24],"1.0":{"pre":[8.24796,-36.09322,-86.648],"post":[8.24796,-36.09322,-86.648],"lerp_mode":"catmullrom"},"1.2083":{"post":[8.25,-36.09,-86.65],"lerp_mode":"catmullrom"},"1.375":{"post":[-35.79642,-9.60493,4.15041],"lerp_mode":"catmullrom"},"2.375":{"post":[-35.8,-9.6,4.15],"lerp_mode":"catmullrom"},"3.0":[0.85,-36.89,-74.24]}},"right_forearm":{"rotation":[0,0,-15]},"right_hand":{"rotation":[0,0,-22.5]},"tail":{"rotation":[10,0,0]},"leg_left":{"rotation":[0,-10,0],"position":[0,0,0]},"leg_left2":{"rotation":[0,0,0]},"leg_left3":{"rotation":[0,0,0]},"foot_left":{"rotation":[0,0,0]},"leg_right":{"rotation":[0,30,0],"position":[-1,0,0]},"leg_right2":{"rotation":[0,0,0]},"leg_right3":{"rotation":[0,0,0]},"foot_right":{"rotation":[0,0,0]},"body":{"rotation":[0,-20,0]}}},"animation.kyurem.status":{"animation_length":3,"bones":{"torso":{"rotation":{"0.0":[7.5,0,0],"0.75":{"pre":[15,0,0],"post":[15,0,0],"lerp_mode":"catmullrom"},"1.1667":{"post":[15,0,0],"lerp_mode":"catmullrom"},"1.3333":{"post":[-15,0,0],"lerp_mode":"catmullrom"},"2.5":{"post":[-15,0,0],"lerp_mode":"catmullrom"},"3.0":[7.5,0,0]},"position":[0,2,0]},"neck":{"rotation":{"0.0":[0,5,0],"0.75":{"pre":[10,15,0],"post":[10,15,0],"lerp_mode":"catmullrom"},"1.125":{"post":[10,15,0],"lerp_mode":"catmullrom"},"1.3333":{"post":[-10,0,0],"lerp_mode":"catmullrom"},"2.25":{"post":[-10,0,0],"lerp_mode":"catmullrom"},"3.0":[0,5,0]}},"neck2":{"rotation":{"0.0":[2.5,5,0],"0.875":{"pre":[2.5,5,0],"post":[2.5,5,0],"lerp_mode":"catmullrom"},"1.1667":{"post":[2.5,5,0],"lerp_mode":"catmullrom"},"1.375":{"post":[-27.5,5,0],"lerp_mode":"catmullrom"},"2.5":{"post":[-32.5,5,0],"lerp_mode":"catmullrom"},"2.75":{"post":[2.5,5,0],"lerp_mode":"catmullrom"},"3.0":[2.5,5,0]}},"head":{"rotation":[-10,10,0]},"left_arm":{"rotation":{"0.0":[0.84978,36.88681,74.2388],"0.5":{"pre":[10.03467,35.69594,89.69497],"post":[10.03467,35.69594,89.69497],"lerp_mode":"catmullrom"},"1.1667":{"post":[10.03,35.7,89.69],"lerp_mode":"catmullrom"},"1.375":{"post":[-34.47349,-14.06538,-36.66359],"lerp_mode":"catmullrom"},"2.625":{"post":[-34.47,-14.07,-36.66],"lerp_mode":"catmullrom"},"3.0":[0.84978,36.88681,74.2388]}},"left_forearm":{"rotation":[0,0,15]},"left_hand":{"rotation":[0,0,22.5]},"right_arm":{"rotation":{"0.0":[0.84978,-36.88681,-74.2388],"0.5":{"pre":[10.03467,-35.69594,-89.69497],"post":[10.03467,-35.69594,-89.69497],"lerp_mode":"catmullrom"},"1.1667":{"post":[10.03,-35.7,-89.69],"lerp_mode":"catmullrom"},"1.375":{"post":[-34.47349,14.06538,36.66359],"lerp_mode":"catmullrom"},"2.625":{"post":[-34.47,14.07,36.66],"lerp_mode":"catmullrom"},"3.0":[0.84978,-36.88681,-74.2388]}},"right_forearm":{"rotation":[0,0,-15]},"right_hand":{"rotation":[0,0,-22.5]},"tail":{"rotation":[10,0,0]},"leg_left":{"rotation":[0,-10,0],"position":[0,0,0]},"leg_left2":{"rotation":[0,0,0]},"leg_left3":{"rotation":[0,0,0]},"foot_left":{"rotation":[0,0,0]},"leg_right":{"rotation":[0,30,0],"position":[-1,0,0]},"leg_right2":{"rotation":[0,0,0]},"leg_right3":{"rotation":[0,0,0]},"foot_right":{"rotation":[0,0,0]},"body":{"rotation":[0,-20,0]}},"sound_effects":{"1.25":{"effect":"pokemon.kyurem.cry"}}},"animation.kyurem.recoil":{"animation_length":1,"bones":{"torso":{"rotation":{"0.0":[0,0,0],"0.0417":{"pre":[-20,10,-10],"post":[-20,10,-10],"lerp_mode":"catmullrom"},"0.4583":{"post":[-20,10,-10],"lerp_mode":"catmullrom"},"0.625":{"post":[0,0,0],"lerp_mode":"catmullrom"},"1.0":{"post":[0,0,0],"lerp_mode":"catmullrom"}}},"neck":{"rotation":{"0.0":[0,0,0],"0.0833":{"pre":[-20,0,0],"post":[-20,0,0],"lerp_mode":"catmullrom"},"0.5":{"post":[-20,0,0],"lerp_mode":"catmullrom"},"0.6667":{"post":[20,0,0],"lerp_mode":"catmullrom"},"1.0":{"post":[0,0,0],"lerp_mode":"catmullrom"}}},"neck2":{"rotation":{"0.0":[0,0,0],"0.125":{"pre":[-20,0,0],"post":[-20,0,0],"lerp_mode":"catmullrom"},"0.5417":{"post":[-20,0,0],"lerp_mode":"catmullrom"},"0.7083":{"post":[-10,0,0],"lerp_mode":"catmullrom"},"1.0":{"post":[0,0,0],"lerp_mode":"catmullrom"}}},"head":{"rotation":{"0.0":[0,0,0],"0.1667":{"pre":[-20,0,0],"post":[-20,0,0],"lerp_mode":"catmullrom"},"0.5833":{"post":[-20,0,0],"lerp_mode":"catmullrom"},"0.75":{"post":[20,0,0],"lerp_mode":"catmullrom"},"1.0":{"post":[0,0,0],"lerp_mode":"catmullrom"}}},"eyelid_left":{"position":{"0.0":[0.5,0,-0.25],"0.25":{"pre":[0.5,0,-0.25],"post":[0,0,0]}}},"eyelid_right":{"position":{"0.0":[-0.5,0,-0.25],"0.25":{"pre":[-0.5,0,-0.25],"post":[0,0,0]}}}}},"animation.kyurem.walkspeed":{"loop":true,"bones":{"kyurem":{"position":[0,0,"-q.anim_time*90*0.15"]}}},"animation.kyurem.cry":{"animation_length":1.75,"bones":{"torso":{"rotation":{"0.0":[0,0,0],"0.0833":{"pre":[-10,0,0],"post":[-10,0,0],"lerp_mode":"catmullrom"},"0.2083":{"post":[-10,0,0],"lerp_mode":"catmullrom"},"0.2917":{"post":[10,0,0],"lerp_mode":"catmullrom"},"0.7917":{"post":[15,0,0],"lerp_mode":"catmullrom"},"1.25":{"post":[10,0,0],"lerp_mode":"catmullrom"},"1.75":{"post":[0,0,0],"lerp_mode":"catmullrom"}}},"neck":{"rotation":{"0.0":[0,0,0],"0.1667":{"pre":[0,0,0],"post":[0,0,0],"lerp_mode":"catmullrom"},"0.2917":{"post":[-20,0,0],"lerp_mode":"catmullrom"},"0.4167":{"post":[-5,0,0],"lerp_mode":"catmullrom"},"1.125":{"post":[-5,0,0],"lerp_mode":"catmullrom"},"1.75":[0,0,0]}},"neck2":{"rotation":{"0.1667":[0,0,0],"0.3333":{"pre":[-15,0,0],"post":[-15,0,0],"lerp_mode":"catmullrom"},"0.5":{"post":[0,0,0],"lerp_mode":"catmullrom"},"1.25":{"post":[10,0,0],"lerp_mode":"catmullrom"},"1.75":[0,0,0]}},"left_arm":{"rotation":{"0.0":[0,0,0],"0.0833":{"pre":[0,0,20],"post":[0,0,20],"lerp_mode":"catmullrom"},"0.2083":{"post":[0,0,20],"lerp_mode":"catmullrom"},"0.2917":{"post":[0,0,-40],"lerp_mode":"catmullrom"},"1.5":{"post":[0,0,-40],"lerp_mode":"catmullrom"},"1.75":[0,0,0]}},"right_arm":{"rotation":{"0.0":[0,0,0],"0.0833":{"pre":[0,0,-20],"post":[0,0,-20],"lerp_mode":"catmullrom"},"0.2083":{"post":[0,0,-20],"lerp_mode":"catmullrom"},"0.2917":{"post":[0,0,40],"lerp_mode":"catmullrom"},"1.5":{"post":[0,0,40],"lerp_mode":"catmullrom"},"1.75":[0,0,0]}}},"sound_effects":{"0.25":{"effect":"pokemon.kyurem.cry"}}},"animation.kyurem.air_idle":{"loop":true,"bones":{"neck":{"rotation":[22.5,0,0]},"torso":{"rotation":["2.5+1*math.sin(q.anim_time*90*2+90)*2",0,0]},"leg_left":{"rotation":["17.5-5*math.sin(q.anim_time*90*2+160)*1",0,"-7.5+3*math.sin(q.anim_time*90*2+160)*1"],"position":[0,-0.5,0]},"leg_left2":{"rotation":[15,0,7.5]},"tail":{"rotation":["10+3*math.sin(q.anim_time*90*2-20)*2",0,0]},"left_arm":{"rotation":["27.1-2*math.sin(q.anim_time*90*2+150)*1","6.6-6*math.sin(q.anim_time*90*2+90)*1","50.5-4*math.sin(q.anim_time*90*2+160)*1"]},"left_forearm":{"rotation":[28.8,"45.9+8*math.sin(q.anim_time*90*2+260)",37.4]},"left_hand":{"rotation":[0,0,12.5]},"neck2":{"rotation":["-2.5-5*math.sin(q.anim_time*90*2+120)",0,0]},"right_arm":{"rotation":["27.1-2*math.sin(q.anim_time*90*2+150)*1","-6.6+6*math.sin(q.anim_time*90*2+90)*1","-50.5+4*math.sin(q.anim_time*90*2+160)*1"]},"leg_right":{"rotation":["17.5-5*math.sin(q.anim_time*90*2+160)*1",0,"7.5-3*math.sin(q.anim_time*90*2+160)*1"],"position":[0,-0.5,0]},"leg_right2":{"rotation":[15,0,-7.5]},"right_forearm":{"rotation":[28.8,"-45.9-8*math.sin(q.anim_time*90*2+260)",-37.4]},"right_hand":{"rotation":[0,0,-12.5]},"head":{"rotation":["2.5-5*math.sin(q.anim_time*90*2+120)",0,0]},"body":{"position":[0,"21+5*math.sin(q.anim_time*90*1+160)",0]},"foot_left":{"rotation":["17.5-6*math.sin(q.anim_time*90*2+160)*1",0,0]},"foot_right":{"rotation":["17.5-6*math.sin(q.anim_time*90*2+160)*1",0,0]},"chest":{"rotation":["0-2*math.sin(q.anim_time*90*2+150)*1",0,0]},"foot_left2":{"rotation":[15,0,0]},"foot_right2":{"rotation":[15,0,0]}}},"animation.kyurem.sleep":{"loop":true,"bones":{"neck":{"rotation":[20,7.3,1.3]},"torso":{"rotation":["1*math.sin(q.anim_time*90*1+90)",0,0],"position":[0,"1*math.sin(q.anim_time*90*1-20)",0]},"leg_left":{"rotation":[0,0,-7.5],"position":[0,"-1.5+1*math.sin(q.anim_time*90*1-20)",0]},"leg_left2":{"rotation":[0,0,7.5],"position":[0,"0.9-0.5*math.sin(q.anim_time*90*1-20)*2","-0.6+0.3*math.sin(q.anim_time*90*0.1-20)"]},"tail":{"rotation":["10-5*math.sin(q.anim_time*90*1-20)","2-2*math.sin(q.anim_time*90*1-20)*3",0]},"left_arm":{"rotation":[22.6,13.8,50.1]},"left_forearm":{"rotation":[28.84452,45.97382,37.4519]},"left_hand":{"rotation":[0,0,12.5]},"neck2":{"rotation":[2.5,7.4,0.6]},"right_arm":{"rotation":[22.6,-13.8,-50.1]},"leg_right":{"rotation":[-7.50933,2.462,7.06561],"position":[0,"-1.25+1*math.sin(q.anim_time*90*1-20)",-1]},"leg_right2":{"rotation":[5.00518,4.91477,-4.83606],"position":[0,"-0.1-0.5*math.sin(q.anim_time*90*1-20)*2","0.6-0.3*math.sin(q.anim_time*90*0.01-20)"]},"right_forearm":{"rotation":[41.36219,-35.79744,-56.40206]},"right_hand":{"rotation":[0,0,-12.5]},"head":{"rotation":["15-5*math.sin(q.anim_time*90*1+120)",4.8,1.2]},"body":{"rotation":[0,-25,0]},"foot_right":{"rotation":[0,0,0]},"foot_right2":{"rotation":[2.5,0,0]},"chest":{"rotation":["2.5-2*math.sin(q.anim_time*90*1+150)",0,0]},"ice_arms":{"rotation":[-2.5,0,0]},"leg_right3":{"position":[0,0.5,0.75]},"eyelid_left":{"position":[0.375,0,-0.35]},"eyelid_right":{"position":[-0.2,0,-0.175]}}},"animation.kyurem.air_fly":{"loop":true,"bones":{"neck":{"rotation":[22.5,0,0]},"torso":{"rotation":["2.5+1*math.sin(q.anim_time*90*3+90)*2",0,0]},"leg_left":{"rotation":["17.5-5*math.sin(q.anim_time*90*3+160)*1",0,"-7.5+3*math.sin(q.anim_time*90*3+160)*1"],"position":[0,-0.5,0]},"leg_left2":{"rotation":[15,0,7.5]},"tail":{"rotation":["10+3*math.sin(q.anim_time*90*3-20)*2",0,0]},"left_arm":{"rotation":["27.1-2*math.sin(q.anim_time*90*3+150)*1","6.6-6*math.sin(q.anim_time*90*3+90)*1","20.5-4*math.sin(q.anim_time*90*3+160)*1"]},"left_forearm":{"rotation":[28.8,"45.9+8*math.sin(q.anim_time*90*3+260)",37.4]},"left_hand":{"rotation":[0,0,12.5]},"neck2":{"rotation":["-2.5-5*math.sin(q.anim_time*90*3+120)",0,0]},"right_arm":{"rotation":["27.1-2*math.sin(q.anim_time*90*3+150)*1","-6.6+6*math.sin(q.anim_time*90*3+90)*1","-20.5+4*math.sin(q.anim_time*90*3+160)*1"]},"leg_right":{"rotation":["17.5-5*math.sin(q.anim_time*90*3+160)*1",0,"7.5-3*math.sin(q.anim_time*90*3+160)*1"],"position":[0,-0.5,0]},"leg_right2":{"rotation":[15,0,-7.5]},"right_forearm":{"rotation":[28.8,"-45.9-8*math.sin(q.anim_time*90*3+260)",-37.4]},"right_hand":{"rotation":[0,0,-12.5]},"head":{"rotation":["2.5-5*math.sin(q.anim_time*90*3+120)",0,0]},"body":{"position":[0,"26+3*math.sin(q.anim_time*90*3+160)*2","2+2*math.sin(q.anim_time*90*2+160)"]},"foot_left":{"rotation":["17.5-6*math.sin(q.anim_time*90*3+160)*1",0,0]},"foot_right":{"rotation":["17.5-6*math.sin(q.anim_time*90*3+160)*1",0,0]},"chest":{"rotation":["0-2*math.sin(q.anim_time*90*3+150)*1",0,0]},"foot_left2":{"rotation":[15,0,0]},"foot_right2":{"rotation":[15,0,0]}}},"animation.kyurem.blink":{"animation_length":0.16667,"bones":{"eyelid_left":{"position":{"0.0":[0.375,0,-0.35],"0.125":[0.375,0,-0.35],"0.1667":[0,0,0]}},"eyelid_right":{"position":{"0.0":[-0.2,0,-0.175],"0.125":[-0.2,0,-0.175],"0.1667":[0,0,0]}}}}}}