{"format_version":"1.8.0","animations":{"animation.lumineon.blink":{"animation_length":0.20833,"bones":{"eyelid_left":{"position":{"0.0":[1,0,0],"0.1667":[1,0,0],"0.2083":[0,0,0]}},"eyelid_right":{"position":{"0.0":[-1,0,0],"0.1667":[-1,0,0],"0.2083":[0,0,0]}}}},"animation.lumineon.water_idle":{"loop":true,"bones":{"tail":{"rotation":[0,"2.5*math.sin(q.anim_time*90-90-45)",0]},"tail2":{"rotation":[0,"-5-2.5*math.sin(q.anim_time*90-90)",0]},"fish_turn":{"rotation":[0,"2.5*math.sin(q.anim_time*90-90)",0],"position":["0.2*math.sin(q.anim_time*90)",0,0]},"fin_left":{"rotation":[0,"2.5*math.sin(q.anim_time*90-90)",0],"position":["0.2*math.sin(q.anim_time*90)",0,0]},"fin_main_bottom_left":{"rotation":[0,"-5-2.5*math.sin(q.anim_time*90-90)",0]},"tail3":{"rotation":["math.sin(query.anim_time * 90) * 5",0,0]},"under_fin_right":{"rotation":["-5-2.5*math.sin(q.anim_time*90-90)","-5-2.5*math.sin(q.anim_time*90-90)",0]},"under_fin_left":{"rotation":["-5-2.5*math.sin(q.anim_time*90-90)","-5-2.5*math.sin(q.anim_time*90-90)",0]}}},"animation.lumineon.water_swim":{"loop":true,"bones":{"tail":{"rotation":[0,"2.5*math.sin(q.anim_time*90-90-45)",0]},"tail2":{"rotation":[0,"-5-2.5*math.sin(q.anim_time*90-90)",0]},"fish_turn":{"rotation":[0,"2.5*math.sin(q.anim_time*90-90)",0],"position":["0.2*math.sin(q.anim_time*90)",0,0]},"fin_left":{"rotation":[0,"5.5+math.cos(q.anim_time*90*10)*8",0],"position":["0.2*math.sin(q.anim_time*90)",0,0]},"fin_main_bottom_left":{"rotation":[0,"-5-2.5*math.sin(q.anim_time*90-90)",0]},"tail3":{"rotation":["math.sin(query.anim_time * 90) * 5",0,0]},"under_fin_right":{"rotation":["-5.5+math.cos(q.anim_time*90*10)*-8","-5-2.5*math.sin(q.anim_time*90-90)",0]},"under_fin_left":{"rotation":["5.5+math.cos(q.anim_time*90*10)*8","-5-2.5*math.sin(q.anim_time*90-90)",0]},"body":{"rotation":[0,"0+math.sin(q.anim_time*90*10)*3","0+math.cos(q.anim_time*90*8)*1"],"position":[0,"0+math.cos(q.anim_time*90*10)*0.1","0+math.sin(q.anim_time*90*10)*0.3"]},"fin_right":{"rotation":[0,"-5.5+math.cos(q.anim_time*90*10)*-8",0]}}},"animation.lumineon.ground_idle":{"loop":true,"bones":{"body":{"rotation":[0,"0-math.cos(q.anim_time*90*8)*10",-90],"position":[0,"-9+math.clamp(math.sin(q.anim_time*90*8)*3,0,3)-math.clamp(math.sin(q.anim_time*90*8+180)*1,0,1)",0]},"fin_right":{"rotation":[0,47.5,0]},"fin_left":{"rotation":[0,-42.5,0]},"fin_main_bottom_left":{"rotation":[0,10,0]},"tail2":{"rotation":[0,"0-math.cos(q.anim_time*90*8)*10",-90]},"under_fins":{"rotation":[80,0,0]}}},"animation.lumineon.ground_walk":{"loop":true,"bones":{"body":{"rotation":[0,"0-math.cos(q.anim_time*90*9)*10",-90],"position":[0,"-9+math.clamp(math.sin(q.anim_time*90*9)*4,0,4)-math.clamp(math.sin(q.anim_time*90*9+180)*1,0,1)","0+math.cos(q.anim_time*90*8)*0.5"]},"fin_right":{"rotation":[0,47.5,0]},"fin_left":{"rotation":[0,-42.5,0]},"fin_main_bottom_left":{"rotation":[0,10,0]},"tail2":{"rotation":[0,"0-math.cos(q.anim_time*90*8)*10",-90]},"under_fins":{"rotation":[80,0,0]}}},"animation.lumineon.cry":{"animation_length":1.5,"sound_effects":{"0.0417":{"effect":"pokemon.lumineon.cry"}},"bones":{"neck":{"rotation":{"0.0":[0,0,0],"0.25":[10,0,0],"1.25":[10,0,0],"1.5":[0,0,0]}},"jaw":{"rotation":{"0.0":{"post":[0,0,0],"lerp_mode":"catmullrom"},"0.25":{"post":[25,0,0],"lerp_mode":"catmullrom"},"1.25":{"post":[25,0,0],"lerp_mode":"catmullrom"},"1.5":[0,0,0]}},"body":{"rotation":{"0.0":{"post":[0,0,0],"lerp_mode":"catmullrom"},"0.25":{"post":[-2.5,0,0],"lerp_mode":"catmullrom"},"1.25":{"post":[-2.5,0,0],"lerp_mode":"catmullrom"},"1.5":[0,0,0]}},"mouth":{"scale":{"0.0":[1,1,1],"0.0833":[0,0,0],"1.1667":[0,0,0],"1.3333":[1,1,1]}},"mouth_open":{"rotation":[0,0,90],"position":[0,0,-1],"scale":{"0.0":[0,0,0],"0.0833":[1,1,1],"1.25":[1,1,1],"1.3333":[0,0,0]}}}},"animation.lumineon.cry3":{"animation_length":1.5,"bones":{"neck":{"rotation":{"0.0":[0,0,0],"0.25":[10,0,0],"1.25":[10,0,0],"1.5":[0,0,0]}},"jaw":{"rotation":{"0.0":{"post":[0,0,0],"lerp_mode":"catmullrom"},"0.25":{"post":[25,0,0],"lerp_mode":"catmullrom"},"1.25":{"post":[25,0,0],"lerp_mode":"catmullrom"},"1.5":[0,0,0]}},"body":{"rotation":{"0.0":{"post":[0,0,0],"lerp_mode":"catmullrom"},"0.25":{"post":[-2.5,0,0],"lerp_mode":"catmullrom"},"1.25":{"post":[-2.5,0,0],"lerp_mode":"catmullrom"},"1.5":[0,0,0]}},"mouth":{"scale":{"0.0417":[1,1,1],"0.3333":[1,1.4,1],"0.7083":[1,1.2,1],"1.2917":[1,1.6,1],"1.5":[1,1,1]}}},"sound_effects":{"0.0417":{"effect":"pokemon.lumineon.cry"}}},"animation.lumineon.paint":{"loop":true,"bones":{"fin_left":{"position":[24,9,0]},"fin_main_bottom_left":{"position":[0,-13,0]},"eye_right":{"position":[0,16,0]},"eye_left":{"position":[19,0,-3]},"eyelid_left":{"position":[0,9,0]},"tail2":{"position":[0,0,7]},"tail3":{"position":[0,0,7]},"under_fins":{"position":[0,-7,0]},"under_fin_left":{"position":[4,0,0]},"tail":{"position":[0,9,0]}}},"animation.lumineon.sleep":{"loop":true,"bones":{"tail":{"rotation":[0,"2.5*math.sin(q.anim_time*90-90-45)",0]},"tail2":{"rotation":[0,"-5-2.5*math.sin(q.anim_time*90-90)",0]},"fish_turn":{"rotation":[0,"2.5*math.sin(q.anim_time*90-90)",0],"position":["0.2*math.sin(q.anim_time*90)",0,0]},"fin_left":{"rotation":[0,"2.5*math.sin(q.anim_time*90-90)",0],"position":["0.2*math.sin(q.anim_time*90)",0,0]},"fin_main_bottom_left":{"rotation":[0,"-5-2.5*math.sin(q.anim_time*90-90)",0]},"tail3":{"rotation":["math.sin(query.anim_time * 90) * 5",0,0]},"under_fin_right":{"rotation":["-5-2.5*math.sin(q.anim_time*90-90)","-5-2.5*math.sin(q.anim_time*90-90)",0]},"under_fin_left":{"rotation":["-5-2.5*math.sin(q.anim_time*90-90)","-5-2.5*math.sin(q.anim_time*90-90)",0]},"eyelid_right":{"position":[-1,0,0]},"eyelid_left":{"position":[1,0,0]}}}}}