{"format_version":"1.8.0","animations":{"animation.lunala.ground_idle":{"loop":true,"bones":{"wing_left":{"rotation":[0,20,"math.sin(q.anim_time*90*1.5)*4"]},"wing_right":{"rotation":[0,-20,"-math.sin(q.anim_time*90*1.5)*4"]},"front_spike_r4":{"rotation":[0,"-9.5+(math.sin(q.anim_time*90*1.5-140)*5)",0]},"front_spike_r9":{"rotation":[0,"-10+(math.sin(q.anim_time*90*1.5-140)*5)",0]},"wing_right2":{"rotation":[0,"-15+(math.sin(q.anim_time*90*1.5-140)*5)",0]},"tail":{"rotation":["12.5+(math.sin(q.anim_time*90*1.5-140)*10)",0,0]},"undefined":{"rotation":[0,-12.5,0]},"front_spike_r7":{"rotation":[0,"9.5-(math.sin(q.anim_time*90*1.5-140)*5)",0]},"front_spike_r8":{"rotation":[0,"10-(math.sin(q.anim_time*90*1.5-140)*5)",0]},"wing_left2":{"rotation":[0,"15-(math.sin(q.anim_time*90*1.5-140)*5)",0]},"head":{"rotation":["12.5+5*math.sin(q.anim_time*90*1.5+120)*1.2",0,0]},"body":{"position":[0,"3+2.5*math.sin(q.anim_time*90*1.5-30)*1",0]},"torso":{"rotation":[-2.5,0,0]},"finger2":{"rotation":[0,0,"-7.5+2*math.sin(q.anim_time*90*1.5)*4"]},"bone3":{"rotation":[0,0,"-12.5+2*math.sin(q.anim_time*90*1.5)*4"]},"finger5":{"rotation":[0,0,"2.5+2*math.sin(q.anim_time*90*1.5)*4"]},"bone6":{"rotation":[0,0,"2.5+2*math.sin(q.anim_time*90*1.5)*4"]},"star_r5":{"rotation":[0,0,"-3.5-2*math.sin(q.anim_time*90*1.5)*5"]},"star_r2":{"rotation":[0,0,"-3.5-3*math.sin(q.anim_time*90*1.5)*5"]},"finger3":{"rotation":[0,0,"7.5-2*math.sin(q.anim_time*90*1.5)*4"]},"bone9":{"rotation":[0,0,"12.5-2*math.sin(q.anim_time*90*1.5)*4"]},"finger4":{"rotation":[0,0,"-2.5-3*math.sin(q.anim_time*90*1.5)*4"]},"bone12":{"rotation":[0,0,"-2.5-2*math.sin(q.anim_time*90*1.5)*4"]},"star_r3":{"rotation":[0,0,"3.5+2*math.sin(q.anim_time*90*1.5)*5"]},"star_r4":{"rotation":[0,0,"3.5+3*math.sin(q.anim_time*90*1.5)*4"]}}},"animation.lunala.cry":{"animation_length":2,"bones":{"torso":{"rotation":{"0.0":[0,0,0],"0.5":{"pre":[-10,0,0],"post":[-10,0,0],"lerp_mode":"catmullrom"},"0.85":{"post":[20,0,0],"lerp_mode":"catmullrom"},"1.35":{"post":[20,0,0],"lerp_mode":"catmullrom"},"2.0":{"post":[0,0,0],"lerp_mode":"catmullrom"}}},"tail":{"rotation":{"0.0":[0,0,0],"0.5":[-15,0,0],"0.9":["25+math.sin(q.anim_time*90*20-50)",0,0],"2.0":[0,0,0]}},"neck":{"rotation":{"0.0":[0,0,0],"0.5":[15,0,0],"0.8":[-10.83,0,0],"1.7":[-10.83,0,0],"1.95":[0,0,0]}},"head":{"rotation":{"0.0":[0,0,0],"0.5":[20,0,0],"0.8":[-20,0,0],"0.9":[-20,"math.sin(q.anim_time*90*20-50)","math.sin(q.anim_time*90*40-50)"],"2.0":[0,0,0]}},"mouth":{"position":{"0.0":[0,0,0],"0.5":[0,0.5,-0.15],"1.7":[0,0.5,-0.15],"2.0":[0,0,0]}},"open_mouth":{"position":{"0.0":[0,0,0],"0.85":[0,-1,-0.125],"1.7":[0,-1,-0.125],"2.0":[0,0,0]}},"eye_right":{"position":{"0.0":[1,0,0],"0.65":[1,0,0],"0.7":[0,0,0]}},"wing_right":{"rotation":{"0.0":[0,0,0],"0.5":[0,-22.5,0],"0.7":[2.18558,9.76061,"math.sin(q.anim_time*90*40-50)"],"2.0":[0,0,0]}},"bone3":{"rotation":{"0.0":[0,0,0],"0.5":[0,0,24.87],"0.8":[0,0,-20],"2.0":[0,0,0]}},"bone4":{"rotation":{"0.0":[0,0,0],"0.5":[0,0,22.5],"0.8":[0,0,-17.5],"2.0":[0,0,0]}},"bone6":{"rotation":{"0.0":[0,0,0],"0.5":[0,0,39.87],"0.8":[0,0,-20],"2.0":[0,0,0]}},"bone7":{"rotation":{"0.0":[0,0,0],"0.5":[0,0,27.5],"0.8":[0,0,-17.5],"2.0":[0,0,0]}},"front_spike_r4":{"rotation":{"0.0":[0,0,0],"0.5":[0,-17.5,0],"0.9":[0,1.88,0],"2.0":[0,0,0]}},"front_spike_r9":{"rotation":{"0.0":[0,0,0],"0.5":[0,-17.5,0],"0.9":[0,1.88,0],"2.0":[0,0,0]}},"back_spike_r4":{"rotation":{"0.0":[0,0,0],"0.5":[0,-2.5,0],"0.9":[0,10,0],"2.0":[0,0,0]}},"back_spike_r9":{"rotation":{"0.0":[0,0,0],"0.5":[0,-2.5,0],"0.9":[0,10,0],"2.0":[0,0,0]}},"wing_right2":{"rotation":{"0.0":[0,0,0],"0.5":{"pre":[0,-30,0],"post":[0,-30,0],"lerp_mode":"catmullrom"},"0.9":[0,20,0],"2.0":[0,0,0]}},"wing_left":{"rotation":{"0.0":[0,0,0],"0.5":[0,22.5,0],"0.7":[2.18558,-9.76061,"-(math.sin(q.anim_time*90*40-50))"],"2.0":[0,0,0]}},"bone9":{"rotation":{"0.0":[0,0,0],"0.5":[0,0,-24.87],"0.8":[0,0,20],"2.0":[0,0,0]}},"bone10":{"rotation":{"0.0":[0,0,0],"0.5":[0,0,-22.5],"0.8":[0,0,17.5],"2.0":[0,0,0]}},"bone12":{"rotation":{"0.0":[0,0,0],"0.5":[0,0,-39.87],"0.8":[0,0,20],"2.0":[0,0,0]}},"bone13":{"rotation":{"0.0":[0,0,0],"0.5":[0,0,-27.5],"0.8":[0,0,17.5],"2.0":[0,0,0]}},"front_spike_r7":{"rotation":{"0.0":[0,0,0],"0.5":[0,17.5,0],"0.9":[0,-1.88,0],"2.0":[0,0,0]}},"front_spike_r8":{"rotation":{"0.0":[0,0,0],"0.5":[0,17.5,0],"0.9":[0,-1.88,0],"2.0":[0,0,0]}},"back_spike_r7":{"rotation":{"0.0":[0,0,0],"0.5":[0,2.5,0],"0.9":[0,-10,0],"2.0":[0,0,0]}},"back_spike_r8":{"rotation":{"0.0":[0,0,0],"0.5":[0,2.5,0],"0.9":[0,-10,0],"2.0":[0,0,0]}},"wing_left2":{"rotation":{"0.0":[0,0,0],"0.5":{"pre":[0,30,0],"post":[0,30,0],"lerp_mode":"catmullrom"},"0.9":[0,-20,0],"2.0":[0,0,0]}},"sleeping_eye_right":{"position":{"0.0":[-1,0,0],"0.65":[-1,0,0],"0.7":[0,0,0]}},"eye_left":{"position":{"0.0":[-1,0,0],"0.65":[-1,0,0],"0.7":[0,0,0]}},"sleeping_eye_left":{"position":{"0.0":[1,0,0],"0.65":[1,0,0],"0.7":[0,0,0]}},"lip":{"position":{"0.0":[0,0,0],"0.85":[0,-0.25,0]}},"arm_right":{"rotation":{"0.0":[0,0,0],"0.5":{"pre":[0,-37.5,0],"post":[0,-37.5,0],"lerp_mode":"catmullrom"},"0.7":[0,12.71,0],"2.0":[0,0,0]}},"arm_left":{"rotation":{"0.0":[0,0,0],"0.5":{"pre":[0,37.5,0],"post":[0,37.5,0],"lerp_mode":"catmullrom"},"0.7":[0,-12.71,0],"2.0":[0,0,0]}}}},"animation.lunala.ground_walk":{"loop":true,"bones":{"wing_left":{"rotation":[0,20,"math.sin(q.anim_time*90*2)*4"]},"wing_right":{"rotation":[0,-20,"-math.sin(q.anim_time*90*2)*4"]},"front_spike_r4":{"rotation":[0,"-9.5+(math.sin(q.anim_time*90*1.5-140)*5)",0]},"front_spike_r9":{"rotation":[0,"-10+(math.sin(q.anim_time*90*1.5-140)*5)",0]},"wing_right2":{"rotation":[0,"-15+(math.sin(q.anim_time*90*2-140)*5)",0]},"tail":{"rotation":["22.5+(math.sin(q.anim_time*90*2-140)*10)",0,0]},"undefined":{"rotation":[0,-12.5,0]},"front_spike_r7":{"rotation":[0,"9.5-(math.sin(q.anim_time*90*1.5-140)*5)",0]},"front_spike_r8":{"rotation":[0,"10-(math.sin(q.anim_time*90*1.5-140)*5)",0]},"wing_left2":{"rotation":[0,"15-(math.sin(q.anim_time*90*2-140)*5)",0]},"head":{"rotation":["5+5*math.sin(q.anim_time*90*2+120)*1.2",0,0]},"body":{"position":[0,"3+2.5*math.sin(q.anim_time*90*2-30)*1",0]},"torso":{"rotation":[17.5,0,0]},"finger2":{"rotation":[0,0,"-7.5+2*math.sin(q.anim_time*90*1.5)*4"]},"bone3":{"rotation":[0,0,"-12.5+2*math.sin(q.anim_time*90*1.5)*4"]},"finger5":{"rotation":[0,0,"2.5+2*math.sin(q.anim_time*90*1.5)*4"]},"bone6":{"rotation":[0,0,"2.5+2*math.sin(q.anim_time*90*1.5)*4"]},"star_r5":{"rotation":[0,0,"-3.5-2*math.sin(q.anim_time*90*2)*5"]},"star_r2":{"rotation":[0,0,"-3.5-3*math.sin(q.anim_time*90*2)*5"]},"finger3":{"rotation":[0,0,"7.5-2*math.sin(q.anim_time*90*1.5)*4"]},"bone9":{"rotation":[0,0,"12.5-2*math.sin(q.anim_time*90*1.5)*4"]},"finger4":{"rotation":[0,0,"-2.5-3*math.sin(q.anim_time*90*1.5)*4"]},"bone12":{"rotation":[0,0,"-2.5-2*math.sin(q.anim_time*90*1.5)*4"]},"star_r3":{"rotation":[0,0,"3.5+2*math.sin(q.anim_time*90*2)*5"]},"star_r4":{"rotation":[0,0,"3.5+2*math.sin(q.anim_time*90*2)*5"]},"neck":{"rotation":[-7.5,0,0]},"arm_right":{"rotation":[0,27.5,0]},"arm_left":{"rotation":[0,-27.5,0]}}},"animation.lunala.air_fly":{"loop":true,"bones":{"body":{"rotation":[55,0,0],"position":[0,"25+1.5*math.sin(q.anim_time*90*3+160)*-5",0]},"tail":{"rotation":["15-Math.cos((query.anim_time) * 90 * 3- 60) * 25",0,0]},"neck":{"rotation":[-7.5,0,0]},"head":{"rotation":["-17.5+math.sin(q.anim_time*90*3+120)*8",0,0]},"wing_right":{"rotation":[0,"(math.sin(q.anim_time*90*3-140)*30)",0]},"front_spike_r4":{"rotation":[0,-10,0]},"front_spike_r9":{"rotation":[0,-12.5,0]},"star_r5":{"rotation":[0,0,"-3.5-2*math.sin(q.anim_time*90*3)*8"]},"wing_right2":{"rotation":[0,"2.5095+(math.sin(q.anim_time*90*3-140)*35)",0]},"star_r2":{"rotation":[0,0,"-3.5-2*math.sin(q.anim_time*90*3)*8"]},"wing_left":{"rotation":[0,"-(math.sin(q.anim_time*90*3-140)*30)",0]},"front_spike_r7":{"rotation":[0,10,0]},"front_spike_r8":{"rotation":[0,12.5,0]},"star_r3":{"rotation":[0,0,"-3.5-2*math.sin(q.anim_time*90*3)*8"]},"wing_left2":{"rotation":[0,"-2.5095-(math.sin(q.anim_time*90*3-140)*35)",0]},"star_r4":{"rotation":[0,0,"-3.5-2*math.sin(q.anim_time*90*3)*8"]},"arm_right":{"rotation":[0,"-math.sin(q.anim_time*90*3-70)*-31",0]},"arm_left":{"rotation":[0,"math.sin(q.anim_time*90*3-70)*-31",0]}}},"animation.lunala.air_idle":{"loop":true,"bones":{"body":{"rotation":[22.5,0,0],"position":[0,"25+1.5*math.sin(q.anim_time*90*1.2+160)*-5",0]},"tail":{"rotation":["15-Math.cos((query.anim_time) * 90 * 1.2- 60) * 25",0,0]},"head":{"rotation":["-17.5+math.sin(q.anim_time*90*1.3+120)*5",0,0]},"wing_right":{"rotation":[0,"(math.sin(q.anim_time*90*1.2-140)*25)",0]},"front_spike_r4":{"rotation":[0,-10,0]},"front_spike_r9":{"rotation":[0,-12.5,0]},"wing_right2":{"rotation":[0,"2.5095+(math.sin(q.anim_time*90*1.2-140)*30)",0]},"wing_left":{"rotation":[0,"-(math.sin(q.anim_time*90*1.2-140)*25)",0]},"front_spike_r7":{"rotation":[0,10,0]},"front_spike_r8":{"rotation":[0,12.5,0]},"wing_left2":{"rotation":[0,"-2.5095-(math.sin(q.anim_time*90*1.2-140)*30)",0]},"arm_right":{"rotation":[0,"-math.sin(q.anim_time*90*1.2-70)*-41",0]},"arm_left":{"rotation":[0,"math.sin(q.anim_time*90*1.2-70)*-41",0]},"star_r5":{"rotation":[0,0,"-3.5-2*math.sin(q.anim_time*90*1.5)*8"]},"star_r2":{"rotation":[0,0,"-3.5-2*math.sin(q.anim_time*90*1.5)*8"]},"star_r3":{"rotation":[0,0,"-3.5-2*math.sin(q.anim_time*90*1.5)*8"]},"star_r4":{"rotation":[0,0,"-3.5-2*math.sin(q.anim_time*90*1.5)*8"]}}},"animation.lunala.blink":{"animation_length":0.2083,"bones":{"sleeping_eye_right":{"position":{"0.0":[-1,0,0],"0.15":[0,0,0]}},"sleeping_eye_left":{"position":{"0.0":[1,0,0],"0.15":[0,0,0]}},"eye_right":{"position":{"0.0":[1,0,0],"0.15":[0,0,0]}},"eye_left":{"position":{"0.0":[-1,0,0],"0.15":[0,0,0]}}}},"animation.lunala.sleep":{"loop":true,"bones":{"wing_left":{"rotation":[0,20,"math.sin(q.anim_time*90*0.5)*4"]},"wing_right":{"rotation":[0,-20,"-math.sin(q.anim_time*90*0.5)*4"]},"front_spike_r4":{"rotation":[0,"-9.5+(math.sin(q.anim_time*90*0.5-140)*5)",0]},"front_spike_r9":{"rotation":[0,"-10+(math.sin(q.anim_time*90*0.5-140)*5)",0]},"wing_right2":{"rotation":[0,"-15+(math.sin(q.anim_time*90*0.5-140)*5)",0]},"tail":{"rotation":["(math.sin(q.anim_time*90*0.5-140)*10)",0,0]},"undefined":{"rotation":[0,-12.5,0]},"front_spike_r7":{"rotation":[0,"9.5-(math.sin(q.anim_time*90*0.5-140)*5)",0]},"front_spike_r8":{"rotation":[0,"10-(math.sin(q.anim_time*90*0.5-140)*5)",0]},"wing_left2":{"rotation":[0,"15-(math.sin(q.anim_time*90*0.5-140)*5)",0]},"head":{"rotation":["7.5+2*math.sin(q.anim_time*90*1+120)*1.2",0,0]},"body":{"position":[0,"3+2.5*math.sin(q.anim_time*90*0.5-30)*1",0]},"torso":{"rotation":[5,0,0]},"finger2":{"rotation":[0,0,"27.5+2*math.sin(q.anim_time*90*0.5)*4"]},"bone3":{"rotation":[0,0,"5+2*math.sin(q.anim_time*90*0.5)*4"]},"finger5":{"rotation":[0,0,"20+2*math.sin(q.anim_time*90*0.5)*4"]},"bone6":{"rotation":[0,0,"20+2*math.sin(q.anim_time*90*0.5)*4"]},"star_r5":{"rotation":[0,0,"-3.5-2*math.sin(q.anim_time*90*0.5)*5"]},"star_r2":{"rotation":[0,0,"-3.5-3*math.sin(q.anim_time*90*0.5)*5"]},"finger3":{"rotation":[0,0,"-27.5+2*math.sin(q.anim_time*90*0.5)*4"]},"bone9":{"rotation":[0,0,"-5+2*math.sin(q.anim_time*90*0.5)*4"]},"finger4":{"rotation":[0,0,"-20+2*math.sin(q.anim_time*90*0.5)*4"]},"bone12":{"rotation":[0,0,"-20+2*math.sin(q.anim_time*90*0.5)*4"]},"star_r3":{"rotation":[0,0,"3.5+2*math.sin(q.anim_time*90*0.5)*5"]},"star_r4":{"rotation":[0,0,"3.5+3*math.sin(q.anim_time*90*0.5)*4"]},"neck":{"rotation":[15,0,0]},"sleeping_eye_right":{"position":[-1,0,0]},"sleeping_eye_left":{"position":[1,0,0]},"eye_right":{"position":[1,0,0]},"eye_left":{"position":[-1,0,0]}}},"animation.lunala.battle_idle":{"loop":true,"bones":{"wing_left":{"rotation":[0,20,"-15+math.sin(q.anim_time*90*1.5)*6"]},"wing_right":{"rotation":[0,-20,"15-math.sin(q.anim_time*90*1.5)*6"]},"front_spike_r4":{"rotation":[0,"-9.5+(math.sin(q.anim_time*90*1.5-140)*5)",0]},"front_spike_r9":{"rotation":[0,"-10+(math.sin(q.anim_time*90*1.5-140)*5)",0]},"wing_right2":{"rotation":[0,"-15+(math.sin(q.anim_time*90*1.5-140)*5)",0]},"tail":{"rotation":["(math.sin(q.anim_time*90*1.5-140)*10)*2",0,0]},"undefined":{"rotation":[0,-12.5,0]},"front_spike_r7":{"rotation":[0,"9.5-(math.sin(q.anim_time*90*1.5-140)*5)",0]},"front_spike_r8":{"rotation":[0,"10-(math.sin(q.anim_time*90*1.5-140)*5)",0]},"wing_left2":{"rotation":[0,"15-(math.sin(q.anim_time*90*1.5-140)*5)",0]},"head":{"rotation":["12.5+5*math.sin(q.anim_time*90*1.5+120)*1.2",0,0]},"body":{"position":[0,"5+2.5*math.sin(q.anim_time*90*1.5-30)*3",0]},"torso":{"rotation":[-2.5,0,0]},"finger2":{"rotation":[0,0,"-7.5+2*math.sin(q.anim_time*90*1.5)*4"]},"bone3":{"rotation":[0,0,"-12.5+2*math.sin(q.anim_time*90*1.5)*4"]},"finger5":{"rotation":[0,0,"2.5+2*math.sin(q.anim_time*90*1.5)*4"]},"bone6":{"rotation":[0,0,"2.5+2*math.sin(q.anim_time*90*1.5)*4"]},"star_r5":{"rotation":[0,0,"-3.5-2*math.sin(q.anim_time*90*1.5)*8"]},"star_r2":{"rotation":[0,0,"-3.5-3*math.sin(q.anim_time*90*1.5)*8"]},"finger3":{"rotation":[0,0,"7.5-2*math.sin(q.anim_time*90*1.5)*4"]},"bone9":{"rotation":[0,0,"12.5-2*math.sin(q.anim_time*90*1.5)*4"]},"finger4":{"rotation":[0,0,"-2.5-3*math.sin(q.anim_time*90*1.5)*4"]},"bone12":{"rotation":[0,0,"-2.5-2*math.sin(q.anim_time*90*1.5)*4"]},"star_r3":{"rotation":[0,0,"3.5+2*math.sin(q.anim_time*90*1.5)*8"]},"star_r4":{"rotation":[0,0,"3.5+3*math.sin(q.anim_time*90*1.5)*8"]}}},"animation.lunala.physical":{"animation_length":2,"bones":{"wing_left":{"rotation":{"0.0":[0,20,-15],"0.7":{"pre":[0,0,0],"post":[0,0,0],"lerp_mode":"catmullrom"},"0.95":{"post":[0,15,-15],"lerp_mode":"catmullrom"},"2.0":{"post":[0,20,-15],"lerp_mode":"catmullrom"}}},"wing_right":{"rotation":{"0.0":[0,-20,15],"0.7":{"pre":[0,0,0],"post":[0,0,0],"lerp_mode":"catmullrom"},"0.95":{"post":[0,-15,15],"lerp_mode":"catmullrom"},"2.0":{"post":[0,-20,15],"lerp_mode":"catmullrom"}}},"front_spike_r4":{"rotation":{"0.0":[0,-9.5,0],"0.7":{"pre":[0,-35.8,0],"post":[0,-35.8,0],"lerp_mode":"catmullrom"},"0.85":[0,-10.8,0],"0.95":[0,4.2,0],"2.0":[0,-9.5,0]}},"front_spike_r9":{"rotation":{"0.0":[0,-12.5,0],"0.7":{"pre":[0,-33.3,0],"post":[0,-33.3,0],"lerp_mode":"catmullrom"},"0.85":[0,-8.3,0],"0.95":[0,4.2,0],"2.0":[0,-12.5,0]}},"wing_right2":{"rotation":{"0.0":[0,-18.3,0],"0.7":{"pre":[0,14.2,0],"post":[0,14.2,0],"lerp_mode":"catmullrom"},"0.95":{"post":[0,-26.7,0],"lerp_mode":"catmullrom"},"1.65":{"post":[0,-29.2,0],"lerp_mode":"catmullrom"},"2.0":{"post":[0,-18.3,0],"lerp_mode":"catmullrom"}}},"tail":{"rotation":{"0.0":[-12.85,0,0],"0.7":{"pre":[32.18,0,0],"post":[32.18,0,0],"lerp_mode":"catmullrom"},"1.0":[22.5,0,0],"2.0":{"pre":[-12.85,0,0],"post":[-12.85,0,0],"lerp_mode":"catmullrom"}}},"undefined":{"rotation":[0,-12.5,0]},"front_spike_r7":{"rotation":{"0.0":[0,9.5,0],"0.7":{"pre":[0,35.8,0],"post":[0,35.8,0],"lerp_mode":"catmullrom"},"0.85":[0,10.8,0],"0.95":[0,-4.2,0],"2.0":[0,9.5,0]}},"front_spike_r8":{"rotation":{"0.0":[0,12.5,0],"0.7":{"pre":[0,33.3,0],"post":[0,33.3,0],"lerp_mode":"catmullrom"},"0.85":[0,8.3,0],"0.95":[0,-4.2,0],"2.0":[0,12.5,0]}},"wing_left2":{"rotation":{"0.0":[0,18.3,0],"0.7":{"pre":[0,-14.2,0],"post":[0,-14.2,0],"lerp_mode":"catmullrom"},"0.95":{"post":[0,26.7,0],"lerp_mode":"catmullrom"},"1.65":{"post":[0,29.2,0],"lerp_mode":"catmullrom"},"2.0":{"post":[0,18.3,0],"lerp_mode":"catmullrom"}}},"head":{"rotation":{"0.0":[17.65,0,0],"0.7":{"pre":[-20,0,0],"post":[-20,0,0],"lerp_mode":"catmullrom"},"1.15":{"post":[4.33,0,0],"lerp_mode":"catmullrom"},"2.0":[17.65,0,0]}},"body":{"position":{"0.0":[0,-0.25,0],"0.7":{"pre":[0,12.75,29],"post":[0,12.75,29],"lerp_mode":"catmullrom"},"0.85":[0,-0.25,-27],"1.1":[0,5.99,-27.6],"1.4":{"pre":[0,5.99,-20],"post":[0,5.99,-20],"lerp_mode":"catmullrom"},"2.0":[0,-0.25,0]}},"torso":{"rotation":{"0.0":[-2.5,0,0],"0.7":{"pre":[65,0,0],"post":[65,0,0],"lerp_mode":"catmullrom"},"0.85":[85,0,0],"1.1":{"pre":[47.48,0,0],"post":[47.48,0,0],"lerp_mode":"catmullrom"},"1.35":{"post":[-1.6,0,0],"lerp_mode":"catmullrom"},"2.0":{"post":[-2.5,0,0],"lerp_mode":"catmullrom"}},"position":[0,1.5,0]},"finger2":{"rotation":[0,0,-7.5]},"bone3":{"rotation":[0,0,-12.5]},"finger5":{"rotation":[0,0,2.5]},"bone6":{"rotation":[0,0,2.5]},"star_r5":{"rotation":{"0.0":[0,0,-3.5],"0.25":[0,0,-38.28],"0.5":[0,0,6.72],"0.7":[0,0,-20.78],"0.85":[-25,0,-20.78],"0.95":[-10,0,-20.78],"1.1":[-35,0,-20.78],"1.15":[-5,0,-20.78],"1.25":[-27.5,0,-20.78],"1.35":[0.39474,0,-18.96105],"2.0":[0,0,-3.5]}},"star_r2":{"rotation":{"0.0":[0,0,-3.5],"0.25":[0,0,-38.28],"0.5":[0,0,6.72],"0.7":[0,0,-20.78],"0.85":[-25,0,-20.78],"0.95":[-10,0,-20.78],"1.1":[-35,0,-20.78],"1.15":[-5,0,-20.78],"1.25":[-27.5,0,-20.78],"1.35":[0.39474,0,-18.96105],"2.0":[0,0,-3.5]}},"finger3":{"rotation":[0,0,7.5]},"bone9":{"rotation":[0,0,12.5]},"finger4":{"rotation":[0,0,-2.5]},"bone12":{"rotation":[0,0,-2.5]},"star_r3":{"rotation":{"0.0":[0,0,3.5],"0.25":[0,0,38.28],"0.5":[0,0,-6.72],"0.7":[0,0,20.78],"0.85":[-25,0,20.78],"0.95":[-10,0,20.78],"1.1":[-35,0,20.78],"1.15":[-5,0,20.78],"1.25":[-27.5,0,20.78],"1.35":[0.39474,0,18.96105],"2.0":[0,0,3.5]}},"star_r4":{"rotation":{"0.0":[0,0,3.5],"0.25":[0,0,38.28],"0.5":[0,0,-6.72],"0.7":[0,0,20.78],"0.85":[-25,0,20.78],"0.95":[-10,0,20.78],"1.1":[-35,0,20.78],"1.15":[-5,0,20.78],"1.25":[-27.5,0,20.78],"1.35":[0.39474,0,18.96105],"2.0":[0,0,3.5]}},"neck":{"rotation":{"0.0":[0,0,0],"0.7":{"pre":[-15,0,0],"post":[-15,0,0],"lerp_mode":"catmullrom"},"0.85":[-15,0,0],"2.0":[0,0,0]}},"arm_right":{"rotation":{"0.0":[0,0,0],"0.7":{"pre":[35,22.5,0],"post":[35,22.5,0],"lerp_mode":"catmullrom"},"0.95":{"post":[0.12194,-17.5155,-0.21352],"lerp_mode":"catmullrom"},"1.1":{"post":[-16.50837,-17.97578,-0.20639],"lerp_mode":"catmullrom"},"1.5":{"post":[-15.3,-15.59,-0.18],"lerp_mode":"catmullrom"},"2.0":{"post":[0,0,0],"lerp_mode":"catmullrom"}}},"back_spike_r4":{"rotation":{"0.0":[0,0,0],"0.7":{"pre":[0,-5,0],"post":[0,-5,0],"lerp_mode":"catmullrom"},"0.85":[0,-5,0],"0.95":[0,10,0],"2.0":[0,0,0]}},"back_spike_r9":{"rotation":{"0.0":[0,0,0],"0.7":{"pre":[0,-5,0],"post":[0,-5,0],"lerp_mode":"catmullrom"},"0.85":[0,-5,0],"0.95":[0,10,0],"2.0":[0,0,0]}},"arm_left":{"rotation":{"0.0":[0,0,0],"0.7":{"pre":[35,-22.5,0],"post":[35,-22.5,0],"lerp_mode":"catmullrom"},"0.95":{"post":[0.12194,17.5155,0.21352],"lerp_mode":"catmullrom"},"1.1":{"post":[-16.50837,17.97578,0.20639],"lerp_mode":"catmullrom"},"1.5":{"post":[-15.3,15.59,0.18],"lerp_mode":"catmullrom"},"2.0":{"post":[0,0,0],"lerp_mode":"catmullrom"}}},"back_spike_r7":{"rotation":{"0.0":[0,0,0],"0.7":{"pre":[0,5,0],"post":[0,5,0],"lerp_mode":"catmullrom"},"0.85":[0,5,0],"0.95":[0,-10,0],"2.0":[0,0,0]}},"back_spike_r8":{"rotation":{"0.0":[0,0,0],"0.7":{"pre":[0,5,0],"post":[0,5,0],"lerp_mode":"catmullrom"},"0.85":[0,5,0],"0.95":[0,-10,0],"2.0":[0,0,0]}},"mouth":{"position":{"0.0":[0,0,0],"0.65":[0,0.5,-0.15]}},"lip":{"position":{"0.0":[0,0,0],"0.65":[0,-0.25,0]}},"open_mouth":{"position":{"0.0":[0,0,0],"0.65":[0,-1,-0.125]}}}},"animation.lunala.special":{"animation_length":2,"bones":{"wing_left":{"rotation":{"0.0":[0,20,-15],"0.7":{"pre":[0,40,0],"post":[0,40,0],"lerp_mode":"catmullrom"},"0.85":[0,20,-15],"0.95":[0,-15,-15],"2.0":{"pre":[0,20,-15],"post":[0,20,-15],"lerp_mode":"catmullrom"}}},"wing_right":{"rotation":{"0.0":[0,-20,15],"0.7":{"pre":[0,-40,0],"post":[0,-40,0],"lerp_mode":"catmullrom"},"0.85":[0,-20,15],"0.95":[0,15,15],"2.0":{"pre":[0,-20,15],"post":[0,-20,15],"lerp_mode":"catmullrom"}}},"front_spike_r4":{"rotation":{"0.0":[0,-9.5,0],"0.7":{"pre":[0,-35.8,0],"post":[0,-35.8,0],"lerp_mode":"catmullrom"},"0.85":[0,-10.8,0],"0.95":[0,4.2,0],"2.0":[0,-9.5,0]}},"front_spike_r9":{"rotation":{"0.0":[0,-12.5,0],"0.7":{"pre":[0,-33.3,0],"post":[0,-33.3,0],"lerp_mode":"catmullrom"},"0.85":[0,-8.3,0],"0.95":[0,4.2,0],"2.0":[0,-12.5,0]}},"wing_right2":{"rotation":{"0.0":[0,-18.3,0],"0.7":{"pre":[0,-53.3,0],"post":[0,-53.3,0],"lerp_mode":"catmullrom"},"0.85":[0,-18.3,0],"0.95":[0,16.7,0],"2.0":{"pre":[0,-18.3,0],"post":[0,-18.3,0],"lerp_mode":"catmullrom"}}},"tail":{"rotation":{"0.0":[-12.85,0,0],"0.7":{"pre":[-32.18,0,0],"post":[-32.18,0,0],"lerp_mode":"catmullrom"},"1.0":[22.5,0,0],"1.65":{"pre":[26.16,0,0],"post":[26.16,0,0],"lerp_mode":"catmullrom"},"2.0":{"post":[-12.85,0,0],"lerp_mode":"catmullrom"}}},"undefined":{"rotation":[0,-12.5,0]},"front_spike_r7":{"rotation":{"0.0":[0,9.5,0],"0.7":{"pre":[0,35.8,0],"post":[0,35.8,0],"lerp_mode":"catmullrom"},"0.85":[0,10.8,0],"0.95":[0,-4.2,0],"2.0":[0,9.5,0]}},"front_spike_r8":{"rotation":{"0.0":[0,12.5,0],"0.7":{"pre":[0,33.3,0],"post":[0,33.3,0],"lerp_mode":"catmullrom"},"0.85":[0,8.3,0],"0.95":[0,-4.2,0],"2.0":[0,12.5,0]}},"wing_left2":{"rotation":{"0.0":[0,18.3,0],"0.7":{"pre":[0,53.3,0],"post":[0,53.3,0],"lerp_mode":"catmullrom"},"0.85":[0,18.3,0],"0.95":[0,-16.7,0],"2.0":{"pre":[0,18.3,0],"post":[0,18.3,0],"lerp_mode":"catmullrom"}}},"head":{"rotation":{"0.0":[17.65,0,0],"0.7":{"pre":[20,0,0],"post":[20,0,0],"lerp_mode":"catmullrom"},"0.85":[0,0,0],"2.0":[17.65,0,0]}},"body":{"position":{"0.0":[0,-0.25,0],"0.7":{"pre":[0,12.75,9],"post":[0,12.75,9],"lerp_mode":"catmullrom"},"0.85":[0,-0.25,-15],"1.4":{"pre":[0,-0.25,-20],"post":[0,-0.25,-20],"lerp_mode":"catmullrom"},"2.0":[0,-0.25,0]}},"torso":{"rotation":{"0.0":[-2.5,0,0],"0.7":{"pre":[-10,0,0],"post":[-10,0,0],"lerp_mode":"catmullrom"},"0.85":[15,0,0],"2.0":{"pre":[-2.5,0,0],"post":[-2.5,0,0],"lerp_mode":"catmullrom"}},"position":[0,1.5,0]},"finger2":{"rotation":[0,0,-7.5]},"bone3":{"rotation":[0,0,-12.5]},"finger5":{"rotation":[0,0,2.5]},"bone6":{"rotation":[0,0,2.5]},"star_r5":{"rotation":{"0.0":[0,0,-3.5],"0.25":[0,0,-38.28],"0.5":[0,0,6.72],"0.7":[0,0,-20.78],"0.85":[-25,0,-20.78],"0.95":[-10,0,-20.78],"1.1":[-35,0,-20.78],"1.15":[-5,0,-20.78],"1.25":[-27.5,0,-20.78],"1.35":[0.39474,0,-18.96105],"2.0":[0,0,-3.5]}},"star_r2":{"rotation":{"0.0":[0,0,-3.5],"0.25":[0,0,-38.28],"0.5":[0,0,6.72],"0.7":[0,0,-20.78],"0.85":[-25,0,-20.78],"0.95":[-10,0,-20.78],"1.1":[-35,0,-20.78],"1.15":[-5,0,-20.78],"1.25":[-27.5,0,-20.78],"1.35":[0.39474,0,-18.96105],"2.0":[0,0,-3.5]}},"finger3":{"rotation":[0,0,7.5]},"bone9":{"rotation":[0,0,12.5]},"finger4":{"rotation":[0,0,-2.5]},"bone12":{"rotation":[0,0,-2.5]},"star_r3":{"rotation":{"0.0":[0,0,3.5],"0.25":[0,0,38.28],"0.5":[0,0,-6.72],"0.7":[0,0,20.78],"0.85":[-25,0,20.78],"0.95":[-10,0,20.78],"1.1":[-35,0,20.78],"1.15":[-5,0,20.78],"1.25":[-27.5,0,20.78],"1.35":[0.39474,0,18.96105],"2.0":[0,0,3.5]}},"star_r4":{"rotation":{"0.0":[0,0,3.5],"0.25":[0,0,38.28],"0.5":[0,0,-6.72],"0.7":[0,0,20.78],"0.85":[-25,0,20.78],"0.95":[-10,0,20.78],"1.1":[-35,0,20.78],"1.15":[-5,0,20.78],"1.25":[-27.5,0,20.78],"1.35":[0.39474,0,18.96105],"2.0":[0,0,3.5]}},"neck":{"rotation":{"0.0":[0,0,0],"0.7":{"pre":[15,0,0],"post":[15,0,0],"lerp_mode":"catmullrom"},"0.85":[-10.83,0,0],"2.0":[0,0,0]}},"sleeping_eye_right":{"position":{"0.0":[0,0,0],"0.05":[-1,0,0],"0.7":[-1,0,0],"0.85":[0,0,0]}},"sleeping_eye_left":{"position":{"0.0":[0,0,0],"0.05":[1,0,0],"0.7":[1,0,0],"0.85":[0,0,0]}},"mouth":{"position":{"0.0":[0,0,0],"0.85":[0,0.5,-0.15]}},"lip":{"position":{"0.0":[0,0,0],"0.85":[0,-0.25,0]}},"open_mouth":{"position":{"0.0":[0,0,0],"0.85":[0,-1,-0.125]}},"eye_right":{"position":{"0.0":[0,0,0],"0.05":[1,0,0],"0.7":[1,0,0],"0.85":[0,0,0]}},"eye_left":{"position":{"0.0":[0,0,0],"0.05":[-1,0,0],"0.7":[-1,0,0],"0.85":[0,0,0]}},"arm_right":{"rotation":{"0.0":[0,0,0],"0.7":{"pre":[0,-30,0],"post":[0,-30,0],"lerp_mode":"catmullrom"},"0.85":[0,0,0],"0.95":[0.12194,17.51549,-0.21352],"2.0":{"pre":[0,0,0],"post":[0,0,0],"lerp_mode":"catmullrom"}}},"back_spike_r4":{"rotation":{"0.0":[0,0,0],"0.7":{"pre":[0,-5,0],"post":[0,-5,0],"lerp_mode":"catmullrom"},"0.85":[0,-5,0],"0.95":[0,10,0],"2.0":[0,0,0]}},"back_spike_r9":{"rotation":{"0.0":[0,0,0],"0.7":{"pre":[0,-5,0],"post":[0,-5,0],"lerp_mode":"catmullrom"},"0.85":[0,-5,0],"0.95":[0,10,0],"2.0":[0,0,0]}},"arm_left":{"rotation":{"0.0":[0,0,0],"0.7":{"pre":[0,30,0],"post":[0,30,0],"lerp_mode":"catmullrom"},"0.85":[0,0,0],"0.95":[0.12194,-17.51549,0.21352],"2.0":{"pre":[0,0,0],"post":[0,0,0],"lerp_mode":"catmullrom"}}},"back_spike_r7":{"rotation":{"0.0":[0,0,0],"0.7":{"pre":[0,5,0],"post":[0,5,0],"lerp_mode":"catmullrom"},"0.85":[0,5,0],"0.95":[0,-10,0],"2.0":[0,0,0]}},"back_spike_r8":{"rotation":{"0.0":[0,0,0],"0.7":{"pre":[0,5,0],"post":[0,5,0],"lerp_mode":"catmullrom"},"0.85":[0,5,0],"0.95":[0,-10,0],"2.0":[0,0,0]}}}},"animation.lunala.recoil":{"animation_length":1.5,"bones":{"chest":{"rotation":{"0.0":[0,0,0],"0.15":{"pre":[-13,1,0],"post":[-13,1,0],"lerp_mode":"catmullrom"},"0.85":{"post":[1,0,0],"lerp_mode":"catmullrom"},"1.5":[0,0,0]}},"neck":{"rotation":{"0.0":[0,0,0],"0.1":{"pre":[-25,0,0],"post":[-25,0,0],"lerp_mode":"catmullrom"},"0.65":{"post":[-12.5,0,0],"lerp_mode":"catmullrom"},"1.15":{"post":[0,0,0],"lerp_mode":"catmullrom"},"1.5":[0,0,0]}},"head":{"rotation":{"0.0":[0,0,0],"0.05":{"pre":[17.5,0,0],"post":[17.5,0,0],"lerp_mode":"catmullrom"},"0.45":{"post":[-5.4,1.5,0],"lerp_mode":"catmullrom"},"1.5":[0,0,0]}},"sleeping_eye_right":{"position":{"0.0":[-1,0,0],"0.45":[-1,0,0],"0.5":[0,0,0]}},"sleeping_eye_left":{"position":{"0.0":[1,0,0],"0.45":[1,0,0],"0.5":[0,0,0]}},"eye_right":{"position":{"0.0":[1,0,0],"0.45":[1,0,0],"0.5":[0,0,0]}},"eye_left":{"position":{"0.0":[-1,0,0],"0.45":[-1,0,0],"0.5":[0,0,0]}}}},"animation.lunala.status":{"animation_length":2,"bones":{"wing_left":{"rotation":{"0.0":[0,20,-15],"0.25":[0,20,-15],"0.5":[0,-15,-15],"1.55":{"pre":[0,20,-15],"post":[0,20,-15],"lerp_mode":"catmullrom"}}},"wing_right":{"rotation":{"0.0":[0,-20,15],"0.25":[0,-20,15],"0.5":{"pre":[0,15,15],"post":[0,15,15],"lerp_mode":"catmullrom"},"1.55":{"post":[0,-20,15],"lerp_mode":"catmullrom"}}},"front_spike_r4":{"rotation":{"0.0":[0,-9.5,0],"0.25":[0,-10.8,0],"0.5":[0,4.2,0],"1.55":[0,-9.5,0]}},"front_spike_r9":{"rotation":{"0.0":[0,-12.5,0],"0.25":[0,-8.3,0],"0.5":[0,4.2,0],"1.55":[0,-12.5,0]}},"wing_right2":{"rotation":{"0.0":[0,-18.3,0],"0.25":[0,-18.3,0],"0.5":[0,16.7,0],"1.55":{"pre":[0,-18.3,0],"post":[0,-18.3,0],"lerp_mode":"catmullrom"}}},"tail":{"rotation":{"0.0":[-12.85,0,0],"0.55":[22.5,0,0],"1.15":{"pre":[26.16,0,0],"post":[26.16,0,0],"lerp_mode":"catmullrom"},"1.55":{"post":[-12.85,0,0],"lerp_mode":"catmullrom"}}},"undefined":{"rotation":[0,-12.5,0]},"front_spike_r7":{"rotation":{"0.0":[0,9.5,0],"0.25":[0,10.8,0],"0.5":[0,-4.2,0],"1.55":[0,9.5,0]}},"front_spike_r8":{"rotation":{"0.0":[0,12.5,0],"0.25":[0,8.3,0],"0.5":[0,-4.2,0],"1.55":[0,12.5,0]}},"wing_left2":{"rotation":{"0.0":[0,18.3,0],"0.25":[0,18.3,0],"0.5":[0,-16.7,0],"1.55":{"pre":[0,18.3,0],"post":[0,18.3,0],"lerp_mode":"catmullrom"}}},"head":{"rotation":{"0.0":[0,0,0],"0.25":[0,0,0],"0.5":{"pre":[-18.33,0,0],"post":[-18.33,0,0],"lerp_mode":"catmullrom"},"0.75":{"post":[-18.33,0,0],"lerp_mode":"catmullrom"},"1.55":{"post":[0,0,0],"lerp_mode":"catmullrom"}}},"body":{"position":{"0.0":[0,-0.25,0],"0.25":[0,-0.25,-5],"0.95":{"pre":[0,-0.25,-10],"post":[0,-0.25,-10],"lerp_mode":"catmullrom"},"1.55":[0,-0.25,0]}},"torso":{"rotation":{"0.0":[-2.5,0,0],"0.25":[0,0,0],"1.55":{"pre":[-2.5,0,0],"post":[-2.5,0,0],"lerp_mode":"catmullrom"}},"position":[0,1.5,0]},"finger2":{"rotation":[0,0,-7.5]},"bone3":{"rotation":[0,0,-12.5]},"finger5":{"rotation":[0,0,2.5]},"bone6":{"rotation":[0,0,2.5]},"star_r5":{"rotation":{"0.0":[0,0,-3.5],"0.25":[-25,0,-20.78],"0.5":[-10,0,-20.78],"0.65":[-35,0,-20.78],"0.7":[-5,0,-20.78],"0.8":[-27.5,0,-20.78],"0.9":[0.39474,0,-18.96105],"1.55":[0,0,-3.5]}},"star_r2":{"rotation":{"0.0":[0,0,-3.5],"0.25":[-25,0,-20.78],"0.5":[-10,0,-20.78],"0.65":[-35,0,-20.78],"0.7":[-5,0,-20.78],"0.8":[-27.5,0,-20.78],"0.9":[0.39474,0,-18.96105],"1.55":[0,0,-3.5]}},"finger3":{"rotation":[0,0,7.5]},"bone9":{"rotation":[0,0,12.5]},"finger4":{"rotation":[0,0,-2.5]},"bone12":{"rotation":[0,0,-2.5]},"star_r3":{"rotation":{"0.0":[0,0,3.5],"0.25":[-25,0,20.78],"0.5":[-10,0,20.78],"0.65":[-35,0,20.78],"0.7":[-5,0,20.78],"0.8":[-27.5,0,20.78],"0.9":[0.39474,0,18.96105],"1.55":[0,0,3.5]}},"star_r4":{"rotation":{"0.0":[0,0,3.5],"0.25":[-25,0,20.78],"0.5":[-10,0,20.78],"0.65":[-35,0,20.78],"0.7":[-5,0,20.78],"0.8":[-27.5,0,20.78],"0.9":[0.39474,0,18.96105],"1.55":[0,0,3.5]}},"neck":{"rotation":{"0.0":[0,0,0],"0.25":[0,0,0],"0.5":{"pre":[-10.83,0,0],"post":[-10.83,0,0],"lerp_mode":"catmullrom"},"1.55":{"post":[0,0,0],"lerp_mode":"catmullrom"}}},"sleeping_eye_right":{"position":{"0.0":[0,0,0],"0.15":[-1,0,0],"0.75":[-1,0,0],"0.85":[0,0,0]}},"sleeping_eye_left":{"position":{"0.0":[0,0,0],"0.15":[1,0,0],"0.75":[1,0,0],"0.85":[0,0,0]}},"eye_right":{"position":{"0.0":[0,0,0],"0.15":[1,0,0],"0.75":[1,0,0],"0.85":[0,0,0]}},"eye_left":{"position":{"0.0":[0,0,0],"0.15":[-1,0,0],"0.75":[-1,0,0],"0.85":[0,0,0]}},"arm_right":{"rotation":{"0.0":[0,0,0],"0.25":[0,0,0],"0.5":[0.12194,17.51549,-0.21352],"1.55":{"pre":[0,0,0],"post":[0,0,0],"lerp_mode":"catmullrom"}}},"back_spike_r4":{"rotation":{"0.0":[0,0,0],"0.25":[0,-5,0],"0.5":[0,10,0],"1.55":[0,0,0]}},"back_spike_r9":{"rotation":{"0.0":[0,0,0],"0.25":[0,-5,0],"0.5":[0,10,0],"1.55":[0,0,0]}},"arm_left":{"rotation":{"0.0":[0,0,0],"0.25":[0,0,0],"0.5":[0.12194,-17.51549,0.21352],"1.55":{"pre":[0,0,0],"post":[0,0,0],"lerp_mode":"catmullrom"}}},"back_spike_r7":{"rotation":{"0.0":[0,0,0],"0.25":[0,5,0],"0.5":[0,-10,0],"1.55":[0,0,0]}},"back_spike_r8":{"rotation":{"0.0":[0,0,0],"0.25":[0,5,0],"0.5":[0,-10,0],"1.55":[0,0,0]}}}},"animation.lunala.faint_test":{"loop":true,"bones":{"body":{"rotation":[-87.5,-32.5,0],"position":[0,-34,0]},"chest":{"rotation":[12.5,0,0]},"neck":{"rotation":[-12.47736,-9.50807,12.87562]},"head":{"rotation":[9.54181,-10.14426,1.75539]},"sleeping_eye_right":{"position":[-1,0,0]},"sleeping_eye_left":{"position":[1,0,0]},"eye_right":{"position":[1,0,0]},"eye_left":{"position":[-1,0,0]},"arm_right":{"rotation":[-19.00238,21.07593,-8.0634]},"wing_right":{"rotation":[-0.12116,-17.48281,0.78795]},"bone2":{"rotation":[0,0,-10]},"bone3":{"rotation":[0,0,-7.5]},"bone4":{"rotation":[0,0,-22.5]},"bone7":{"rotation":[0,0,-17.5]},"star_r5":{"rotation":[9.53865,1.71977,-26.96064]},"wing_right2":{"rotation":[0.11496,-9.98995,-0.44403]},"star_r2":{"rotation":[13.38458,-5.75136,24.11753]},"arm_left":{"rotation":[-19.00238,-21.07593,8.0634]},"wing_left":{"rotation":[-0.12116,17.48281,-0.78795]},"bone8":{"rotation":[0,0,12.5]},"bone9":{"rotation":[0,0,12.5]},"bone13":{"rotation":[0,0,27.5]},"star_r3":{"rotation":[8.49318,-7.62397,16.06292]},"wing_left2":{"rotation":[-0.12116,17.48281,-0.78795]},"star_r4":{"rotation":[19.51485,-0.54445,4.27338]},"tail":{"rotation":[-2.44081,-0.54094,-12.48848],"position":[0,1,0]}}},"animation.lunala.pose":{"loop":true,"bones":{"body":{"rotation":[5,0,0]},"tail":{"rotation":[-17.5,0,0]},"mouth":{"position":[0,0.5,-0.15]},"wing_right":{"rotation":[-6.31274,-31.94715,11.80868]},"front_spike_r4":{"rotation":[0,-7.5,0]},"front_spike_r9":{"rotation":[0,-7.5,0]},"wing_right2":{"rotation":[0,-15,0]},"wing_left":{"rotation":[-6.31274,31.94715,-11.80868]},"front_spike_r7":{"rotation":[0,7.5,0]},"front_spike_r8":{"rotation":[0,7.5,0]},"wing_left2":{"rotation":[0,15,0]},"open_mouth":{"position":[0,-1,-0.125]},"lip":{"position":[0,-0.25,0]},"pupil_inner_right":{"position":[-0.25,0,0]}}}}}