{"format_version":"1.8.0","animations":{"animation.magearna.pose":{"loop":true,"bones":{"dress":{"rotation":[20,0,0]},"leg_right":{"rotation":[-2.49527,-0.21782,-7.4905]},"leg_left":{"rotation":[2.49762,-0.10901,7.49762]},"upper_body":{"rotation":[-5,0,0]},"head":{"rotation":[-12.5,0,0]},"ear_left":{"rotation":[0,0,-15]},"arm_left":{"rotation":[-1.62055,-2.60258,62.74943]},"arm_left2":{"rotation":[-47.9938,47.90981,-36.99123]},"hand_left":{"rotation":[0,-15,0]},"arm_right":{"rotation":[5,-45,-65]},"arm_right2":{"rotation":[0,-115,0]},"hand_right":{"rotation":[0,0,-40]},"body":{"rotation":[0,0,0]},"ear_right":{"rotation":[0,0,25]}}},"animation.magearna.ground_walk":{"loop":true,"bones":{"body":{"rotation":[0,"math.sin((query.anim_time) * 270) * 4",0],"position":[0,"-math.sin((query.anim_time +0.3) * 540) * 0.5",0]},"dress":{"rotation":["math.sin((query.anim_time -0.5) * 540) * 2",0,0]},"leg_right":{"rotation":["-math.sin(query.anim_time * 270) * 30",0,-5],"position":[0,"math.sin((query.anim_time +0.3) * 270) * 0.5",0]},"leg_right2":{"rotation":["12.5-math.sin((query.anim_time -0.4) * 270) * 15",0,0]},"leg_left":{"rotation":["math.sin(query.anim_time * 270) * 30",0,5],"position":[0,"-math.sin((query.anim_time +0.3) * 270) * 0.5",0]},"leg_left2":{"rotation":["12.5+math.sin((query.anim_time -0.4) * 270) * 15",0,0]},"upper_body":{"rotation":["math.sin((query.anim_time -0.5) * 540) * 3","math.sin((query.anim_time -0.2) * 270) * 2",0]},"head":{"rotation":["-math.sin((query.anim_time -0.6) * 540) * 5","-math.sin((query.anim_time -0.5) * 270) * 3","-math.sin((query.anim_time -0.5) * 270) *5"]},"ear_left":{"rotation":[0,0,"-5+math.sin((query.anim_time) * 270) *12"]},"ear_right":{"rotation":[0,0,"5-math.sin((query.anim_time ) * 270) *12"]},"arm_left":{"rotation":[0,"-15+math.sin((query.anim_time +0.2) * 270) * 7","60-math.sin((query.anim_time +0.2) * 270) * 4"]},"arm_left2":{"rotation":[-90.11795,"52.5231+math.sin((query.anim_time -0.2) * 270) * 7",-53.2585]},"hand_left":{"rotation":[0,"-20+math.sin((query.anim_time -0.2) * 270) * 5",0]},"arm_right":{"rotation":[0,"15+math.sin((query.anim_time +0.2) * 270) * 7","-60-math.sin((query.anim_time +0.2) * 270) * 4"]},"arm_right2":{"rotation":[-85.46548,"-52.8053+math.sin((query.anim_time -0.2) * 270) * 7",50.05714]},"hand_right":{"rotation":[0,"32.5+math.sin((query.anim_time -0.2) * 270) * 5",0]}}},"animation.magearna.ground_idle":{"loop":true,"bones":{"body":{"rotation":[0,"math.sin(query.anim_time * 180) *3",0]},"leg_right":{"rotation":["-math.sin(query.anim_time * 180) *0.3",0,-2.5]},"leg_left":{"rotation":["math.sin(query.anim_time * 180) *0.3",0,2.5]},"upper_body":{"rotation":[0,"math.sin((query.anim_time +0.3) * 180) *2",0]},"head":{"rotation":[0,"-math.sin((query.anim_time -0.4) * 180) *1",0]},"ear_left":{"rotation":[0,0,"20-math.clamp(math.sin((query.anim_time -0.2) * 180) *40, 39, 40)"]},"ear_right":{"rotation":[0,0,"-20+math.clamp(math.sin((query.anim_time -0.3) * 180) *40, 38, 40)"]},"arm_left":{"rotation":[-7.55019,"-4.957+math.sin((query.anim_time -0.4) * 180) *2","58.1565+math.sin((query.anim_time -0.4) * 180) *1"]},"arm_left2":{"rotation":[-77.1358,48.86764,"-44+math.sin((query.anim_time -0.2) * 180) *3"]},"hand_left":{"rotation":[0,"-15-math.sin((query.anim_time -0.2) * 180) *4",0]},"arm_right":{"rotation":[-5,"math.sin((query.anim_time -0.4) * 180) *2","-57.5+math.sin((query.anim_time -0.4) * 180) *1"]},"arm_right2":{"rotation":[-76.9388,-50.99246,"44.3677+math.sin((query.anim_time -0.2) * 180) *3"]},"hand_right":{"rotation":[0,"17.5-math.sin((query.anim_time -0.2) * 180) *4",0]},"eyelid_left":{"position":[0,0,0]}}}}}