{"format_version":"1.8.0","animations":{"animation.manaphy.ground_idle":{"loop":true,"bones":{"torso":{"position":[0,"0.1 * math.sin(q.anim_time * 2 * math.pi * 45)",0]},"head":{"rotation":["1 + math.sin(q.anim_time * 2 * math.pi * 45 + 30)",0,0]},"hair_left":{"rotation":[0,12.5,0]},"hair_left1":{"rotation":["-52.5 + math.sin(q.anim_time * 2 * math.pi * 45 - 45)",0,0]},"hair_left2":{"rotation":["-10 + math.sin(q.anim_time * 2 * math.pi * 45 - 90)",0,0]},"hair_left3":{"rotation":["-45 + 1.5 * math.sin(q.anim_time * 2 * math.pi * 45 - 135)",0,0]},"hair_left4":{"rotation":["-45 - 1.5 * math.sin(q.anim_time * 2 * math.pi * 45 - 0)",0,0]},"hair_left5":{"rotation":["-17.5 - 1.5 * math.sin(q.anim_time * 2 * math.pi * 45 - 45)",0,0]},"hair_left6":{"rotation":["-5 - 1.5 * math.sin(q.anim_time * 2 * math.pi * 45 - 90)",0,0]},"hair_left7":{"rotation":["-5 - 1.5 * math.sin(q.anim_time * 2 * math.pi * 45 - 135)",0,0]},"hair_right":{"rotation":[0,-12.5,0]},"hair_right1":{"rotation":["-52.5 + math.sin(q.anim_time * 2 * math.pi * 45 - 45)",0,0]},"hair_right2":{"rotation":["-10 + math.sin(q.anim_time * 2 * math.pi * 45 - 90)",0,0]},"hair_right3":{"rotation":["-45 + math.sin(q.anim_time * 2 * math.pi * 45 - 135)",0,0]},"hair_right4":{"rotation":["-45 - 1.5 * math.sin(q.anim_time * 2 * math.pi * 45 - 0)",0,0]},"hair_right5":{"rotation":["-17.5 - 1.5 * math.sin(q.anim_time * 2 * math.pi * 45 - 45)",0,0]},"hair_right6":{"rotation":["-5 - 1.5 * math.sin(q.anim_time * 2 * math.pi * 45 - 90)",0,0]},"hair_right7":{"rotation":["-5 - 1.5 * math.sin(q.anim_time * 2 * math.pi * 45 - 135)",0,0]},"left_arm":{"rotation":["20 + 5 * math.sin(q.anim_time * 2 * math.pi * 45 + 60)",25,0]},"right_arm":{"rotation":["20 + 5 * math.sin(q.anim_time * 2 * math.pi * 45 + 60)",-25,0]},"left_hand":{"rotation":[0,"20 + 5 * math.sin(q.anim_time * 2 * math.pi * 45 + 105)",0]},"right_hand":{"rotation":[0,"-20 - 5 * math.sin(q.anim_time * 2 * math.pi * 45 + 105)",0]}}},"animation.manaphy.ground_walk":{"loop":true,"bones":{"torso":{"position":[0,"0.1 * math.sin(q.anim_time * 2 * math.pi * 45) + 0.05 * math.sin(q.anim_time * 2 * math.pi * 140)",0]},"head":{"rotation":["1 + math.sin(q.anim_time * 2 * math.pi * 45 + 30) + 0.1 * math.sin(q.anim_time * 2 * math.pi * 140) + 2",0,0]},"hair_left":{"rotation":[0,12.5,0]},"hair_left1":{"rotation":["-52.5 + math.sin(q.anim_time * 2 * math.pi * 45 - 45) +  0.2 * math.sin(q.anim_time * 2 * math.pi * 140 - 45)",0,0]},"hair_left2":{"rotation":["-10 + math.sin(q.anim_time * 2 * math.pi * 45 - 90) +  0.2 * math.sin(q.anim_time * 2 * math.pi * 140 - 90)",0,0]},"hair_left3":{"rotation":["-45 + 1.5 * math.sin(q.anim_time * 2 * math.pi * 45 - 135) +  0.2 * math.sin(q.anim_time * 2 * math.pi * 140 - 135)",0,0]},"hair_left4":{"rotation":["-45 - 1.5 * math.sin(q.anim_time * 2 * math.pi * 45 - 0) -  0.2 * math.sin(q.anim_time * 2 * math.pi * 140 - 0)",0,0]},"hair_left5":{"rotation":["-17.5 - 1.5 * math.sin(q.anim_time * 2 * math.pi * 45 - 45) -  0.2 * math.sin(q.anim_time * 2 * math.pi * 140 - 45)",0,0]},"hair_left6":{"rotation":["-5 - 1.5 * math.sin(q.anim_time * 2 * math.pi * 45 - 90) -  0.2 * math.sin(q.anim_time * 2 * math.pi * 140 - 90)",0,0]},"hair_left7":{"rotation":["-5 - 1.5 * math.sin(q.anim_time * 2 * math.pi * 45 - 135) -  0.2 * math.sin(q.anim_time * 2 * math.pi * 140 - 135)",0,0]},"hair_right":{"rotation":[0,-12.5,0]},"hair_right1":{"rotation":["-52.5 + math.sin(q.anim_time * 2 * math.pi * 45 - 45) + 0.2 * math.sin(q.anim_time * 2 * math.pi * 140 - 45)",0,0]},"hair_right2":{"rotation":["-10 + math.sin(q.anim_time * 2 * math.pi * 45 - 90) + 0.2 * math.sin(q.anim_time * 2 * math.pi * 140 - 90)",0,0]},"hair_right3":{"rotation":["-45 + math.sin(q.anim_time * 2 * math.pi * 45 - 135) + 0.2 * math.sin(q.anim_time * 2 * math.pi * 140 - 135)",0,0]},"hair_right4":{"rotation":["-45 - 1.5 * math.sin(q.anim_time * 2 * math.pi * 45 - 0) - 0.2 * math.sin(q.anim_time * 2 * math.pi * 140 - 0)",0,0]},"hair_right5":{"rotation":["-17.5 - 1.5 * math.sin(q.anim_time * 2 * math.pi * 45 - 45) - 0.2 * math.sin(q.anim_time * 2 * math.pi * 140 - 45)",0,0]},"hair_right6":{"rotation":["-5 - 1.5 * math.sin(q.anim_time * 2 * math.pi * 45 - 90) - 0.2 * math.sin(q.anim_time * 2 * math.pi * 140 - 90)",0,0]},"hair_right7":{"rotation":["-5 - 1.5 * math.sin(q.anim_time * 2 * math.pi * 45 - 135) - 0.2 * math.sin(q.anim_time * 2 * math.pi * 140 - 135)",0,0]},"left_arm":{"rotation":["20 + 5 * math.sin(q.anim_time * 2 * math.pi * 45 + 60) + 2 * math.sin(q.anim_time * 2 * math.pi * 120 - 90)",25,0]},"right_arm":{"rotation":["20 + 5 * math.sin(q.anim_time * 2 * math.pi * 45 + 60) + 2 * math.sin(q.anim_time * 2 * math.pi * 120 + 90)",-25,0]},"left_hand":{"rotation":[0,"20 + 5 * math.sin(q.anim_time * 2 * math.pi * 45 + 105)",0]},"right_hand":{"rotation":[0,"-20 - 5 * math.sin(q.anim_time * 2 * math.pi * 45 + 105)",0]},"left_leg":{"rotation":["-7.5 * math.sin(q.anim_time * 2 * math.pi * 120)",0,0],"position":[0,"0.25 * math.sin(q.anim_time * 2 * math.pi * 120 + 90) + 0.25","- 0.2 * math.sin(q.anim_time * 2 * math.pi * 120)"]},"right_leg":{"rotation":["7.5 * math.sin(q.anim_time * 2 * math.pi * 120)",0,0],"position":[0,"- 0.25 * math.sin(q.anim_time * 2 * math.pi * 120 + 90) + 0.25","0.2 * math.sin(q.anim_time * 2 * math.pi * 120)"]}}},"animation.manaphy.water_idle":{"loop":true,"bones":{"body":{"rotation":["5+1 * math.sin((q.anim_time - 0.2) * 2 * math.pi * 30)",0,0],"position":[0,"-5 + 0.1 * math.sin((q.anim_time - 0.2) * 2 * math.pi * 30)",0]},"head":{"rotation":["2 * math.sin(q.anim_time * 2 * math.pi * 30) + 2",0,0]},"hair_left":{"rotation":[0,12.5,0]},"hair_left1":{"rotation":["-52.5 - math.sin(q.anim_time * 2 * math.pi * 30 - 45)",0,0]},"hair_left2":{"rotation":["-10 - math.sin(q.anim_time * 2 * math.pi * 30 - 90)",0,0]},"hair_left3":{"rotation":["-45 - 1.5 * math.sin(q.anim_time * 2 * math.pi * 30 - 135)",0,0]},"hair_left4":{"rotation":["-45 + 1.5 * math.sin(q.anim_time * 2 * math.pi * 30 - 0)",0,0]},"hair_left5":{"rotation":["-17.5 + 1.5 * math.sin(q.anim_time * 2 * math.pi * 30 - 45)",0,0]},"hair_left6":{"rotation":["-5 + 1.5 * math.sin(q.anim_time * 2 * math.pi * 30 - 90)",0,0]},"hair_left7":{"rotation":["-5 + 1.5 * math.sin(q.anim_time * 2 * math.pi * 30 - 135)",0,0]},"hair_right":{"rotation":[0,-12.5,0]},"hair_right1":{"rotation":["-52.5 - math.sin(q.anim_time * 2 * math.pi * 30 - 45)",0,0]},"hair_right2":{"rotation":["-10 - math.sin(q.anim_time * 2 * math.pi * 30 - 90)",0,0]},"hair_right3":{"rotation":["-45 - math.sin(q.anim_time * 2 * math.pi * 30 - 135)",0,0]},"hair_right4":{"rotation":["-45 + 1.5 * math.sin(q.anim_time * 2 * math.pi * 30 - 0)",0,0]},"hair_right5":{"rotation":["-17.5 + 1.5 * math.sin(q.anim_time * 2 * math.pi * 30 - 45)",0,0]},"hair_right6":{"rotation":["-5 + 1.5 * math.sin(q.anim_time * 2 * math.pi * 30 - 90)",0,0]},"hair_right7":{"rotation":["-5 + 1.5 * math.sin(q.anim_time * 2 * math.pi * 30 - 135)",0,0]},"left_arm":{"rotation":[0,"40 * math.sin(q.anim_time * 2 * math.pi * 15)","5 * math.sin(q.anim_time * 2 * math.pi * 30)"]},"left_hand":{"rotation":["30 * math.sin(q.anim_time * 2 * math.pi * 15 + 120)",0,0]},"right_arm":{"rotation":[0,"- 40 * math.sin(q.anim_time * 2 * math.pi * 15)","- 5 * math.sin(q.anim_time * 2 * math.pi * 30)"]},"right_hand":{"rotation":["30 * math.sin(q.anim_time * 2 * math.pi * 15 + 120)",0,0]}}},"animation.manaphy.water_swim":{"loop":true,"bones":{"body":{"rotation":[32.5,0,0],"position":[0,-3,"0.2 * ((7/16) * math.sin(q.anim_time * 2 * math.pi * 40 - (180) - 90) +(7/64) * math.sin(2 * q.anim_time * 2 * math.pi * 40 - (180 * 2) - 90)  +(1/48) * math.sin(3 * q.anim_time * 2 * math.pi * 40 - (180 * 3) - 90) +(1/512) * math.sin(4 * q.anim_time * 2 * math.pi * 40 - (180 * 4) - 90))"]},"head":{"rotation":["-17.5+2 * math.sin(q.anim_time * 2 * math.pi * 40)",0,0]},"hair_left":{"rotation":[0,12.5,0]},"hair_left1":{"rotation":["-52.5 - 3 * math.sin(q.anim_time * 2 * math.pi * 40 - 45)",0,0]},"hair_left2":{"rotation":["-12.5 - 3 * math.sin(q.anim_time * 2 * math.pi * 40 - 135)",0,0]},"hair_left3":{"rotation":["-40 + 3 * math.sin(q.anim_time * 2 * math.pi * 40 - 45)",0,0]},"hair_left4":{"rotation":["-15 + 3 * math.sin(q.anim_time * 2 * math.pi * 40 - 135)",0,0]},"hair_left5":{"rotation":["-17.5 - 3 * math.sin(q.anim_time * 2 * math.pi * 40 - 45)",0,0]},"hair_left6":{"rotation":["-5 - 3 * math.sin(q.anim_time * 2 * math.pi * 40 - 135)",0,0]},"hair_left7":{"rotation":["-5 + 3 * math.sin(q.anim_time * 2 * math.pi * 40 - 45)",0,0]},"hair_right":{"rotation":[0,-12.5,0]},"hair_right1":{"rotation":["-52.5 - 3 * math.sin(q.anim_time * 2 * math.pi * 40 - 45)",0,0]},"hair_right2":{"rotation":["-12.5 - 3 * math.sin(q.anim_time * 2 * math.pi * 40 - 135)",0,0]},"hair_right3":{"rotation":["-40 + 3 * math.sin(q.anim_time * 2 * math.pi * 40 - 45)",0,0]},"hair_right4":{"rotation":["-15 + 3 * math.sin(q.anim_time * 2 * math.pi * 40 - 135)",0,0]},"hair_right5":{"rotation":["-17.5 - 3 * math.sin(q.anim_time * 2 * math.pi * 40 - 45)",0,0]},"hair_right6":{"rotation":["-5 - 3 * math.sin(q.anim_time * 2 * math.pi * 40 - 135)",0,0]},"hair_right7":{"rotation":["-5 + 3 * math.sin(q.anim_time * 2 * math.pi * 40 - 45)",0,0]},"left_arm":{"rotation":[0,"45 * math.sin(q.anim_time * 2 * math.pi * 40)","5 + 5 * math.sin(q.anim_time * 2 * math.pi * 80)"]},"left_hand":{"rotation":["30 * 1 * (1000/1411) * (math.sqrt((1 + math.pow( 2, 2) /(1 + math.pow( 2, 2) * math.pow(math.cos(q.anim_time * 2 * math.pi * 40 + 60), 2)))) * math.cos(q.anim_time * 2 * math.pi * 40 + 60))",0,0]},"right_arm":{"rotation":[0,"- 45 * math.sin(q.anim_time * 2 * math.pi * 40)","- 5 - 5 * math.sin(q.anim_time * 2 * math.pi * 80)"]},"right_hand":{"rotation":["35 * 1 * (1000/1411) * (math.sqrt((1 + math.pow( 2, 2) /(1 + math.pow( 2, 2) * math.pow(math.cos(q.anim_time * 2 * math.pi * 40 + 60), 2)))) * math.cos(q.anim_time * 2 * math.pi * 40 + 60))",0,0]}}}}}