{"format_version":"1.8.0","animations":{"animation.mareanie.pose":{"loop":true,"bones":{"tentacle":{"rotation":[60,0,0]},"tentacle_bottom":{"rotation":[22.5,0,0]},"tentacle2":{"rotation":[-75,0,0]},"tentacle_middle2":{"rotation":[-10,0,0]},"tentacle_bottom2":{"rotation":[7.5,0,0]},"tentacle3":{"rotation":[-75,-32.5,0]},"tentacle_middle3":{"rotation":[-10,0,0]},"tentacle_bottom3":{"rotation":[7.5,0,0]},"tentacle4":{"rotation":[-75,32.5,0]},"tentacle_middle4":{"rotation":[-10,0,0]},"tentacle_bottom4":{"rotation":[7.5,0,0]},"tentacle5":{"rotation":[0,0,-75]},"tentacle_middle5":{"rotation":[0,0,-10]},"tentacle_bottom5":{"rotation":[0,0,7.5]},"tentacle6":{"rotation":[0,0,-75]},"tentacle_middle6":{"rotation":[0,0,-10]},"tentacle_bottom6":{"rotation":[0,0,7.5]},"tentacle7":{"rotation":[75,32.5,0]},"tentacle_middle7":{"rotation":[10,0,0]},"tentacle_bottom7":{"rotation":[-7.5,0,0]},"tentacle8":{"rotation":[75,-32.5,0]},"tentacle_middle8":{"rotation":[10,0,0]},"tentacle_bottom8":{"rotation":[-7.5,0,0]},"tentacle9":{"rotation":[0,0,75]},"tentacle_middle9":{"rotation":[0,0,5]},"tentacle_bottom9":{"rotation":[0,0,-7.5]},"tentacle10":{"rotation":[0,0,75]},"tentacle_middle10":{"rotation":[0,0,10]},"tentacle_bottom10":{"rotation":[0,0,-7.5]}}},"animation.mareanie.faint":{"animation_length":3,"bones":{"tentacle":{"rotation":{"0.0":[60,0,0],"0.75":{"pre":[-10,0,0],"post":[-10,0,0],"lerp_mode":"catmullrom"},"0.875":{"post":[52.5,0,0],"lerp_mode":"catmullrom"},"1.7917":{"post":[52.5,0,0],"lerp_mode":"catmullrom"},"2.125":{"post":[-10,0,0],"lerp_mode":"catmullrom"}}},"tentacle_bottom":{"rotation":{"0.0":[22.5,0,0],"0.75":{"pre":[5,0,0],"post":[5,0,0],"lerp_mode":"catmullrom"}}},"tentacle2":{"rotation":{"0.0":[-75,0,0],"0.75":{"pre":[10,0,0],"post":[10,0,0],"lerp_mode":"catmullrom"},"0.875":{"post":[57.5,0,0],"lerp_mode":"catmullrom"},"1.7917":{"post":[57.5,0,0],"lerp_mode":"catmullrom"},"2.125":{"post":[10,0,0],"lerp_mode":"catmullrom"}}},"tentacle_middle2":{"rotation":[-10,0,0]},"tentacle_bottom2":{"rotation":[7.5,0,0]},"tentacle3":{"rotation":[-75,-32.5,0]},"tentacle_middle3":{"rotation":[-10,0,0]},"tentacle_bottom3":{"rotation":[7.5,0,0]},"tentacle4":{"rotation":[-75,32.5,0]},"tentacle_middle4":{"rotation":[-10,0,0]},"tentacle_bottom4":{"rotation":[7.5,0,0]},"tentacle5":{"rotation":{"0.0":[0,0,-75],"0.75":{"pre":[0,0,15],"post":[0,0,15],"lerp_mode":"catmullrom"}}},"tentacle_middle5":{"rotation":[0,0,-10]},"tentacle_bottom5":{"rotation":[0,0,7.5]},"tentacle6":{"rotation":{"0.0":[0,0,-75],"0.75":{"pre":[0,0,15],"post":[0,0,15],"lerp_mode":"catmullrom"}}},"tentacle_middle6":{"rotation":[0,0,-10]},"tentacle_bottom6":{"rotation":[0,0,7.5]},"tentacle7":{"rotation":[75,32.5,0]},"tentacle_middle7":{"rotation":[10,0,0]},"tentacle_bottom7":{"rotation":[-7.5,0,0]},"tentacle8":{"rotation":{"0.0":[75,-32.5,0],"0.75":{"pre":[-7.5,-32.5,0],"post":[-7.5,-32.5,0],"lerp_mode":"catmullrom"}}},"tentacle_middle8":{"rotation":[10,0,0]},"tentacle_bottom8":{"rotation":[-7.5,0,0]},"tentacle9":{"rotation":{"0.0":[0,0,75],"0.75":{"pre":[0,0,2.5],"post":[0,0,2.5],"lerp_mode":"catmullrom"}}},"tentacle_middle9":{"rotation":[0,0,5]},"tentacle_bottom9":{"rotation":[0,0,-7.5]},"tentacle10":{"rotation":{"0.0":[0,0,75],"0.75":{"pre":[0,0,-2.5],"post":[0,0,-2.5],"lerp_mode":"catmullrom"}}},"tentacle_middle10":{"rotation":[0,0,10]},"tentacle_bottom10":{"rotation":[0,0,-7.5]},"body":{"rotation":{"0.0":{"post":[0,0,0],"lerp_mode":"catmullrom"},"0.25":[0,0,0],"0.75":[74.57,0,0],"1.0":{"pre":[-180,0,0],"post":[-180,0,0],"lerp_mode":"catmullrom"},"1.1667":{"post":[-303.37,0,0],"lerp_mode":"catmullrom"},"1.625":{"post":[-471.42,0,0],"lerp_mode":"catmullrom"},"1.9167":{"post":[-540,0,0],"lerp_mode":"catmullrom"}},"position":{"0.0":[0,0,0],"0.25":{"pre":[0,0,0],"post":[0,0,0],"lerp_mode":"catmullrom"},"0.75":[0,27.48,-8],"0.9167":[0,26.52,4.57],"1.25":{"pre":[0,26.52,12.57],"post":[0,26.52,12.57],"lerp_mode":"catmullrom"},"1.625":{"post":[0,23.77,26.07],"lerp_mode":"catmullrom"},"1.6667":[0,22.74282,26.63268],"1.7083":[0,18.34743,28.11947],"1.75":[0,16.31495,30.18706],"1.7917":[0,15.34594,32.45294],"1.8333":[0,14.83564,34.52053],"1.875":[0,14.58991,36.00732],"1.9167":[0,14.52,36.57],"1.9583":[0,14.51315,36.57],"2.0":[0,14.49092,36.57],"2.0417":[0,14.45005,36.57],"2.0833":[0,14.38595,36.57],"2.125":[0,14.29193,36.57],"2.1667":[0,14.15733,36.57],"2.2083":[0,13.9642,36.57],"2.25":[0,13.67828,36.57],"2.2917":[0,13.23349,36.57],"2.3333":[0,12.69008,36.57],"2.375":[0,12.52,36.57]}},"torso":{"rotation":[0,0,0],"position":{"0.0":[0,0,0],"0.0417":[0,0.23,0],"0.125":{"pre":[0,-0.8,0],"post":[0,-0.8,0],"lerp_mode":"catmullrom"},"0.25":{"post":[0,0.5,0],"lerp_mode":"catmullrom"},"0.2917":[0,0.501,0],"0.8333":[0,0.51934,0],"1.375":[0,0.529,0],"1.9167":[0,0.51204,0],"2.0":[0,0.5,0],"2.0417":[0,0.48594,0],"2.0833":[0,0.45868,0],"2.125":[0,0.41429,0],"2.1667":[0,0.34646,0],"2.2083":[0,0.24441,0],"2.25":[0,0.08767,0],"2.2917":[0,-0.15797,0],"2.3333":[0,-0.42377,0],"2.375":[0,-0.5,0]}},"head":{"position":{"2.0":[0,0,0],"2.0417":[0,-0.0065,0],"2.0833":[0,-0.02815,0],"2.125":[0,-0.06955,0],"2.1667":[0,-0.13778,0],"2.2083":[0,-0.24481,0],"2.25":[0,-0.41187,0],"2.3333":[0,-0.92307,0],"2.375":[0,-1,0]}},"top_anim3":{"rotation":{"0.0":[0,0,0],"0.75":{"pre":[90,0,0],"post":[90,0,0],"lerp_mode":"catmullrom"},"0.875":{"post":[122.5,0,0],"lerp_mode":"catmullrom"},"1.7917":{"post":[122.5,0,0],"lerp_mode":"catmullrom"},"2.125":{"post":[90,0,0],"lerp_mode":"catmullrom"}}},"top_anim4":{"rotation":{"0.0":[0,0,0],"0.75":{"pre":[85,0,0],"post":[85,0,0],"lerp_mode":"catmullrom"},"0.875":{"post":[125,0,0],"lerp_mode":"catmullrom"},"1.7917":{"post":[125,0,0],"lerp_mode":"catmullrom"},"2.125":{"post":[85,0,0],"lerp_mode":"catmullrom"}}},"top_anim7":{"rotation":{"0.0":[0,0,0],"0.75":{"pre":[-85,0,0],"post":[-85,0,0],"lerp_mode":"catmullrom"},"0.875":{"post":[-20,0,0],"lerp_mode":"catmullrom"},"1.7917":{"post":[-20,0,0],"lerp_mode":"catmullrom"},"2.125":{"post":[-85,0,0],"lerp_mode":"catmullrom"}}},"top_anim8":{"rotation":{"0.0":[0,0,0],"0.75":{"pre":[0,0,0],"post":[0,0,0],"lerp_mode":"catmullrom"},"0.875":{"post":[65,0,0],"lerp_mode":"catmullrom"},"1.7917":{"post":[65,0,0],"lerp_mode":"catmullrom"},"2.125":{"post":[0,0,0],"lerp_mode":"catmullrom"}}}}},"animation.mareanie.ground_walk":{"loop":true,"animation_length":2,"bones":{"tentacle":{"rotation":["60 -7.5 * (math.sin(q.anim_time * 6 * 30 - 45) + 1)",0,0]},"tentacle_bottom":{"rotation":["22.5 - 7.5 * (math.sin(q.anim_time * 6 * 30 - 105) + 1)",0,0]},"tentacle2":{"rotation":["-75 + 7.5 * (math.sin(q.anim_time * 6 * 30 - 45) + 1)",0,0]},"tentacle_middle2":{"rotation":["-10 + 7.5 * (math.sin(q.anim_time * 6 * 30 - 105) + 1)",0,0]},"tentacle_bottom2":{"rotation":[7.5,0,0]},"tentacle3":{"rotation":[-75,-32.5,0]},"tentacle_middle3":{"rotation":["-10 + 7.5 * (math.sin(q.anim_time * 6 * 30 - 105) + 1)",0,0]},"tentacle_bottom3":{"rotation":[7.5,0,0]},"tentacle4":{"rotation":[-75,32.5,0]},"tentacle_middle4":{"rotation":["-10 + 7.5 * (math.sin(q.anim_time * 6 * 30 - 105) + 1)",0,0]},"tentacle_bottom4":{"rotation":[7.5,0,0]},"tentacle5":{"rotation":[0,0,"-75 + 7.5 * (math.sin(q.anim_time * 6 * 30 - 45) + 1)"]},"tentacle_middle5":{"rotation":[0,0,"-10 + 7.5 * (math.sin(q.anim_time * 6 * 30 - 105) + 1)"]},"tentacle_bottom5":{"rotation":[0,0,7.5]},"tentacle6":{"rotation":[0,0,"-75 + 7.5 * (math.sin(q.anim_time * 6 * 30 - 45) + 1)"]},"tentacle_middle6":{"rotation":[0,0,"-10 + 7.5 * (math.sin(q.anim_time * 6 * 30 - 105) + 1)"]},"tentacle_bottom6":{"rotation":[0,0,7.5]},"tentacle7":{"rotation":[75,32.5,0]},"tentacle_middle7":{"rotation":["10 - 7.5 * (math.sin(q.anim_time * 6 * 30 - 105) + 1)",0,0]},"tentacle_bottom7":{"rotation":[-7.5,0,0]},"tentacle8":{"rotation":[75,-32.5,0]},"tentacle_middle8":{"rotation":["10 - 7.5 * (math.sin(q.anim_time * 6 * 30 - 105) + 1)",0,0]},"tentacle_bottom8":{"rotation":[-7.5,0,0]},"tentacle9":{"rotation":[0,0,"75 -7.5 * (math.sin(q.anim_time * 6 * 30 - 45) + 1)"]},"tentacle_middle9":{"rotation":[0,0,"5 - 7.5 * (math.sin(q.anim_time * 6 * 30 - 105) + 1)"]},"tentacle_bottom9":{"rotation":[0,0,-7.5]},"tentacle10":{"rotation":[0,0,"75 -7.5 * (math.sin(q.anim_time * 6 * 30 - 45) + 1)"]},"tentacle_middle10":{"rotation":[0,0,"10 - 7.5 * (math.sin(q.anim_time * 6 * 30 - 105) + 1)"]},"tentacle_bottom10":{"rotation":[0,0,-7.5]},"body":{"position":[0,0,"1 * math.cos(q.anim_time * 6 * 30)"]},"torso":{"rotation":["3.75 * (math.sin(q.anim_time * 6 * 30 - 45) + 1)",0,0],"position":[0,"-0.25+0.25 * (math.cos(q.anim_time * 6 * 30 - 45) + 1)","0.5 * (math.cos(q.anim_time * 6 * 30 - 45) - 0.5)"]},"head":{"rotation":["10 * (math.sin(q.anim_time * 6 * 30 - 165) + 0.5)",0,0]},"bottom_anim2":{"rotation":["7.5 * (math.sin(q.anim_time * 6 * 30 - 165) - 1)",0,0]},"bottom_anim3":{"rotation":["7.5 * (math.sin(q.anim_time * 6 * 30 - 165) - 1)",0,0]},"bottom_anim4":{"rotation":["7.5 * (math.sin(q.anim_time * 6 * 30 - 165) - 1)",0,0]},"bottom_anim5":{"rotation":[0,0,"7.5 * (math.sin(q.anim_time * 6 * 30 - 165) - 1)"]},"bottom_anim6":{"rotation":[0,0,"7.5 * (math.sin(q.anim_time * 6 * 30 - 165) - 1)"]},"bottom_anim7":{"rotation":["- 7.5 * (math.sin(q.anim_time * 6 * 30 - 165) - 1)",0,0]},"bottom_anim8":{"rotation":["-7.5 * (math.sin(q.anim_time * 6 * 30 - 165) - 1)",0,0]},"bottom_anim9":{"rotation":[0,0,"-7.5 * (math.sin(q.anim_time * 6 * 30 - 165) - 1)"]},"bottom_anim10":{"rotation":[0,0,"-7.5 * (math.sin(q.anim_time * 6 * 30 - 165) - 1)"]},"top_anim8":{"rotation":["-7.5 * (math.sin(q.anim_time * 6 * 30 - 45) + 1)",0,0]},"top_anim7":{"rotation":["-7.5 * (math.sin(q.anim_time * 6 * 30 - 45) + 1)",0,0]},"top_anim3":{"rotation":["7.5 * (math.sin(q.anim_time * 6 * 30 - 45) + 1)",0,0]},"top_anim4":{"rotation":["7.5 * (math.sin(q.anim_time * 6 * 30 - 45) + 1)",0,0]}}},"animation.mareanie.ground_idle":{"loop":true,"animation_length":2,"bones":{"tentacle":{"rotation":["60 - 5 * (math.sin(q.anim_time * 6 * 60 + 45) + 0.5)",0,0]},"tentacle_bottom":{"rotation":["22.5 + 7.5 * (math.sin(q.anim_time * 6 * 60 + 105) - 0.5)",0,0]},"tentacle2":{"rotation":["-75 + 5 * (math.sin(q.anim_time * 6 * 60 + 45) + 0.5)",0,0]},"tentacle_middle2":{"rotation":["-10 - 7.5 * (math.sin(q.anim_time * 6 * 60 + 105) + 0.5)",0,0]},"tentacle_bottom2":{"rotation":[7.5,0,0]},"tentacle3":{"rotation":["-75 + 5 * (math.sin(q.anim_time * 6 * 60 + 45) + 0.5)",-32.5,0]},"tentacle_middle3":{"rotation":["-10 - 7.5 * (math.sin(q.anim_time * 6 * 60 + 105) + 0.5)",0,0]},"tentacle_bottom3":{"rotation":[7.5,0,0]},"tentacle4":{"rotation":["-75 + 5 * (math.sin(q.anim_time * 6 * 60 + 45) + 0.5)",32.5,0]},"tentacle_middle4":{"rotation":["-10 - 7.5 * (math.sin(q.anim_time * 6 * 60 + 105) + 0.5)",0,0]},"tentacle_bottom4":{"rotation":[7.5,0,0]},"tentacle5":{"rotation":[0,0,"-75 + 5 * (math.sin(q.anim_time * 6 * 60 + 45) + 0.5)"]},"tentacle_middle5":{"rotation":[0,0,"-10 - 7.5 * (math.sin(q.anim_time * 6 * 60 + 105) + 0.5)"]},"tentacle_bottom5":{"rotation":[0,0,7.5]},"tentacle6":{"rotation":[0,0,"-75 + 5 * (math.sin(q.anim_time * 6 * 60 + 45) + 0.5)"]},"tentacle_middle6":{"rotation":[0,0,"-10 - 7.5 * (math.sin(q.anim_time * 6 * 60 + 105) + 0.5)"]},"tentacle_bottom6":{"rotation":[0,0,7.5]},"tentacle7":{"rotation":["75 - 5 * (math.sin(q.anim_time * 6 * 60 + 45) + 0.5)",32.5,0]},"tentacle_middle7":{"rotation":["10 + 7.5 * (math.sin(q.anim_time * 6 * 60 + 105) + 0.5)",0,0]},"tentacle_bottom7":{"rotation":[-7.5,0,0]},"tentacle8":{"rotation":["75 - 5 * (math.sin(q.anim_time * 6 * 60 + 45) + 0.5)",-32.5,0]},"tentacle_middle8":{"rotation":["10 + 7.5 * (math.sin(q.anim_time * 6 * 60 + 105) + 0.5)",0,0]},"tentacle_bottom8":{"rotation":[-7.5,0,0]},"tentacle9":{"rotation":[0,0,"75 - 5 * (math.sin(q.anim_time * 6 * 60 + 45) + 0.5)"]},"tentacle_middle9":{"rotation":[0,0,"10 + 7.5 * (math.sin(q.anim_time * 6 * 60 + 105) + 0.5)"]},"tentacle_bottom9":{"rotation":[0,0,-7.5]},"tentacle10":{"rotation":[0,0,"75 - 5 * (math.sin(q.anim_time * 6 * 60 + 45) + 0.5)"]},"tentacle_middle10":{"rotation":[0,0,"10 + 7.5 * (math.sin(q.anim_time * 6 * 60 + 105) + 0.5)"]},"tentacle_bottom10":{"rotation":[0,0,-7.5]},"torso":{"position":[0,"0.1 * math.sin(q.anim_time * 6 * 60)",0]},"head":{"rotation":["-3 * (math.sin(q.anim_time * 6 * 60 + 30) - 1)",0,"7.5 * math.sin(q.anim_time * 6 * 30)"],"position":[0,"0.1 * math.sin(q.anim_time * 6 * 60 + 30)",0]},"bottom_anim7":{"rotation":["10 * (math.sin(q.anim_time * 6 * 60 + 90) + 0.5)",0,0]},"bottom_anim8":{"rotation":["10 * (math.sin(q.anim_time * 6 * 60 + 90) + 0.5)",0,0]},"bottom_anim6":{"rotation":[0,0,"-10 * (math.sin(q.anim_time * 6 * 60 + 90) + 0.5)"]},"bottom_anim5":{"rotation":[0,0,"-10 * (math.sin(q.anim_time * 6 * 60 + 90) + 0.5)"]},"bottom_anim9":{"rotation":[0,0,"10 * (math.sin(q.anim_time * 6 * 60 + 90) + 0.5)"]},"bottom_anim10":{"rotation":[0,0,"10 * (math.sin(q.anim_time * 6 * 60 + 90) + 0.5)"]},"bottom_anim4":{"rotation":["-10 * (math.sin(q.anim_time * 6 * 60 + 90) + 0.5)",0,0]},"bottom_anim3":{"rotation":["-10 * (math.sin(q.anim_time * 6 * 60 + 90) + 0.5)",0,0]},"bottom_anim2":{"rotation":["-10 * (math.sin(q.anim_time * 6 * 60 + 90) + 0.5)",0,0]}}},"animation.mareanie.cry":{"animation_length":1.5,"sound_effects":{"0.042":{"effect":"pokemon.mareanie.cry"}},"bones":{"head":{"rotation":{"0.0":[0,0,0],"0.25":[-15,0,0],"1.25":[-15,0,0],"1.5":[0,0,0]}},"mouth_cry":{"position":{"0.0":[0,0,0],"0.25":[0,0,-1],"1.25":[0,0,-1],"1.5":[0,0,0]}}}}}}