{"format_version":"1.8.0","animations":{"animation.meditite.ground_idle":{"loop":true,"animation_length":1,"bones":{"body":{"rotation":[0,0,0],"position":[0,"0.15+math.cos(q.anim_time*90*8)*0.125","-math.cos(q.anim_time*90*8)*0.2"]},"torso":{"rotation":["math.sin(q.anim_time*90*8)*2",0,0]},"head":{"rotation":["-math.sin(q.anim_time*90*8)*2/2",0,0]},"right_leg":{"rotation":[0,-10,0],"position":["math.cos(q.anim_time*90*8)*0.05",0,0]},"right_knee":{"rotation":[0,0,0]},"right_foot":{"rotation":["5+math.cos(q.anim_time*90*8)*5",-5,0]},"right_toes":{"rotation":["-5-math.cos(q.anim_time*90*8)*5",0,0]},"right_arm":{"rotation":[0,12.5,"-40+math.sin(q.anim_time*90*8)*3"]},"left_leg":{"rotation":[0,10,0],"position":["-(math.cos(q.anim_time*90*8)*0.05)",0,0]},"left_knee":{"rotation":[0,0,0]},"left_foot":{"rotation":["5+math.cos(q.anim_time*90*8)*5",5,0]},"left_toes":{"rotation":["-5-math.cos(q.anim_time*90*8)*5",0,0]},"right_elbow":{"rotation":[0,-40,0]},"right_hand":{"rotation":[0,0,-15]},"pointer_right":{"rotation":[0,0,"-12.5-math.cos(q.anim_time*90*8)*5"]},"pinkie_right":{"rotation":[0,0,"-22.5-math.cos(q.anim_time*90*8-45)*5"]},"thumb_right":{"rotation":[17.5,67.5,0]},"pinkie_right_bend":{"rotation":[0,0,"-22.5-math.cos(q.anim_time*90*8-90)*5"]},"pointer_right_bend":{"rotation":[0,0,"-12.5-math.cos(q.anim_time*90*8-45)*5/2"]},"left_arm":{"rotation":[0,-12.5,"40-math.sin(q.anim_time*90*8)*3"]},"left_elbow":{"rotation":[0,40,0]},"left_hand":{"rotation":[0,0,15]},"thumb_left":{"rotation":[17.5,-67.5,0]},"pointer_left":{"rotation":[0,0,"12.5+math.cos(q.anim_time*90*8)*5"]},"pointer_left_bend":{"rotation":[0,0,"12.5+math.cos(q.anim_time*90*8-45)*5/2"]},"pinkie_left":{"rotation":[0,0,"22.5+math.cos(q.anim_time*90*8-45)*5"]},"pinkie_left_bend":{"rotation":[0,0,"22.5+math.cos(q.anim_time*90*8-90)*5"]},"right_ear":{"rotation":[0,0,0]}}},"animation.meditite.ground_walk":{"loop":true,"animation_length":0.5,"bones":{"body":{"rotation":[0,0,0],"position":{"0.0":[0,0.1,0],"0.125":[0,0.35,0],"0.25":[0,0.1,0],"0.375":[0,0.35,0],"0.5":[0,0.1,0]}},"torso":{"rotation":["math.sin(q.anim_time*90*8*2+90)*2","-math.cos(q.anim_time*90*8)*2","math.sin(q.anim_time*90*8+90)"],"position":[0,"-1/6+math.sin(q.anim_time*90*8*2)/6",0]},"right_leg":{"rotation":["math.cos(q.anim_time*90*8)*20",0,0],"position":[0,"math.clamp(math.sin(q.anim_time*90*8)/2,0,2)","math.cos(q.anim_time*90*8)/2"]},"right_knee":{"rotation":["math.clamp(math.sin(q.anim_time*90*8)*30,0,30)",0,0]},"right_foot":{"rotation":{"0.0":{"post":[0,0,0],"lerp_mode":"catmullrom"},"0.0833":{"post":[20,0,0],"lerp_mode":"catmullrom"},"0.2083":{"post":[-22.5,0,0],"lerp_mode":"catmullrom"},"0.25":{"post":[20,0,0],"lerp_mode":"catmullrom"},"0.5":{"post":[0,0,0],"lerp_mode":"catmullrom"}}},"right_toes":{"rotation":{"0.0":{"post":[-20,0,0],"lerp_mode":"catmullrom"},"0.0833":{"post":[0,0,0],"lerp_mode":"catmullrom"},"0.25":{"post":[0,0,0],"lerp_mode":"catmullrom"},"0.5":{"post":[-20,0,0],"lerp_mode":"catmullrom"}}},"right_arm":{"rotation":[0,"math.cos(q.anim_time*90*8)*20",-40]},"left_leg":{"rotation":["-math.cos(q.anim_time*90*8)*20",0,0],"position":[0,"math.clamp(-math.sin(q.anim_time*90*8)/2,0,2)","-math.cos(q.anim_time*90*8)/2"]},"left_knee":{"rotation":["math.clamp(-math.sin(q.anim_time*90*8)*30,0,30)",0,0]},"left_foot":{"rotation":{"0.0":{"post":[20,0,0],"lerp_mode":"catmullrom"},"0.25":{"post":[0,0,0],"lerp_mode":"catmullrom"},"0.3333":{"post":[20,0,0],"lerp_mode":"catmullrom"},"0.4583":{"post":[-22.5,0,0],"lerp_mode":"catmullrom"},"0.5":{"post":[20,0,0],"lerp_mode":"catmullrom"}}},"left_toes":{"rotation":{"0.0":{"post":[0,0,0],"lerp_mode":"catmullrom"},"0.25":{"post":[-20,0,0],"lerp_mode":"catmullrom"},"0.3333":{"post":[0,0,0],"lerp_mode":"catmullrom"},"0.5":{"post":[0,0,0],"lerp_mode":"catmullrom"}}},"right_elbow":{"rotation":[0,"-15+math.sin(q.anim_time*90*8)*15",0]},"right_hand":{"rotation":[0,0,0]},"pointer_right":{"rotation":[0,0,-60]},"pinkie_right":{"rotation":[0,0,-70]},"thumb_right":{"rotation":[17.5,67.5,0]},"pinkie_right_bend":{"rotation":[0,0,-70]},"pointer_right_bend":{"rotation":[0,0,-60]},"left_arm":{"rotation":[0,"math.cos(q.anim_time*90*8)*20",40]},"left_elbow":{"rotation":[0,"15+math.sin(q.anim_time*90*8)*15",0]},"left_hand":{"rotation":[0,0,0]},"thumb_left":{"rotation":[17.5,-67.5,0]},"pointer_left":{"rotation":[0,0,60]},"pointer_left_bend":{"rotation":[0,0,60]},"pinkie_left":{"rotation":[0,0,70]},"pinkie_left_bend":{"rotation":[0,0,70]},"right_ear":{"rotation":[0,0,0]}}},"animation.meditite.air_idle":{"loop":true,"animation_length":8,"bones":{"head":{"rotation":[2.5,0,0]},"right_arm":{"rotation":[0.64743,-2.41474,-37.51367]},"right_elbow":{"rotation":[0,-15,0]},"right_hand":{"rotation":[-138.12598,-10.51794,6.79286]},"thumb_right":{"rotation":["32.5+math.sin(q.anim_time*90)*20",0,0]},"pointer_right":{"rotation":[0,0,"-60-math.sin(q.anim_time*90-45)*10"]},"pinkie_right":{"rotation":[0,15,"-47.5-math.sin(q.anim_time*90)*10"]},"right_leg":{"rotation":[-125.10476,-6.80428,93.45134],"position":[2.25,0,-1.25]},"right_knee":{"rotation":[87.5,0,0]},"right_foot":{"rotation":[34.97638,1.2497,-2.16541],"position":[0,-1.5,0]},"left_leg":{"rotation":[-125.10476,6.8043,-93.4513],"position":[-2.25,0,-1.25]},"left_knee":{"rotation":[87.5,0,0]},"left_foot":{"rotation":[34.97638,-1.2497,2.1654],"position":[0,-1.5,0]},"pointer_right_bend":{"rotation":[0,0,"-17.5-math.sin(q.anim_time*90-45-45)*10"]},"pinkie_right_bend":{"rotation":[0,0,"-40-math.sin(q.anim_time*90-45)*10"]},"left_arm":{"rotation":[0.64743,2.41474,37.51367]},"left_elbow":{"rotation":[0,15,0]},"left_hand":{"rotation":[-138.12598,10.51794,-6.79286]},"thumb_left":{"rotation":["32.5+math.sin(q.anim_time*90)*20",0,0]},"pointer_left":{"rotation":[0,0,"60+math.sin(q.anim_time*90-45)*10"]},"pointer_left_bend":{"rotation":[0,0,"17.5+math.sin(q.anim_time*90-45-45)*10"]},"pinkie_left":{"rotation":[0,-15,"47.5+math.sin(q.anim_time*90)*10"]},"pinkie_left_bend":{"rotation":[0,0,"40+math.sin(q.anim_time*90-45)*10"]},"body":{"rotation":["math.cos(q.anim_time*45*2+90)*2",0,"math.sin(q.anim_time*90*2)"],"position":["math.sin(q.anim_time*45)/2","math.cos(q.anim_time*45*2)/2",0]}}},"animation.meditite.air_fly":{"loop":true,"animation_length":8,"bones":{"head":{"rotation":[0,0,0]},"right_arm":{"rotation":[0.64743,-2.41474,-37.51367]},"right_elbow":{"rotation":[0,-15,0]},"right_hand":{"rotation":[-138.12598,-10.51794,6.79286]},"thumb_right":{"rotation":["32.5+math.sin(q.anim_time*90)*20",0,0]},"pointer_right":{"rotation":[0,0,"-60-math.sin(q.anim_time*90-45)*10"]},"pinkie_right":{"rotation":[0,15,"-47.5-math.sin(q.anim_time*90)*10"]},"right_leg":{"rotation":[-125.10476,-6.80428,93.45134],"position":[2.25,0,-1.25]},"right_knee":{"rotation":[87.5,0,0]},"right_foot":{"rotation":[34.97638,1.2497,-2.16541],"position":[0,-1.5,0]},"left_leg":{"rotation":[-125.10476,6.8043,-93.4513],"position":[-2.25,0,-1.25]},"left_knee":{"rotation":[87.5,0,0]},"left_foot":{"rotation":[34.97638,-1.2497,2.1654],"position":[0,-1.5,0]},"pointer_right_bend":{"rotation":[0,0,"-17.5-math.sin(q.anim_time*90-45-45)*10"]},"pinkie_right_bend":{"rotation":[0,0,"-40-math.sin(q.anim_time*90-45)*10"]},"left_arm":{"rotation":[0.64743,2.41474,37.51367]},"left_elbow":{"rotation":[0,15,0]},"left_hand":{"rotation":[-138.12598,10.51794,-6.79286]},"thumb_left":{"rotation":["32.5+math.sin(q.anim_time*90)*20",0,0]},"pointer_left":{"rotation":[0,0,"60+math.sin(q.anim_time*90-45)*10"]},"pointer_left_bend":{"rotation":[0,0,"17.5+math.sin(q.anim_time*90-45-45)*10"]},"pinkie_left":{"rotation":[0,-15,"47.5+math.sin(q.anim_time*90)*10"]},"pinkie_left_bend":{"rotation":[0,0,"40+math.sin(q.anim_time*90-45)*10"]},"body":{"rotation":["10+math.cos(q.anim_time*45*2+90)*2",0,"math.sin(q.anim_time*90*2)"],"position":["math.sin(q.anim_time*90)/2","math.cos(q.anim_time*90*2)/2","math.cos(q.anim_time*90*2-44)"]},"torso":{"rotation":[0,0,0]}}},"animation.meditite.blink":{"animation_length":0.20833,"bones":{"right_eye_closed":{"position":{"0.0":[0,0,-0.1],"0.125":[0,0,-0.1],"0.2083":[0,0,0]}},"left_eye_closed":{"position":{"0.0":[0,0,-0.1],"0.125":[0,0,-0.1],"0.2083":[0,0,0]}}}}}}