{"format_version":"1.8.0","animations":{"animation.meloetta_pirouette.ground_idle":{"loop":true,"bones":{"body":{"rotation":[-7.5,0,"0-0.25*Math.cos((query.anim_time-0) * 90 * 3) *1"],"position":["0.1*Math.cos((query.anim_time-0) * 90 * 3) *1",0,"0.1*Math.cos((query.anim_time-0.25) * 90 * 3) *1"]},"torso":{"rotation":[7.5,0,0]},"right_arm":{"rotation":[42.40922,-16.18709,-16.2592]},"right_elbow":{"rotation":[0,-90,0]},"right_hand":{"rotation":[0,0,-5]},"left_arm":{"rotation":[42.40922,16.1871,16.2592]},"left_elbow":{"rotation":[0,90,0]},"left_hand":{"rotation":[0,0,5]},"skirt_front_left":{"rotation":["0-0.5*Math.cos((query.anim_time-0.5) * 90 * 3) *1",0,"20+1.5*Math.cos((query.anim_time-0.75) * 90 * 3) *1"]},"left_leg":{"rotation":["-0.3289-0.25*Math.cos((query.anim_time-0.25) * 90 * 3) *1",-7.48852,"2.5215+0.75*Math.cos((query.anim_time-0) * 90 * 3) *1"]},"left_knee":{"rotation":[15,0,0]},"right_leg":{"rotation":["-33.7638-1.5*Math.cos((query.anim_time-0.5) * 90 * 3) *1",26.7252,9.42383]},"right_knee":{"rotation":["77.5-1*Math.cos((query.anim_time-0.25) * 90 * 3) *1",0,0]},"skirt_front_right":{"rotation":["0-0.5*Math.cos((query.anim_time-0.5) * 90 * 3) *1",0,"-20-1.5*Math.cos((query.anim_time-0.75) * 90 * 3) *1"]},"skirt_back_right":{"rotation":[0,0,-20]},"skirt_back_left":{"rotation":[0,0,20]},"head":{"rotation":["1*Math.cos((query.anim_time-0.5) * 90 * 3) *1",0,"-0.5*Math.cos((query.anim_time-0.25) * 90 * 3) *1"]}}},"animation.meloetta_pirouette.blink":{"animation_length":0.1667,"bones":{"eye_left_open":{"position":{"0.0":[0,0,0.1],"0.125":[0,0,0.1],"0.1667":[0,0,0]}},"eye_left_closed":{"position":{"0.0":[0,0,-0.1],"0.125":[0,0,-0.1],"0.1667":[0,0,0]}},"eye_right_open":{"position":{"0.0":[0,0,0.1],"0.125":[0,0,0.1],"0.1667":[0,0,0]}},"eye_right_closed":{"position":{"0.0":[0,0,-0.1],"0.125":[0,0,-0.1],"0.1667":[0,0,0]}}}},"animation.meloetta_pirouette.angry_eyes":{"loop":true,"bones":{"eye_left_open":{"position":[0,0,0.1]},"eye_left_angry":{"position":[0,0,-0.1]},"eye_right_open":{"position":[0,0,0.1]},"eye_right_angry":{"position":[0,0,-0.1]}}},"animation.meloetta_pirouette.displeased_eyes":{"loop":true,"bones":{"eye_left_open":{"position":[0,0,0.1]},"eye_left_displeased":{"position":[0,0,-0.1]},"eye_right_open":{"position":[0,0,0.1]},"eye_right_displeased":{"position":[0,0,-0.1]}}},"animation.meloetta_pirouette.happy_eyes":{"loop":true,"bones":{"eye_left_open":{"position":[0,0,0.1]},"eye_left_happy":{"position":[0,0,-0.1]},"eye_right_open":{"position":[0,0,0.1]},"eye_right_happy":{"position":[0,0,-0.1]}}},"animation.meloetta_pirouette.hurt_eyes":{"loop":true,"bones":{"eye_left_open":{"position":[0,0,0.1]},"eye_left_hurt":{"position":[0,0,-0.1]},"eye_right_open":{"position":[0,0,0.1]},"eye_right_hurt":{"position":[0,0,-0.1]}}},"animation.meloetta_pirouette.sad_eyes":{"loop":true,"bones":{"eye_left_open":{"position":[0,0,0.1]},"eye_left_sad":{"position":[0,0,-0.1]},"eye_right_open":{"position":[0,0,0.1]},"eye_right_sad":{"position":[0,0,-0.1]}}},"animation.meloetta_pirouette.smile_mouth":{"loop":true,"bones":{"mouth_neutral":{"position":[0,0,0.1]},"mouth_smile":{"position":[0,0,-0.1]}}},"animation.meloetta_pirouette.frown_mouth":{"loop":true,"bones":{"mouth_neutral":{"position":[0,0,0.1]},"mouth_frown":{"position":[0,0,-0.1]}}},"animation.meloetta_pirouette.sing_mouth":{"loop":true,"bones":{"mouth_neutral":{"position":[0,0,0.1]},"mouth_sing":{"position":[0,0,-0.1]}}},"animation.meloetta_pirouette.smile_open_mouth":{"loop":true,"bones":{"mouth_neutral":{"position":[0,0,0.1]},"mouth_smile_open":{"position":[0,0,-0.1]}}},"animation.meloetta_pirouette.frown_open_mouth":{"loop":true,"bones":{"mouth_neutral":{"position":[0,0,0.1]},"mouth_frown_open":{"position":[0,0,-0.1]}}},"animation.meloetta_pirouette.render":{"loop":true,"bones":{"body":{"rotation":[-10.99325,49.91662,-1.34682]},"torso2":{"rotation":[7.5,0,0]},"head":{"rotation":[8.94768,-33.69098,-12.55545]},"eye_left_open":{"position":[0,0,0.1]},"eye_left_closed":{"position":[0,0,-0.1]},"mouth_sing":{"position":[0,0,-0.1]},"right_arm":{"rotation":[0.78795,-17.48281,-37.62116]},"right_elbow":{"rotation":[0,0,7.5]},"right_hand":{"rotation":[0,0,25]},"left_arm":{"rotation":[36.22713,-58.44189,-24.52367],"position":[0,0,1]},"left_elbow":{"rotation":[0,117.5,0],"position":[0,0,-1]},"left_hand":{"rotation":[2.5301,-0.04051,56.90984]},"skirt_front_left":{"rotation":[27.5,0,42.5]},"skirt_front_right":{"rotation":[0,0,-35]},"skirt_back_right":{"rotation":[-12.5,0,-25]},"skirt_back_left":{"rotation":[0,0,22.5]},"left_leg":{"rotation":[-42.5,0,0]},"left_knee":{"rotation":[90,0,0]},"right_leg":{"rotation":[5,0,0]},"right_knee":{"rotation":[0,0,0]}}},"animation.meloetta_pirouette.ground_walk":{"loop":true,"bones":{"body":{"rotation":[0,0,"1*Math.cos((query.anim_time-0) * 90 * 3) *1"],"position":[0,"math.cos((q.anim_time-0.2)*360*2)*0.25",0]},"torso":{"rotation":[7.5,0,0]},"right_arm":{"rotation":[42.40922,"-16.1871+math.cos((q.anim_time-0.4)*360*1)*12+math.cos((q.anim_time-0.4)*360*1)*12",-16.2592]},"right_elbow":{"rotation":[0,-90,0]},"right_hand":{"rotation":[0,0,-5]},"left_arm":{"rotation":[42.40922,"16.1871+math.cos((q.anim_time-0.4)*360*1)*12+math.cos((q.anim_time-0.4)*360*1)*12",16.2592]},"left_elbow":{"rotation":[0,90,0]},"left_hand":{"rotation":[0,0,5]},"skirt_front_left":{"rotation":["0-0.5*Math.cos((query.anim_time-0.5) * 90 * 3) *1",0,"20+1.5*Math.cos((query.anim_time-0.75) * 90 * 3) *1"]},"left_leg":{"rotation":["math.cos((q.anim_time -0.8)*360*1)*25",0,0]},"left_knee":{"rotation":["10+math.cos((q.anim_time)*90*4)*12",0,0]},"right_leg":{"rotation":["-math.cos((q.anim_time -0.8)*360*1)*25",0,0]},"right_knee":{"rotation":["20-math.cos((q.anim_time)*90*4)*12",0,0]},"skirt_front_right":{"rotation":["0-0.5*Math.cos((query.anim_time-0.5) * 90 * 3) *1",0,"-20-1.5*Math.cos((query.anim_time-0.75) * 90 * 3) *1"]},"skirt_back_right":{"rotation":[0,0,-20]},"skirt_back_left":{"rotation":[0,0,20]},"head":{"rotation":[0,0,"math.cos((q.anim_time-0.2)*360*1)*1"]}}}}}