{"format_version":"1.8.0","animations":{"animation.mienshao.ground_idle":{"loop":true,"bones":{"whisker_left":{"rotation":[0,"math.sin(query.anim_time * 120) * 5",0]},"whisker_right":{"rotation":["math.sin(query.anim_time * 120) * -5",0,0]},"arm_left":{"rotation":[27.5,0,0]},"arm_left_lower":{"rotation":[-45,45,-52.5]},"arm_right":{"rotation":[22.5,0,0]},"arm_right_lower":{"rotation":[-52.5481,-45.97382,61.15548]},"tail":{"rotation":["math.sin(query.anim_time * 120) * 5",0,0]},"tail_2":{"rotation":["math.sin(query.anim_time * 120) * 5",0,0]},"tail_3":{"rotation":["math.sin(query.anim_time * 120) * 5",0,0]},"tail_4":{"rotation":["math.sin(query.anim_time * 120) * 5",0,0]}}},"animation.mienshao.ground_walk":{"loop":true,"animation_length":9.41667,"bones":{"whisker_left":{"rotation":[0,"math.sin(query.anim_time * 120) * 5",0]},"whisker_right":{"rotation":["math.sin(query.anim_time * 120) * -5",0,0]},"arm_left":{"rotation":[27.5,0,0]},"arm_left_lower":{"rotation":[-45,45,-52.5]},"arm_right":{"rotation":[22.5,0,0]},"arm_right_lower":{"rotation":[-52.5481,-45.97382,61.15548]},"tail":{"rotation":["math.sin(query.anim_time * 120) * 5",0,0]},"tail_2":{"rotation":["math.sin(query.anim_time * 120) * 5",0,0]},"tail_3":{"rotation":["math.sin(query.anim_time * 120) * 5",0,0]},"tail_4":{"rotation":["math.sin(query.anim_time * 120) * 5",0,0]},"leg_left":{"rotation":["math.sin(query.anim_time * 360) * 25",0,0]},"leg_right":{"rotation":["math.sin(query.anim_time * 360) * -25",0,0]}}},"animation.mienshao.blink":{"animation_length":0.16667,"bones":{"eyelid_left":{"position":{"0.0":[1,0,0],"0.125":[0,0,0],"0.1667":[0,0,0]}},"eyelid_right":{"position":{"0.0":[-1,0,0],"0.125":[0,0,0],"0.1667":[0,0,0]}}}}}}