{"format_version":"1.8.0","animations":{"animation.mothim.ground_idle":{"loop":true,"bones":{"head":{"rotation":[12.5,0,0]},"thing_left":{"rotation":[-12.43656,0.9762,7.43656]},"body":{"rotation":[-5,0,0]},"arm_left":{"rotation":[11.29872,25.99224,25.12642]},"arm_right":{"rotation":[11.29872,-25.99224,-25.12642]},"leg_left":{"rotation":[32.81238,-24.75055,6.58661]},"upperwing_right":{"rotation":[0,"5+math.sin(query.anim_time * 90 * 3) * - 5",25]},"lowerwing_right":{"rotation":[-1.6575,"12.3914+math.sin(query.anim_time * 90 * 3) * -5",-27.67995]},"leg_right":{"rotation":[32.81238,24.75055,-6.58661]},"upperwing_left":{"rotation":[0,"-5+math.sin(query.anim_time * 90 * 3) * 5",-25]},"lowerwing_left":{"rotation":[-1.6575,"-12.3914+math.sin(query.anim_time * 90 * 3) * 5",27.67995]},"thing_right":{"rotation":[-12.43656,-0.9762,-7.43656]}}},"animation.mothim.blink":{"animation_length":0.25,"bones":{"eyeclosed_left":{"position":{"0.0":[0,0,-1],"0.1667":[0,0,-1],"0.2083":[0,0,0]}},"eyeclosed_right":{"position":{"0.0":[0,0,-1],"0.1667":[0,0,-1],"0.2083":[0,0,0]}},"eyeopened_left":{"position":{"0.0":[0,0,1],"0.1667":[0,0,1],"0.2083":[0,0,0]}},"eyeopened_right":{"position":{"0.0":[0,0,1],"0.1667":[0,0,1],"0.2083":[0,0,0]}}}}}}