{"format_version":"1.8.0","animations":{"animation.mrrime.ground_idle":{"loop":true,"animation_length":1.75,"bones":{"chest":{"rotation":{"0.0":[5,0,0],"0.7917":[4.95744,0.65182,-7.47178],"1.75":[5,0,0]}},"shoulder_left":{"rotation":{"0.0":[0,0,-2.5],"0.75":[0,0,10],"1.75":[0,0,-2.5]}},"arm_left":{"rotation":{"0.0":[24.66569,-4.20854,9.07947],"1.75":[24.66569,-4.20854,9.07947]}},"arm_left2":{"rotation":[-35.96065,37.42655,-50.04719]},"arm_left3":{"rotation":[-7.09999,21.40584,-18.84359]},"bone":{"rotation":{"0.0":[0,0,90],"0.75":[0,0,90],"1.75":[0,0,90]},"position":{"0.0":[1.39013,1.64995,-0.88612],"1.75":[1.39,1.65,-0.89]}},"finger3_left_rotation":{"rotation":{"0.0":[0,0,107],"1.75":[0,0,107]},"position":{"0.0":[-0.26169,1.90247,0.2227],"1.75":[-0.26,1.9,0.22]}},"thumb_left_rotation":{"rotation":{"0.0":[0,0,92.5],"1.75":[0,0,92.5]}},"shoulder_right":{"rotation":{"0.0":[0,0,-25],"0.75":[0,0,0],"1.75":[0,0,-25]}},"arm_right":{"rotation":{"0.0":[0,0,0],"1.75":[0,0,0]}},"arm_right3":{"rotation":{"0.0":[4.69986,-1.70818,59.9299],"0.75":[3.9705,-3.04137,77.39455],"1.75":[4.69986,-1.70818,59.9299]}},"wrist_right":{"rotation":{"0.0":[-90,0,17.5],"0.75":[-90,0,2.5],"1.75":[-90,0,17.5]}},"head":{"rotation":{"0.0":[0,0,0],"0.7917":[0,0,10],"1.75":[0,0,0]}},"leg_left2":{"rotation":{"0.0":[-13.87036,-13.74723,-4.97199],"0.8333":[1.73972,-13.68462,-7.54458],"1.75":[-13.87036,-13.74723,-4.97199]}},"foot_left":{"rotation":{"0.0":[-12.5,0,0],"0.8333":[2.5,0,0],"1.75":[-12.5,0,0]}},"foot_left2":{"rotation":{"0.0":[-5,0,0],"1.75":[-7.5,0,0]}},"leg_right2":{"rotation":{"0.0":[-2.5,20,2.5],"0.7917":[-2.5,20,2.5],"1.75":[-2.5,20,2.5]}},"leg_right5":{"rotation":{"0.0":[10,0,0],"1.75":[10,0,0]}},"leg_right3":{"rotation":{"0.0":[0,15,0],"1.75":[0,15,0]}},"foot_right":{"rotation":{"0.0":[0,0,0],"1.75":[0,0,0]}},"wrist_left":{"rotation":{"0.0":[-15,0,12.5],"0.75":[-17.5,0,12.5],"1.75":[-15,0,12.5]}},"eye_left":{"scale":1}}}}}