{"format_version":"1.8.0","animations":{"animation.necrozma.ground_idle":{"loop":true,"bones":{"left_leg":{"rotation":["-13.5831+math.sin(q.anim_time*90*1.5+150)*7.5",1.7782,-15.36551],"position":[-1,0,-0.5]},"left_leg2":{"rotation":["0+math.sin(q.anim_time*90*1.5-30)*5",0,0]},"right_Arm5":{"rotation":[0,-7.5,-85]},"right_hand3":{"rotation":["-10+math.sin(q.anim_time*90*1.5+60)*7.5","0+math.sin(q.anim_time*90*1.5+60)*2.5",-17.5]},"right_finger3a":{"rotation":[0,0,"0+math.clamp(math.sin(q.anim_time*90*1.5-60)*5,-2.5,5)"]},"right_finger3b":{"rotation":[0,0,"0+math.clamp(math.sin(q.anim_time*90*1.5-60)*30,-20,30)"]},"right_finger1a":{"rotation":[0,0,"0+math.clamp(math.sin(q.anim_time*90*1.5-60)*5,-2.5,5)"]},"right_finger1b":{"rotation":[0,0,"0+math.clamp(math.sin(q.anim_time*90*1.5-60)*30,-20,30)"]},"right_finger2a":{"rotation":[0,0,"0+math.clamp(math.sin(q.anim_time*90*1.5-60)*5,-2.5,5)"]},"right_finger2b":{"rotation":[0,0,"0+math.clamp(math.sin(q.anim_time*90*1.5-60)*30,-20,30)"]},"left_arm":{"rotation":["-175+math.sin(q.anim_time*90*1.5-60)*2.5","-180-math.sin(q.anim_time*90*1.5)*5","-200-math.sin(q.anim_time*90*1.5-30)*5"],"position":[0,0,-1]},"left_arm2":{"rotation":[0,7.5,-85],"position":[0,1,0]},"left_hand":{"rotation":["10-math.sin(q.anim_time*90*1.5+60)*7.5","0-math.sin(q.anim_time*90*1.5+60)*2.5",-17.5]},"left_finger1a":{"rotation":[0,0,"0+math.clamp(math.sin(q.anim_time*90*1.5-60)*5,-2.5,5)"]},"left_finger1b":{"rotation":[0,0,"0+math.clamp(math.sin(q.anim_time*90*1.5-60)*30,-20,30)"]},"left_finger2a":{"rotation":[0,0,"0+math.clamp(math.sin(q.anim_time*90*1.5-60)*5,-2.5,5)"]},"left_finger2b":{"rotation":[0,0,"0+math.clamp(math.sin(q.anim_time*90*1.5-60)*30,-20,30)"]},"left_finger3a":{"rotation":[0,0,"0+math.clamp(math.sin(q.anim_time*90*1.5-60)*5,-2.5,5)"]},"left_finger3b":{"rotation":[0,0,"0+math.clamp(math.sin(q.anim_time*90*1.5-60)*30,-20,30)"]},"right_arm":{"rotation":["175-math.sin(q.anim_time*90*1.5-60)*2.5","180+math.sin(q.anim_time*90*1.5)*5","200+math.sin(q.anim_time*90*1.5-30)*5"],"position":[0,0,-0.5]},"right_arm2":{"rotation":[0,-7.5,85]},"arm_spike2":{"rotation":[7.5,0,30]},"right_leg":{"rotation":["-13.5831+math.sin(q.anim_time*90*1.5+150)*7.5",1.7782,15.3655],"position":[1,0,-0.5]},"arm_spike3":{"rotation":[7.5,0,-30]},"body":{"rotation":["0-math.sin(q.anim_time*90*1.5)*2",0,0],"position":[0,"6+math.sin(q.anim_time*90*1.5)*1.5",0]},"torso":{"rotation":["0-math.sin(q.anim_time*90*1.5-60)*2.5",0,0]},"chest":{"rotation":[0,0,0]},"head":{"rotation":["0-math.sin(q.anim_time*90*1.5-60)*2.5",0,0]},"arm_left":{"rotation":["-3.0947+math.sin(q.anim_time*90*1.5-60)*2.5","-22.2971-math.sin(q.anim_time*90*1.5)*5","-34.39-math.sin(q.anim_time*90*1.5-30)*5"],"position":[-2,-1,0]},"bone25":{"rotation":[0,0,40],"position":[-1,-1,0]},"arm_left2":{"rotation":[22.98725,11.53607,102.35196],"position":[0,1,0]},"finger_middle_left":{"rotation":[0,0,"0+math.clamp(math.sin(q.anim_time*90*1.5-60)*5,-2.5,5)"]},"finger_middle_left2":{"rotation":[0,0,"0+math.clamp(math.sin(q.anim_time*90*1.5-60)*30,-20,30)"]},"finger_back_left2":{"rotation":[0,0,"0+math.clamp(math.sin(q.anim_time*90*1.5-60)*30,-20,30)"]},"finger_front_left":{"rotation":["0+math.clamp(math.sin(q.anim_time*90*1.5-60)*5,-2.5,5)","0+math.clamp(math.sin(q.anim_time*90*1.5-60)*5,-2.5,5)",0]},"finger_front_left2":{"rotation":[0,0,"0+math.clamp(math.sin(q.anim_time*90*1.5-60)*30,-20,30)"]},"arm_right":{"rotation":["-3.0947+math.sin(q.anim_time*90*1.5-60)*2.5","22.2971+math.sin(q.anim_time*90*1.5)*5","34.39+math.sin(q.anim_time*90*1.5-30)*5"],"position":[2,-1,0]},"bone2":{"rotation":[0,0,-40],"position":[-1,-1,0]},"arm_right2":{"rotation":[22.98725,-11.5361,-102.352],"position":[0,-1,0]},"finger_middle_right2":{"rotation":[0,0,"0-math.clamp(math.sin(q.anim_time*90*1.5-60)*30,-20,30)"]},"finger_back_right2":{"rotation":[0,0,"0-math.clamp(math.sin(q.anim_time*90*1.5-60)*30,-20,30)"]},"finger_front_right":{"rotation":["0+math.clamp(math.sin(q.anim_time*90*1.5-60)*5,-2.5,5)","0+math.clamp(math.sin(q.anim_time*90*1.5-60)*5,-2.5,5)",0]},"finger_front_right2":{"rotation":[0,0,"0-math.clamp(math.sin(q.anim_time*90*1.5-60)*30,-20,30)"]},"necrozma":{"position":[0,0,0]},"body_rotation":{"position":[0,15,0]},"prism":{"scale":0}}},"animation.necrozma.ground_walk":{"loop":true,"bones":{"left_leg":{"rotation":["-13.5831+math.sin(q.anim_time*90*1.5+150)*7.5",1.7782,-15.36551],"position":[-1,0,-0.5]},"left_leg2":{"rotation":["0+math.sin(q.anim_time*90*1.5-30)*5",0,0]},"right_Arm5":{"rotation":[0,-7.5,-85]},"right_hand3":{"rotation":["-10+math.sin(q.anim_time*90*1.5+60)*7.5","0+math.sin(q.anim_time*90*1.5+60)*2.5",-17.5]},"right_finger3a":{"rotation":[0,0,"0+math.clamp(math.sin(q.anim_time*90*1.5-60)*5,-2.5,5)"]},"right_finger3b":{"rotation":[0,0,"0+math.clamp(math.sin(q.anim_time*90*1.5-60)*30,-20,30)"]},"right_finger1a":{"rotation":[0,0,"0+math.clamp(math.sin(q.anim_time*90*1.5-60)*5,-2.5,5)"]},"right_finger1b":{"rotation":[0,0,"0+math.clamp(math.sin(q.anim_time*90*1.5-60)*30,-20,30)"]},"right_finger2a":{"rotation":[0,0,"0+math.clamp(math.sin(q.anim_time*90*1.5-60)*5,-2.5,5)"]},"right_finger2b":{"rotation":[0,0,"0+math.clamp(math.sin(q.anim_time*90*1.5-60)*30,-20,30)"]},"left_arm":{"rotation":["-175+math.sin(q.anim_time*90*1.5-60)*2.5","-180-math.sin(q.anim_time*90*1.5)*5","-200-math.sin(q.anim_time*90*1.5-30)*5"],"position":[0,0,-1]},"left_arm2":{"rotation":[0,7.5,-85],"position":[0,1,0]},"left_hand":{"rotation":["10-math.sin(q.anim_time*90*1.5+60)*7.5","0-math.sin(q.anim_time*90*1.5+60)*2.5",-17.5]},"left_finger1a":{"rotation":[0,0,"0+math.clamp(math.sin(q.anim_time*90*1.5-60)*5,-2.5,5)"]},"left_finger1b":{"rotation":[0,0,"0+math.clamp(math.sin(q.anim_time*90*1.5-60)*30,-20,30)"]},"left_finger2a":{"rotation":[0,0,"0+math.clamp(math.sin(q.anim_time*90*1.5-60)*5,-2.5,5)"]},"left_finger2b":{"rotation":[0,0,"0+math.clamp(math.sin(q.anim_time*90*1.5-60)*30,-20,30)"]},"left_finger3a":{"rotation":[0,0,"0+math.clamp(math.sin(q.anim_time*90*1.5-60)*5,-2.5,5)"]},"left_finger3b":{"rotation":[0,0,"0+math.clamp(math.sin(q.anim_time*90*1.5-60)*30,-20,30)"]},"right_arm":{"rotation":["175-math.sin(q.anim_time*90*1.5-60)*2.5","180+math.sin(q.anim_time*90*1.5)*5","200+math.sin(q.anim_time*90*1.5-30)*5"],"position":[0,0,-0.5]},"right_arm2":{"rotation":[0,-7.5,85]},"arm_spike2":{"rotation":[7.5,0,30]},"right_leg":{"rotation":["-13.5831+math.sin(q.anim_time*90*1.5+150)*7.5",1.7782,15.3655],"position":[1,0,-0.5]},"arm_spike3":{"rotation":[7.5,0,-30]},"body":{"rotation":["0-math.sin(q.anim_time*90*1.5)*2",0,0],"position":[0,"6+math.sin(q.anim_time*90*1.5)*1.5",0]},"torso":{"rotation":["0-math.sin(q.anim_time*90*1.5-60)*2.5",0,0]},"chest":{"rotation":[0,0,0]},"head":{"rotation":["-27.5-math.sin(q.anim_time*90*1.5-60)*2.5",0,0],"position":[0,-1.42246,-1.40592]},"arm_left":{"rotation":["21.9772+math.sin(q.anim_time*90*1.5-60)*2.5","-0.2423-math.sin(q.anim_time*90*1.5)*5","-34.0211-math.sin(q.anim_time*90*1.5-30)*5"],"position":[-2,-1,0]},"bone25":{"rotation":[0,0,40],"position":[-1,-1,0]},"arm_left2":{"rotation":[22.98725,11.53607,102.35196],"position":[0,1,0]},"finger_middle_left":{"rotation":[0,0,"0+math.clamp(math.sin(q.anim_time*90*1.5-60)*5,-2.5,5)"]},"finger_middle_left2":{"rotation":[0,0,"0+math.clamp(math.sin(q.anim_time*90*1.5-60)*30,-20,30)"]},"finger_back_left2":{"rotation":[0,0,"0+math.clamp(math.sin(q.anim_time*90*1.5-60)*30,-20,30)"]},"finger_front_left":{"rotation":["0+math.clamp(math.sin(q.anim_time*90*1.5-60)*5,-2.5,5)","0+math.clamp(math.sin(q.anim_time*90*1.5-60)*5,-2.5,5)",0]},"finger_front_left2":{"rotation":[0,0,"0+math.clamp(math.sin(q.anim_time*90*1.5-60)*30,-20,30)"]},"arm_right":{"rotation":["21.3504+math.sin(q.anim_time*90*1.5-60)*2.5","-0.8246+math.sin(q.anim_time*90*1.5)*5","31.8519+math.sin(q.anim_time*90*1.5-30)*5"],"position":[2,-1,0]},"bone2":{"rotation":[0,0,-40],"position":[-1,-1,0]},"arm_right2":{"rotation":[22.98725,-11.5361,-102.352],"position":[0,-1,0]},"finger_middle_right2":{"rotation":[0,0,"0-math.clamp(math.sin(q.anim_time*90*1.5-60)*30,-20,30)"]},"finger_back_right2":{"rotation":[0,0,"0-math.clamp(math.sin(q.anim_time*90*1.5-60)*30,-20,30)"]},"finger_front_right":{"rotation":["0+math.clamp(math.sin(q.anim_time*90*1.5-60)*5,-2.5,5)","0+math.clamp(math.sin(q.anim_time*90*1.5-60)*5,-2.5,5)",0]},"finger_front_right2":{"rotation":[0,0,"0-math.clamp(math.sin(q.anim_time*90*1.5-60)*30,-20,30)"]},"necrozma":{"position":[0,0,0]},"body_rotation":{"rotation":[27.5,0,0],"position":[0,15,0]},"prism":{"scale":0}}},"animation.necrozma.cry":{"animation_length":2.75,"sound_effects":{"0.0417":{"effect":"pokemon.necrozma.cry"}},"bones":{"necrozma":{"position":{"0.0":[0,0,0],"0.3333":[0,0,0],"0.375":[0,0,0],"2.75":[0,0,0]}},"body":{"position":{"0.0":[0,0,0],"0.5":[0,0,0],"0.5417":[-1,0,0],"0.5833":[1,0,0],"0.625":[-1,0,0],"0.6667":[1,0,0],"0.7083":[-1,0,0],"0.75":[1,0,0],"0.7917":[-1,0,0],"0.8333":[1,0,0],"0.875":[-1,0,0],"0.9167":[1,0,0],"0.9583":[-1,0,0],"1.0":[1,0,0],"1.0417":[-1,0,0],"1.0833":[1,0,0],"1.125":[-1,0,0],"1.1667":[1,0,0],"1.2083":[-1,0,0],"1.25":[1,0,0],"1.2917":[-1,0,0],"1.3333":[1,0,0],"1.375":[-1,0,0],"1.4167":[1,0,0],"1.4583":[-1,0,0],"1.5":[1,0,0],"1.5417":[-1,0,0],"1.5833":[1,0,0],"1.625":[-1,0,0],"1.6667":[1,0,0],"1.7083":[-1,0,0],"1.75":[1,0,0],"1.7917":[-1,0,0],"1.8333":[1,0,0],"1.875":[-1,0,0],"1.9167":[1,0,0],"1.9583":[-1,0,0],"2.0":[1,0,0],"2.0417":[-1,0,0],"2.0833":[1,0,0],"2.125":[-1,0,0],"2.1667":[1,0,0],"2.75":[0,0,0]}},"torso":{"rotation":{"0.0":{"post":[0,0,0],"lerp_mode":"catmullrom"},"0.375":{"post":[15,0,0],"lerp_mode":"catmullrom"},"0.75":{"post":[-25,0,0],"lerp_mode":"catmullrom"},"1.25":{"post":[-25,0,0],"lerp_mode":"catmullrom"},"1.375":{"post":[-2.5,0,0],"lerp_mode":"catmullrom"},"1.5":{"post":[-35,0,0],"lerp_mode":"catmullrom"},"2.75":{"post":[0,0,0],"lerp_mode":"catmullrom"}}},"head":{"rotation":{"0.0":{"post":[0,0,0],"lerp_mode":"catmullrom"},"0.375":{"post":[0,0,0],"lerp_mode":"catmullrom"},"0.75":{"post":[-25,0,0],"lerp_mode":"catmullrom"},"2.75":{"post":[0,0,0],"lerp_mode":"catmullrom"}}},"prism":{"scale":{"0.0":{"post":[0,0,0],"lerp_mode":"catmullrom"},"0.5":{"post":[0,0,0],"lerp_mode":"catmullrom"},"0.5417":{"post":[1.01,1.01,1.01],"lerp_mode":"catmullrom"},"2.1667":{"post":[1.01,1.01,1.01],"lerp_mode":"catmullrom"},"2.75":{"post":[0,0,0],"lerp_mode":"catmullrom"}}},"arm_left":{"rotation":{"0.0":{"post":[0,0,0],"lerp_mode":"catmullrom"},"0.375":{"post":[0,40,0],"lerp_mode":"catmullrom"},"0.75":{"post":[-109.65736,-15.7627,52.74765],"lerp_mode":"catmullrom"},"1.25":{"post":[-109.65736,-15.7627,52.74765],"lerp_mode":"catmullrom"},"1.375":{"post":[-101.57989,-4.43471,21.93871],"lerp_mode":"catmullrom"},"1.5":{"post":[-119.71067,-20.09739,78.57497],"lerp_mode":"catmullrom"},"2.75":{"post":[0,0,0],"lerp_mode":"catmullrom"}}},"arm_left2":{"rotation":{"0.0":{"post":[0,0,0],"lerp_mode":"catmullrom"},"0.375":{"post":[46.65713,60.89748,61.29488],"lerp_mode":"catmullrom"},"1.25":{"post":[46.65713,60.89748,61.29488],"lerp_mode":"catmullrom"},"1.375":{"post":[28.72541,49.77818,38.14439],"lerp_mode":"catmullrom"},"1.5":{"post":[98.72082,56.43979,125.32345],"lerp_mode":"catmullrom"},"2.75":{"post":[0,0,0],"lerp_mode":"catmullrom"}}},"hand_left":{"rotation":{"0.0":{"post":[0,0,0],"lerp_mode":"catmullrom"},"0.375":{"post":[-9.31242,1.89828,22.99574],"lerp_mode":"catmullrom"},"2.75":{"post":[0,0,0],"lerp_mode":"catmullrom"}}},"arm_right":{"rotation":{"0.0":{"post":[0,0,0],"lerp_mode":"catmullrom"},"0.375":{"post":[0,-40,0],"lerp_mode":"catmullrom"},"0.75":{"post":[-109.65736,15.7627,-52.7476],"lerp_mode":"catmullrom"},"1.25":{"post":[-109.65736,15.7627,-52.7476],"lerp_mode":"catmullrom"},"1.375":{"post":[-101.57989,4.4347,-21.9387],"lerp_mode":"catmullrom"},"1.5":{"post":[-119.71067,20.0974,-78.575],"lerp_mode":"catmullrom"},"2.75":{"post":[0,0,0],"lerp_mode":"catmullrom"}}},"arm_right2":{"rotation":{"0.0":{"post":[0,0,0],"lerp_mode":"catmullrom"},"0.375":{"post":[13.23598,-49.2416,-38.01882],"lerp_mode":"catmullrom"},"1.25":{"post":[46.65713,-60.8975,-61.2949],"lerp_mode":"catmullrom"},"1.375":{"post":[28.72541,-49.7782,-38.1444],"lerp_mode":"catmullrom"},"1.5":{"post":[98.72082,-56.4398,-125.3235],"lerp_mode":"catmullrom"},"2.75":{"post":[0,0,0],"lerp_mode":"catmullrom"}}}}},"animation.necrozma.meme":{"animation_length":10,"bones":{"necrozma":{"position":{"0.0":[0,0,0],"0.3333":[0,0,0],"0.375":[0,0,0],"2.75":[0,0,0]}},"body":{"position":{"0.0":[0,0,0],"1.0":[0,0,0],"1.0417":[-1,0,0],"1.0833":[1,0,0],"1.125":[-1,0,0],"1.1667":[1,0,0],"1.2083":[-1,0,0],"1.25":[1,0,0],"1.2917":[-1,0,0],"1.3333":[1,0,0],"1.375":[-1,0,0],"1.4167":[1,0,0],"1.4583":[-1,0,0],"1.5":[1,0,0],"1.5417":[-1,0,0],"1.5833":[1,0,0],"1.625":[-1,0,0],"1.6667":[1,0,0],"1.7083":[-1,0,0],"1.75":[1,0,0],"1.7917":[-1,0,0],"1.8333":[1,0,0],"1.875":[-1,0,0],"1.9167":[1,0,0],"1.9583":[-1,0,0],"2.0":[1,0,0],"2.0417":[-1,0,0],"2.0833":[1,0,0],"2.125":[-1,0,0],"2.1667":[1,0,0],"2.2083":[-1,0,0],"2.25":[1,0,0],"2.2917":[-1,0,0],"2.3333":[1,0,0],"2.375":[-1,0,0],"2.4167":[1,0,0],"2.4583":[-1,0,0],"2.5":[1,0,0],"2.5417":[-1,0,0],"2.5833":[1,0,0],"2.625":[-1,0,0],"2.6667":[1,0,0],"2.7083":[-1,0,0],"2.75":[1,0,0],"2.7917":[-1,0,0],"2.8333":[1,0,0],"2.875":[-1,0,0],"2.9167":[1,0,0],"2.9583":[-1,0,0],"3.0":[1,0,0],"3.0417":[-1,0,0],"3.0833":[1,0,0],"3.125":[-1,0,0],"3.1667":[1,0,0],"3.2083":[-1,0,0],"3.25":[1,0,0],"3.2917":[-1,0,0],"3.3333":[1,0,0],"3.375":[-1,0,0],"3.4167":[1,0,0],"3.4583":[-1,0,0],"3.5":[1,0,0],"3.5417":[-1,0,0],"3.5833":[1,0,0],"3.625":[-1,0,0],"3.6667":[1,0,0],"3.7083":[-1,0,0],"3.75":[1,0,0],"3.7917":[-1,0,0],"3.8333":[1,0,0],"3.875":[-1,0,0],"3.9167":[1,0,0],"3.9583":[-1,0,0],"4.75":[-1,0,0],"4.7917":[1,0,0],"4.8333":[-1,0,0],"4.875":[1,0,0],"4.9167":[-1,0,0],"4.9583":[1,0,0],"5.0":[-1,0,0],"5.0417":[1,0,0],"5.0833":[-1,0,0],"5.125":[1,0,0],"5.1667":[-1,0,0],"5.2083":[1,0,0],"5.25":[-1,0,0],"5.2917":[1,0,0],"5.3333":[-1,0,0],"5.375":[1,0,0],"5.4167":[-1,0,0],"5.4583":[1,0,0],"5.5":[-1,0,0],"5.5417":[1,0,0],"5.5833":[-1,0,0],"5.625":[1,0,0],"5.6667":[-1,0,0],"5.7083":[1,0,0],"5.75":[-1,0,0],"5.7917":[1,0,0],"5.8333":[-1,0,0],"5.875":[1,0,0],"5.9167":[-1,0,0],"5.9583":[1,0,0],"6.0":[-1,0,0],"6.0417":[1,0,0],"6.0833":[-1,0,0],"6.125":[1,0,0],"6.1667":[-1,0,0],"6.2083":[1,0,0],"6.25":[-1,0,0],"6.2917":[1,0,0],"6.3333":[-1,0,0],"6.375":[1,0,0],"6.4167":[-1,0,0],"6.4583":[1,0,0],"6.5":[-1,0,0],"6.5417":[1,0,0],"6.5833":[-1,0,0],"6.625":[1,0,0],"6.6667":[-1,0,0],"6.7083":[1,0,0],"6.75":[-1,0,0],"6.7917":[1,0,0],"6.8333":[-1,0,0],"6.875":[1,0,0],"6.9167":[-1,0,0],"6.9583":[1,0,0],"7.0":[-1,0,0],"7.0417":[1,0,0],"7.0833":[-1,0,0],"7.125":[1,0,0],"7.1667":[-1,0,0],"7.2083":[1,0,0],"7.25":[-1,0,0],"7.2917":[1,0,0],"7.3333":[-1,0,0],"7.375":[1,0,0],"7.4167":[-1,0,0],"7.4583":[1,0,0],"7.5":[-1,0,0],"7.5417":[1,0,0],"7.5833":[-1,0,0],"7.625":[1,0,0],"7.6667":[-1,0,0],"7.7083":[1,0,0],"7.75":[-1,0,0],"7.7917":[1,0,0],"7.8333":[-1,0,0],"7.875":[1,0,0],"7.9167":[-1,0,0],"7.9583":[1,0,0],"8.0":[-1,0,0],"8.0417":[1,0,0],"8.0833":[-1,0,0],"8.125":[1,0,0],"8.1667":[-1,0,0],"8.2083":[1,0,0],"8.25":[-1,0,0],"8.2917":[1,0,0],"8.3333":[-1,0,0],"8.375":[1,0,0],"8.4167":[-1,0,0],"8.4583":[1,0,0],"8.5":[-1,0,0],"8.5417":[1,0,0],"8.5833":[-1,0,0],"8.625":[1,0,0],"8.6667":[-1,0,0],"8.7083":[1,0,0],"8.75":[-1,0,0],"8.7917":[1,0,0],"8.8333":[-1,0,0],"8.875":[1,0,0]}},"torso":{"rotation":{"0.0":{"post":[0,0,0],"lerp_mode":"catmullrom"},"0.375":{"post":[15,0,0],"lerp_mode":"catmullrom"},"1.0":{"post":[15,0,0],"lerp_mode":"catmullrom"},"1.1667":{"post":[-25,0,0],"lerp_mode":"catmullrom"},"4.75":{"post":[-25,0,0],"lerp_mode":"catmullrom"},"4.875":{"post":[-2.5,0,0],"lerp_mode":"catmullrom"},"5.0":{"post":[-52.5,0,0],"lerp_mode":"catmullrom"},"10.0":{"post":[0,0,0],"lerp_mode":"catmullrom"}}},"head":{"rotation":{"0.0":{"post":[0,0,0],"lerp_mode":"catmullrom"},"0.375":{"post":[0,0,0],"lerp_mode":"catmullrom"},"0.75":{"post":[-25,0,0],"lerp_mode":"catmullrom"},"2.75":{"post":[0,0,0],"lerp_mode":"catmullrom"}}},"prism":{"scale":{"0.0":{"post":[0,0,0],"lerp_mode":"catmullrom"},"0.5":{"post":[0,0,0],"lerp_mode":"catmullrom"},"0.5417":{"post":[1.01,1.01,1.01],"lerp_mode":"catmullrom"},"3.9583":{"post":[1.01,1.01,1.01],"lerp_mode":"catmullrom"},"4.0":{"post":[0,0,0],"lerp_mode":"catmullrom"},"4.75":{"post":[1.01,1.01,1.01],"lerp_mode":"catmullrom"},"9.9583":{"post":[1.01,1.01,1.01],"lerp_mode":"catmullrom"},"10.0":{"post":[0,0,0],"lerp_mode":"catmullrom"}}},"arm_left":{"rotation":{"0.0":{"post":[0,0,0],"lerp_mode":"catmullrom"},"0.5":{"post":[0,40,0],"lerp_mode":"catmullrom"},"1.0":{"post":[0,40,0],"lerp_mode":"catmullrom"},"1.1667":{"post":[0,40,0],"lerp_mode":"catmullrom"},"1.375":{"post":[-109.65736,-15.7627,52.74765],"lerp_mode":"catmullrom"},"4.75":{"post":[-109.65736,-15.7627,52.74765],"lerp_mode":"catmullrom"},"4.875":{"post":[-101.57989,-4.43471,21.93871],"lerp_mode":"catmullrom"},"5.0":{"post":[-119.71067,-20.09739,78.57497],"lerp_mode":"catmullrom"},"9.0":{"post":[-119.71067,-20.09739,78.57497],"lerp_mode":"catmullrom"},"10.0":{"post":[0,0,0],"lerp_mode":"catmullrom"}}},"arm_left2":{"rotation":{"0.0":{"post":[0,0,0],"lerp_mode":"catmullrom"},"1.0":{"post":[46.65713,60.89748,61.29488],"lerp_mode":"catmullrom"},"4.75":{"post":[46.65713,60.89748,61.29488],"lerp_mode":"catmullrom"},"4.875":{"post":[28.72541,49.77818,38.14439],"lerp_mode":"catmullrom"},"5.0":{"post":[98.72082,56.43979,125.32345],"lerp_mode":"catmullrom"},"9.0":{"post":[36.21983,43.73867,49.75369],"lerp_mode":"catmullrom"},"10.0":{"post":[0,0,0],"lerp_mode":"catmullrom"}}},"hand_left":{"rotation":{"0.0":{"post":[0,0,0],"lerp_mode":"catmullrom"},"0.375":{"post":[-9.31242,1.89828,22.99574],"lerp_mode":"catmullrom"},"2.75":{"post":[0,0,0],"lerp_mode":"catmullrom"}}},"arm_right":{"rotation":{"0.0":{"post":[0,0,0],"lerp_mode":"catmullrom"},"0.5":{"post":[0,-40,0],"lerp_mode":"catmullrom"},"1.0":{"post":[0,-40,0],"lerp_mode":"catmullrom"},"1.1667":{"post":[0,-40,0],"lerp_mode":"catmullrom"},"1.375":{"post":[-109.65736,15.7627,-52.7476],"lerp_mode":"catmullrom"},"4.75":{"post":[-109.65736,15.7627,-52.7476],"lerp_mode":"catmullrom"},"4.875":{"post":[-101.57989,4.4347,-21.9387],"lerp_mode":"catmullrom"},"5.0":{"post":[-119.71067,20.0974,-78.575],"lerp_mode":"catmullrom"},"9.0":{"post":[-119.71067,20.0974,-78.575],"lerp_mode":"catmullrom"},"10.0":{"post":[0,0,0],"lerp_mode":"catmullrom"}}},"arm_right2":{"rotation":{"0.0":{"post":[0,0,0],"lerp_mode":"catmullrom"},"0.375":{"post":[13.23598,-49.2416,-38.01882],"lerp_mode":"catmullrom"},"4.75":{"post":[46.65713,-60.8975,-61.2949],"lerp_mode":"catmullrom"},"4.875":{"post":[28.72541,-49.7782,-38.1444],"lerp_mode":"catmullrom"},"5.0":{"post":[98.72082,-56.4398,-125.3235],"lerp_mode":"catmullrom"},"9.0":{"post":[13.23598,-49.2416,-38.01882],"lerp_mode":"catmullrom"},"10.0":{"post":[0,0,0],"lerp_mode":"catmullrom"}}}},"sound_effects":{"0.0":{"effect":"imboutacuhharmonymadewithvoicemod.mp3"}}}}}