{"format_version":"1.8.0","animations":{"animation.octillery.water_idle":{"loop":true,"animation_length":3.625,"bones":{"torso":{"rotation":{"0.0":{"post":[0,0,-2],"lerp_mode":"catmullrom"}},"position":{"0.0":{"post":[0,0,0],"lerp_mode":"catmullrom"}}},"head":{"rotation":{"0.0":{"post":["8.0237+math.cos((query.anim_time - 0.45) * 25*4) * 3",7.37005,2.51684],"lerp_mode":"catmullrom"}},"position":{"0.0":{"post":[-1,-2.7,-0.2],"lerp_mode":"catmullrom"}}},"1tent_left":{"rotation":{"0.0":{"post":[0,-20,0],"lerp_mode":"catmullrom"},"0.7917":{"post":[8.93628,-23.18444,3.45568],"lerp_mode":"catmullrom"},"1.625":{"post":[0,-20,0],"lerp_mode":"catmullrom"},"3.625":{"post":[0,-20,0],"lerp_mode":"catmullrom"}},"position":{"0.0":{"post":[-0.3,-0.6,0],"lerp_mode":"catmullrom"},"0.7917":{"post":[-0.3,0,0],"lerp_mode":"catmullrom"},"1.625":{"post":[-0.3,-0.6,0],"lerp_mode":"catmullrom"},"3.625":{"post":[-0.3,-0.6,0],"lerp_mode":"catmullrom"}}},"t3":{"rotation":{"0.0":{"post":[0,0,0],"lerp_mode":"catmullrom"},"0.7917":{"post":[-16.40825,-1.64667,-5.80092],"lerp_mode":"catmullrom"},"1.625":{"post":[0,0,0],"lerp_mode":"catmullrom"},"3.625":{"post":[0,0,0],"lerp_mode":"catmullrom"}},"position":{"0.0":{"post":[0.1,0.23,1.7],"lerp_mode":"catmullrom"},"0.7917":{"post":[0.1,0.43,1.7],"lerp_mode":"catmullrom"},"1.625":{"post":[0.1,0.23,1.7],"lerp_mode":"catmullrom"},"3.625":{"post":[0.1,0.23,1.7],"lerp_mode":"catmullrom"}}},"tent1_2":{"rotation":{"0.0":{"post":[0,0,0],"lerp_mode":"catmullrom"},"0.7917":{"post":[-17.9215,-1.55027,-5.79697],"lerp_mode":"catmullrom"},"1.625":{"post":[0,0,0],"lerp_mode":"catmullrom"},"3.625":{"post":[0,0,0],"lerp_mode":"catmullrom"}},"position":{"0.0":{"post":[0,0,0],"lerp_mode":"catmullrom"},"0.7917":{"post":[0,0.5,0],"lerp_mode":"catmullrom"},"1.625":{"post":[0,0,0],"lerp_mode":"catmullrom"},"3.625":{"post":[0,0,0],"lerp_mode":"catmullrom"}}},"1tent_right":{"rotation":{"0.0":{"post":[0,27.5,0],"lerp_mode":"catmullrom"},"0.4167":{"post":[0,27.5,0],"lerp_mode":"catmullrom"},"1.2083":{"post":[-20,27.5,0],"lerp_mode":"catmullrom"},"2.0":{"post":[0,27.5,0],"lerp_mode":"catmullrom"},"3.625":{"post":[0,27.5,0],"lerp_mode":"catmullrom"}},"position":{"0.0":{"post":[-0.3,0,0],"lerp_mode":"catmullrom"},"0.4167":{"post":[-0.3,0,0],"lerp_mode":"catmullrom"},"2.0":{"post":[-0.3,0,0],"lerp_mode":"catmullrom"},"3.625":{"post":[-0.3,0,0],"lerp_mode":"catmullrom"}}},"t2":{"rotation":{"0.0":{"post":[0,0,0],"lerp_mode":"catmullrom"},"0.4167":{"post":[0,0,0],"lerp_mode":"catmullrom"},"1.2083":{"post":[-11.41849,2.40962,11.75906],"lerp_mode":"catmullrom"},"2.0":{"post":[0,0,0],"lerp_mode":"catmullrom"},"3.625":{"post":[0,0,0],"lerp_mode":"catmullrom"}},"position":{"0.0":{"post":[0.1,-0.07,0],"lerp_mode":"catmullrom"},"0.4167":{"post":[0.1,-0.07,0],"lerp_mode":"catmullrom"},"2.0":{"post":[0.1,-0.07,0],"lerp_mode":"catmullrom"},"3.625":{"post":[0.1,-0.07,0],"lerp_mode":"catmullrom"}}},"tent1_6":{"rotation":{"0.0":{"post":[0,0,0],"lerp_mode":"catmullrom"},"0.4167":{"post":[0,0,0],"lerp_mode":"catmullrom"},"1.2083":{"post":[-17.16449,-1.72278,7.88073],"lerp_mode":"catmullrom"},"2.0":{"post":[0,0,0],"lerp_mode":"catmullrom"},"3.625":{"post":[0,0,0],"lerp_mode":"catmullrom"}},"position":{"0.0":{"post":[0,0,0],"lerp_mode":"catmullrom"},"0.4167":{"post":[0,0,0],"lerp_mode":"catmullrom"},"1.2083":{"post":[0.1,0.3,0],"lerp_mode":"catmullrom"},"2.0":{"post":[0,0,0],"lerp_mode":"catmullrom"},"3.625":{"post":[0,0,0],"lerp_mode":"catmullrom"}}},"1tent_right2":{"rotation":{"0.0":{"post":[0,-24,0],"lerp_mode":"catmullrom"},"0.9583":{"post":[0,-24,0],"lerp_mode":"catmullrom"},"1.8333":{"post":[10,-24,0],"lerp_mode":"catmullrom"},"2.8333":{"post":[0,-24,0],"lerp_mode":"catmullrom"},"3.625":{"post":[0,-24,0],"lerp_mode":"catmullrom"}},"position":{"0.0":{"post":[0.2,0,0.4],"lerp_mode":"catmullrom"},"0.9583":{"post":[0.2,0,0.4],"lerp_mode":"catmullrom"},"2.8333":{"post":[0.2,0,0.4],"lerp_mode":"catmullrom"},"3.625":{"post":[0.2,0,0.4],"lerp_mode":"catmullrom"}}},"t5":{"rotation":{"0.0":{"post":[0,0,0],"lerp_mode":"catmullrom"},"0.9583":{"post":[0,0,0],"lerp_mode":"catmullrom"},"1.8333":{"post":[9.97613,-0.69405,3.93942],"lerp_mode":"catmullrom"},"2.8333":{"post":[0,0,0],"lerp_mode":"catmullrom"},"3.625":{"post":[0,0,0],"lerp_mode":"catmullrom"}},"position":{"0.0":{"post":[0,0,0],"lerp_mode":"catmullrom"},"0.9583":{"post":[0,0,0],"lerp_mode":"catmullrom"},"1.8333":{"post":[0,0.3,0],"lerp_mode":"catmullrom"},"2.8333":{"post":[0,0,0],"lerp_mode":"catmullrom"},"3.625":{"post":[0,0,0],"lerp_mode":"catmullrom"}}},"tent1_7":{"rotation":{"0.0":{"post":[0,0,0],"lerp_mode":"catmullrom"},"0.9583":{"post":[0,0,0],"lerp_mode":"catmullrom"},"1.8333":{"post":[12.9522,-1.1234,4.87248],"lerp_mode":"catmullrom"},"2.8333":{"post":[0,0,0],"lerp_mode":"catmullrom"},"3.625":{"post":[0,0,0],"lerp_mode":"catmullrom"}},"position":{"0.0":{"post":[0,0,0],"lerp_mode":"catmullrom"},"0.9583":{"post":[0,0,0],"lerp_mode":"catmullrom"},"1.8333":{"post":[0,0.2,0],"lerp_mode":"catmullrom"},"2.8333":{"post":[0,0,0],"lerp_mode":"catmullrom"},"3.625":{"post":[0,0,0],"lerp_mode":"catmullrom"}}},"1tent_left2":{"rotation":{"0.0":{"post":[0,24,0],"lerp_mode":"catmullrom"},"0.625":{"post":[0,24,0],"lerp_mode":"catmullrom"},"1.625":{"post":[11,24,0],"lerp_mode":"catmullrom"},"2.4167":{"post":[0,24,0],"lerp_mode":"catmullrom"},"3.625":{"post":[0,24,0],"lerp_mode":"catmullrom"}},"position":{"0.0":{"post":[-0.3,0,0],"lerp_mode":"catmullrom"},"0.625":{"post":[-0.3,0,0],"lerp_mode":"catmullrom"},"2.4167":{"post":[-0.3,0,0],"lerp_mode":"catmullrom"},"3.625":{"post":[-0.3,0,0],"lerp_mode":"catmullrom"}}},"t4":{"rotation":{"0.0":{"post":[0,0,0],"lerp_mode":"catmullrom"},"0.625":{"post":[0,0,0],"lerp_mode":"catmullrom"},"1.625":{"post":[10.9412,1.14284,-5.89055],"lerp_mode":"catmullrom"},"2.4167":{"post":[0,0,0],"lerp_mode":"catmullrom"},"3.625":{"post":[0,0,0],"lerp_mode":"catmullrom"}},"position":{"0.0":{"post":[0,0,0],"lerp_mode":"catmullrom"},"1.625":{"post":[0,0.2,0],"lerp_mode":"catmullrom"},"3.625":{"post":[0,0,0],"lerp_mode":"catmullrom"}}},"tent1_5":{"rotation":{"0.0":{"post":[0,0,0],"lerp_mode":"catmullrom"},"0.625":{"post":[0,0,0],"lerp_mode":"catmullrom"},"1.625":{"post":[21.83684,2.66102,-7.53909],"lerp_mode":"catmullrom"},"2.4167":{"post":[0,0,0],"lerp_mode":"catmullrom"},"3.625":{"post":[0,0,0],"lerp_mode":"catmullrom"}},"position":{"0.0":{"post":[0,0,0],"lerp_mode":"catmullrom"},"1.625":{"post":[-0.1,0.4,-0.3],"lerp_mode":"catmullrom"},"3.625":{"post":[0,0,0],"lerp_mode":"catmullrom"}}},"2tent_left":{"rotation":{"0.0":{"post":[1,4,0],"lerp_mode":"catmullrom"},"1.625":{"post":[1,4,0],"lerp_mode":"catmullrom"},"2.8333":{"post":[-12,4,0],"lerp_mode":"catmullrom"},"3.625":{"post":[1,4,0],"lerp_mode":"catmullrom"}},"position":{"0.0":{"post":[0,0,0],"lerp_mode":"catmullrom"},"1.625":{"post":[0,0,0],"lerp_mode":"catmullrom"},"3.625":{"post":[0,0,0],"lerp_mode":"catmullrom"}}},"tent1_3":{"rotation":{"0.0":{"post":[0,0,0],"lerp_mode":"catmullrom"},"1.625":{"post":[0,0,0],"lerp_mode":"catmullrom"},"2.8333":{"post":[-7.88,-1.38481,-9.90462],"lerp_mode":"catmullrom"},"3.625":{"post":[0,0,0],"lerp_mode":"catmullrom"}},"position":{"0.0":{"post":[0,0,0],"lerp_mode":"catmullrom"},"1.625":{"post":[0,0,0],"lerp_mode":"catmullrom"},"3.625":{"post":[0,0,0],"lerp_mode":"catmullrom"}}},"tent1_4":{"rotation":{"0.0":{"post":[0,0,0],"lerp_mode":"catmullrom"},"1.625":{"post":[0,0,0],"lerp_mode":"catmullrom"},"2.8333":{"post":[-13.9712,-0.79699,-3.9207],"lerp_mode":"catmullrom"},"3.625":{"post":[0,0,0],"lerp_mode":"catmullrom"}},"position":{"0.0":{"post":[0,0,0],"lerp_mode":"catmullrom"},"1.625":{"post":[0,0,0],"lerp_mode":"catmullrom"},"2.8333":{"post":[0,0.3,0],"lerp_mode":"catmullrom"},"3.625":{"post":[0,0,0],"lerp_mode":"catmullrom"}}},"2tent_right":{"rotation":{"0.0":{"post":[0,0,0],"lerp_mode":"catmullrom"},"1.4583":{"post":[0,0,0],"lerp_mode":"catmullrom"},"2.2083":{"post":[-9,0,0],"lerp_mode":"catmullrom"},"3.0833":{"post":[0,0,0],"lerp_mode":"catmullrom"},"3.625":{"post":[0,0,0],"lerp_mode":"catmullrom"}},"position":{"0.0":{"post":[0,0,0],"lerp_mode":"catmullrom"},"1.4583":{"post":[0,0,0],"lerp_mode":"catmullrom"},"3.0833":{"post":[0,0,0],"lerp_mode":"catmullrom"},"3.625":{"post":[0,0,0],"lerp_mode":"catmullrom"}}},"tent1_8":{"rotation":{"0.0":{"post":[0,0,0],"lerp_mode":"catmullrom"},"1.4583":{"post":[0,0,0],"lerp_mode":"catmullrom"},"2.2083":{"post":[-10.64838,4.86708,4.16084],"lerp_mode":"catmullrom"},"3.0833":{"post":[0,0,0],"lerp_mode":"catmullrom"},"3.625":{"post":[0,0,0],"lerp_mode":"catmullrom"}},"position":{"0.0":{"post":[0,0,0],"lerp_mode":"catmullrom"},"1.4583":{"post":[0,0,0],"lerp_mode":"catmullrom"},"3.0833":{"post":[0,0,0],"lerp_mode":"catmullrom"},"3.625":{"post":[0,0,0],"lerp_mode":"catmullrom"}}},"tent1_9":{"rotation":{"0.0":{"post":[0,0,0],"lerp_mode":"catmullrom"},"1.4583":{"post":[0,0,0],"lerp_mode":"catmullrom"},"2.2083":{"post":[-13.98561,-0.76446,9.43507],"lerp_mode":"catmullrom"},"3.0833":{"post":[0,0,0],"lerp_mode":"catmullrom"},"3.625":{"post":[0,0,0],"lerp_mode":"catmullrom"}},"position":{"0.0":{"post":[0,0,0],"lerp_mode":"catmullrom"},"1.4583":{"post":[0,0,0],"lerp_mode":"catmullrom"},"2.2083":{"post":[0,0.4,0],"lerp_mode":"catmullrom"},"3.0833":{"post":[0,0,0],"lerp_mode":"catmullrom"},"3.625":{"post":[0,0,0],"lerp_mode":"catmullrom"}}},"front_tent":{"rotation":{"0.0":{"post":[0,0,0],"lerp_mode":"catmullrom"},"1.3333":{"post":[0,0,0],"lerp_mode":"catmullrom"},"2.2083":{"post":[-13.71568,4.33651,6.0956],"lerp_mode":"catmullrom"},"2.9167":{"post":[0,0,0],"lerp_mode":"catmullrom"},"3.625":{"post":[0,0,0],"lerp_mode":"catmullrom"}}},"t7":{"rotation":{"0.0":{"post":[0,0,0],"lerp_mode":"catmullrom"},"1.3333":{"post":[0,0,0],"lerp_mode":"catmullrom"},"2.2083":{"post":[-7.97843,0.62524,3.95091],"lerp_mode":"catmullrom"},"2.9167":{"post":[0,0,0],"lerp_mode":"catmullrom"},"3.625":{"post":[0,0,0],"lerp_mode":"catmullrom"}}},"tent1_11":{"rotation":{"0.0":{"post":[0,0,0],"lerp_mode":"catmullrom"},"1.3333":{"post":[0,0,0],"lerp_mode":"catmullrom"},"2.2083":{"post":[-12.10574,1.06344,4.87341],"lerp_mode":"catmullrom"},"2.9167":{"post":[0,0,0],"lerp_mode":"catmullrom"},"3.625":{"post":[0,0,0],"lerp_mode":"catmullrom"}},"position":{"0.0":{"post":[0,0,0],"lerp_mode":"catmullrom"},"1.3333":{"post":[0,0,0],"lerp_mode":"catmullrom"},"2.2083":{"post":[0,0.4,0],"lerp_mode":"catmullrom"},"2.9167":{"post":[0,0,0],"lerp_mode":"catmullrom"},"3.625":{"post":[0,0,0],"lerp_mode":"catmullrom"}}},"back_tent":{"rotation":{"0.0":{"post":[0,0,0],"lerp_mode":"catmullrom"},"1.625":{"post":[0,0,0],"lerp_mode":"catmullrom"},"2.625":{"post":[16,0,0],"lerp_mode":"catmullrom"},"3.4167":{"post":[0,0,0],"lerp_mode":"catmullrom"},"3.625":{"post":[0,0,0],"lerp_mode":"catmullrom"}},"position":{"0.0":{"post":[0,0,0],"lerp_mode":"catmullrom"},"1.625":{"post":[0,0,0],"lerp_mode":"catmullrom"},"3.4167":{"post":[0,0,0],"lerp_mode":"catmullrom"},"3.625":{"post":[0,0,0],"lerp_mode":"catmullrom"}}},"t6":{"rotation":{"0.0":{"post":[0,0,0],"lerp_mode":"catmullrom"},"1.625":{"post":[0,0,0],"lerp_mode":"catmullrom"},"2.625":{"post":[12.88372,3.70317,11.04946],"lerp_mode":"catmullrom"},"3.4167":{"post":[0,0,0],"lerp_mode":"catmullrom"},"3.625":{"post":[0,0,0],"lerp_mode":"catmullrom"}},"position":{"0.0":{"post":[0,0,0],"lerp_mode":"catmullrom"},"1.625":{"post":[0,0,0],"lerp_mode":"catmullrom"},"3.4167":{"post":[0,0,0],"lerp_mode":"catmullrom"},"3.625":{"post":[0,0,0],"lerp_mode":"catmullrom"}}},"tent1_10":{"rotation":{"0.0":{"post":[0,0,0],"lerp_mode":"catmullrom"},"1.625":{"post":[0,0,0],"lerp_mode":"catmullrom"},"2.625":{"post":[7.68263,1.48466,3.43693],"lerp_mode":"catmullrom"},"3.4167":{"post":[0,0,0],"lerp_mode":"catmullrom"},"3.625":{"post":[0,0,0],"lerp_mode":"catmullrom"}},"position":{"0.0":{"post":[0,0,0],"lerp_mode":"catmullrom"},"1.625":{"post":[0,0,0],"lerp_mode":"catmullrom"},"3.4167":{"post":[0,0,0],"lerp_mode":"catmullrom"},"3.625":{"post":[0,0,0],"lerp_mode":"catmullrom"}}},"octillery":{"position":{"0.0":{"post":[0,-5,0],"lerp_mode":"catmullrom"},"2.0":{"post":[0,-6,0],"lerp_mode":"catmullrom"},"3.625":{"post":[0,-5,0],"lerp_mode":"catmullrom"}}}}},"animation.octillery.blink":{"animation_length":0.25,"bones":{"eyelid_right":{"position":{"0.0":[0,-2,0],"0.125":[0,-2,0],"0.1667":[0,0,0]}},"eyelid_left":{"position":{"0.0":[0,-2,0],"0.125":[0,-2,0],"0.1667":[0,0,0]}}}},"animation.octillery.water_swim":{"loop":true,"animation_length":2,"bones":{"octillery":{"rotation":[77.5,0,0],"position":{"0.0":{"post":[0,-14,0],"lerp_mode":"catmullrom"},"0.25":{"post":[0,-13,0],"lerp_mode":"catmullrom"},"0.75":{"post":[0,-15,0],"lerp_mode":"catmullrom"},"1.5":{"post":[0,-14,0],"lerp_mode":"catmullrom"},"2.0":{"post":[0,-14,0],"lerp_mode":"catmullrom"}}},"1tent_left":{"rotation":{"0.0":{"post":[0,-22.5,0],"lerp_mode":"catmullrom"},"0.25":{"post":[34.39969,-25.18596,7.65797],"lerp_mode":"catmullrom"},"1.5":{"post":[34.39969,-25.18596,7.65797],"lerp_mode":"catmullrom"},"2.0":{"post":[0,-22.5,0],"lerp_mode":"catmullrom"}},"position":{"0.0":{"post":[0,-0.6,-1.3],"lerp_mode":"catmullrom"},"0.25":{"post":[-0.3,-1.2,-0.2],"lerp_mode":"catmullrom"},"1.5":{"post":[-0.3,-1.2,-0.2],"lerp_mode":"catmullrom"},"2.0":{"post":[0,-0.6,-1.3],"lerp_mode":"catmullrom"}}},"t3":{"rotation":{"0.0":{"post":[0,0,0],"lerp_mode":"catmullrom"},"0.25":{"post":[27.826,0.4828,9.84341],"lerp_mode":"catmullrom"},"1.5":{"post":[27.826,0.4828,9.84341],"lerp_mode":"catmullrom"},"2.0":{"post":[0,0,0],"lerp_mode":"catmullrom"}},"position":{"0.0":{"post":[0,0,0],"lerp_mode":"catmullrom"},"0.25":{"post":[-0.2,0.7,0.7],"lerp_mode":"catmullrom"},"1.5":{"post":[-0.2,0.7,0.7],"lerp_mode":"catmullrom"},"2.0":{"post":[0,0,0],"lerp_mode":"catmullrom"}}},"tent1_2":{"rotation":{"0.0":{"post":[0,0,0],"lerp_mode":"catmullrom"},"0.25":{"post":[12.48848,-0.54094,2.44081],"lerp_mode":"catmullrom"},"1.5":{"post":[12.48848,-0.54094,2.44081],"lerp_mode":"catmullrom"},"2.0":{"post":[0,0,0],"lerp_mode":"catmullrom"}},"position":{"0.0":{"post":[0,0,0],"lerp_mode":"catmullrom"},"0.25":{"post":[-0.1,-0.3,0.6],"lerp_mode":"catmullrom"},"1.5":{"post":[-0.1,-0.3,0.6],"lerp_mode":"catmullrom"},"2.0":{"post":[0,0,0],"lerp_mode":"catmullrom"}}},"1tent_right":{"rotation":{"0.0":{"post":[0,20,0],"lerp_mode":"catmullrom"},"0.25":{"post":[46.12884,23.64705,-3.68545],"lerp_mode":"catmullrom"},"1.5":{"post":[46.12884,23.64705,-3.68545],"lerp_mode":"catmullrom"},"2.0":{"post":[0,20,0],"lerp_mode":"catmullrom"}},"position":{"0.0":{"post":[0,0,0],"lerp_mode":"catmullrom"},"0.25":{"post":[0.9,-0.8,0.5],"lerp_mode":"catmullrom"},"1.5":{"post":[0.9,-0.8,0.5],"lerp_mode":"catmullrom"},"2.0":{"post":[0,0,0],"lerp_mode":"catmullrom"}}},"t2":{"rotation":{"0.0":{"post":[0,0,0],"lerp_mode":"catmullrom"},"0.25":{"post":[27.27733,4.02155,-6.33586],"lerp_mode":"catmullrom"},"1.5":{"post":[27.27733,4.02155,-6.33586],"lerp_mode":"catmullrom"},"2.0":{"post":[0,0,0],"lerp_mode":"catmullrom"}},"position":{"0.0":{"post":[0,0,0],"lerp_mode":"catmullrom"},"0.25":{"post":[0.5,-0.3,1.8],"lerp_mode":"catmullrom"},"1.5":{"post":[0.5,-0.3,1.8],"lerp_mode":"catmullrom"},"2.0":{"post":[0,0,0],"lerp_mode":"catmullrom"}}},"tent1_6":{"rotation":{"0.0":{"post":[0,0,0],"lerp_mode":"catmullrom"}},"position":{"0.0":{"post":[0,0,0],"lerp_mode":"catmullrom"}}},"1tent_right2":{"rotation":{"0.0":{"post":[0,-22.5,0],"lerp_mode":"catmullrom"},"0.25":{"post":[-32.75244,-27.39898,-11.37507],"lerp_mode":"catmullrom"},"1.5":{"post":[-32.75244,-27.39898,-11.37507],"lerp_mode":"catmullrom"},"2.0":{"post":[0,-22.5,0],"lerp_mode":"catmullrom"}},"position":{"0.0":{"post":[0,0,0],"lerp_mode":"catmullrom"},"0.25":{"post":[0.4,-1,-0.5],"lerp_mode":"catmullrom"},"1.5":{"post":[0.4,-1,-0.5],"lerp_mode":"catmullrom"},"2.0":{"post":[0,0,0],"lerp_mode":"catmullrom"}}},"t5":{"rotation":{"0.0":{"post":[0,0,0],"lerp_mode":"catmullrom"},"0.25":{"post":[-12.826,0.4828,-9.8434],"lerp_mode":"catmullrom"},"1.5":{"post":[-12.826,0.4828,-9.8434],"lerp_mode":"catmullrom"},"2.0":{"post":[0,0,0],"lerp_mode":"catmullrom"}},"position":{"0.0":{"post":[0,0,0],"lerp_mode":"catmullrom"},"0.25":{"post":[0.4,-0.4,-0.6],"lerp_mode":"catmullrom"},"1.5":{"post":[0.4,-0.4,-0.6],"lerp_mode":"catmullrom"},"2.0":{"post":[0,0,0],"lerp_mode":"catmullrom"}}},"tent1_7":{"rotation":{"0.0":{"post":[0,0,0],"lerp_mode":"catmullrom"},"0.25":{"post":[-12.4885,-0.54094,-2.4408],"lerp_mode":"catmullrom"},"1.5":{"post":[-12.4885,-0.54094,-2.4408],"lerp_mode":"catmullrom"},"2.0":{"post":[0,0,0],"lerp_mode":"catmullrom"}},"position":{"0.0":{"post":[0,0,0],"lerp_mode":"catmullrom"},"0.25":{"post":[0.3,-0.3,-0.7],"lerp_mode":"catmullrom"},"1.5":{"post":[0.3,-0.3,-0.7],"lerp_mode":"catmullrom"},"2.0":{"post":[0,0,0],"lerp_mode":"catmullrom"}}},"1tent_left2":{"rotation":{"0.0":{"post":[0,27.5,0],"lerp_mode":"catmullrom"},"0.25":{"post":[-15.23635,35.11535,22.60404],"lerp_mode":"catmullrom"},"1.5":{"post":[-15.23635,35.11535,22.60404],"lerp_mode":"catmullrom"},"2.0":{"post":[0,27.5,0],"lerp_mode":"catmullrom"}},"position":{"0.0":{"post":[0,0,0],"lerp_mode":"catmullrom"},"0.25":{"post":[-0.7,-0.2,-0.6],"lerp_mode":"catmullrom"},"1.5":{"post":[-0.7,-0.2,-0.6],"lerp_mode":"catmullrom"},"2.0":{"post":[0,0,0],"lerp_mode":"catmullrom"}}},"t4":{"rotation":{"0.0":{"post":[0,0,0],"lerp_mode":"catmullrom"},"0.25":{"post":[-24.84505,3.49911,2.78557],"lerp_mode":"catmullrom"},"1.5":{"post":[-24.84505,3.49911,2.78557],"lerp_mode":"catmullrom"},"2.0":{"post":[0,0,0],"lerp_mode":"catmullrom"}},"position":{"0.0":{"post":[0,0,0],"lerp_mode":"catmullrom"},"0.25":{"post":[-0.2,-0.3,-1.3],"lerp_mode":"catmullrom"},"1.5":{"post":[-0.2,-0.3,-1.3],"lerp_mode":"catmullrom"},"2.0":{"post":[0,0,0],"lerp_mode":"catmullrom"}}},"tent1_5":{"rotation":{"0.0":{"post":[0,0,0],"lerp_mode":"catmullrom"},"0.25":{"post":[-9.96271,0.86717,4.92442],"lerp_mode":"catmullrom"},"1.5":{"post":[-9.96271,0.86717,4.92442],"lerp_mode":"catmullrom"},"2.0":{"post":[0,0,0],"lerp_mode":"catmullrom"}},"position":{"0.0":{"post":[0,0,0],"lerp_mode":"catmullrom"},"0.25":{"post":[-0.2,0.1,-0.6],"lerp_mode":"catmullrom"},"1.5":{"post":[-0.2,0.1,-0.6],"lerp_mode":"catmullrom"},"2.0":{"post":[0,0,0],"lerp_mode":"catmullrom"}}},"2tent_left":{"rotation":{"0.0":{"post":[0,0,0],"lerp_mode":"catmullrom"},"0.25":{"post":[37.3297,0.2217,5.6952],"lerp_mode":"catmullrom"},"1.5":{"post":[37.3297,0.2217,5.6952],"lerp_mode":"catmullrom"},"2.0":{"post":[0,0,0],"lerp_mode":"catmullrom"}},"position":{"0.0":{"post":[0,0,-0.8],"lerp_mode":"catmullrom"},"0.25":{"post":[0.1,-0.3,-0.7],"lerp_mode":"catmullrom"},"1.5":{"post":[0.1,-0.3,-0.7],"lerp_mode":"catmullrom"},"2.0":{"post":[0,0,-0.8],"lerp_mode":"catmullrom"}}},"tent1_3":{"rotation":{"0.0":{"post":[0,0,0],"lerp_mode":"catmullrom"},"0.25":{"post":[13.9672,0.9669,3.8816],"lerp_mode":"catmullrom"},"1.5":{"post":[13.9672,0.9669,3.8816],"lerp_mode":"catmullrom"},"2.0":{"post":[0,0,0],"lerp_mode":"catmullrom"}},"position":{"0.0":{"post":[0,0,0],"lerp_mode":"catmullrom"},"0.25":{"post":[-0.2,-0.3,0.6],"lerp_mode":"catmullrom"},"1.5":{"post":[-0.2,-0.3,0.6],"lerp_mode":"catmullrom"},"2.0":{"post":[0,0,0],"lerp_mode":"catmullrom"}}},"tent1_4":{"rotation":{"0.0":{"post":[0,0,0],"lerp_mode":"catmullrom"},"0.25":{"post":[17.3297,0.2217,5.6952],"lerp_mode":"catmullrom"},"1.5":{"post":[17.3297,0.2217,5.6952],"lerp_mode":"catmullrom"},"2.0":{"post":[0,0,0],"lerp_mode":"catmullrom"}},"position":{"0.0":{"post":[0,0,0],"lerp_mode":"catmullrom"},"0.25":{"post":[-0.3,-0.3,0.8],"lerp_mode":"catmullrom"},"1.5":{"post":[-0.3,-0.3,0.8],"lerp_mode":"catmullrom"},"2.0":{"post":[0,0,0],"lerp_mode":"catmullrom"}}},"2tent_right":{"rotation":{"0.0":{"post":[0,0,0],"lerp_mode":"catmullrom"},"0.25":{"post":[39.8297,0.2217,5.6952],"lerp_mode":"catmullrom"},"1.5":{"post":[39.8297,0.2217,5.6952],"lerp_mode":"catmullrom"},"2.0":{"post":[0,0,0],"lerp_mode":"catmullrom"}},"position":{"0.0":{"post":[0,0,-0.8],"lerp_mode":"catmullrom"},"0.25":{"post":[0.1,-0.3,-0.7],"lerp_mode":"catmullrom"},"1.5":{"post":[0.1,-0.3,-0.7],"lerp_mode":"catmullrom"},"2.0":{"post":[0,0,-0.8],"lerp_mode":"catmullrom"}}},"tent1_8":{"rotation":{"0.0":{"post":[0,0,0],"lerp_mode":"catmullrom"},"0.25":{"post":[17.29629,1.11466,2.83095],"lerp_mode":"catmullrom"},"1.5":{"post":[17.29629,1.11466,2.83095],"lerp_mode":"catmullrom"},"2.0":{"post":[0,0,0],"lerp_mode":"catmullrom"}},"position":{"0.0":{"post":[0.1,0,0.2],"lerp_mode":"catmullrom"},"0.25":{"post":[0.1,-0.5,0.6],"lerp_mode":"catmullrom"},"1.5":{"post":[0.1,-0.5,0.6],"lerp_mode":"catmullrom"},"2.0":{"post":[0.1,0,0.2],"lerp_mode":"catmullrom"}}},"tent1_9":{"rotation":{"0.0":{"post":[0,0,0],"lerp_mode":"catmullrom"},"0.25":{"post":[10.95954,0.65733,-5.89864],"lerp_mode":"catmullrom"},"1.5":{"post":[10.95954,0.65733,-5.89864],"lerp_mode":"catmullrom"},"2.0":{"post":[0,0,0],"lerp_mode":"catmullrom"}},"position":{"0.0":{"post":[0,0,0],"lerp_mode":"catmullrom"},"0.25":{"post":[0.2,-0.3,0.5],"lerp_mode":"catmullrom"},"1.5":{"post":[0.2,-0.3,0.5],"lerp_mode":"catmullrom"},"2.0":{"post":[0,0,0],"lerp_mode":"catmullrom"}}},"front_tent":{"rotation":{"0.0":{"post":[0,0,0],"lerp_mode":"catmullrom"},"0.25":{"post":[52.82509,7.48155,-10.14296],"lerp_mode":"catmullrom"},"1.5":{"post":[52.82509,7.48155,-10.14296],"lerp_mode":"catmullrom"},"2.0":{"post":[0,0,0],"lerp_mode":"catmullrom"}},"position":{"0.0":{"post":[0,0,0],"lerp_mode":"catmullrom"},"0.25":{"post":[0,0.2,1.2],"lerp_mode":"catmullrom"},"1.5":{"post":[0,0.2,1.2],"lerp_mode":"catmullrom"},"2.0":{"post":[0,0,0],"lerp_mode":"catmullrom"}}},"t7":{"rotation":{"0.0":{"post":[0,0,0],"lerp_mode":"catmullrom"},"0.25":{"post":[13.55229,-0.84365,-8.21768],"lerp_mode":"catmullrom"},"1.5":{"post":[13.55229,-0.84365,-8.21768],"lerp_mode":"catmullrom"},"2.0":{"post":[0,0,0],"lerp_mode":"catmullrom"}},"position":{"0.0":{"post":[0,0,0],"lerp_mode":"catmullrom"},"0.25":{"post":[0.4,-0.3,0.6],"lerp_mode":"catmullrom"},"1.5":{"post":[0.4,-0.3,0.6],"lerp_mode":"catmullrom"},"2.0":{"post":[0,0,0],"lerp_mode":"catmullrom"}}},"tent1_11":{"rotation":{"0.0":{"post":[0,0,0],"lerp_mode":"catmullrom"},"0.25":{"post":[19.94057,0.88971,-5.85887],"lerp_mode":"catmullrom"},"1.5":{"post":[19.94057,0.88971,-5.85887],"lerp_mode":"catmullrom"},"2.0":{"post":[0,0,0],"lerp_mode":"catmullrom"}},"position":{"0.0":{"post":[0,0,0],"lerp_mode":"catmullrom"},"0.25":{"post":[0.3,-0.4,1],"lerp_mode":"catmullrom"},"1.5":{"post":[0.3,-0.4,1],"lerp_mode":"catmullrom"},"2.0":{"post":[0,0,0],"lerp_mode":"catmullrom"}}},"back_tent":{"rotation":{"0.0":{"post":[0,0,0],"lerp_mode":"catmullrom"},"0.25":{"post":[-46.19896,-6.93655,-12.26665],"lerp_mode":"catmullrom"},"1.5":{"post":[-46.19896,-6.93655,-12.26665],"lerp_mode":"catmullrom"},"2.0":{"post":[0,0,0],"lerp_mode":"catmullrom"}},"position":{"0.0":{"post":[0,0,0],"lerp_mode":"catmullrom"},"0.25":{"post":[0,-0.2,-1.2],"lerp_mode":"catmullrom"},"1.5":{"post":[0,-0.2,-1.2],"lerp_mode":"catmullrom"},"2.0":{"post":[0,0,0],"lerp_mode":"catmullrom"}}},"t6":{"rotation":{"0.0":{"post":[0,0,0],"lerp_mode":"catmullrom"},"0.25":{"post":[-13.96723,-0.96695,-3.88155],"lerp_mode":"catmullrom"},"1.5":{"post":[-13.96723,-0.96695,-3.88155],"lerp_mode":"catmullrom"},"2.0":{"post":[0,0,0],"lerp_mode":"catmullrom"}},"position":{"0.0":{"post":[0,0,0],"lerp_mode":"catmullrom"},"0.25":{"post":[0.2,-0.3,-0.5],"lerp_mode":"catmullrom"},"1.5":{"post":[0.2,-0.3,-0.5],"lerp_mode":"catmullrom"},"2.0":{"post":[0,0,0],"lerp_mode":"catmullrom"}}},"tent1_10":{"rotation":{"0.0":{"post":[0,0,0],"lerp_mode":"catmullrom"},"0.25":{"post":[-17.32975,-0.22171,-5.69521],"lerp_mode":"catmullrom"},"1.5":{"post":[-17.32975,-0.22171,-5.69521],"lerp_mode":"catmullrom"},"2.0":{"post":[0,0,0],"lerp_mode":"catmullrom"}},"position":{"0.0":{"post":[0,0,0],"lerp_mode":"catmullrom"},"0.25":{"post":[0.3,-0.3,-0.7],"lerp_mode":"catmullrom"},"1.5":{"post":[0.3,-0.3,-0.7],"lerp_mode":"catmullrom"},"2.0":{"post":[0,0,0],"lerp_mode":"catmullrom"}}}}},"animation.octillery.ground_idle":{"loop":true,"animation_length":3.625,"bones":{"torso":{"rotation":{"0.0":{"post":[0,0,-2],"lerp_mode":"catmullrom"}},"position":{"0.0":{"post":[0,0,0],"lerp_mode":"catmullrom"}}},"head":{"rotation":{"0.0":{"post":["8.0237+math.cos((query.anim_time - 0.45) * 25*4) * 3",7.37005,2.51684],"lerp_mode":"catmullrom"}},"position":{"0.0":{"post":[-1,-2.7,-0.2],"lerp_mode":"catmullrom"}}},"1tent_left":{"rotation":{"0.0":{"post":[0,-20,0],"lerp_mode":"catmullrom"},"0.7917":{"post":[8.93628,-23.18444,3.45568],"lerp_mode":"catmullrom"},"1.625":{"post":[0,-20,0],"lerp_mode":"catmullrom"},"3.625":{"post":[0,-20,0],"lerp_mode":"catmullrom"}},"position":{"0.0":{"post":[-0.3,-0.6,0],"lerp_mode":"catmullrom"},"0.7917":{"post":[-0.3,0,0],"lerp_mode":"catmullrom"},"1.625":{"post":[-0.3,-0.6,0],"lerp_mode":"catmullrom"},"3.625":{"post":[-0.3,-0.6,0],"lerp_mode":"catmullrom"}}},"t3":{"rotation":{"0.0":{"post":[0,0,0],"lerp_mode":"catmullrom"},"0.7917":{"post":[-16.40825,-1.64667,-5.80092],"lerp_mode":"catmullrom"},"1.625":{"post":[0,0,0],"lerp_mode":"catmullrom"},"3.625":{"post":[0,0,0],"lerp_mode":"catmullrom"}},"position":{"0.0":{"post":[0.1,0.23,1.7],"lerp_mode":"catmullrom"},"0.7917":{"post":[0.1,0.43,1.7],"lerp_mode":"catmullrom"},"1.625":{"post":[0.1,0.23,1.7],"lerp_mode":"catmullrom"},"3.625":{"post":[0.1,0.23,1.7],"lerp_mode":"catmullrom"}}},"tent1_2":{"rotation":{"0.0":{"post":[0,0,0],"lerp_mode":"catmullrom"},"0.7917":{"post":[-17.9215,-1.55027,-5.79697],"lerp_mode":"catmullrom"},"1.625":{"post":[0,0,0],"lerp_mode":"catmullrom"},"3.625":{"post":[0,0,0],"lerp_mode":"catmullrom"}},"position":{"0.0":{"post":[0,0,0],"lerp_mode":"catmullrom"},"0.7917":{"post":[0,0.5,0],"lerp_mode":"catmullrom"},"1.625":{"post":[0,0,0],"lerp_mode":"catmullrom"},"3.625":{"post":[0,0,0],"lerp_mode":"catmullrom"}}},"1tent_right":{"rotation":{"0.0":{"post":[0,27.5,0],"lerp_mode":"catmullrom"},"0.4167":{"post":[0,27.5,0],"lerp_mode":"catmullrom"},"1.2083":{"post":[-20,27.5,0],"lerp_mode":"catmullrom"},"2.0":{"post":[0,27.5,0],"lerp_mode":"catmullrom"},"3.625":{"post":[0,27.5,0],"lerp_mode":"catmullrom"}},"position":{"0.0":{"post":[-0.3,0,0],"lerp_mode":"catmullrom"},"0.4167":{"post":[-0.3,0,0],"lerp_mode":"catmullrom"},"2.0":{"post":[-0.3,0,0],"lerp_mode":"catmullrom"},"3.625":{"post":[-0.3,0,0],"lerp_mode":"catmullrom"}}},"t2":{"rotation":{"0.0":{"post":[0,0,0],"lerp_mode":"catmullrom"},"0.4167":{"post":[0,0,0],"lerp_mode":"catmullrom"},"1.2083":{"post":[-11.41849,2.40962,11.75906],"lerp_mode":"catmullrom"},"2.0":{"post":[0,0,0],"lerp_mode":"catmullrom"},"3.625":{"post":[0,0,0],"lerp_mode":"catmullrom"}},"position":{"0.0":{"post":[0.1,-0.07,0],"lerp_mode":"catmullrom"},"0.4167":{"post":[0.1,-0.07,0],"lerp_mode":"catmullrom"},"2.0":{"post":[0.1,-0.07,0],"lerp_mode":"catmullrom"},"3.625":{"post":[0.1,-0.07,0],"lerp_mode":"catmullrom"}}},"tent1_6":{"rotation":{"0.0":{"post":[0,0,0],"lerp_mode":"catmullrom"},"0.4167":{"post":[0,0,0],"lerp_mode":"catmullrom"},"1.2083":{"post":[-17.16449,-1.72278,7.88073],"lerp_mode":"catmullrom"},"2.0":{"post":[0,0,0],"lerp_mode":"catmullrom"},"3.625":{"post":[0,0,0],"lerp_mode":"catmullrom"}},"position":{"0.0":{"post":[0,0,0],"lerp_mode":"catmullrom"},"0.4167":{"post":[0,0,0],"lerp_mode":"catmullrom"},"1.2083":{"post":[0.1,0.3,0],"lerp_mode":"catmullrom"},"2.0":{"post":[0,0,0],"lerp_mode":"catmullrom"},"3.625":{"post":[0,0,0],"lerp_mode":"catmullrom"}}},"1tent_right2":{"rotation":{"0.0":{"post":[0,-24,0],"lerp_mode":"catmullrom"},"0.9583":{"post":[0,-24,0],"lerp_mode":"catmullrom"},"1.8333":{"post":[10,-24,0],"lerp_mode":"catmullrom"},"2.8333":{"post":[0,-24,0],"lerp_mode":"catmullrom"},"3.625":{"post":[0,-24,0],"lerp_mode":"catmullrom"}},"position":{"0.0":{"post":[0.2,0,0.4],"lerp_mode":"catmullrom"},"0.9583":{"post":[0.2,0,0.4],"lerp_mode":"catmullrom"},"2.8333":{"post":[0.2,0,0.4],"lerp_mode":"catmullrom"},"3.625":{"post":[0.2,0,0.4],"lerp_mode":"catmullrom"}}},"t5":{"rotation":{"0.0":{"post":[0,0,0],"lerp_mode":"catmullrom"},"0.9583":{"post":[0,0,0],"lerp_mode":"catmullrom"},"1.8333":{"post":[9.97613,-0.69405,3.93942],"lerp_mode":"catmullrom"},"2.8333":{"post":[0,0,0],"lerp_mode":"catmullrom"},"3.625":{"post":[0,0,0],"lerp_mode":"catmullrom"}},"position":{"0.0":{"post":[0,0,0],"lerp_mode":"catmullrom"},"0.9583":{"post":[0,0,0],"lerp_mode":"catmullrom"},"1.8333":{"post":[0,0.3,0],"lerp_mode":"catmullrom"},"2.8333":{"post":[0,0,0],"lerp_mode":"catmullrom"},"3.625":{"post":[0,0,0],"lerp_mode":"catmullrom"}}},"tent1_7":{"rotation":{"0.0":{"post":[0,0,0],"lerp_mode":"catmullrom"},"0.9583":{"post":[0,0,0],"lerp_mode":"catmullrom"},"1.8333":{"post":[12.9522,-1.1234,4.87248],"lerp_mode":"catmullrom"},"2.8333":{"post":[0,0,0],"lerp_mode":"catmullrom"},"3.625":{"post":[0,0,0],"lerp_mode":"catmullrom"}},"position":{"0.0":{"post":[0,0,0],"lerp_mode":"catmullrom"},"0.9583":{"post":[0,0,0],"lerp_mode":"catmullrom"},"1.8333":{"post":[0,0.2,0],"lerp_mode":"catmullrom"},"2.8333":{"post":[0,0,0],"lerp_mode":"catmullrom"},"3.625":{"post":[0,0,0],"lerp_mode":"catmullrom"}}},"1tent_left2":{"rotation":{"0.0":{"post":[0,24,0],"lerp_mode":"catmullrom"},"0.625":{"post":[0,24,0],"lerp_mode":"catmullrom"},"1.625":{"post":[11,24,0],"lerp_mode":"catmullrom"},"2.4167":{"post":[0,24,0],"lerp_mode":"catmullrom"},"3.625":{"post":[0,24,0],"lerp_mode":"catmullrom"}},"position":{"0.0":{"post":[-0.3,0,0],"lerp_mode":"catmullrom"},"0.625":{"post":[-0.3,0,0],"lerp_mode":"catmullrom"},"2.4167":{"post":[-0.3,0,0],"lerp_mode":"catmullrom"},"3.625":{"post":[-0.3,0,0],"lerp_mode":"catmullrom"}}},"t4":{"rotation":{"0.0":{"post":[0,0,0],"lerp_mode":"catmullrom"},"0.625":{"post":[0,0,0],"lerp_mode":"catmullrom"},"1.625":{"post":[10.9412,1.14284,-5.89055],"lerp_mode":"catmullrom"},"2.4167":{"post":[0,0,0],"lerp_mode":"catmullrom"},"3.625":{"post":[0,0,0],"lerp_mode":"catmullrom"}},"position":{"0.0":{"post":[0,0,0],"lerp_mode":"catmullrom"},"1.625":{"post":[0,0.2,0],"lerp_mode":"catmullrom"},"3.625":{"post":[0,0,0],"lerp_mode":"catmullrom"}}},"tent1_5":{"rotation":{"0.0":{"post":[0,0,0],"lerp_mode":"catmullrom"},"0.625":{"post":[0,0,0],"lerp_mode":"catmullrom"},"1.625":{"post":[21.83684,2.66102,-7.53909],"lerp_mode":"catmullrom"},"2.4167":{"post":[0,0,0],"lerp_mode":"catmullrom"},"3.625":{"post":[0,0,0],"lerp_mode":"catmullrom"}},"position":{"0.0":{"post":[0,0,0],"lerp_mode":"catmullrom"},"1.625":{"post":[-0.1,0.4,-0.3],"lerp_mode":"catmullrom"},"3.625":{"post":[0,0,0],"lerp_mode":"catmullrom"}}},"2tent_left":{"rotation":{"0.0":{"post":[1,4,0],"lerp_mode":"catmullrom"},"1.625":{"post":[1,4,0],"lerp_mode":"catmullrom"},"2.8333":{"post":[-12,4,0],"lerp_mode":"catmullrom"},"3.625":{"post":[1,4,0],"lerp_mode":"catmullrom"}},"position":{"0.0":{"post":[0,0,0],"lerp_mode":"catmullrom"},"1.625":{"post":[0,0,0],"lerp_mode":"catmullrom"},"3.625":{"post":[0,0,0],"lerp_mode":"catmullrom"}}},"tent1_3":{"rotation":{"0.0":{"post":[0,0,0],"lerp_mode":"catmullrom"},"1.625":{"post":[0,0,0],"lerp_mode":"catmullrom"},"2.8333":{"post":[-7.88,-1.38481,-9.90462],"lerp_mode":"catmullrom"},"3.625":{"post":[0,0,0],"lerp_mode":"catmullrom"}},"position":{"0.0":{"post":[0,0,0],"lerp_mode":"catmullrom"},"1.625":{"post":[0,0,0],"lerp_mode":"catmullrom"},"3.625":{"post":[0,0,0],"lerp_mode":"catmullrom"}}},"tent1_4":{"rotation":{"0.0":{"post":[0,0,0],"lerp_mode":"catmullrom"},"1.625":{"post":[0,0,0],"lerp_mode":"catmullrom"},"2.8333":{"post":[-13.9712,-0.79699,-3.9207],"lerp_mode":"catmullrom"},"3.625":{"post":[0,0,0],"lerp_mode":"catmullrom"}},"position":{"0.0":{"post":[0,0,0],"lerp_mode":"catmullrom"},"1.625":{"post":[0,0,0],"lerp_mode":"catmullrom"},"2.8333":{"post":[0,0.3,0],"lerp_mode":"catmullrom"},"3.625":{"post":[0,0,0],"lerp_mode":"catmullrom"}}},"2tent_right":{"rotation":{"0.0":{"post":[0,0,0],"lerp_mode":"catmullrom"},"1.4583":{"post":[0,0,0],"lerp_mode":"catmullrom"},"2.2083":{"post":[-9,0,0],"lerp_mode":"catmullrom"},"3.0833":{"post":[0,0,0],"lerp_mode":"catmullrom"},"3.625":{"post":[0,0,0],"lerp_mode":"catmullrom"}},"position":{"0.0":{"post":[0,0,0],"lerp_mode":"catmullrom"},"1.4583":{"post":[0,0,0],"lerp_mode":"catmullrom"},"3.0833":{"post":[0,0,0],"lerp_mode":"catmullrom"},"3.625":{"post":[0,0,0],"lerp_mode":"catmullrom"}}},"tent1_8":{"rotation":{"0.0":{"post":[0,0,0],"lerp_mode":"catmullrom"},"1.4583":{"post":[0,0,0],"lerp_mode":"catmullrom"},"2.2083":{"post":[-10.64838,4.86708,4.16084],"lerp_mode":"catmullrom"},"3.0833":{"post":[0,0,0],"lerp_mode":"catmullrom"},"3.625":{"post":[0,0,0],"lerp_mode":"catmullrom"}},"position":{"0.0":{"post":[0,0,0],"lerp_mode":"catmullrom"},"1.4583":{"post":[0,0,0],"lerp_mode":"catmullrom"},"3.0833":{"post":[0,0,0],"lerp_mode":"catmullrom"},"3.625":{"post":[0,0,0],"lerp_mode":"catmullrom"}}},"tent1_9":{"rotation":{"0.0":{"post":[0,0,0],"lerp_mode":"catmullrom"},"1.4583":{"post":[0,0,0],"lerp_mode":"catmullrom"},"2.2083":{"post":[-13.98561,-0.76446,9.43507],"lerp_mode":"catmullrom"},"3.0833":{"post":[0,0,0],"lerp_mode":"catmullrom"},"3.625":{"post":[0,0,0],"lerp_mode":"catmullrom"}},"position":{"0.0":{"post":[0,0,0],"lerp_mode":"catmullrom"},"1.4583":{"post":[0,0,0],"lerp_mode":"catmullrom"},"2.2083":{"post":[0,0.4,0],"lerp_mode":"catmullrom"},"3.0833":{"post":[0,0,0],"lerp_mode":"catmullrom"},"3.625":{"post":[0,0,0],"lerp_mode":"catmullrom"}}},"front_tent":{"rotation":{"0.0":{"post":[0,0,0],"lerp_mode":"catmullrom"},"1.3333":{"post":[0,0,0],"lerp_mode":"catmullrom"},"2.2083":{"post":[-13.71568,4.33651,6.0956],"lerp_mode":"catmullrom"},"2.9167":{"post":[0,0,0],"lerp_mode":"catmullrom"},"3.625":{"post":[0,0,0],"lerp_mode":"catmullrom"}}},"t7":{"rotation":{"0.0":{"post":[0,0,0],"lerp_mode":"catmullrom"},"1.3333":{"post":[0,0,0],"lerp_mode":"catmullrom"},"2.2083":{"post":[-7.97843,0.62524,3.95091],"lerp_mode":"catmullrom"},"2.9167":{"post":[0,0,0],"lerp_mode":"catmullrom"},"3.625":{"post":[0,0,0],"lerp_mode":"catmullrom"}}},"tent1_11":{"rotation":{"0.0":{"post":[0,0,0],"lerp_mode":"catmullrom"},"1.3333":{"post":[0,0,0],"lerp_mode":"catmullrom"},"2.2083":{"post":[-12.10574,1.06344,4.87341],"lerp_mode":"catmullrom"},"2.9167":{"post":[0,0,0],"lerp_mode":"catmullrom"},"3.625":{"post":[0,0,0],"lerp_mode":"catmullrom"}},"position":{"0.0":{"post":[0,0,0],"lerp_mode":"catmullrom"},"1.3333":{"post":[0,0,0],"lerp_mode":"catmullrom"},"2.2083":{"post":[0,0.4,0],"lerp_mode":"catmullrom"},"2.9167":{"post":[0,0,0],"lerp_mode":"catmullrom"},"3.625":{"post":[0,0,0],"lerp_mode":"catmullrom"}}},"back_tent":{"rotation":{"0.0":{"post":[0,0,0],"lerp_mode":"catmullrom"},"1.625":{"post":[0,0,0],"lerp_mode":"catmullrom"},"2.625":{"post":[16,0,0],"lerp_mode":"catmullrom"},"3.4167":{"post":[0,0,0],"lerp_mode":"catmullrom"},"3.625":{"post":[0,0,0],"lerp_mode":"catmullrom"}},"position":{"0.0":{"post":[0,0,0],"lerp_mode":"catmullrom"},"1.625":{"post":[0,0,0],"lerp_mode":"catmullrom"},"3.4167":{"post":[0,0,0],"lerp_mode":"catmullrom"},"3.625":{"post":[0,0,0],"lerp_mode":"catmullrom"}}},"t6":{"rotation":{"0.0":{"post":[0,0,0],"lerp_mode":"catmullrom"},"1.625":{"post":[0,0,0],"lerp_mode":"catmullrom"},"2.625":{"post":[12.88372,3.70317,11.04946],"lerp_mode":"catmullrom"},"3.4167":{"post":[0,0,0],"lerp_mode":"catmullrom"},"3.625":{"post":[0,0,0],"lerp_mode":"catmullrom"}},"position":{"0.0":{"post":[0,0,0],"lerp_mode":"catmullrom"},"1.625":{"post":[0,0,0],"lerp_mode":"catmullrom"},"3.4167":{"post":[0,0,0],"lerp_mode":"catmullrom"},"3.625":{"post":[0,0,0],"lerp_mode":"catmullrom"}}},"tent1_10":{"rotation":{"0.0":{"post":[0,0,0],"lerp_mode":"catmullrom"},"1.625":{"post":[0,0,0],"lerp_mode":"catmullrom"},"2.625":{"post":[7.68263,1.48466,3.43693],"lerp_mode":"catmullrom"},"3.4167":{"post":[0,0,0],"lerp_mode":"catmullrom"},"3.625":{"post":[0,0,0],"lerp_mode":"catmullrom"}},"position":{"0.0":{"post":[0,0,0],"lerp_mode":"catmullrom"},"1.625":{"post":[0,0,0],"lerp_mode":"catmullrom"},"3.4167":{"post":[0,0,0],"lerp_mode":"catmullrom"},"3.625":{"post":[0,0,0],"lerp_mode":"catmullrom"}}},"octillery":{"position":{"0.0":{"post":[0,-0.5,0],"lerp_mode":"catmullrom"}}}}}}}