{"format_version":"1.8.0","animations":{"animation.pangoro.ground_idle":{"loop":true,"bones":{"pangoro":{"rotation":[0,0,0],"position":[0,0,0]},"leg_left":{"rotation":[-2.46207,-0.43399,-19.99067],"position":[2.2,-2,1.6]},"arm_right":{"rotation":[-1.10693,-12.45167,"-37.3793+math.cos(q.anim_time*90*1.5-60)*5"]},"bone9":{"rotation":[0,0,"-12.5+math.cos(q.anim_time*90*1.5-120)*6"],"position":[1.3,0.2,0]},"bone5":{"rotation":[0,0,12.5],"position":[0,1,0]},"body_down":{"rotation":["2.5+math.cos(q.anim_time*90*1.5)*1",0,0],"position":[0,"0+math.sin(q.anim_time*90*1.5)*0.2",0]},"body_up":{"rotation":["2.5+math.cos(q.anim_time*90*1.5)*1",0,0],"position":[0,"0+math.sin(q.anim_time*90*1.5)*0.2",0]},"bone10":{"rotation":["0-math.cos(q.anim_time*90*1.5-120)*6",0,0]},"bone13":{"rotation":["0-math.cos(q.anim_time*90*1.5-120)*6",0,0]},"bone12":{"rotation":["0-math.cos(q.anim_time*90*1.5-120)*6",0,0]},"bone11":{"rotation":["0-math.cos(q.anim_time*90*1.5-120)*6",0,0]},"bone14":{"rotation":["0-math.cos(q.anim_time*90*1.5-120)*6",0,0]},"body_up_1":{"rotation":["2.5+math.cos(q.anim_time*90*1.5)*1",0,0],"position":[0,"0+math.sin(q.anim_time*90*1.5)*0.2",0]},"bone6":{"rotation":[0,0,7.5]},"leg_right":{"rotation":[0,0,12.5],"position":[-2,0,0]},"bone8":{"rotation":[-1.44261,29.96852,-12.88614],"position":[-1.8,0.7,0.6]},"arm_left":{"rotation":[0,0,"45-math.cos(q.anim_time*90*1.5-60)*5"]},"bone41":{"rotation":[0,0,"12.5-math.cos(q.anim_time*90*1.5-120)*6"],"position":[-1.1,0.4,0]}}},"animation.pangoro.ground_walk":{"loop":true,"bones":{"body_down":{"rotation":["7.5+2*math.sin(q.anim_time*90*4+50)","4*math.sin(q.anim_time*90*2-20)","4*math.sin(q.anim_time*90*2-20)"],"position":[0,"0.5*math.sin(q.anim_time*90*4-20)","-0.75+0.5*math.sin(q.anim_time*90*4-20)"]},"body_up":{"rotation":["-5+2*math.sin(q.anim_time*90*4-20)",0,0],"position":[0,"-1.1+0.1*math.sin(q.anim_time*90*4-20)",-1]},"body_up_1":{"rotation":[2.5,0,"0-2*math.sin(q.anim_time*90*2-20)"]},"head":{"rotation":[1.28558,"0+5*math.sin(q.anim_time*90*2-20)",0],"position":[0,0.1,0]},"head_1":{"rotation":["5.7139+5*math.sin(q.anim_time*90*4-8)",0,0],"position":[0,0.7,-1]},"arm_right":{"rotation":[-20.09178,"10.2898-20*math.sin(q.anim_time*90*2-20)","-38.8528-10*math.sin(q.anim_time*90*2-20)"]},"bone9":{"rotation":["-5-20*math.sin(q.anim_time*90*2-20)",-32.5,-35],"position":[1.8,0.7,0.1]},"leg_left":{"rotation":["-20*math.sin(q.anim_time*90*2-20)","math.clamp(-10*math.cos(q.anim_time*90*2-30),-10,0)",0],"position":[0,"math.clamp(2*math.cos(q.anim_time*90*2-20),0,2)","-2*math.sin(q.anim_time*90*2-20)"]},"bone5":{"rotation":["20-20*math.sin(q.anim_time*90*2-20)",0,0],"position":[0,"math.clamp(1*math.cos(q.anim_time*90*2-20),0,1)",0]},"leg_right":{"rotation":["20*math.sin(q.anim_time*90*2-20)","math.clamp(-10*math.cos(q.anim_time*90*2-30),0,10)",0],"position":[0,"math.clamp(-2*math.cos(q.anim_time*90*2-20),0,2)","2*math.sin(q.anim_time*90*2-20)"]},"arm_left":{"rotation":["-23.2053-10*math.sin(q.anim_time*90*2-20)","-7.3559-20*math.sin(q.anim_time*90*2-20)",46.16839]},"bone41":{"rotation":["-5+20*math.sin(q.anim_time*90*2-20)",32.5,35],"position":[-1.4,1,-0.3]}}}}}