{"format_version":"1.8.0","animations":{"animation.passimian.test":{"loop":true,"bones":{"body":{"position":[0,-1.75,7]},"leg_right":{"rotation":[-22.5,22.5,0],"position":[-0.5,-0.575,-1]},"leg_right2":{"rotation":[35,0,0]},"knee_right":{"rotation":[22.5,0,0]},"ankle_right":{"rotation":[2.5,0,0]},"foot_right":{"rotation":[-5,0,0]},"toes_right":{"rotation":[-25,0,0]},"toes_right2":{"rotation":[-7,0,0]},"toe_right4":{"rotation":[-5.23037,1.13286,5.9147]},"waist":{"rotation":[105,0,0],"position":[0,-1,-1]},"torso":{"rotation":[-12.5,0,0],"position":[0,1,0.3]},"arm_right":{"rotation":[-39.36863,-16.26372,-42.39711],"position":[0,-0.75,0]},"elbow_right":{"rotation":[16.90533,-84.85011,-12.08932],"position":[-2,0,3]},"wrist_right":{"rotation":[27.5,0,0]},"hand_right":{"rotation":[5.97589,-18.27261,-19.21481],"position":[0.25,0.25,0]},"thumb_right":{"rotation":[55.9276,8.53726,12.37961]},"thumb_right2":{"rotation":[12.5,22.5,0]},"pinky_right":{"rotation":[0,0,-60]},"pinky_right2":{"rotation":[0,0,-47.5]},"ringfinger_right":{"rotation":[0,0,-42.5]},"ringfinger_right2":{"rotation":[0,0,-55]},"middlefinger_right":{"rotation":[0,0,-32.5]},"middlefinger_right2":{"rotation":[0,0,-40]},"pointer_right":{"rotation":[0,0,-22.5]},"pointer_right2":{"rotation":[0,0,-35]},"scarf":{"rotation":[-45,0,0]},"leg_left":{"rotation":[-22.5,-22.5,0],"position":[0.5,-0.575,-1]},"leg_left2":{"rotation":[10,0,0]},"knee_left":{"rotation":[47.5,0,0]},"ankle_left":{"rotation":[2.5,0,0]},"foot_left":{"rotation":[-17.5,0,0]},"toes_left":{"rotation":[-10,0,0]},"toes_left2":{"rotation":[-10,0,0]},"toe_left4":{"rotation":[-9.09897,-1.40957,-9.88697]},"tail4":{"rotation":["20+math.sin(query.anim_time * 90) * 20",0,0],"position":[0,-0.1,-0.75]},"tail":{"rotation":["-55+math.sin(query.anim_time * 90) * 5",0,0]},"tail3":{"rotation":["-15+math.sin(query.anim_time * 90) * 10",0,0]},"tail2":{"rotation":["5+math.sin(query.anim_time * 90) * 15",0,0]},"chest_hair":{"rotation":[2.44013,7.00197,1.24836],"position":[-0.25,0,0.5]},"chest_hair2":{"rotation":[-7.5,0,0]},"neck":{"rotation":[-17.5,0,0],"position":[0,0,1]},"head":{"rotation":[-27.5,0,0]},"arm_left":{"rotation":[-78.32094,27.89988,-67.24623],"position":[0,0,1]},"elbow_left":{"rotation":[-6.82057,7.21,-27.50373],"position":[0,-1.25,0]},"wrist_left":{"rotation":[0,0,-2.5]},"hand_left":{"rotation":[0,0,2.5]},"thumb_left":{"rotation":[35.6484,-10.21235,-7.24677]},"thumb_left2":{"rotation":[27.5,0,0]},"pinky_left":{"rotation":[0,0,25]},"pinky_left2":{"rotation":[0,0,17.5]},"ringfinger_left":{"rotation":[0,0,17.5]},"ringfinger_left2":{"rotation":[0,0,45]},"middlefinger_left":{"rotation":[0,0,12.5]},"middlefinger_left2":{"rotation":[0,0,50]},"pointer_left":{"rotation":[0,0,20]},"pointer_left2":{"rotation":[0,0,40]},"ballconnected":{"rotation":[-3.99985,0.03488,-4.50122],"position":[-1.525,-0.05,0.425]},"balldisconnected":{"scale":[0,0,0]}}},"animation.passimian.blink":{"animation_length":0.1667,"bones":{"eyelid_left":{"position":{"0.0":[0,0,-0.1],"0.125":{"pre":[0,0,-0.1],"post":[0,0,-0.1]},"0.1667":{"pre":[0,0,-0.1],"post":[0,0,0]}}},"eyelid_right":{"position":{"0.0":[0,0,-0.1],"0.125":{"pre":[0,0,-0.1],"post":[0,0,-0.1]},"0.1667":{"pre":[0,0,-0.1],"post":[0,0,0]}}}}},"animation.passimian.ground_idle":{"loop":true,"bones":{"body":{"position":[0,"-0.6875 - (math.sin((q.anim_time - 0) * 360 / 4) * 0.28) + 0.27",0]},"leg_right":{"rotation":["-32.5 - (math.sin((q.anim_time - 0) * 360 / 4) * 4) + 4",38.64269,1.25481],"position":["(math.sin((q.anim_time - 0) * 360 / 4) * 0.125)",-1.125,"0.1563 + (math.sin((q.anim_time - 0) * 360 / 4) * 0.17)"]},"leg_right2":{"rotation":["30 + (math.sin((q.anim_time - 0) * 360 / 4) * 4) - 4",0,0],"position":[0,-0.125,0.03125]},"foot_right":{"rotation":[-3.99757,-0.13948,-1]},"leg_left":{"rotation":["-32.5 - (math.sin((q.anim_time - 0) * 360 / 4) * 4) + 4",-38.64269,-1.25481],"position":["-(math.sin((q.anim_time - 0) * 360 / 4) * 0.125)",-1.125,"0.1563 + (math.sin((q.anim_time - 0) * 360 / 4) * 0.17)"]},"leg_left2":{"rotation":["30 + (math.sin((q.anim_time - 0) * 360 / 4) * 4) - 4",0,0],"position":[0,-0.125,0.03125]},"foot_left":{"rotation":[-3.99757,0.13948,1]},"waist":{"rotation":["7.5 + (math.sin((q.anim_time - 0 + (math.sin((q.anim_time - 0) * 360 / 4) * 0.1)) * 360 / 4) * 1) - 1",0,0],"position":[0,-1.4688,0.78125]},"torso":{"rotation":["10 + (math.sin((q.anim_time - 1 + (math.sin((q.anim_time - 1) * 360 / 4) * 0.2)) * 360 / 4) * 2) - 4",0,0]},"arm_right":{"rotation":[35.87217,-9.92862,"-60.3505 - (math.sin((q.anim_time - 1 + (math.sin((q.anim_time - 1) * 360 / 4) * 0.2)) * 360 / 4) * 1) + 2"],"position":[-0.75,-0.28125,0]},"elbow_right":{"rotation":[0,"-27.5 - (math.sin((q.anim_time - 1.4 + (math.sin((q.anim_time - 1.4) * 360 / 4) * 0.2)) * 360 / 4) * 1) + 2",0]},"hand_right":{"rotation":[0,-10,"-12.5 - (math.cos((q.anim_time - 2.3) * 360 / 4) * 3) + 3"]},"thumb_right":{"rotation":[71.67325,22.71667,-4.71827],"position":[0,0,-0.3125]},"thumb_right2":{"rotation":[30,0,0]},"pinky_right":{"rotation":[1.46837,4.16499,-70.39384],"position":[-0.0625,-0.03125,0]},"pinky_right2":{"rotation":[0,0,-75]},"ringfinger_right":{"rotation":[-6.12971,3.83345,-68.19467]},"ringfinger_right2":{"rotation":[0,0,-75]},"middlefinger_right":{"rotation":[0,0,-65]},"middlefinger_right2":{"rotation":[0,0,-77.5]},"pointer_right":{"rotation":[5.7589,-4.81281,-67.74222]},"pointer_right2":{"rotation":[0,0,-82.5]},"arm_left":{"rotation":[56.39498,-17.72091,35.39019],"position":[0.78125,-1.0625,0]},"elbow_left":{"rotation":[0,47.5,0]},"hand_left":{"rotation":[0,0,42.5],"position":[-0.25,0.3125,0]},"thumb_left":{"rotation":[-6.70368,-46.96689,64.89697],"position":[0,0.09375,-0.40625]},"thumb_left2":{"rotation":[0,-45,0]},"pinky_left":{"rotation":[-4.3361,-11.73507,30.44582]},"pinky_left2":{"rotation":[0,0,25]},"ringfinger_left":{"rotation":[-2.23054,-6.87468,28.12333]},"ringfinger_left2":{"rotation":[0,0,40]},"middlefinger_left":{"rotation":[0,0,25]},"middlefinger_left2":{"rotation":[0,0,52.5]},"pointer_left":{"rotation":[1.56065,6.5559,25.2698]},"pointer_left2":{"rotation":[0,0,47.5]},"scarf":{"rotation":[-2.5,0,0]},"chest_hair":{"rotation":[-12.5,0,0]},"chest_hair2":{"rotation":[-7.5,0,0]},"head":{"rotation":["-12.5 - (math.cos((q.anim_time - 1.2 + (math.cos((q.anim_time - 1.2) * 360 / 4) * 0.1)) * 360 / 4) * 1) + 1",0,0]},"balldisconnected":{"scale":0},"wrist_right":{"rotation":[0,0,-7.5]},"wrist_left":{"rotation":[-69.92969,-4.69776,-1.71394]},"ballconnected":{"rotation":[-7.5,0,-2.5],"position":[-2.25,-0.28125,0]},"knee_right":{"rotation":[7.5,0,0]},"toe_right":{"rotation":[0,12.5,0]},"toe_right2":{"rotation":[0,2.5,0]},"knee_left":{"rotation":[7.5,0,0]},"toe_left":{"rotation":[0,-12.5,0]},"toe_left2":{"rotation":[0,-2.5,0]},"tail":{"rotation":["-15 + (math.cos((q.anim_time - 0 + (math.cos((q.anim_time - 0) * 360 / 4) * 0.2)) * 360 / 4) * 3)",0,0]},"tail3":{"rotation":["-32 + (math.cos((q.anim_time - 0.6 + (math.cos((q.anim_time - 0.6) * 360 / 4) * 0.2)) * 360 / 4) * 2) + 7",0,0]},"tail2":{"rotation":["-10 + (math.sin((q.anim_time - 0.5 + (math.sin((q.anim_time - 0.5) * 360 / 4) * 0.2)) * 360 / 4) * 5) - 2",0,0]},"tail4":{"rotation":["25 - (math.cos((q.anim_time - 0 + (math.cos((q.anim_time - 0) * 360 / 4) * 0.2)) * 360 / 4) * 5) - 5",0,0],"position":[0,-0.28125,-1.28125]},"leaf_right":{"rotation":[-5,0,0]},"leaf_left":{"rotation":[-5,0,0]}}},"animation.passimian.ground_walk":{"loop":true,"animation_length":1.3333,"bones":{"body":{"rotation":[0,"-(math.cos((q.anim_time - 0.08) * 360 / (4/3)) * 5)",0],"position":[0,-0.69,0]},"leg_right":{"rotation":{"0.0":[-36.63783,6.63036,-0.27851],"0.1667":[-38.02193,11.03798,-1.15481],"0.3333":[-21.34375,10,0],"0.5":[-4.08,8.1,3.27],"0.6667":[11.37029,6.20484,6.54022],"0.8333":{"pre":[5.68279,1.42359,6.54022],"post":[5.68279,1.42359,6.54022],"lerp_mode":"catmullrom"},"1.0":{"post":[-18.39176,8.63177,8.69724],"lerp_mode":"catmullrom"},"1.1667":{"post":[-36.76074,4.43013,2.00307],"lerp_mode":"catmullrom"},"1.3333":[-36.63783,6.63036,-0.27851]},"position":{"0.0":[0,-0.6875,-0.25],"0.1667":[0,-1.23625,-0.51],"0.25":[0,-0.70625,-0.19],"0.3333":[0,-0.27625,0.16],"0.5":[0.1875,-0.2,0.16],"0.5833":[0.21875,-0.36625,0.16],"0.6667":[0.21875,-0.71875,0.15625],"0.8333":{"pre":[-0.125,-0.6825,0.41],"post":[-0.125,-0.6825,0.41],"lerp_mode":"catmullrom"},"1.0":{"post":[0,0.03625,0.41],"lerp_mode":"catmullrom"},"1.1667":{"post":[0,0.03125,0.16],"lerp_mode":"catmullrom"},"1.3333":[0,-0.6875,-0.25]}},"leg_right2":{"rotation":{"0.0":[7.5,0,0],"0.1667":[26.15625,0,0],"0.3333":[16.8125,0,0],"0.5":[13.03125,0,0],"0.6667":[11.34375,0,0],"0.8333":{"pre":[30,0,0],"post":[30,0,0],"lerp_mode":"catmullrom"},"1.0":{"post":[40,0,0],"lerp_mode":"catmullrom"},"1.1667":{"post":[20,0,0],"lerp_mode":"catmullrom"},"1.3333":[7.5,0,0]},"position":{"0.0":[0,-0.125,0.03125],"0.3333":[0,-0.12,0.03],"0.6667":[0,-0.125,0.03125],"1.3333":[0,-0.125,0.03125]}},"foot_right":{"rotation":{"0.0":[0,0,0],"0.1667":[-1.28,0,0],"0.25":[-0.92,0,0],"0.3333":[-2.5625,0,0],"0.4167":[-6.76875,-0.03,-0.5],"0.6667":[-11.49757,-0.13948,-2],"0.8333":[0,0,0],"1.1667":[0,0,0],"1.3333":[0,0,0]}},"leg_left":{"rotation":{"0.0":[11.37029,-6.20484,-6.54022],"0.1667":{"pre":[5.68279,-1.42359,-6.54022],"post":[5.68279,-1.42359,-6.54022],"lerp_mode":"catmullrom"},"0.3333":{"post":[-18.39176,-8.63177,-8.69724],"lerp_mode":"catmullrom"},"0.5":{"post":[-36.76074,-4.43013,-2.00307],"lerp_mode":"catmullrom"},"0.6667":[-36.63783,-6.63036,0.27851],"0.8333":[-38.02193,-11.03798,1.15481],"1.0":[-21.34375,-10,0],"1.1667":[-4.08,-8.1,-3.27],"1.3333":[11.37029,-6.20484,-6.54022]},"position":{"0.0":[-0.2188,-0.71875,0.15625],"0.1667":{"pre":[0.125,-0.6825,0.41],"post":[0.125,-0.6825,0.41],"lerp_mode":"catmullrom"},"0.3333":{"post":[0,0.03625,0.41],"lerp_mode":"catmullrom"},"0.5":{"post":[0,0.03125,0.16],"lerp_mode":"catmullrom"},"0.6667":[0,-0.6875,-0.25],"0.8333":[0,-1.23625,-0.51],"0.9167":[0,-0.70625,-0.19],"1.0":[0,-0.27625,0.16],"1.1667":[-0.1875,-0.2,0.16],"1.25":[-0.2188,-0.36625,0.16],"1.3333":[-0.2188,-0.71875,0.15625]}},"leg_left2":{"rotation":{"0.0":[11.34375,0,0],"0.1667":{"pre":[30,0,0],"post":[30,0,0],"lerp_mode":"catmullrom"},"0.3333":{"post":[40,0,0],"lerp_mode":"catmullrom"},"0.5":{"post":[20,0,0],"lerp_mode":"catmullrom"},"0.6667":[7.5,0,0],"0.8333":[26.15625,0,0],"1.0":[16.8125,0,0],"1.1667":[13.03125,0,0],"1.3333":[11.34375,0,0]},"position":{"0.0":[0,-0.125,0.03125],"0.6667":[0,-0.125,0.03125],"1.0":[0,-0.12,0.03],"1.3333":[0,-0.125,0.03125]}},"foot_left":{"rotation":{"0.0":[-11.49757,0.13948,2],"0.1667":[0,0,0],"0.5":[0,0,0],"0.6667":[0,0,0],"0.8333":[-1.28,0,0],"0.9167":[-0.92,0,0],"1.0":[-2.5625,0,0],"1.0833":[-6.76875,0.03,0.5],"1.3333":[-11.49757,0.13948,2]}},"waist":{"rotation":["2.5 + (math.cos((q.anim_time - 0.12) * 360 / (4/6)) * 1)",0,"-(math.sin((q.anim_time - 0) * 360 / (4/3)) * 1)"],"position":["-(math.sin((q.anim_time - 0) * 360 / (4/3)) * 0.15)","-1.4688 + (math.sin((q.anim_time - 0.3 - (math.sin((q.anim_time - 0.3) * 360 / (4/6)) * 0.02)) * 360 / (4/6)) * 0.3) + 0.3",0.78]},"torso":{"rotation":["(math.sin((q.anim_time - 0.16) * 360 / (4/6)) * 1)","-(math.cos((q.anim_time - 0.12) * 360 / (4/3)) * -3)","-(math.sin((q.anim_time - 0.1) * 360 / (4/3)) * 2)"]},"arm_right":{"rotation":["13.6491 - (math.cos((q.anim_time - 0) * 360 / (4/3)) * 7)","12.227 + (math.cos((q.anim_time - 0) * 360 / (4/3)) * 15)","-70 - (math.cos((q.anim_time - 0) * 360 / (4/6)) * 3)"],"position":[-1.6875,-0.28125,0]},"elbow_right":{"rotation":[0,"-27.5 + (math.cos((q.anim_time - 0.15) * 360 / (4/3)) * 5)",0]},"hand_right":{"rotation":[0,"-4 + (math.cos((q.anim_time - 0.2) * 360 / (4/3)) * 6)",-12.5]},"thumb_right":{"rotation":{"0.0":[71.67325,22.71667,-4.71827],"0.3333":[71.67,22.72,-4.72]},"position":{"0.0":[0,0,-0.3125],"0.3333":[0,0,-0.31],"0.6667":[0,0,-0.31]}},"thumb_right2":{"rotation":{"0.0":[30,0,0],"0.3333":[30,0,0]}},"pinky_right":{"rotation":{"0.0":[1.46837,4.16499,-70.39384],"0.3333":[1.47,4.16,-70.39]},"position":{"0.0":[-0.0625,-0.03125,0],"0.3333":[-0.06,-0.03,0]}},"pinky_right2":{"rotation":{"0.0":[0,0,-75],"0.3333":[0,0,-75]}},"ringfinger_right":{"rotation":{"0.0":[-6.12971,3.83345,-68.19467],"0.3333":[-6.13,3.83,-68.19]}},"ringfinger_right2":{"rotation":{"0.0":[0,0,-75],"0.3333":[0,0,-75]}},"middlefinger_right":{"rotation":{"0.0":[0,0,-65],"0.3333":[0,0,-65]}},"middlefinger_right2":{"rotation":{"0.0":[0,0,-77.5],"0.3333":[0,0,-77.5]}},"pointer_right":{"rotation":{"0.0":[5.7589,-4.81281,-67.74222],"0.3333":[5.76,-4.81,-67.74]}},"pointer_right2":{"rotation":{"0.0":[0,0,-82.5],"0.3333":[0,0,-82.5]}},"arm_left":{"rotation":["61.9795 + (math.cos((q.anim_time - 0) * 360 / (4/3)) * 1.5)","-19.0389 + (math.cos((q.anim_time - 0) * 360 / (4/3)) * 3)","33.1869 - (math.cos((q.anim_time - 0) * 360 / (4/3)) * 1)"],"position":[0.78125,-1.0625,0]},"elbow_left":{"rotation":{"0.0":[0,47.5,0],"0.3333":[0,47.5,0]}},"hand_left":{"rotation":{"0.0":[0,0,42.5],"0.3333":[0,0,42.5]},"position":{"0.0":[-0.25,0.3125,0],"0.3333":[-0.25,0.31,0]}},"thumb_left":{"rotation":{"0.0":[-6.70368,-46.96689,64.89697],"0.3333":[-6.7,-46.97,64.9]},"position":{"0.0":[0,0.09375,-0.40625],"0.3333":[0,0.09,-0.41]}},"thumb_left2":{"rotation":{"0.0":[0,-45,0],"0.3333":[0,-45,0]}},"pinky_left":{"rotation":{"0.0":[-4.3361,-11.73507,30.44582],"0.3333":[-4.34,-11.74,30.45]}},"pinky_left2":{"rotation":{"0.0":[0,0,25],"0.3333":[0,0,25]}},"ringfinger_left":{"rotation":{"0.0":[-2.23054,-6.87468,28.12333],"0.3333":[-2.23,-6.87,28.12]}},"ringfinger_left2":{"rotation":{"0.0":[0,0,40],"0.3333":[0,0,40]}},"middlefinger_left":{"rotation":{"0.0":[0,0,25],"0.3333":[0,0,25]}},"middlefinger_left2":{"rotation":{"0.0":[0,0,52.5],"0.3333":[0,0,52.5]}},"pointer_left":{"rotation":{"0.0":[1.56065,6.5559,25.2698],"0.3333":[1.56,6.56,25.27]}},"pointer_left2":{"rotation":{"0.0":[0,0,47.5],"0.3333":[0,0,47.5]}},"scarf":{"rotation":[-2.5,0,0]},"chest_hair":{"rotation":["-5 + (math.sin((q.anim_time - 0.2) * 360 / (4/6)) * 4)",0,0]},"chest_hair2":{"rotation":["-2 + (math.sin((q.anim_time - 0.3) * 360 / (4/6)) * 2)",0,0]},"head":{"rotation":[-2.5,0,0]},"balldisconnected":{"scale":{"0.0":[0,0,0],"0.3333":[0,0,0]}},"wrist_right":{"rotation":{"0.0":[0,0,-7.5],"0.3333":[0,0,-7.5],"0.6667":[0,0,-7.5]}},"wrist_left":{"rotation":{"0.0":[-69.92969,-4.69776,-1.71394],"0.3333":[-69.93,-4.7,-1.71]}},"ballconnected":{"rotation":{"0.0":[-7.5,0,-2.5],"0.3333":[-7.5,0,-2.5]},"position":{"0.0":[-2.25,-0.28125,0],"0.3333":[-2.25,-0.28,0]}},"knee_right":{"rotation":{"0.0":[0,0,0],"0.3333":[7.5,0,0],"0.6667":[5,0,0],"1.3333":[0,0,0]}},"toe_right":{"rotation":{"0.0":[0,12.5,0],"0.3333":[0,12.5,0],"0.5":[-1.28125,6.25,0],"0.6667":[-2.5,4.625,0],"0.8333":{"pre":[-10,9.375,0],"post":[-10,9.375,0],"lerp_mode":"catmullrom"},"1.0":{"post":[-2.25,8.59375,0],"lerp_mode":"catmullrom"},"1.1667":{"post":[-3.9375,6.78125,0],"lerp_mode":"catmullrom"},"1.3333":[0,12.5,0]}},"toe_right2":{"rotation":{"0.0":[0,2.5,0],"0.3333":[0,2.5,0],"0.5":[-2.46875,1.25,0],"0.6667":[-5,0,0],"0.8333":{"pre":[-12.5,0,0],"post":[-12.5,0,0],"lerp_mode":"catmullrom"},"1.0":{"post":[-5,0,0],"lerp_mode":"catmullrom"},"1.1667":{"post":[-4.1875,0,0],"lerp_mode":"catmullrom"},"1.3333":[0,2.5,0]}},"knee_left":{"rotation":{"0.0":[5,0,0],"0.6667":[0,0,0],"1.0":[7.5,0,0],"1.3333":[5,0,0]}},"toe_left":{"rotation":{"0.0":[-2.5,-4.625,0],"0.1667":{"pre":[-10,-9.375,0],"post":[-10,-9.375,0],"lerp_mode":"catmullrom"},"0.3333":{"post":[-2.25,-8.59375,0],"lerp_mode":"catmullrom"},"0.5":{"post":[-3.9375,-6.78125,0],"lerp_mode":"catmullrom"},"0.6667":[0,-12.5,0],"1.0":[0,-12.5,0],"1.1667":[-1.28125,-6.25,0],"1.3333":[-2.5,-4.625,0]}},"toe_left2":{"rotation":{"0.0":[-5,0,0],"0.1667":{"pre":[-12.5,0,0],"post":[-12.5,0,0],"lerp_mode":"catmullrom"},"0.3333":{"post":[-5,0,0],"lerp_mode":"catmullrom"},"0.5":{"post":[-4.1875,0,0],"lerp_mode":"catmullrom"},"0.6667":[0,-2.5,0],"1.0":[0,-2.5,0],"1.1667":[-2.46875,-1.25,0],"1.3333":[-5,0,0]}},"tail":{"rotation":[-7.5,"-(math.cos((q.anim_time - 0.15) * 360 / (4/3)) * 3)",0]},"tail3":{"rotation":[-35,"0-(math.cos((q.anim_time - 0.3) * 360 / (4/3)) * 10)","0+(math.cos((q.anim_time - 0.3) * 360 / (4/3)) * 3)"]},"tail2":{"rotation":[-12.5,"0-(math.cos((q.anim_time - 0.45) * 360 / (4/3)) * 12)","0+(math.cos((q.anim_time - 0.4) * 360 / (4/3)) * 3)"]},"tail4":{"rotation":[25,0,0],"position":{"0.0":[0,-0.28125,-1.28125],"0.3333":[0,-0.28,-1.28]}},"leaf_right":{"rotation":{"0.0":[-5,0,0],"0.3333":[-5,0,0]}},"leaf_left":{"rotation":{"0.0":[-5,0,0],"0.3333":[-5,0,0]}},"ankle_right":{"rotation":{"0.0":[7.5,0,0],"0.1667":[5,0,0],"0.3333":[0,0,0],"0.6667":[0,0,0],"1.0":[5,0,0],"1.1667":[7.5,0,0],"1.3333":[7.5,0,0]}},"toes_right":{"rotation":{"0.0":[0,0,0],"0.3333":[0,0,0],"0.6667":[-15,0,0],"0.8333":[-15,0,0],"1.0":[-5,0,0],"1.1667":[0,0,0],"1.3333":[0,0,0]}},"toe_right3":{"rotation":{"0.0":[0,0,0],"0.3333":[0,0,0],"0.5":[-3.78125,0,0],"0.6667":[-7.5,0,0],"0.8333":{"pre":[-15,0,0],"post":[-15,0,0],"lerp_mode":"catmullrom"},"1.0":{"post":[-8.8125,0,0],"lerp_mode":"catmullrom"},"1.1667":{"post":[-5.5625,0,0],"lerp_mode":"catmullrom"},"1.3333":[0,0,0]}},"toe_right4":{"rotation":{"0.0":[0,0,0],"0.3333":[0,0,0],"0.5":[-2.84375,0,0],"0.6667":[-10,0,0],"0.8333":{"pre":[-12.5,0,0],"post":[-12.5,0,0],"lerp_mode":"catmullrom"},"1.0":{"post":[-9.15625,0,0],"lerp_mode":"catmullrom"},"1.1667":{"post":[-5.03125,0,0],"lerp_mode":"catmullrom"},"1.3333":[0,0,0]}},"ankle_left":{"rotation":{"0.0":[0,0,0],"0.3333":[5,0,0],"0.5":[7.5,0,0],"0.6667":[7.5,0,0],"0.8333":[5,0,0],"1.0":[0,0,0],"1.3333":[0,0,0]}},"toes_left":{"rotation":{"0.0":[-15,0,0],"0.1667":[-15,0,0],"0.3333":[-5,0,0],"0.5":[0,0,0],"0.6667":[0,0,0],"1.0":[0,0,0],"1.3333":[-15,0,0]}},"toe_left3":{"rotation":{"0.0":[-7.5,0,0],"0.1667":{"pre":[-15,0,0],"post":[-15,0,0],"lerp_mode":"catmullrom"},"0.3333":{"post":[-8.8125,0,0],"lerp_mode":"catmullrom"},"0.5":{"post":[-5.5625,0,0],"lerp_mode":"catmullrom"},"0.6667":[0,0,0],"1.0":[0,0,0],"1.1667":[-3.78125,0,0],"1.3333":[-7.5,0,0]}},"toe_left4":{"rotation":{"0.0":[-10,0,0],"0.1667":{"pre":[-12.5,0,0],"post":[-12.5,0,0],"lerp_mode":"catmullrom"},"0.3333":{"post":[-9.15625,0,0],"lerp_mode":"catmullrom"},"0.5":{"post":[-5.03125,0,0],"lerp_mode":"catmullrom"},"0.6667":[0,0,0],"1.0":[0,0,0],"1.1667":[-2.84375,0,0],"1.3333":[-10,0,0]}},"neck":{"rotation":["-(math.cos((q.anim_time - 0.1) * 360 / (4/6)) * 1)","-(math.cos((q.anim_time - 0.08) * 360 / (4/3)) * -3)",0]}}},"animation.passimian.walk_test":{"loop":true,"bones":{"body":{"position":[0,0,"-q.anim_time*90*walk"]}}}}}