{"format_version":"1.8.0","animations":{"animation.pawmo.ground_idle":{"loop":true,"bones":{"torso":{"rotation":["01+math.sin(q.anim_time*60*3)*1",0,0],"position":[0,"0+math.sin(q.anim_time*60*3*2)*0.1",0]},"tail":{"rotation":["0-math.sin(q.anim_time*90*3*1)*6",0,"0-math.sin(q.anim_time*45*3*1)*2"]},"rightarm2":{"rotation":[0.7661,"-0.6428+math.sin(q.anim_time*45*3)*5","39.9957+math.sin(q.anim_time*45*3)*2"]},"righthand":{"rotation":[90,"12.5+math.sin(q.anim_time*45*3)*5",0]},"leftarm2":{"rotation":[0.7661,"-0.6428-math.sin(q.anim_time*45*3)*5","-39.9957+math.sin(q.anim_time*45*3)*2"]},"lefthand":{"rotation":[90,"-12.5-math.sin(q.anim_time*45*3)*5",0]},"head":{"rotation":["0+math.sin(q.anim_time*60*3-60)*2",0,0]},"hair":{"rotation":["0-math.sin(q.anim_time*45*3*1)*1",0,"0-math.sin(q.anim_time*45*3*1)*2"]},"rightear":{"rotation":["0-math.sin(q.anim_time*90*3*1)*3",0,0]},"leftear":{"rotation":["0-math.sin(q.anim_time*90*3*1)*3",0,0]}}},"animation.pawmo.ground_walk":{"loop":true,"bones":{"torso":{"rotation":["2.5-math.sin(q.anim_time*90*8)*2","math.sin(q.anim_time*90*4)*4",0],"position":[0,"0+math.sin(q.anim_time*60*3*2)*0.1",0]},"tail":{"rotation":["0-math.sin(q.anim_time*180*3*1)*8",0,"0-math.sin(q.anim_time*90*3*1)*4"]},"rightarm2":{"rotation":[0.7661,"-0.6428+math.sin(q.anim_time*45*8)*10","39.9957+math.sin(q.anim_time*45*3)*2"]},"righthand":{"rotation":[90,"12.5+math.sin(q.anim_time*45*3)*5",0]},"leftarm2":{"rotation":[0.7661,"-0.6428+math.sin(q.anim_time*45*8)*10","-39.9957+math.sin(q.anim_time*45*3)*2"]},"lefthand":{"rotation":[90,"-12.5-math.sin(q.anim_time*45*3)*5",0]},"head":{"rotation":["math.sin(query.anim_time*90*6*1.5+80)*2.5","math.sin(query.anim_time*90*3*1.5+60)*2.5","math.sin(query.anim_time*90*3*1.5+60)*2.5"]},"hair":{"rotation":["0-math.sin(q.anim_time*45*3*1)*1",0,"0-math.sin(q.anim_time*180*3*1)*4"]},"rightear":{"rotation":["0-math.sin(q.anim_time*90*7)*6",0,"0-math.sin(q.anim_time*45*7)*4"]},"leftear":{"rotation":["0-math.sin(q.anim_time*90*7)*6",0,"0+math.sin(q.anim_time*45*7)*4"]},"rightleg":{"rotation":["-20*math.sin(q.anim_time*90*4)",0,0]},"righfoot":{"rotation":["-20*math.sin(q.anim_time*90*4)",0,0]},"leftleg":{"rotation":["20*math.sin(q.anim_time*90*4)",0,0]},"righfoot2":{"rotation":["20*math.sin(q.anim_time*90*4)",0,0]}}}}}