{"format_version":"1.8.0","animations":{"animation.phione.ground_idle":{"loop":true,"bones":{"head":{"rotation":["2.5 + 2.5 * math.sin(q.anim_time * 2 * math.pi * 45 + 30)",0,0]},"hair":{"rotation":["17.5 + math.sin(q.anim_time * 2 * math.pi * 45 - 45)",0,0]},"body":{"position":[0,"0.25+0.1 * math.sin(q.anim_time * 2 * math.pi * 45)",1]},"left_arm":{"rotation":["15 - 5 * math.sin(q.anim_time * 2 * math.pi * 45 + 60)",15,0]},"right_arm":{"rotation":["15 - 5 * math.sin(q.anim_time * 2 * math.pi * 45 + 60)",-15,0]},"hair1":{"rotation":["-17.5 + 1.5 * math.sin(q.anim_time * 2 * math.pi * 45 - 90)",0,0]},"hair2":{"rotation":["-22.5 + 1.5 * math.sin(q.anim_time * 2 * math.pi * 45 - 135)",0,0]},"hair3":{"rotation":["-20 + 3 * math.sin(q.anim_time * 2 * math.pi * 45 - 180)",0,0]},"hair4":{"rotation":["-15 + 3 * math.sin(q.anim_time * 2 * math.pi * 45 - 225)",0,0]},"left_lower":{"rotation":[0,"35 - 5 * math.sin(q.anim_time * 2 * math.pi * 45 + 105)",0]},"right_lower":{"rotation":[0,"-35 + 5 * math.sin(q.anim_time * 2 * math.pi * 45 + 105)",0]}}},"animation.phione.ground_walk":{"loop":true,"bones":{"head":{"rotation":["-2.5+2.5 * math.sin(q.anim_time * 2 * math.pi * 60 + 30)",0,0]},"hair":{"rotation":["17.5 + math.sin(q.anim_time * 2 * math.pi * 60 - 45)",0,0]},"body":{"rotation":[7.5,0,0],"position":[0,"0.5 + 0.25 * math.sin(q.anim_time * 2 * math.pi * 60)",1]},"left_arm":{"rotation":["15 + 5 * math.sin(q.anim_time * 2 * math.pi * 60 + 60)",15,0]},"right_arm":{"rotation":["15 - 5 * math.sin(q.anim_time * 2 * math.pi * 60 + 60)",-15,0]},"hair1":{"rotation":["-17.5 + 1.5 * math.sin(q.anim_time * 2 * math.pi * 60 - 90)",0,0]},"hair2":{"rotation":["-22.5 + 1.5 * math.sin(q.anim_time * 2 * math.pi * 60 - 135)",0,0]},"hair3":{"rotation":["-20 + 3 * math.sin(q.anim_time * 2 * math.pi * 60 - 180)",0,0]},"hair4":{"rotation":["-15 + 3 * math.sin(q.anim_time * 2 * math.pi * 60 - 225)",0,0]},"left_lower":{"rotation":[0,"35 + 5 * math.sin(q.anim_time * 2 * math.pi * 60 + 105)",0]},"right_lower":{"rotation":[0,"-35 + 5 * math.sin(q.anim_time * 2 * math.pi * 60 + 105)",0]}}},"animation.phione.water_idle":{"loop":true,"bones":{"head":{"rotation":["1.5 + 1.5 * math.sin(q.anim_time * 2 * math.pi * 20)",0,0]},"hair":{"rotation":["17.5 + math.sin(q.anim_time * 2 * math.pi * 20 - 45)",0,0]},"body":{"rotation":["2.5 + 1 * math.sin((q.anim_time - 0.2) * 2 * math.pi * 20)",0,0],"position":[0,"-5.25 + 0.1 * math.sin((q.anim_time - 0.2) * 2 * math.pi * 20)",1]},"left_arm":{"rotation":[0,"45 * math.sin(q.anim_time * 2 * math.pi * 10)","10 - 15 * math.sin(q.anim_time * 2 * math.pi * 20)"]},"right_arm":{"rotation":[0,"- 45 * math.sin(q.anim_time * 2 * math.pi * 10)","-10 + 15 * math.sin(q.anim_time * 2 * math.pi * 20)"]},"hair1":{"rotation":["-17.5 + 1.5 * math.sin(q.anim_time * 2 * math.pi * 20 - 90)",0,0]},"hair2":{"rotation":["-22.5 + 1.5 * math.sin(q.anim_time * 2 * math.pi * 20 - 135)",0,0]},"hair3":{"rotation":["-20 + 3 * math.sin(q.anim_time * 2 * math.pi * 20 - 180)",0,0]},"hair4":{"rotation":["-15 + 3 * math.sin(q.anim_time * 2 * math.pi * 20 - 225)",0,0]},"left_lower":{"rotation":["30 * math.sin(q.anim_time * 2 * math.pi * 10 + 120)",0,0]},"right_lower":{"rotation":["30 * math.sin(q.anim_time * 2 * math.pi * 10 + 120)",0,0]}}},"animation.phione.water_swim":{"loop":true,"bones":{"head":{"rotation":["-20 + 1.5 * math.sin(q.anim_time * 2 * math.pi * 40)",0,0]},"hair":{"rotation":["12.5 + 1.5 * math.sin(q.anim_time * 2 * math.pi * 40 - 45)",0,0]},"body":{"rotation":["25 + 1 * math.sin((q.anim_time - 0.2) * 2 * math.pi * 40)",0,0],"position":[0,"-5.25 + 0.1 * math.sin((q.anim_time - 0.2) * 2 * math.pi * 20)",1]},"left_arm":{"rotation":[0,"45 * math.sin(q.anim_time * 2 * math.pi * 20)","10 - 15 * math.sin(q.anim_time * 2 * math.pi * 40)"]},"right_arm":{"rotation":[0,"- 45 * math.sin(q.anim_time * 2 * math.pi * 20)","-10 + 15 * math.sin(q.anim_time * 2 * math.pi * 40)"]},"hair1":{"rotation":["-17.5 + 2 * math.sin(q.anim_time * 2 * math.pi * 40 - 135)",0,0]},"hair2":{"rotation":["-12.5 + 2 * math.sin(q.anim_time * 2 * math.pi * 40 - 225)",0,0]},"hair3":{"rotation":["-12.5 + 4 * math.sin(q.anim_time * 2 * math.pi * 40 - 315)",0,0]},"hair4":{"rotation":["-7.5 + 4 * math.sin(q.anim_time * 2 * math.pi * 40 - 45)",0,0]},"left_lower":{"rotation":["30 * math.sin(q.anim_time * 2 * math.pi * 20 + 120)",0,0]},"right_lower":{"rotation":["30 * math.sin(q.anim_time * 2 * math.pi * 20 + 120)",0,0]}}}}}