{"format_version":"1.8.0","animations":{"animation.polteageist.pose":{"loop":true,"bones":{"hat":{"rotation":[0,0,-5],"position":[-1,0,0]},"head":{"rotation":[0,0,-10]},"left_leg":{"rotation":[0,0,-45]},"right_leg":{"rotation":[0,0,-22.5]},"left_arm":{"rotation":[28.96882,25.19294,23.54126]},"left_arm_segment":{"rotation":[0,90,0]},"right_arm":{"rotation":[41.71859,-60.94471,-33.86124]},"right_arm_segment":{"rotation":[0,-67.5,0]}}},"animation.polteageist.pose_2":{"loop":true,"bones":{"polteageist":{"position":[0,-4,0]},"head":{"rotation":[0,0,0],"position":[-16,0,0]},"hat":{"position":[0,-4,0]},"legs":{"scale":0},"left_arm":{"rotation":[27.46465,39.95112,72.46465]},"left_arm_segment":{"rotation":[0,45,0]},"left_hand":{"rotation":[0,0,45]},"right_arm":{"rotation":[0,0,-45],"position":[1,0,0]},"right_arm_segment":{"rotation":[0,0,45],"position":[0.4,-0.1,0]},"right_hand":{"rotation":[0,0,-22.5],"position":[0.2,0,0]},"right_eye":{"position":[0,0,1]},"left_eye":{"position":[0,0,1]},"head_segment_1":{"rotation":[0,10,-45],"position":[3.4,6.1,0]},"head_segment_2":{"rotation":[0,-7.5,22.5],"position":[0,-0.5,0]},"head_segment_3":{"rotation":[5,-22.5,0],"position":[-0.5,-0.5,-0.4]},"eyelids":{"position":[0,0,-1]}}},"animation.polteageist.blank":{"loop":true,"animation_length":2,"bones":{"polteageist":{"position":[0,14,0]},"left_arm":{"rotation":[-61.1632,42.85881,34.02421],"position":[-0.5,0,0]},"left_arm_segment":{"rotation":[0,0,67.5]},"left_hand":{"rotation":[67.5,-60.94471,0],"position":[0,0,-0.5]},"right_arm":{"rotation":[61.1632,-42.8588,-34.0242]},"right_arm_segment":{"rotation":[-129.63927,-53.13995,-303.9625]},"right_hand":{"rotation":[67.5,60.9447,0],"position":[0,0,-0.5]}}},"animation.polteageist.blink":{"animation_length":0.25,"bones":{"right_eye":{"position":{"0.0":[0,0,1],"0.125":[0,0,1],"0.1667":[0,0,0]}},"left_eye":{"position":{"0.0":[0,0,1],"0.125":[0,0,1],"0.1667":[0,0,0]}},"eyelids":{"position":{"0.0":[0,-0.5,-1],"0.125":[0,-0.5,-1],"0.1667":[0,-0.5,0]}}}},"animation.polteageist.ground_walk":{"loop":true,"animation_length":2,"bones":{"polteageist":{"rotation":[15,0,0],"position":[0,"14+math.sin(query.anim_time*90*4+60)*2",0]},"left_arm":{"rotation":[-61.1632,42.85881,34.02421],"position":[-0.5,0,0]},"left_arm_segment":{"rotation":[0,0,67.5]},"left_hand":{"rotation":[67.5,-60.94471,0],"position":[0,0,-0.5]},"right_arm":{"rotation":[61.1632,-42.8588,-34.0242]},"right_arm_segment":{"rotation":[-129.63927,-53.13995,-303.9625]},"right_hand":{"rotation":[67.5,60.9447,0],"position":[0,0,-0.5]},"torso":{"rotation":["math.sin(query.anim_time*90*4-60)*4",0,0]},"left_leg":{"rotation":["22.5-math.sin(query.anim_time*90*4+40)*4",0,0]},"right_leg":{"rotation":["22.5-math.sin(query.anim_time*90*4+40)*4",0,0]}}},"animation.polteageist.ground_idle":{"loop":true,"animation_length":2,"bones":{"polteageist":{"position":[0,"14+math.sin(query.anim_time*90*2)*2",0]},"left_arm":{"rotation":[-61.1632,42.85881,34.02421],"position":[-0.5,0,0]},"left_arm_segment":{"rotation":[0,0,67.5]},"left_hand":{"rotation":[67.5,-60.94471,0],"position":[0,0,-0.5]},"right_arm":{"rotation":[61.1632,-42.8588,-34.0242]},"right_arm_segment":{"rotation":[-129.63927,-53.13995,-303.9625]},"right_hand":{"rotation":[67.5,60.9447,0],"position":[0,0,-0.5]},"torso":{"rotation":[0,"math.sin(query.anim_time*90*2-60)*4","math.sin(query.anim_time*90*2+60)*4"]},"head":{"rotation":[0,0,"math.sin(query.anim_time*90*2+40)*2"]},"hat":{"rotation":[0,0,0]},"left_leg":{"rotation":[0,0,"-math.sin(query.anim_time*90*2+40)*4"]},"right_leg":{"rotation":[0,0,"math.sin(query.anim_time*90*2+40)*4"]}}},"animation.polteageist.sleep":{"loop":true,"animation_length":2,"bones":{"polteageist":{"position":[0,"14+math.sin(query.anim_time*90*2)*1",0]},"left_arm":{"rotation":[-61.1632,42.85881,34.02421],"position":[-0.5,0,0]},"left_arm_segment":{"rotation":[0,0,67.5]},"left_hand":{"rotation":[67.5,-60.94471,0],"position":[0,0,-0.5]},"right_arm":{"rotation":[61.1632,-42.8588,-34.0242]},"right_arm_segment":{"rotation":[-129.63927,-53.13995,-303.9625]},"right_hand":{"rotation":[67.5,60.9447,0],"position":[0,0,-0.5]},"torso":{"rotation":[0,"math.sin(query.anim_time*90*2-60)*2","math.sin(query.anim_time*90*2+60)*2"]},"head":{"rotation":[0,0,"math.sin(query.anim_time*90*2+40)*2"]},"hat":{"rotation":[0,0,0]},"left_leg":{"rotation":[0,0,"-math.sin(query.anim_time*90*2+40)*4"]},"right_leg":{"rotation":[0,0,"math.sin(query.anim_time*90*2+40)*4"]},"right_eye":{"position":[0,0,1]},"left_eye":{"position":[0,0,1]},"eyelids":{"position":[0,-0.5,-1]}}},"animation.polteageist.faint":{"animation_length":1,"bones":{"polteageist":{"position":{"0.0":{"post":[0,14,0],"lerp_mode":"catmullrom"},"0.5":{"post":[0,14,0],"lerp_mode":"catmullrom"},"0.75":{"post":[0,-4,0],"lerp_mode":"catmullrom"}}},"torso":{"rotation":{"0.0":{"post":[0,0,0],"lerp_mode":"catmullrom"},"0.5":{"post":[0,0,0],"lerp_mode":"catmullrom"},"1.25":{"post":[0,0,0],"lerp_mode":"catmullrom"}},"position":{"0.0":{"post":[0,0,0],"lerp_mode":"catmullrom"},"0.75":{"post":[0,0,0],"lerp_mode":"catmullrom"},"0.875":{"post":[0,1,0],"lerp_mode":"catmullrom"},"1.0":{"post":[0,0,0],"lerp_mode":"catmullrom"}}},"head":{"scale":{"0.0":{"post":[1,1,1],"lerp_mode":"catmullrom"},"0.25":{"post":[1,1,1],"lerp_mode":"catmullrom"},"0.5":{"post":[0,0,0],"lerp_mode":"catmullrom"}}},"head_segment_3":{"position":{"0.0":{"post":[0,0,0],"lerp_mode":"catmullrom"},"0.25":{"post":[0,0,0],"lerp_mode":"catmullrom"},"0.5":{"post":[0,-8,0],"lerp_mode":"catmullrom"}}},"mouth":{"rotation":{"0.0":{"post":[0,0,180],"lerp_mode":"catmullrom"}}},"left_arm":{"rotation":{"0.0":{"post":[0,0,0],"lerp_mode":"catmullrom"},"0.25":{"post":[0,0,-45],"lerp_mode":"catmullrom"},"0.5":{"post":[0,0,-112.5],"lerp_mode":"catmullrom"}}},"right_arm":{"rotation":{"0.0":{"post":[0,0,0],"lerp_mode":"catmullrom"},"0.25":{"post":[0,0,45],"lerp_mode":"catmullrom"},"0.5":{"post":[0,0,112.5],"lerp_mode":"catmullrom"}}},"hat":{"position":{"0.0":{"post":[0,0,0],"lerp_mode":"catmullrom"},"0.25":{"post":[0,0,0],"lerp_mode":"catmullrom"},"0.5":{"post":[0,-4,0],"lerp_mode":"catmullrom"}}},"left_leg":{"position":{"0.0":{"post":[0,0,0],"lerp_mode":"catmullrom"},"0.25":{"post":[0,0,0],"lerp_mode":"catmullrom"},"0.5":{"post":[0,7,0],"lerp_mode":"catmullrom"}}},"right_leg":{"position":{"0.0":{"post":[0,0,0],"lerp_mode":"catmullrom"},"0.25":{"post":[0,0,0],"lerp_mode":"catmullrom"},"0.5":{"post":[0,7,0],"lerp_mode":"catmullrom"}}}}},"animation.polteageist.battle_idle":{"loop":true,"animation_length":2,"bones":{"polteageist":{"position":["math.sin(query.anim_time*90*2+60)*2","14+math.sin(query.anim_time*90*2)*2","math.sin(query.anim_time*90*2-60)*2"]},"left_arm":{"rotation":[-61.1632,42.85881,34.02421],"position":[-0.5,0,0]},"left_arm_segment":{"rotation":[0,0,67.5]},"left_hand":{"rotation":[67.5,-60.94471,0],"position":[0,0,-0.5]},"right_arm":{"rotation":[61.1632,-42.8588,-34.0242]},"right_arm_segment":{"rotation":[-129.63927,-53.13995,-303.9625]},"right_hand":{"rotation":[67.5,60.9447,0],"position":[0,0,-0.5]},"torso":{"rotation":[0,"math.sin(query.anim_time*90*2-60)*4","math.sin(query.anim_time*90*2+60)*4"]},"head":{"rotation":[0,0,"math.sin(query.anim_time*90*2+40)*2"]},"hat":{"rotation":[0,0,0]},"left_leg":{"rotation":[0,0,"-math.sin(query.anim_time*90*2+40)*4"]},"right_leg":{"rotation":[0,0,"math.sin(query.anim_time*90*2+40)*4"]}}},"animation.polteageist.physical_atttack":{"animation_length":1,"bones":{"polteageist":{"position":{"0.0":{"post":[0,14,0],"lerp_mode":"catmullrom"},"1.0":{"post":[0,14,0],"lerp_mode":"catmullrom"}}},"torso":{"rotation":{"0.0":{"post":[0,0,0],"lerp_mode":"catmullrom"},"0.25":{"post":[-15,0,0],"lerp_mode":"catmullrom"},"0.5":{"post":[13.27463,19.50645,4.50432],"lerp_mode":"catmullrom"},"0.75":{"post":[13.27463,19.50645,4.50432],"lerp_mode":"catmullrom"},"1.0":{"post":[0,0,0],"lerp_mode":"catmullrom"}}},"left_arm":{"rotation":{"0.0":{"post":[0,0,0],"lerp_mode":"catmullrom"},"0.25":{"post":[0,-67.5,0],"lerp_mode":"catmullrom"},"0.5":{"post":[0,45,0],"lerp_mode":"catmullrom"},"0.75":{"post":[0,45,0],"lerp_mode":"catmullrom"},"1.0":{"post":[0,0,0],"lerp_mode":"catmullrom"}}},"left_arm_segment":{"rotation":{"0.0":{"post":[0,0,0],"lerp_mode":"catmullrom"},"0.25":{"post":[0,45,0],"lerp_mode":"catmullrom"},"1.0":{"post":[0,0,0],"lerp_mode":"catmullrom"}}},"right_arm":{"rotation":{"0.0":{"post":[0,0,0],"lerp_mode":"catmullrom"},"0.25":{"post":[0,67.5,0],"lerp_mode":"catmullrom"},"0.5":{"post":[0,67.5,0],"lerp_mode":"catmullrom"},"0.75":{"post":[0,67.5,0],"lerp_mode":"catmullrom"},"1.0":{"post":[0,0,0],"lerp_mode":"catmullrom"}}},"right_arm_segment":{"rotation":{"0.0":{"post":[0,0,0],"lerp_mode":"catmullrom"},"0.25":{"post":[0,-45,0],"lerp_mode":"catmullrom"},"1.0":{"post":[0,0,0],"lerp_mode":"catmullrom"}}}}},"animation.polteageist.special_attack":{"animation_length":1.75,"bones":{"polteageist":{"rotation":{"0.0":{"post":[0,0,0],"lerp_mode":"catmullrom"},"0.25":{"post":[0,0,0],"lerp_mode":"catmullrom"},"0.5":{"post":[0,-90,0],"lerp_mode":"catmullrom"},"0.75":{"post":[90,-45,-90],"lerp_mode":"catmullrom"},"1.75":{"post":[0,0,0],"lerp_mode":"catmullrom"}},"position":{"0.0":{"post":[0,14,0],"lerp_mode":"catmullrom"},"0.25":{"post":[0,14,0],"lerp_mode":"catmullrom"},"0.5":{"post":[0,14,0],"lerp_mode":"catmullrom"},"0.75":{"post":[0,20,0],"lerp_mode":"catmullrom"},"1.75":{"post":[0,14,0],"lerp_mode":"catmullrom"}}},"head_segment_1":{"rotation":{"0.0":{"post":[0,0,0],"lerp_mode":"catmullrom"},"0.75":{"post":[0,0,0],"lerp_mode":"catmullrom"},"1.0":{"post":[0,0,-112.5],"lerp_mode":"catmullrom"},"1.25":{"post":[0,0,-112.5],"lerp_mode":"catmullrom"},"1.5":{"post":[0,0,-112.5],"lerp_mode":"catmullrom"},"1.75":{"post":[0,0,0],"lerp_mode":"catmullrom"}},"position":{"0.0":{"post":[0,0,0],"lerp_mode":"catmullrom"},"0.75":{"post":[0,0,0],"lerp_mode":"catmullrom"},"1.0":{"post":[-14,5,0],"lerp_mode":"catmullrom"},"1.25":{"post":[-14,5,0],"lerp_mode":"catmullrom"},"1.5":{"post":[-14,5,0],"lerp_mode":"catmullrom"},"1.75":{"post":[0,0,0],"lerp_mode":"catmullrom"}}},"head_segment_2":{"rotation":{"0.0":{"post":[0,0,0],"lerp_mode":"catmullrom"},"1.0":{"post":[0,0,-7.5],"lerp_mode":"catmullrom"},"1.25":{"post":[0,0,-7.5],"lerp_mode":"catmullrom"},"1.5":{"post":[0,0,-7.5],"lerp_mode":"catmullrom"},"1.75":{"post":[0,0,0],"lerp_mode":"catmullrom"}}},"head_segment_3":{"rotation":{"0.0":{"post":[0,0,0],"lerp_mode":"catmullrom"},"1.0":{"post":[0,0,-7.5],"lerp_mode":"catmullrom"},"1.25":{"post":[0,0,-7.5],"lerp_mode":"catmullrom"},"1.5":{"post":[0,0,-7.5],"lerp_mode":"catmullrom"},"1.75":{"post":[0,0,0],"lerp_mode":"catmullrom"}},"position":{"0.0":{"post":[0,0,0],"lerp_mode":"catmullrom"},"0.25":{"post":[0,-7,0],"lerp_mode":"catmullrom"},"0.75":{"post":[0,-7,0],"lerp_mode":"catmullrom"},"1.0":{"post":[0,0,0],"lerp_mode":"catmullrom"},"1.25":{"post":[0,0,0],"lerp_mode":"catmullrom"},"1.5":{"post":[0,0,0],"lerp_mode":"catmullrom"},"1.75":{"post":[0,0,0],"lerp_mode":"catmullrom"}},"scale":{"0.0":{"post":[1,1,1],"lerp_mode":"catmullrom"},"0.25":{"post":[0.5,0.5,0.5],"lerp_mode":"catmullrom"},"0.75":{"post":[0.5,0.5,0.5],"lerp_mode":"catmullrom"},"1.0":{"post":[1,1,1],"lerp_mode":"catmullrom"},"1.25":{"post":[1,1,1],"lerp_mode":"catmullrom"},"1.5":{"post":[1,1,1],"lerp_mode":"catmullrom"},"1.75":{"post":[1,1,1],"lerp_mode":"catmullrom"}}},"left_arm":{"rotation":{"0.0":{"post":[0,0,0],"lerp_mode":"catmullrom"},"0.25":{"post":[0,0,-45],"lerp_mode":"catmullrom"},"1.0":{"post":[0,0,-90],"lerp_mode":"catmullrom"},"1.25":{"post":[0,0,-90],"lerp_mode":"catmullrom"},"1.5":{"post":[0,0,-90],"lerp_mode":"catmullrom"},"1.75":{"post":[0,0,0],"lerp_mode":"catmullrom"}}},"right_arm":{"rotation":{"0.0":{"post":[0,0,0],"lerp_mode":"catmullrom"},"0.25":{"post":[0,0,45],"lerp_mode":"catmullrom"},"1.0":{"post":[0,0,90],"lerp_mode":"catmullrom"},"1.25":{"post":[0,0,90],"lerp_mode":"catmullrom"},"1.5":{"post":[0,0,90],"lerp_mode":"catmullrom"},"1.75":{"post":[0,0,0],"lerp_mode":"catmullrom"}},"position":{"0.0":{"post":[0,0,0],"lerp_mode":"catmullrom"},"1.0":{"post":[-0.5,0,0],"lerp_mode":"catmullrom"},"1.25":{"post":[-0.5,0,0],"lerp_mode":"catmullrom"},"1.5":{"post":[-0.5,0,0],"lerp_mode":"catmullrom"},"1.75":{"post":[0,0,0],"lerp_mode":"catmullrom"}}},"hat":{"position":{"0.0":{"post":[0,0,0],"lerp_mode":"catmullrom"},"0.25":{"post":[0,-4,0],"lerp_mode":"catmullrom"},"1.0":{"post":[0,-3.7,0],"lerp_mode":"catmullrom"},"1.25":{"post":[0,-3.7,0],"lerp_mode":"catmullrom"},"1.5":{"post":[0,-3.7,0],"lerp_mode":"catmullrom"},"1.75":{"post":[0,0,0],"lerp_mode":"catmullrom"}}}}}}}