{"format_version":"1.8.0","animations":{"animation.rayquaza_mega.ground_idle":{"loop":true,"bones":{"body":{"rotation":["-32.5 + (math.sin((q.anim_time - 0.6) * 360 / 4) * 0.5)",0,0],"position":["(math.sin((q.anim_time - 0.4) * 360 / 16) * 1)","(math.sin((q.anim_time - 0.2) * 360 / 4) * 2) + 5","(math.sin((q.anim_time - 0.4) * 360 / 8) * 2)"]},"torso":{"rotation":["-22.5 + (math.sin((q.anim_time - 0.8) * 360 / 4) * 10) + 2",0,0],"position":[0,-0.84375,0.875]},"torso3":{"rotation":["5.5 - (math.sin((q.anim_time - 0.6) * 360 / 4) * 10)",0,0],"position":[0,0.125,1.625]},"neck":{"rotation":["47 + (math.sin((q.anim_time - 0.4) * 360 / 4) * 1)",0,0],"position":[0,0.75,3.625]},"head":{"rotation":["24 + (math.sin((q.anim_time - 0) * 360 / 4) * 2) + 10",0,0]},"lowerjaw":{"rotation":[0,0,0]},"armleft":{"rotation":["-9.5615 - (math.sin((q.anim_time - 0.3) * 360 / 4) * 5)","-21.7119+ (math.sin((q.anim_time - 0.3) * 360 / 4) * 3)","49.0043- (math.sin((q.anim_time - 0.5) * 360 / 4) * 2)"],"position":[-0.125,2.0625,-0.90625]},"tail":{"rotation":["-0.8779 + (math.sin((q.anim_time - 1) * 360 / 4) * 5)",0,0],"position":[0,0,-1.28125]},"tail2":{"rotation":["24.5106 + (math.sin((q.anim_time - 1.3) * 360 / 4) * 5)",0,0],"position":[0,-0.625,-1.625]},"tail3":{"rotation":["22.271 + (math.sin((q.anim_time - 1.6) * 360 / 4) * 4)",-2.38422,-0.7522],"position":[0,0.03125,-1.5]},"tail4":{"rotation":["22.6417 + (math.sin((q.anim_time - 1.9) * 360 / 4) * 8) - 9",-7.15102,-2.26708],"position":[0.125,-0.40625,-1.9375]},"tail5":{"rotation":["17.5489 -(math.sin((q.anim_time - 0.7) * 360 / 4) * 8) - 9",-12.19908,-2.74715],"position":[0,0.125,-1.875]},"tail6":{"rotation":["6.5451 -(math.sin((q.anim_time - 0.8) * 360 / 4) * 4) - 5",-10,0]},"tail7":{"rotation":["-4.5611 -(math.sin((q.anim_time - 0.9) * 360 / 4) * 5) - 3",-17.5,0],"position":[0,0,-0.9375]},"tail8":{"rotation":["-6.0693 -(math.sin((q.anim_time - 1) * 360 / 4) * 5) - 2",-9.91358,1.31845]},"tail9":{"rotation":["-5 -(math.sin((q.anim_time - 1.1) * 360 / 4) * 5)",-7.5,0]},"tailfin_right":{"rotation":["-(math.sin((q.anim_time - 1.3) * 360 / 4) * 10) - 10",-15,0]},"tailfin_left":{"rotation":["-(math.sin((q.anim_time - 1.2) * 360 / 4) * 10) - 10",12.5,0]},"rightwing":{"rotation":[0,0,0]},"rightwing2":{"relative_to":{"rotation":"entity"},"rotation":["2.5216 + (math.sin((q.anim_time - 0.8) * 360 / 4) * 12) + 7",-7.49282,-0.32903]},"rightwing3":{"rotation":["(math.sin((q.anim_time - 1.3) * 360 / 4) * 10) - 5",0,0]},"rightwing4":{"rotation":["-(math.cos((q.anim_time - 1.4) * 360 / 4) * 15) - 5",0,0]},"rightwing5":{"rotation":["(math.sin((q.anim_time - 2.3) * 360 / 4) * 9)",0,0]},"rightwing6":{"rotation":["(math.sin((q.anim_time - 2.8) * 360 / 4) * 11)",0,0]},"rightwing7":{"rotation":["(math.sin((q.anim_time - 3) * 360 / 4) * 13)",0,0]},"leftwing":{"rotation":[0,0,0]},"armright":{"rotation":["-9.5615 - (math.sin((q.anim_time - 0.3) * 360 / 4) * 5)","21.7119 - (math.sin((q.anim_time - 0.3) * 360 / 4) * 5)","-49.0043 + (math.sin((q.anim_time - 0.3) * 360 / 4) * 1)"],"position":[0.125,2.0625,-0.90625]},"armright2":{"rotation":[0,0,"-32.5 + (math.sin((q.anim_time - 0.5) * 360 / 4) * 2)"]},"handright":{"rotation":[0,0,"-22.5 + (math.sin((q.anim_time - 0.45) * 360 / 4) * 2)"]},"armleft2":{"rotation":[0,0,"32.5- (math.sin((q.anim_time - 0.45) * 360 / 4) * 2)"]},"handleft":{"rotation":[0,0,"22.5- (math.sin((q.anim_time - 0.45) * 360 / 4) * 2)"]},"torso2":{"rotation":["-7.5-(math.sin((q.anim_time - 0.8) * 360 / 4) * 1) +NaN",0,0]},"neck2":{"rotation":["15-(math.sin((q.anim_time - 0.2) * 360 / 4) * 3) - 5",0,0]},"leftwing2":{"relative_to":{"rotation":"entity"},"rotation":["2.5216 + (math.sin((q.anim_time - 0.8) * 360 / 4) * 12) + 7",7.49282,0.32903]},"leftwing3":{"rotation":["(math.sin((q.anim_time - 1.3) * 360 / 4) * 10) - 5",0,0]},"leftwing4":{"rotation":["-(math.cos((q.anim_time - 1.4) * 360 / 4) * 15) - 5",0,0]},"leftwing5":{"rotation":["(math.sin((q.anim_time - 2.3) * 360 / 4) * 9)",0,0]},"leftwing6":{"rotation":["(math.sin((q.anim_time - 2.8) * 360 / 4) * 11)",0,0]},"leftwing7":{"rotation":["(math.sin((q.anim_time - 3) * 360 / 4) * 13)",0,0]},"topwingleft2":{"relative_to":{"rotation":"entity"},"rotation":[36.11078,-59.31808,-18.6658]},"topwingleft3":{"rotation":[0,0,"-((math.sin((q.anim_time - 0.5) * 360 / 4) * 10)) + 5"]},"topwingleft4":{"rotation":[0,0,"-((math.sin((q.anim_time - 1) * 360 / 4) * 10) - 5)"]},"topwingleft5":{"rotation":[0,0,"(math.cos((q.anim_time - 1.1) * 360 / 4) * 15) + 5"]},"topwingleft6":{"rotation":[0,0,"-((math.sin((q.anim_time - 2) * 360 / 4) * 9))"]},"topwingleft7":{"rotation":[0,0,"-((math.sin((q.anim_time - 2.5) * 360 / 4) * 11))"]},"topwingright2":{"relative_to":{"rotation":"entity"},"rotation":[36.11078,59.31808,18.6658]},"topwingright3":{"rotation":[0,0,"(math.sin((q.anim_time - 0.5) * 360 / 4) * 10) - 5"]},"topwingright4":{"rotation":[0,0,"(math.sin((q.anim_time - 1) * 360 / 4) * 10) - 5"]},"topwingright5":{"rotation":[0,0,"-(math.cos((q.anim_time - 1.1) * 360 / 4) * 15) - 5"]},"topwingright6":{"rotation":[0,0,"(math.sin((q.anim_time - 2) * 360 / 4) * 9)"]},"topwingright7":{"rotation":[0,0,"(math.sin((q.anim_time - 2.5) * 360 / 4) * 11)"]},"tailfin_right2":{"rotation":["-(math.sin((q.anim_time - 1.4) * 360 / 4) * 10) - 5",0,0]},"tailfin_left2":{"rotation":["-(math.sin((q.anim_time - 1.3) * 360 / 4) * 10) - 5",0,0]}}},"animation.rayquaza_mega.ground_walk":{"loop":true,"bones":{"armright":{"rotation":[53.899,19.88131,"-40.788 - (math.sin((q.anim_time - 1.5) * 360 / 2) * 6)"],"position":[0.9375,0.96875,-0.90625]},"armright2":{"rotation":[0,0,"-50 - (math.sin((q.anim_time - 1.7) * 360 / 2) * 3)"]},"handright":{"rotation":[0,0,"-27.5 - (math.sin((q.anim_time - 1.8) * 360 / 2) * 3) + 6"]},"armleft":{"rotation":[53.899,-19.88131,"40.788+ (math.sin((q.anim_time - 1.5) * 360 / 2) * 6)"],"position":[-0.9375,0.96875,-0.90625]},"armleft2":{"rotation":[0,0,"50+ (math.sin((q.anim_time - 1.7) * 360 / 2) * 3)"]},"handleft":{"rotation":[0,0,"27.5+ (math.sin((q.anim_time - 1.8) * 360 / 2) * 3) - 6"]},"torso":{"rotation":["(math.sin((q.anim_time - 1) * 360 / 2) * 8) - 3",0,0],"position":[0,0,0.25]},"torso2":{"rotation":["(math.sin((q.anim_time - 0.8) * 360 / 2) * 2.5) - 2.5",0,0]},"torso3":{"rotation":["(math.sin((q.anim_time - 0.6) * 360 / 2) * 5)",0,0],"position":[0,0,0.375]},"neck":{"rotation":["(math.sin((q.anim_time - 0.4) * 360 / 2) * 5)",0,0],"position":[0,0,0.53125]},"neck2":{"rotation":["(math.sin((q.anim_time - 0.2) * 360 / 2) * 5) + 5",0,0]},"head":{"rotation":["(math.sin((q.anim_time - 0) * 360 / 2) * 5) + 5",0,0]},"body":{"rotation":["(math.sin((q.anim_time - 0.6) * 360 / 2) * 9)",0,0],"position":[0,"(math.sin((q.anim_time - 0.2) * 360 / 2) * 10) + 20",0]},"tail":{"rotation":["(math.sin((q.anim_time - 1) * 360 / 2) * 10)",0,0]},"tail2":{"rotation":["(math.sin((q.anim_time - 1.3) * 360 / 2) * 10)",0,0],"position":[0,0,-0.78125]},"tail3":{"rotation":["(math.sin((q.anim_time - 1.6) * 360 / 2) * 6)",0,0],"position":[0,0,-0.5]},"tail4":{"rotation":["(math.sin((q.anim_time - 1.9) * 360 / 2) * 7)",0,0],"position":[0,0,-0.59375]},"tail5":{"rotation":["-(math.sin((q.anim_time - 0.7) * 360 / 2) * 8)",0,0],"position":[0,0,-0.78125]},"tail6":{"rotation":["-(math.sin((q.anim_time - 0.8) * 360 / 2) * 9)",0,0]},"tail7":{"rotation":["-(math.sin((q.anim_time - 0.9) * 360 / 2) * 10)",0,0]},"tail8":{"rotation":["-(math.sin((q.anim_time - 1) * 360 / 2) * 11)",0,0]},"tail9":{"rotation":["-(math.sin((q.anim_time - 1.1) * 360 / 2) * 12)",0,0]},"rightwing2":{"rotation":["(math.sin((q.anim_time - 0.95) * 360 / 2) * 15) - 5",-5,0],"position":[0,0,-0.1]},"rightwing3":{"rotation":["(math.sin((q.anim_time - 1.35) * 360 / 2) * 18)",0,0]},"rightwing4":{"rotation":["(math.sin((q.anim_time - 1.6) * 360 / 2) * 13)",0,0]},"rightwing5":{"rotation":["(math.sin((q.anim_time - 1.75) * 360 / 2) * 8)",0,0]},"rightwing6":{"rotation":["-(math.sin((q.anim_time - 0.75) * 360 / 2) * 6)",0,0]},"rightwing7":{"rotation":["-(math.sin((q.anim_time - 0.85) * 360 / 2) * 9)",0,0]},"leftwing2":{"rotation":["(math.sin((q.anim_time - 1) * 360 / 2) * 15) - 5",5,0],"position":[0,0,-0.1]},"leftwing3":{"rotation":["(math.sin((q.anim_time - 1.3) * 360 / 2) * 15)",0,0]},"leftwing4":{"rotation":["(math.sin((q.anim_time - 1.6) * 360 / 2) * 13)",0,0]},"leftwing5":{"rotation":["(math.sin((q.anim_time - 1.7) * 360 / 2) * 12)",0,0]},"leftwing6":{"rotation":["-(math.sin((q.anim_time - 0.7) * 360 / 2) * 8)",0,0]},"leftwing7":{"rotation":["-(math.sin((q.anim_time - 0.8) * 360 / 2) * 5)",0,0]},"topwingleft2":{"relative_to":{"rotation":"entity"},"rotation":[45.37249,-58.38745,-41.15179]},"topwingleft3":{"rotation":[0,0,"-((math.sin((q.anim_time - 0.1) * 360 / 2) * 15)) + 10"]},"topwingleft4":{"rotation":[0,0,"-((math.sin((q.anim_time - 0.7) * 360 / 2) * 10))"]},"topwingleft5":{"rotation":[0,0,"-((math.cos((q.anim_time - 1) * 360 / 2) * 15))"]},"topwingleft6":{"rotation":[0,0,"-((math.cos((q.anim_time - 1.2) * 360 / 2) * 15))"]},"topwingleft7":{"rotation":[0,0,"-((math.cos((q.anim_time - 1.7) * 360 / 2) * 15))"]},"topwingright2":{"relative_to":{"rotation":"entity"},"rotation":[45.37249,58.38745,41.15179]},"topwingright3":{"rotation":[0,0,"(math.sin((q.anim_time - 0.2) * 360 / 2) * 17) - 10"]},"topwingright4":{"rotation":[0,0,"(math.sin((q.anim_time - 0.76) * 360 / 2) * 10)"]},"topwingright5":{"rotation":[0,0,"(math.cos((q.anim_time - 1.2) * 360 / 2) * 13) "]},"topwingright6":{"rotation":[0,0,"(math.cos((q.anim_time - 1.2) * 360 / 2) * 15)"]},"topwingright7":{"rotation":[0,0,"(math.cos((q.anim_time - 1.7) * 360 / 2) * 18)"]},"tailfin_right":{"rotation":["-2.5 - (math.sin((q.anim_time - 1.2) * 360 / 2) * 3)",0,0]},"tailfin_left":{"rotation":["-2.5 -(math.sin((q.anim_time - 1.1) * 360 / 2) * 3)",0,0]},"tailfin_right2":{"rotation":["- (math.sin((q.anim_time - 1.4) * 360 / 2) * 4)",0,0]},"tailfin_left2":{"rotation":["- (math.sin((q.anim_time - 1.3) * 360 / 2) * 4)",0,0]}}},"animation.rayquaza_mega.walk_test":{"loop":true,"bones":{"body":{"position":[0,0,"-q.anim_time*90*0.5"]}}},"animation.rayquaza_mega.dex":{"loop":true,"bones":{"body":{"rotation":["-32.5 + (math.sin((q.anim_time - 0.6) * 360 / 4) * 0.5)",0,0],"position":["-31+(math.sin((q.anim_time - 0.4) * 360 / 16) * 1)","34+(math.sin((q.anim_time - 0.2) * 360 / 4) * 2) +NaN","(math.sin((q.anim_time - 0.4) * 360 / 8) * 2)"]},"torso":{"rotation":["-18.462 + (math.sin((q.anim_time - 0.8) * 360 / 4) * 10) + 2",15.58905,28.88377],"position":[0,-0.84375,0.875]},"torso3":{"rotation":["5.5 - (math.sin((q.anim_time - 0.6) * 360 / 4) * 10)",0,0],"position":[0,0.125,1.625]},"neck":{"rotation":["47 + (math.sin((q.anim_time - 0.4) * 360 / 4) * 1)",0,0],"position":[0,0.75,3.625]},"head":{"rotation":["24 + (math.sin((q.anim_time - 0) * 360 / 4) * 2) + 10",0,0]},"lowerjaw":{"rotation":[0,0,0]},"armleft":{"rotation":["-9.5615 - (math.sin((q.anim_time - 0.3) * 360 / 4) * 5)","-21.7119+ (math.sin((q.anim_time - 0.3) * 360 / 4) * 3)","49.0043- (math.sin((q.anim_time - 0.5) * 360 / 4) * 2)"],"position":[-0.125,2.0625,-0.90625]},"tail":{"rotation":["-0.8779 + (math.sin((q.anim_time - 1) * 360 / 4) * 5)",0,0],"position":[0,0,-1.28125]},"tail2":{"rotation":["24.5106 + (math.sin((q.anim_time - 1.3) * 360 / 4) * 5)",0,0],"position":[0,-0.625,-1.625]},"tail3":{"rotation":["42.974 + (math.sin((q.anim_time - 1.6) * 360 / 4) * 4)",-58.47671,-36.063],"position":[0,0.03125,-1.5]},"tail4":{"rotation":["22.6417 + (math.sin((q.anim_time - 1.9) * 360 / 4) * 8) - 9",-7.15102,-2.26708],"position":[0.125,-0.40625,-1.9375]},"tail5":{"rotation":["23.094 -(math.sin((q.anim_time - 0.7) * 360 / 4) * 8) - 9",-43.14499,-14.22495],"position":[0,0.125,-1.875]},"tail6":{"rotation":["6.5451 -(math.sin((q.anim_time - 0.8) * 360 / 4) * 4) - 5",-10,0]},"tail7":{"rotation":["-4.5611 -(math.sin((q.anim_time - 0.9) * 360 / 4) * 5) - 3",-17.5,0],"position":[0,0,-0.9375]},"tail8":{"rotation":["-51.9022 -(math.sin((q.anim_time - 1) * 360 / 4) * 5) - 2",-20.77226,37.70629]},"tail9":{"rotation":["-5 -(math.sin((q.anim_time - 1.1) * 360 / 4) * 5)",-7.5,0]},"tailfin_right":{"rotation":["-(math.sin((q.anim_time - 1.3) * 360 / 4) * 10) - 10",-15,0]},"tailfin_left":{"rotation":["-(math.sin((q.anim_time - 1.2) * 360 / 4) * 10) - 10",12.5,0]},"rightwing":{"rotation":[0,0,0]},"rightwing2":{"rotation":["2.5216 + (math.sin((q.anim_time - 0.8) * 360 / 4) * 12) + 7",-7.49282,-0.32903]},"rightwing3":{"rotation":["(math.sin((q.anim_time - 1.3) * 360 / 4) * 10) - 5",0,0]},"rightwing4":{"rotation":["-(math.cos((q.anim_time - 1.4) * 360 / 4) * 15) - 5",0,0]},"rightwing5":{"rotation":["(math.sin((q.anim_time - 2.3) * 360 / 4) * 9)",0,0]},"rightwing6":{"rotation":["(math.sin((q.anim_time - 2.8) * 360 / 4) * 11)",0,0]},"rightwing7":{"rotation":["(math.sin((q.anim_time - 3) * 360 / 4) * 13)",0,0]},"leftwing":{"rotation":[0,0,0]},"armright":{"rotation":["-9.5615 - (math.sin((q.anim_time - 0.3) * 360 / 4) * 5)","21.7119 - (math.sin((q.anim_time - 0.3) * 360 / 4) * 5)","-49.0043 + (math.sin((q.anim_time - 0.3) * 360 / 4) * 1)"],"position":[0.125,2.0625,-0.90625]},"armright2":{"rotation":[0,0,"-32.5 + (math.sin((q.anim_time - 0.5) * 360 / 4) * 2)"]},"handright":{"rotation":[0,0,"-22.5 + (math.sin((q.anim_time - 0.45) * 360 / 4) * 2)"]},"armleft2":{"rotation":[0,0,"32.5- (math.sin((q.anim_time - 0.45) * 360 / 4) * 2)"]},"handleft":{"rotation":[0,0,"22.5- (math.sin((q.anim_time - 0.45) * 360 / 4) * 2)"]},"torso2":{"rotation":["-7.5-(math.sin((q.anim_time - 0.8) * 360 / 4) * 1) +NaN",0,0]},"neck2":{"rotation":["15-(math.sin((q.anim_time - 0.2) * 360 / 4) * 3) - 5",0,0]},"leftwing2":{"rotation":["-12.4784 + (math.sin((q.anim_time - 0.8) * 360 / 4) * 12) + 7",7.49282,0.32903]},"leftwing3":{"rotation":["(math.sin((q.anim_time - 1.3) * 360 / 4) * 10) - 5",0,0]},"leftwing4":{"rotation":["-(math.cos((q.anim_time - 1.4) * 360 / 4) * 15) - 5",0,0]},"leftwing5":{"rotation":["(math.sin((q.anim_time - 2.3) * 360 / 4) * 9)",0,0]},"leftwing6":{"rotation":["(math.sin((q.anim_time - 2.8) * 360 / 4) * 11)",0,0]},"leftwing7":{"rotation":["(math.sin((q.anim_time - 3) * 360 / 4) * 13)",0,0]},"topwingleft2":{"rotation":[36.11078,-59.31808,-18.6658]},"topwingleft3":{"rotation":[0,0,"-((math.sin((q.anim_time - 0.5) * 360 / 4) * 10)) + 5"]},"topwingleft4":{"rotation":[0,0,"-((math.sin((q.anim_time - 1) * 360 / 4) * 10) - 5)"]},"topwingleft5":{"rotation":[0,0,"(math.cos((q.anim_time - 1.1) * 360 / 4) * 15) + 5"]},"topwingleft6":{"rotation":[0,0,"-((math.sin((q.anim_time - 2) * 360 / 4) * 9))"]},"topwingleft7":{"rotation":[0,0,"-((math.sin((q.anim_time - 2.5) * 360 / 4) * 11))"]},"topwingright2":{"rotation":[36.11078,59.31808,18.6658]},"topwingright3":{"rotation":[0,0,"(math.sin((q.anim_time - 0.5) * 360 / 4) * 10) - 5"]},"topwingright4":{"rotation":[0,0,"(math.sin((q.anim_time - 1) * 360 / 4) * 10) - 5"]},"topwingright5":{"rotation":[0,0,"-(math.cos((q.anim_time - 1.1) * 360 / 4) * 15) - 5"]},"topwingright6":{"rotation":[0,0,"(math.sin((q.anim_time - 2) * 360 / 4) * 9)"]},"topwingright7":{"rotation":[0,0,"(math.sin((q.anim_time - 2.5) * 360 / 4) * 11)"]},"tailfin_right2":{"rotation":["-(math.sin((q.anim_time - 1.4) * 360 / 4) * 10) - 5",0,0]},"tailfin_left2":{"rotation":["-(math.sin((q.anim_time - 1.3) * 360 / 4) * 10) - 5",0,0]}}}}}