{"format_version":"1.8.0","animations":{"animation.regirock.ground_idle":{"loop":true,"bones":{"torso":{"rotation":["5+math.sin(q.anim_time*90*1)",0,0],"position":[0,"-math.sin(q.anim_time*90*1)/2",0]},"arm1_left":{"rotation":["-25-math.sin(q.anim_time*90*1)*10",0,0]},"arm1_right":{"rotation":["-25-math.sin(q.anim_time*90*1)*10",0,0]},"leg_left":{"rotation":["-10-math.sin(q.anim_time*90*2)*2",0,0]},"leg1_left":{"rotation":["10+math.sin(q.anim_time*90*2)*3",0,0]},"leg_right":{"rotation":["-10-math.sin(q.anim_time*90*2)*2",0,0]},"leg1_right":{"rotation":["10+math.sin(q.anim_time*90*2)*3",0,0]}}},"animation.regirock.ground_walk":{"loop":true,"animation_length":2,"bones":{"body":{"rotation":{"0.0":{"post":[0,0,-1],"lerp_mode":"catmullrom"},"1.0":{"post":[0,0,1],"lerp_mode":"catmullrom"},"2.0":{"post":[0,0,-1],"lerp_mode":"catmullrom"}},"position":{"0.0":{"post":[0,-1,0],"lerp_mode":"catmullrom"},"0.5":{"post":[0,2,0],"lerp_mode":"catmullrom"},"1.0":{"post":[0,-1,0],"lerp_mode":"catmullrom"},"1.5":{"post":[0,2,0],"lerp_mode":"catmullrom"},"2.0":{"post":[0,-1,0],"lerp_mode":"catmullrom"}}},"arm_left":{"rotation":{"0.0":{"post":[0,0,0],"lerp_mode":"catmullrom"},"1.0":{"post":[15,0,0],"lerp_mode":"catmullrom"},"2.0":{"post":[0,0,0],"lerp_mode":"catmullrom"}}},"arm1_left":{"rotation":{"0.0":{"post":[-40,0,0],"lerp_mode":"catmullrom"},"1.0":{"post":[-15,0,0],"lerp_mode":"catmullrom"},"2.0":{"post":[-40,0,0],"lerp_mode":"catmullrom"}}},"arm_right":{"rotation":{"0.0":{"post":[15,0,0],"lerp_mode":"catmullrom"},"1.0":{"post":[0,0,0],"lerp_mode":"catmullrom"},"2.0":{"post":[15,0,0],"lerp_mode":"catmullrom"}}},"arm1_right":{"rotation":{"0.0":{"post":[-15,0,0],"lerp_mode":"catmullrom"},"1.0":{"post":[-40,0,0],"lerp_mode":"catmullrom"},"2.0":{"post":[-15,0,0],"lerp_mode":"catmullrom"}}},"leg_left":{"rotation":{"0.0":{"post":[20,0,0],"lerp_mode":"catmullrom"},"0.5":{"post":[-15,0,0],"lerp_mode":"catmullrom"},"1.0":{"post":[-70,0,0],"lerp_mode":"catmullrom"},"1.0833":{"post":[-50,0,0],"lerp_mode":"catmullrom"},"2.0":{"post":[20,0,0],"lerp_mode":"catmullrom"}},"position":{"0.0":{"post":[0,0,-2],"lerp_mode":"catmullrom"},"1.0":{"post":[0,-1,-2],"lerp_mode":"catmullrom"},"1.0833":{"post":[0,-1,-3],"lerp_mode":"catmullrom"},"1.5":{"post":[0,-1,0],"lerp_mode":"catmullrom"},"2.0":{"post":[0,0,-2],"lerp_mode":"catmullrom"}}},"leg1_left":{"rotation":{"0.0":{"post":[10,0,0],"lerp_mode":"catmullrom"},"0.25":{"post":[60,0,0],"lerp_mode":"catmullrom"},"0.5":{"post":[60,0,0],"lerp_mode":"catmullrom"},"1.0":{"post":[60,0,0],"lerp_mode":"catmullrom"},"1.0833":{"post":[45,0,0],"lerp_mode":"catmullrom"},"2.0":{"post":[10,0,0],"lerp_mode":"catmullrom"}},"position":{"0.0":{"post":[0,-1,0],"lerp_mode":"catmullrom"},"1.0":{"post":[0,0,0],"lerp_mode":"catmullrom"},"1.5":{"post":[0,-1.5,1],"lerp_mode":"catmullrom"},"2.0":{"post":[0,-1,0],"lerp_mode":"catmullrom"}}},"leg_right":{"rotation":{"0.0":{"post":[-70,0,0],"lerp_mode":"catmullrom"},"0.0833":{"post":[-50,0,0],"lerp_mode":"catmullrom"},"1.0":{"post":[20,0,0],"lerp_mode":"catmullrom"},"1.5":{"post":[-15,0,0],"lerp_mode":"catmullrom"},"2.0":{"post":[-70,0,0],"lerp_mode":"catmullrom"}},"position":{"0.0":{"post":[0,-1,-2],"lerp_mode":"catmullrom"},"0.0833":{"post":[0,-1,-3],"lerp_mode":"catmullrom"},"0.5":{"post":[0,-1,0],"lerp_mode":"catmullrom"},"1.0":{"post":[0,0,-2],"lerp_mode":"catmullrom"},"2.0":{"post":[0,-1,-2],"lerp_mode":"catmullrom"}}},"leg1_right":{"rotation":{"0.0":{"post":[60,0,0],"lerp_mode":"catmullrom"},"0.0833":{"post":[45,0,0],"lerp_mode":"catmullrom"},"1.0":{"post":[10,0,0],"lerp_mode":"catmullrom"},"1.25":{"post":[60,0,0],"lerp_mode":"catmullrom"},"1.5":{"post":[60,0,0],"lerp_mode":"catmullrom"},"2.0":{"post":[60,0,0],"lerp_mode":"catmullrom"}},"position":{"0.0":{"post":[0,0,0],"lerp_mode":"catmullrom"},"0.5":{"post":[0,-1.5,1],"lerp_mode":"catmullrom"},"1.0":{"post":[0,-1,0],"lerp_mode":"catmullrom"},"2.0":{"post":[0,0,0],"lerp_mode":"catmullrom"}}}}},"animation.regirock.sleep":{"loop":true,"bones":{"body":{"rotation":[-5,0,0],"position":[0,0,1]},"torso":{"rotation":["15-math.sin(q.anim_time*90*2+180)",0,0]},"arm_left":{"rotation":["-10-math.sin(q.anim_time*90*2-90)","-math.sin(q.anim_time*90*2-90)","10-math.sin(q.anim_time*90*2)"]},"arm1_left":{"rotation":[0,0,0]},"arm_right":{"rotation":["-10-math.sin(q.anim_time*90*2-90)","-math.sin(q.anim_time*90*2-90)","-10+math.sin(q.anim_time*90*2)"]},"leg_left":{"rotation":["0+math.sin(q.anim_time*90*2)",0,0]},"leg1_left":{"rotation":["0-math.sin(q.anim_time*90*2)*2",0,0]},"leg_right":{"rotation":["0+math.sin(q.anim_time*90*2)",0,0]},"leg1_right":{"rotation":["0-math.sin(q.anim_time*90*2)*2",0,0]},"head":{"rotation":[27.5,0,0],"position":[0,-1,-5]}}},"animation.regirock.faint":{"animation_length":2,"bones":{"body":{"rotation":{"0.0":{"post":[0,0,0],"lerp_mode":"catmullrom"},"0.2083":{"post":[-7.5,0,0],"lerp_mode":"catmullrom"},"0.375":{"post":[-5,0,0],"lerp_mode":"catmullrom"},"0.6667":[85,0,0],"0.75":[85,0,0],"0.7917":[85,0,0],"0.8333":[85,0,0],"2.0":[85,0,0]},"position":{"0.0":{"post":[0,-0.5,0],"lerp_mode":"catmullrom"},"0.2083":{"post":[0,-5.5,-4],"lerp_mode":"catmullrom"},"0.375":{"post":[0,-5,-8],"lerp_mode":"catmullrom"},"0.6667":[0,-14,-24],"0.75":[0,-14,-24],"0.7917":[0,-14,-24],"0.8333":[0,-14,-24],"2.0":[0,-14,-24]}},"arm_left":{"rotation":{"0.0":{"post":[0,0,0],"lerp_mode":"catmullrom"},"0.25":{"post":[0,0,-15],"lerp_mode":"catmullrom"},"0.4167":{"post":[0,0,-15],"lerp_mode":"catmullrom"},"0.6667":{"post":[-7.68875,3.3105,-15.633],"lerp_mode":"catmullrom"},"0.7917":{"post":[-7.68875,3.3105,-15.633],"lerp_mode":"catmullrom"},"0.8333":{"post":[-7.68875,3.3105,-15.633],"lerp_mode":"catmullrom"},"2.0":{"post":[-7.68875,3.3105,-15.633],"lerp_mode":"catmullrom"}},"position":{"0.0":{"post":[0,0,0],"lerp_mode":"catmullrom"},"0.25":{"post":[0,0,0],"lerp_mode":"catmullrom"},"0.4167":{"post":[0,0,0],"lerp_mode":"catmullrom"}}},"arm1_left":{"rotation":{"0.0":{"post":[-25,0,0],"lerp_mode":"catmullrom"},"0.25":{"post":[0,0,0],"lerp_mode":"catmullrom"},"0.4167":{"post":[0,-27.5,0],"lerp_mode":"catmullrom"},"0.6667":{"post":[0,-45,0],"lerp_mode":"catmullrom"},"0.7917":{"post":[0,-45,0],"lerp_mode":"catmullrom"},"0.8333":{"post":[0,-45,0],"lerp_mode":"catmullrom"},"2.0":{"post":[0,-45,0],"lerp_mode":"catmullrom"}}},"arm_right":{"rotation":{"0.0":{"post":[0,0,0],"lerp_mode":"catmullrom"},"0.25":{"post":[0,0,15],"lerp_mode":"catmullrom"},"0.4167":{"post":[0,0,15],"lerp_mode":"catmullrom"},"0.6667":{"post":[-7.68875,-3.3105,15.633],"lerp_mode":"catmullrom"},"0.7917":{"post":[-7.68875,-3.3105,15.633],"lerp_mode":"catmullrom"},"0.8333":{"post":[-7.68875,-3.3105,15.633],"lerp_mode":"catmullrom"},"2.0":{"post":[-7.68875,-3.3105,15.633],"lerp_mode":"catmullrom"}},"position":{"0.0":{"post":[0,0,0],"lerp_mode":"catmullrom"},"0.25":{"post":[0,0,0],"lerp_mode":"catmullrom"},"0.4167":{"post":[0,0,0],"lerp_mode":"catmullrom"}}},"arm1_right":{"rotation":{"0.0":{"post":[-25,0,0],"lerp_mode":"catmullrom"},"0.25":{"post":[0,0,0],"lerp_mode":"catmullrom"},"0.4167":{"post":[0,27.5,0],"lerp_mode":"catmullrom"},"0.6667":{"post":[0,45,0],"lerp_mode":"catmullrom"},"0.7917":{"post":[0,45,0],"lerp_mode":"catmullrom"},"0.8333":{"post":[0,45,0],"lerp_mode":"catmullrom"},"2.0":{"post":[0,45,0],"lerp_mode":"catmullrom"}}},"leg_left":{"rotation":{"0.0":{"post":[-2.5,0,0],"lerp_mode":"catmullrom"},"0.25":{"post":[-2.5,0,0],"lerp_mode":"catmullrom"},"0.4167":{"post":[5.52931,-9.96754,-18.6287],"lerp_mode":"catmullrom"},"0.6667":{"post":[-1.97069,-9.96754,-18.6287],"lerp_mode":"catmullrom"},"0.7917":{"post":[-1.97069,-9.96754,-18.6287],"lerp_mode":"catmullrom"},"0.8333":{"post":[-1.97069,-9.96754,-18.6287],"lerp_mode":"catmullrom"},"2.0":{"post":[-1.97069,-9.96754,-18.6287],"lerp_mode":"catmullrom"}}},"leg1_left":{"rotation":{"0.0":{"post":[7.5,0,0],"lerp_mode":"catmullrom"},"0.25":{"post":[70,0,0],"lerp_mode":"catmullrom"},"0.4167":{"post":[46.86,0,0],"lerp_mode":"catmullrom"},"0.6667":{"post":[34.36,0,0],"lerp_mode":"catmullrom"},"0.7917":{"post":[34.36,0,0],"lerp_mode":"catmullrom"},"0.8333":{"post":[34.36,0,0],"lerp_mode":"catmullrom"},"2.0":{"post":[34.36,0,0],"lerp_mode":"catmullrom"}}},"leg_right":{"rotation":{"0.0":{"post":[-2.5,0,0],"lerp_mode":"catmullrom"},"0.25":{"post":[-2.5,0,0],"lerp_mode":"catmullrom"},"0.4167":{"post":[13.72224,14.71884,4.37668],"lerp_mode":"catmullrom"},"0.6667":{"post":[-1.97069,9.9675,18.6287],"lerp_mode":"catmullrom"},"0.7917":{"post":[-1.97069,9.9675,18.6287],"lerp_mode":"catmullrom"},"0.8333":{"post":[-1.97069,9.9675,18.6287],"lerp_mode":"catmullrom"},"2.0":{"post":[-1.97069,9.9675,18.6287],"lerp_mode":"catmullrom"}}},"leg1_right":{"rotation":{"0.0":{"post":[7.5,0,0],"lerp_mode":"catmullrom"},"0.25":{"post":[80,0,0],"lerp_mode":"catmullrom"},"0.4167":{"post":[39.64,0,0],"lerp_mode":"catmullrom"},"0.6667":{"post":[29.64,0,0],"lerp_mode":"catmullrom"},"0.7917":{"post":[29.64,0,0],"lerp_mode":"catmullrom"},"0.8333":{"post":[29.64,0,0],"lerp_mode":"catmullrom"},"2.0":{"post":[29.64,0,0],"lerp_mode":"catmullrom"}}},"head":{"rotation":{"0.0":[0,0,0],"0.25":[-10,0,0],"0.5":[-42.5,0,0],"0.6667":[-42.5,0,0],"0.75":[22.5,0,0]},"position":{"0.0":[0,0,0],"0.25":[0,0,0],"0.5":[0,-3,-3],"0.6667":[0,-3,-3],"0.75":[0,0,0]}}}}},"geckolib_format_version":2}