{"format_version":"1.8.0","animations":{"animation.registeel.ground_idle":{"loop":true,"bones":{"body":{"position":[0,0,0]},"leg_right":{"position":[0,"0+math.clamp(+math.sin(q.anim_time*90*2-180)*1/5,0,1)",0]},"leg1_right":{"position":[0,"0-math.clamp(math.sin(q.anim_time*90*2-180)*1/5,0,1)",0]},"arm_left":{"rotation":[0,0,"-math.sin(q.anim_time*90*2+90)*5"]},"hand_left":{"rotation":[0,0,"math.sin(q.anim_time*90*2+180)*7"]},"fingers_left":{"rotation":[0,0,27.5]},"finger1_left":{"rotation":[0,0,"0+math.sin(q.anim_time*90*2-90)*10"]},"finger2_left":{"rotation":[0,0,"0+math.sin(q.anim_time*90*2-135)*10"]},"finger3_left":{"rotation":[0,0,"0+math.sin(q.anim_time*90*2-180)*10"]},"leg_left":{"position":[0,"0+math.clamp(+math.sin(q.anim_time*90*2-180)*1/5,0,1)",0]},"leg1_left":{"position":[0,"0-math.clamp(math.sin(q.anim_time*90*2-180)*1/5,0,1)",0]},"arm_right":{"rotation":[0,0,"math.sin(q.anim_time*90*2+90)*5"]},"hand_right":{"rotation":[0,0,"-math.sin(q.anim_time*90*2+180)*7"]},"fingers_right":{"rotation":[0,0,-27.5]},"finger1_right":{"rotation":[0,0,"-math.sin(q.anim_time*90*2-90)*10"]},"finger2_right":{"rotation":[0,0,"-math.sin(q.anim_time*90*2-135)*10"]},"finger3_right":{"rotation":[0,0,"0-math.sin(q.anim_time*90*2-180)*10"]},"arm_right0":{"rotation":[0,0,0]},"arm_left0":{"rotation":[0,0,0]},"torso":{"rotation":["math.sin(q.anim_time*90*2)*1/2",0,0],"position":[0,"-math.sin(q.anim_time*90*2)*1/2",0]}}},"animation.registeel.ground_walk":{"loop":true,"animation_length":2,"bones":{"finger1_left":{"rotation":[0,0,5]},"finger2_left":{"rotation":[0,0,15]},"finger3_left":{"rotation":[0,0,10]},"finger1_right":{"rotation":[0,0,-15]},"finger2_right":{"rotation":[0,0,-22.5]},"finger3_right":{"rotation":[0,0,-15]},"body":{"position":{"0.0":{"post":[0,-1,0],"lerp_mode":"catmullrom"},"0.5":{"post":[0,2,0],"lerp_mode":"catmullrom"},"1.0":{"post":[0,-1,0],"lerp_mode":"catmullrom"},"1.5":{"post":[0,2,0],"lerp_mode":"catmullrom"},"2.0":{"post":[0,-1,0],"lerp_mode":"catmullrom"}}},"arm_left":{"rotation":{"0.0":{"post":[0,0,0],"lerp_mode":"catmullrom"},"1.0":{"post":[15,0,0],"lerp_mode":"catmullrom"},"2.0":{"post":[0,0,0],"lerp_mode":"catmullrom"}}},"arm1_left":{"rotation":{"0.0":{"post":[-40,0,0],"lerp_mode":"catmullrom"},"1.0":{"post":[-15,0,0],"lerp_mode":"catmullrom"},"2.0":{"post":[-40,0,0],"lerp_mode":"catmullrom"}}},"arm_right":{"rotation":{"0.0":{"post":[15,0,0],"lerp_mode":"catmullrom"},"1.0":{"post":[0,0,0],"lerp_mode":"catmullrom"},"2.0":{"post":[15,0,0],"lerp_mode":"catmullrom"}}},"arm1_right":{"rotation":{"0.0":{"post":[-15,0,0],"lerp_mode":"catmullrom"},"1.0":{"post":[-40,0,0],"lerp_mode":"catmullrom"},"2.0":{"post":[-15,0,0],"lerp_mode":"catmullrom"}}},"leg_left":{"rotation":{"0.0":{"post":[20,0,0],"lerp_mode":"catmullrom"},"0.5":{"post":[-15,0,0],"lerp_mode":"catmullrom"},"1.0":{"post":[-70,0,0],"lerp_mode":"catmullrom"},"1.0833":{"post":[-50,0,0],"lerp_mode":"catmullrom"},"2.0":{"post":[20,0,0],"lerp_mode":"catmullrom"}},"position":{"0.0":{"post":[0,0,-2],"lerp_mode":"catmullrom"},"1.0":{"post":[0,-1,-2],"lerp_mode":"catmullrom"},"1.0833":{"post":[0,-1,-3],"lerp_mode":"catmullrom"},"1.5":{"post":[0,-1,0],"lerp_mode":"catmullrom"},"2.0":{"post":[0,0,-2],"lerp_mode":"catmullrom"}}},"leg1_left":{"rotation":{"0.0":{"post":[10,0,0],"lerp_mode":"catmullrom"},"0.25":{"post":[60,0,0],"lerp_mode":"catmullrom"},"0.5":{"post":[60,0,0],"lerp_mode":"catmullrom"},"1.0":{"post":[60,0,0],"lerp_mode":"catmullrom"},"1.0833":{"post":[45,0,0],"lerp_mode":"catmullrom"},"2.0":{"post":[10,0,0],"lerp_mode":"catmullrom"}},"position":{"0.0":{"post":[0,-1,0],"lerp_mode":"catmullrom"},"1.0":{"post":[0,0,0],"lerp_mode":"catmullrom"},"1.5":{"post":[0,-1.5,1],"lerp_mode":"catmullrom"},"2.0":{"post":[0,-1,0],"lerp_mode":"catmullrom"}}},"leg_right":{"rotation":{"0.0":{"post":[-70,0,0],"lerp_mode":"catmullrom"},"0.0833":{"post":[-50,0,0],"lerp_mode":"catmullrom"},"1.0":{"post":[20,0,0],"lerp_mode":"catmullrom"},"1.5":{"post":[-15,0,0],"lerp_mode":"catmullrom"},"2.0":{"post":[-70,0,0],"lerp_mode":"catmullrom"}},"position":{"0.0":{"post":[0,-1,-2],"lerp_mode":"catmullrom"},"0.0833":{"post":[0,-1,-3],"lerp_mode":"catmullrom"},"0.5":{"post":[0,-1,0],"lerp_mode":"catmullrom"},"1.0":{"post":[0,0,-2],"lerp_mode":"catmullrom"},"2.0":{"post":[0,-1,-2],"lerp_mode":"catmullrom"}}},"leg1_right":{"rotation":{"0.0":{"post":[60,0,0],"lerp_mode":"catmullrom"},"0.0833":{"post":[45,0,0],"lerp_mode":"catmullrom"},"1.0":{"post":[10,0,0],"lerp_mode":"catmullrom"},"1.25":{"post":[60,0,0],"lerp_mode":"catmullrom"},"1.5":{"post":[60,0,0],"lerp_mode":"catmullrom"},"2.0":{"post":[60,0,0],"lerp_mode":"catmullrom"}},"position":{"0.0":{"post":[0,0,0],"lerp_mode":"catmullrom"},"0.5":{"post":[0,-1.5,1],"lerp_mode":"catmullrom"},"1.0":{"post":[0,-1,0],"lerp_mode":"catmullrom"},"2.0":{"post":[0,0,0],"lerp_mode":"catmullrom"}}}}},"animation.registeel.sleep":{"loop":true,"bones":{"body":{"position":[0,0,0]},"leg_right":{"position":[0,"0+math.clamp(+math.sin(q.anim_time*90*2-180)*1/5,0,1)",0]},"leg1_right":{"position":[0,"0-math.clamp(math.sin(q.anim_time*90*2-180)*1/5,0,1)",0]},"arm_left":{"rotation":[0,0,"-math.sin(q.anim_time*90*2+90)"]},"hand_left":{"rotation":[0,0,"40+math.sin(q.anim_time*90*2+180)"]},"fingers_left":{"rotation":[0,0,27.5]},"finger1_left":{"rotation":[0,0,"0+math.sin(q.anim_time*90*2-90)*10"]},"finger2_left":{"rotation":[0,0,"0+math.sin(q.anim_time*90*2-135)*10"]},"finger3_left":{"rotation":[0,0,"0+math.sin(q.anim_time*90*2-180)*10"]},"leg_left":{"position":[0,"0+math.clamp(+math.sin(q.anim_time*90*2-180)*1/5,0,1)",0]},"leg1_left":{"position":[0,"0-math.clamp(math.sin(q.anim_time*90*2-180)*1/5,0,1)",0]},"arm_right":{"rotation":[0,0,"math.sin(q.anim_time*90*2+90)"]},"hand_right":{"rotation":[0,0,"-40-math.sin(q.anim_time*90*2+180)"]},"fingers_right":{"rotation":[0,0,-27.5]},"finger1_right":{"rotation":[0,0,"-math.sin(q.anim_time*90*2-90)*10"]},"finger2_right":{"rotation":[0,0,"-math.sin(q.anim_time*90*2-135)*10"]},"finger3_right":{"rotation":[0,0,"0-math.sin(q.anim_time*90*2-180)*10"]},"arm_right0":{"rotation":[0,0,0]},"torso":{"rotation":["22.5+math.sin(q.anim_time*90*2)*1/2",0,0],"position":[0,"-math.sin(q.anim_time*90*2)*1/2",2]}}},"animation.registeel.faint":{"animation_length":2,"bones":{"body":{"rotation":{"0.0":{"post":[0,0,0],"lerp_mode":"catmullrom"},"0.25":{"post":[-7.5,0,0],"lerp_mode":"catmullrom"},"0.4167":{"post":[-5,0,0],"lerp_mode":"catmullrom"},"0.6667":[85,0,0],"0.7917":[85,0,0],"0.8333":[85,0,0],"2.0":[85,0,0]},"position":{"0.0":{"post":[0,-0.5,0],"lerp_mode":"catmullrom"},"0.25":{"post":[0,-5.5,-6],"lerp_mode":"catmullrom"},"0.4167":{"post":[0,-6,-15],"lerp_mode":"catmullrom"},"0.6667":[0,-11,-15],"0.75":[0,-10,-17],"0.7917":[0,-10,-17],"0.8333":[0,-10,-17],"2.0":[0,-10,-17]}},"arm_left":{"rotation":{"0.0":{"post":[0,0,0],"lerp_mode":"catmullrom"},"0.25":{"post":[-1.15919,-3.0516,-33.42914],"lerp_mode":"catmullrom"},"0.4167":{"post":[0,-30,-60],"lerp_mode":"catmullrom"},"0.6667":{"post":[-42.92628,-50.6879,-112.5269],"lerp_mode":"catmullrom"},"0.7917":{"post":[-42.92628,-50.6879,-112.5269],"lerp_mode":"catmullrom"},"0.8333":{"post":[-42.92628,-50.6879,-112.5269],"lerp_mode":"catmullrom"},"2.0":{"post":[-42.92628,-50.6879,-112.5269],"lerp_mode":"catmullrom"}},"position":{"0.0":{"post":[0,0,0],"lerp_mode":"catmullrom"},"0.25":{"post":[0,0,0],"lerp_mode":"catmullrom"},"0.4167":{"post":[0,0,0],"lerp_mode":"catmullrom"}}},"hand_left":{"rotation":{"0.0":{"post":[0,0,0],"lerp_mode":"catmullrom"},"0.25":{"post":[0,0,17.5],"lerp_mode":"catmullrom"},"0.4167":{"post":[0,0,0],"lerp_mode":"catmullrom"},"0.6667":{"post":[0,0,29.89781],"lerp_mode":"catmullrom"},"0.7917":{"post":[0,0,29.89781],"lerp_mode":"catmullrom"},"0.8333":{"post":[0,0,29.89781],"lerp_mode":"catmullrom"},"2.0":{"post":[0,0,29.89781],"lerp_mode":"catmullrom"}}},"arm_right":{"rotation":{"0.0":{"post":[0,0,0],"lerp_mode":"catmullrom"},"0.25":{"post":[0,0,15],"lerp_mode":"catmullrom"},"0.4167":{"post":[0,30,60],"lerp_mode":"catmullrom"},"0.6667":{"post":[-42.92628,50.68793,112.52689],"lerp_mode":"catmullrom"},"0.7917":{"post":[-42.92628,50.68793,112.52689],"lerp_mode":"catmullrom"},"0.8333":{"post":[-42.92628,50.68793,112.52689],"lerp_mode":"catmullrom"},"2.0":{"post":[-42.92628,50.68793,112.52689],"lerp_mode":"catmullrom"}},"position":{"0.0":{"post":[0,0,0],"lerp_mode":"catmullrom"},"0.25":{"post":[0,0,0],"lerp_mode":"catmullrom"},"0.4167":{"post":[0,0,0],"lerp_mode":"catmullrom"}}},"hand_right":{"rotation":{"0.0":{"post":[0,0,0],"lerp_mode":"catmullrom"},"0.25":{"post":[0,0,0],"lerp_mode":"catmullrom"},"0.4167":{"post":[0,0,0],"lerp_mode":"catmullrom"},"0.6667":{"post":[0,0,-29.8978],"lerp_mode":"catmullrom"},"0.7917":{"post":[0,0,-29.8978],"lerp_mode":"catmullrom"},"0.8333":{"post":[0,0,-29.8978],"lerp_mode":"catmullrom"},"2.0":{"post":[0,0,-29.8978],"lerp_mode":"catmullrom"}}},"leg_left":{"rotation":{"0.0":{"post":[-2.5,0,0],"lerp_mode":"catmullrom"},"0.25":{"post":[-2.5,0,0],"lerp_mode":"catmullrom"},"0.4167":{"post":[5.52931,-9.96754,-18.6287],"lerp_mode":"catmullrom"},"0.6667":{"post":[-1.97069,-9.96754,-18.6287],"lerp_mode":"catmullrom"},"0.7917":{"post":[-1.97069,-9.96754,-18.6287],"lerp_mode":"catmullrom"},"0.8333":{"post":[-1.97069,-9.96754,-18.6287],"lerp_mode":"catmullrom"},"2.0":{"post":[-1.97069,-9.96754,-18.6287],"lerp_mode":"catmullrom"}}},"leg1_left":{"rotation":{"0.0":{"post":[7.5,0,0],"lerp_mode":"catmullrom"},"0.25":{"post":[70,0,0],"lerp_mode":"catmullrom"},"0.4167":{"post":[46.86,0,0],"lerp_mode":"catmullrom"},"0.6667":{"post":[14.36,0,0],"lerp_mode":"catmullrom"},"0.7917":{"post":[14.36,0,0],"lerp_mode":"catmullrom"},"0.8333":{"post":[14.36,0,0],"lerp_mode":"catmullrom"},"2.0":{"post":[14.36,0,0],"lerp_mode":"catmullrom"}}},"leg_right":{"rotation":{"0.0":{"post":[-2.5,0,0],"lerp_mode":"catmullrom"},"0.25":{"post":[-2.5,0,0],"lerp_mode":"catmullrom"},"0.4167":{"post":[13.72224,14.71884,4.37668],"lerp_mode":"catmullrom"},"0.6667":{"post":[-1.97069,9.9675,18.6287],"lerp_mode":"catmullrom"},"0.7917":{"post":[-1.97069,9.9675,18.6287],"lerp_mode":"catmullrom"},"0.8333":{"post":[-1.97069,9.9675,18.6287],"lerp_mode":"catmullrom"},"2.0":{"post":[-1.97069,9.9675,18.6287],"lerp_mode":"catmullrom"}}},"leg1_right":{"rotation":{"0.0":{"post":[7.5,0,0],"lerp_mode":"catmullrom"},"0.25":{"post":[80,0,0],"lerp_mode":"catmullrom"},"0.4167":{"post":[39.64,0,0],"lerp_mode":"catmullrom"},"0.6667":{"post":[14.36,0,0],"lerp_mode":"catmullrom"},"0.7917":{"post":[14.36,0,0],"lerp_mode":"catmullrom"},"0.8333":{"post":[14.36,0,0],"lerp_mode":"catmullrom"},"2.0":{"post":[14.36,0,0],"lerp_mode":"catmullrom"}}}}}},"geckolib_format_version":2}