{"format_version":"1.8.0","animations":{"animation.roaringmoon.blink":{"loop":true},"animation.roaringmoon.pose":{"loop":true,"bones":{"tail":{"rotation":[-30.32217,12.12235,-2.16162]},"tail2":{"rotation":[-27.70212,-6.64851,3.47875]},"tail3":{"rotation":[-20.44582,-11.73507,4.3361]},"neck2":{"rotation":[15.01365,-2.41476,-0.64743]},"head":{"rotation":[6.21453,-24.5625,-3.88698]},"tail4":{"rotation":[-29.39942,-19.84302,10.82777]},"tail5":{"rotation":[-17.64168,-7.15102,2.26708]},"left_arm":{"rotation":[8.3314,-18.21013,23.59542]},"left_forearm":{"rotation":[0,17.5,27.5]},"body":{"rotation":[-32.09763,-5.24725,15.09177],"position":[0,36.9,0]},"neck":{"rotation":[2.5,-15,0]},"left_leg":{"rotation":[9.04107,-41.70738,-40.9502],"position":[2,0,0]},"left_leg2":{"rotation":[0,-15,17.5]},"chest":{"rotation":[-5,0,0]},"front_toes":{"rotation":[0,-42.5,0]},"toes":{"rotation":[0,-20,0]},"jaw":{"rotation":[52.5,0,0]},"right_arm":{"rotation":[12.13039,15.98015,-10.72402]},"right_forearm":{"rotation":[0,-17.5,-27.5]},"front_toes2":{"rotation":[0,42.5,0]},"right_leg":{"rotation":[-2.28888,42.45005,24.11095],"position":[2,0,0]},"right_leg2":{"rotation":[0,15,-17.5]},"toes2":{"rotation":[0,20,0]},"torso":{"rotation":[0,7.5,0]},"right_wing":{"rotation":[0,0,7.5]},"left_wing":{"rotation":[0,0,-7.5]}}},"animation.roaringmoon.render1":{"loop":"hold_on_last_frame","animation_length":0.04167,"bones":{"body":{"position":[0,-1.825,0]},"torso":{"rotation":["-10+math.cos(q.anim_time*90*2+90)/2",0,0],"position":[0,"math.cos(q.anim_time*90*2)/4",0]},"left_wing":{"rotation":[0,0,"-1-math.sin(q.anim_time*90*2)"]},"tail_wing_left":{"rotation":["1-math.sin(q.anim_time*90*2-45)",0,0]},"right_wing":{"rotation":[0,0,"1+math.sin(q.anim_time*90*2)"]},"tail_wing_right":{"rotation":["1-math.sin(q.anim_time*90*2-45)",0,0]},"chest":{"rotation":["10/4-math.cos(q.anim_time*90*2+90)/2/4",0,0]},"neck":{"rotation":["0.2057+10/4-math.cos(q.anim_time*90*2+90)/2/4",22.47741,1.03509]},"neck2":{"rotation":["0.2057+10/4-math.cos(q.anim_time*90*2+90)/2/4",22.47741,1.03509]},"head":{"rotation":["10/4-math.cos(q.anim_time*90*2+90)/2/4",0,0]},"jaw":{"rotation":["5-math.sin(q.anim_time*90*2)*5",0,0]},"tail":{"rotation":[-5.27489,"-22.412+math.cos(q.anim_time*90*2-45)*5",2.02003]},"tail2":{"rotation":["0.1382+10/4","-22.478+math.cos(q.anim_time*90*2-45)*5",-1.01122]},"tail3":{"rotation":["0.2767+10/4","-22.4768+math.sin(q.anim_time*90*2-45)*5",-1.06427]},"tail4":{"rotation":["0.2767+10/4","-22.4768+math.sin(q.anim_time*90*2-45)*5",-1.06427]},"tail5":{"rotation":["0.2767+10/4","-22.4768+math.sin(q.anim_time*90*2-45)*5",-1.06427]},"left_arm":{"rotation":[0,22.5,"45+math.cos(q.anim_time*90*2)*3"],"position":["math.cos(q.anim_time*90*2)*0.6","-2+math.cos(q.anim_time*90*2)/3",0]},"left_forearm":{"rotation":[0,"-22.5/2","(45/2)-math.cos(q.anim_time*90*2)*3/2"]},"left_foot":{"rotation":[-20,"5-22.5/2","(45/2)-math.cos(q.anim_time*90*2)*3/2"],"position":[-0.91015,0.40328,-0.09486]},"left_front_toe":{"rotation":[0,1,0]},"left_front_toe2":{"rotation":[0,4,0]},"left_front_toe3":{"rotation":[0,4,0]},"right_arm":{"rotation":[0,-22.5,"-45-math.cos(q.anim_time*90*2)*3"],"position":["-math.cos(q.anim_time*90*2)*0.6","-2+math.cos(q.anim_time*90*2)/3",0]},"right_forearm":{"rotation":[0,"22.5/2","-(45/2)+math.cos(q.anim_time*90*2)*3/2"]},"right_foot":{"rotation":[-20,"-5+(22.5/2)","-(45/2)+math.cos(q.anim_time*90*2)*3/2"],"position":[0.91015,0.40328,-0.09486]},"right_front_toe":{"rotation":[0,1,0]},"right_front_toe2":{"rotation":[0,-4,0]},"right_front_toe3":{"rotation":[0,-4,0]},"left_leg":{"rotation":[-47.26579,"15.6999-math.cos(q.anim_time*90*2)*3","-16.3249+math.cos(q.anim_time*90*2)*3"],"position":["math.cos(q.anim_time*90*2)*0.4","math.cos(q.anim_time*90*2)/3","-math.cos(q.anim_time*90*2)*0.7"]},"left_leg2":{"rotation":[0,"-22.5+math.cos(q.anim_time*90*2)*3/2",0]},"left_back_foot":{"rotation":[0,"math.cos(q.anim_time*90*2)*3/2",0]},"left_toe2":{"rotation":[0,5,0]},"left_toe3":{"rotation":[0,5,0]},"left_toe":{"rotation":[0,5,0]},"right_leg":{"rotation":[-47.26579,"-15.6999+math.cos(q.anim_time*90*2)*3","16.3249-math.cos(q.anim_time*90*2)*3"],"position":["-math.cos(q.anim_time*90*2)*0.4","math.cos(q.anim_time*90*2)/3","-math.cos(q.anim_time*90*2)*0.7"]},"right_leg2":{"rotation":[0,"22.5-math.cos(q.anim_time*90*2)*3/2",0]},"right_back_foot":{"rotation":[0,"-math.cos(q.anim_time*90*2)*3/2",0]},"right_toe2":{"rotation":[0,-5,0]},"right_toe3":{"rotation":[0,-5,0]},"right_toe":{"rotation":[0,-5,0]},"roaringmoon":{"rotation":[0,-22.5,0]}}},"animation.roaringmoon.ground_idle":{"loop":true,"animation_length":2,"bones":{"body":{"position":[0,-1.825,0]},"torso":{"rotation":["-10+math.cos(q.anim_time*90*2+90)/2",0,0],"position":[0,"math.cos(q.anim_time*90*2)/4",0]},"left_wing":{"rotation":[0,0,"-1-math.sin(q.anim_time*90*2)"]},"tail_wing_left":{"rotation":["1-math.sin(q.anim_time*90*2-45)",0,0]},"right_wing":{"rotation":[0,0,"1+math.sin(q.anim_time*90*2)"]},"tail_wing_right":{"rotation":["1-math.sin(q.anim_time*90*2-45)",0,0]},"chest":{"rotation":["10/4-math.cos(q.anim_time*90*2+90)/2/4",0,0]},"neck":{"rotation":["10/4-math.cos(q.anim_time*90*2+90)/2/4",0,0]},"neck2":{"rotation":["10/4-math.cos(q.anim_time*90*2+90)/2/4",0,0]},"head":{"rotation":["10/4-math.cos(q.anim_time*90*2+90)/2/4",0,0]},"jaw":{"rotation":["5-math.sin(q.anim_time*90*2)*5",0,0]},"tail":{"rotation":[-5,"math.cos(q.anim_time*90*2-45)*5",0]},"tail2":{"rotation":["10/4","math.cos(q.anim_time*90*2-45)*5",0]},"tail3":{"rotation":["10/4","math.sin(q.anim_time*90*2-45)*5",0]},"tail4":{"rotation":["10/4","math.sin(q.anim_time*90*2-45)*5",0]},"tail5":{"rotation":["10/4","math.sin(q.anim_time*90*2-45)*5",0]},"left_arm":{"rotation":[0,22.5,"45+math.cos(q.anim_time*90*2)*3"],"position":["math.cos(q.anim_time*90*2)*0.6","-2+math.cos(q.anim_time*90*2)/3",0]},"left_forearm":{"rotation":[0,"-22.5/2","(45/2)-math.cos(q.anim_time*90*2)*3/2"]},"left_foot":{"rotation":[-20,"5-22.5/2","(45/2)-math.cos(q.anim_time*90*2)*3/2"],"position":[-0.91015,0.40328,-0.09486]},"left_front_toe":{"rotation":[0,1,0]},"left_front_toe2":{"rotation":[0,4,0]},"left_front_toe3":{"rotation":[0,4,0]},"right_arm":{"rotation":[0,-22.5,"-45-math.cos(q.anim_time*90*2)*3"],"position":["-math.cos(q.anim_time*90*2)*0.6","-2+math.cos(q.anim_time*90*2)/3",0]},"right_forearm":{"rotation":[0,"22.5/2","-(45/2)+math.cos(q.anim_time*90*2)*3/2"]},"right_foot":{"rotation":[-20,"-5+(22.5/2)","-(45/2)+math.cos(q.anim_time*90*2)*3/2"],"position":[0.91015,0.40328,-0.09486]},"right_front_toe":{"rotation":[0,1,0]},"right_front_toe2":{"rotation":[0,-4,0]},"right_front_toe3":{"rotation":[0,-4,0]},"left_leg":{"rotation":[-47.26579,"15.6999-math.cos(q.anim_time*90*2)*3","-16.3249+math.cos(q.anim_time*90*2)*3"],"position":["math.cos(q.anim_time*90*2)*0.4","math.cos(q.anim_time*90*2)/3","-math.cos(q.anim_time*90*2)*0.7"]},"left_leg2":{"rotation":[0,"-22.5+math.cos(q.anim_time*90*2)*3/2",0]},"left_back_foot":{"rotation":[0,"math.cos(q.anim_time*90*2)*3/2",0]},"left_toe2":{"rotation":[0,5,0]},"left_toe3":{"rotation":[0,5,0]},"left_toe":{"rotation":[0,5,0]},"right_leg":{"rotation":[-47.26579,"-15.6999+math.cos(q.anim_time*90*2)*3","16.3249-math.cos(q.anim_time*90*2)*3"],"position":["-math.cos(q.anim_time*90*2)*0.4","math.cos(q.anim_time*90*2)/3","-math.cos(q.anim_time*90*2)*0.7"]},"right_leg2":{"rotation":[0,"22.5-math.cos(q.anim_time*90*2)*3/2",0]},"right_back_foot":{"rotation":[0,"-math.cos(q.anim_time*90*2)*3/2",0]},"right_toe2":{"rotation":[0,-5,0]},"right_toe3":{"rotation":[0,-5,0]},"right_toe":{"rotation":[0,-5,0]}}},"animation.roaringmoon.ground_walk":{"loop":true,"animation_length":2,"bones":{"body":{"position":[0,-1.825,0]},"torso":{"rotation":["-10+math.cos(q.anim_time*90*2+90)/2",0,"math.cos(q.anim_time*90*2+45)*2"],"position":[0,"math.cos(q.anim_time*90*2*2)/4",0]},"chest":{"rotation":["10/4-math.cos(q.anim_time*90*2+90)/2/4",0,0]},"neck":{"rotation":["10/4-math.cos(q.anim_time*90*2+90)/2/4",0,0]},"neck2":{"rotation":["10/4-math.cos(q.anim_time*90*2+90)/2/4",0,0]},"head":{"rotation":["10/4-math.cos(q.anim_time*90*2+90)/2/4",0,0]},"jaw":{"rotation":["5-math.sin(q.anim_time*90*2)*5",0,0]},"tail":{"rotation":[-5,"math.cos(q.anim_time*90*2-45)*5",0]},"tail2":{"rotation":["10/4","math.cos(q.anim_time*90*2-45)*5",0]},"tail3":{"rotation":["10/4","math.sin(q.anim_time*90*2-45)*5",0]},"tail4":{"rotation":["10/4","math.sin(q.anim_time*90*2-45)*5",0]},"tail5":{"rotation":["10/4","math.sin(q.anim_time*90*2-45)*5",0]},"left_arm":{"rotation":[0,"-math.cos(q.anim_time*90*2-45)*20",85],"position":[4,"-1+math.clamp(math.sin(q.anim_time*90*2-45)*2,0,2)","math.cos(q.anim_time*90*2-45)"]},"left_forearm":{"rotation":{"0.0":{"post":[0,0,0],"lerp_mode":"catmullrom"},"0.25":{"post":[0,0,0],"lerp_mode":"catmullrom"},"0.75":{"post":[0,20,0],"lerp_mode":"catmullrom"},"1.0":{"post":[0,27,0],"lerp_mode":"catmullrom"},"1.1667":{"post":[0,20,0],"lerp_mode":"catmullrom"},"1.3333":{"post":[0,-17.5,0],"lerp_mode":"catmullrom"},"1.5":{"post":[0,-12.5,0],"lerp_mode":"catmullrom"},"2.0":{"post":[0,0,0],"lerp_mode":"catmullrom"}}},"left_foot":{"rotation":{"0.0":{"post":[0,12.5,0],"lerp_mode":"catmullrom"},"0.25":{"post":[0,12.5,0],"lerp_mode":"catmullrom"},"0.5":{"post":[0,0,0],"lerp_mode":"catmullrom"},"1.0":{"post":[0,-0.29,0],"lerp_mode":"catmullrom"},"1.1667":{"post":[0,0,0],"lerp_mode":"catmullrom"},"1.3333":{"post":[0,0,0],"lerp_mode":"catmullrom"},"2.0":{"post":[0,12.5,0],"lerp_mode":"catmullrom"}},"position":{"0.0":{"post":[-1,0,0],"lerp_mode":"catmullrom"},"0.25":{"post":[-1,0,0],"lerp_mode":"catmullrom"},"0.5":{"post":[-2,0,0],"lerp_mode":"catmullrom"},"1.0":{"post":[-1.33,0,0],"lerp_mode":"catmullrom"},"1.25":{"post":[-1,0,0],"lerp_mode":"catmullrom"},"2.0":{"post":[-1,0,0],"lerp_mode":"catmullrom"}}},"left_front_toe":{"rotation":[0,0,0]},"left_front_toe2":{"rotation":[0,0,0]},"left_front_toe3":{"rotation":[0,0,0]},"right_arm":{"rotation":[0,"-math.cos(q.anim_time*90*2-45)*20",-85],"position":[-4,"-1+math.clamp(-math.sin(q.anim_time*90*2-45)*2,0,2)","-math.cos(q.anim_time*90*2-45)"]},"right_forearm":{"rotation":{"0.0":{"post":[0,-27,0],"lerp_mode":"catmullrom"},"0.1667":{"post":[0,-20,0],"lerp_mode":"catmullrom"},"0.3333":{"post":[0,17.5,0],"lerp_mode":"catmullrom"},"0.5":{"post":[0,12.5,0],"lerp_mode":"catmullrom"},"1.0":{"post":[0,0,0],"lerp_mode":"catmullrom"},"1.25":{"post":[0,0,0],"lerp_mode":"catmullrom"},"1.75":{"post":[0,-20,0],"lerp_mode":"catmullrom"},"2.0":{"post":[0,-27,0],"lerp_mode":"catmullrom"}}},"right_foot":{"rotation":{"0.0":{"post":[0,0.29,0],"lerp_mode":"catmullrom"},"0.1667":{"post":[0,0,0],"lerp_mode":"catmullrom"},"0.3333":{"post":[0,0,0],"lerp_mode":"catmullrom"},"1.0":{"post":[0,-12.5,0],"lerp_mode":"catmullrom"},"1.25":{"post":[0,-12.5,0],"lerp_mode":"catmullrom"},"1.5":{"post":[0,0,0],"lerp_mode":"catmullrom"},"2.0":{"post":[0,0.29,0],"lerp_mode":"catmullrom"}},"position":{"0.0":{"post":[1.33,0,0],"lerp_mode":"catmullrom"},"0.25":{"post":[1,0,0],"lerp_mode":"catmullrom"},"1.0":{"post":[1,0,0],"lerp_mode":"catmullrom"},"1.25":{"post":[1,0,0],"lerp_mode":"catmullrom"},"1.5":{"post":[2,0,0],"lerp_mode":"catmullrom"},"2.0":{"post":[1.33,0,0],"lerp_mode":"catmullrom"}}},"right_front_toe":{"rotation":[0,1,0]},"right_front_toe2":{"rotation":[0,-4,0]},"right_front_toe3":{"rotation":[0,-4,0]},"left_leg":{"rotation":[-5,"-math.cos(q.anim_time*90*2)*20",0],"position":[0,"math.clamp(math.sin(q.anim_time*90*2)*2,0,2)","math.cos(q.anim_time*90*2)"]},"left_leg2":{"rotation":[0,"-22.5-math.clamp(math.sin(q.anim_time*90*2)*30,0,30)",0]},"left_back_foot":{"rotation":{"0.0":{"post":[0,20,0],"lerp_mode":"catmullrom"},"0.25":{"post":[0,0,0],"lerp_mode":"catmullrom"},"0.875":{"post":[0,17.5,0],"lerp_mode":"catmullrom"},"1.0":{"post":[0,17.5,0],"lerp_mode":"catmullrom"},"1.125":{"post":[0,0,0],"lerp_mode":"catmullrom"},"2.0":{"post":[0,20,0],"lerp_mode":"catmullrom"}}},"left_toe2":{"rotation":{"0.0":{"post":[0,22.5,0],"lerp_mode":"catmullrom"},"0.25":{"post":[0,0,0],"lerp_mode":"catmullrom"},"1.0":{"post":[0,-1.38,0],"lerp_mode":"catmullrom"},"1.125":{"post":[0,0,0],"lerp_mode":"catmullrom"},"2.0":{"post":[0,22.5,0],"lerp_mode":"catmullrom"}}},"left_toe3":{"rotation":{"0.0":{"post":[0,22.5,0],"lerp_mode":"catmullrom"},"0.25":{"post":[0,0,0],"lerp_mode":"catmullrom"},"1.0":{"post":[0,-1.38,0],"lerp_mode":"catmullrom"},"1.125":{"post":[0,0,0],"lerp_mode":"catmullrom"},"2.0":{"post":[0,22.5,0],"lerp_mode":"catmullrom"}}},"left_toe":{"rotation":{"0.0":{"post":[0,22.5,0],"lerp_mode":"catmullrom"},"0.25":{"post":[0,0,0],"lerp_mode":"catmullrom"},"1.0":{"post":[0,-1.38,0],"lerp_mode":"catmullrom"},"1.125":{"post":[0,0,0],"lerp_mode":"catmullrom"},"2.0":{"post":[0,22.5,0],"lerp_mode":"catmullrom"}}},"right_leg":{"rotation":[-5,"-math.cos(q.anim_time*90*2)*20",0],"position":["-math.cos(q.anim_time*90*2)*0.4","math.cos(q.anim_time*90*2)/3","-math.cos(q.anim_time*90*2)*0.7"]},"right_leg2":{"rotation":[0,"22.5+math.clamp(-math.sin(q.anim_time*90*2)*30,0,30)",0]},"right_back_foot":{"rotation":{"0.0":{"post":[0,-17.5,0],"lerp_mode":"catmullrom"},"0.125":{"post":[0,0,0],"lerp_mode":"catmullrom"},"1.0":{"post":[0,-20,0],"lerp_mode":"catmullrom"},"1.25":{"post":[0,0,0],"lerp_mode":"catmullrom"},"1.875":{"post":[0,-17.5,0],"lerp_mode":"catmullrom"},"2.0":{"post":[0,-17.5,0],"lerp_mode":"catmullrom"}}},"right_toe2":{"rotation":{"0.0":{"post":[0,1.38,0],"lerp_mode":"catmullrom"},"0.125":{"post":[0,0,0],"lerp_mode":"catmullrom"},"1.0":{"post":[0,-22.5,0],"lerp_mode":"catmullrom"},"1.25":{"post":[0,0,0],"lerp_mode":"catmullrom"},"2.0":{"post":[0,1.38,0],"lerp_mode":"catmullrom"}}},"right_toe3":{"rotation":{"0.0":{"post":[0,1.38,0],"lerp_mode":"catmullrom"},"0.125":{"post":[0,0,0],"lerp_mode":"catmullrom"},"1.0":{"post":[0,-22.5,0],"lerp_mode":"catmullrom"},"1.25":{"post":[0,0,0],"lerp_mode":"catmullrom"},"2.0":{"post":[0,1.38,0],"lerp_mode":"catmullrom"}}},"right_toe":{"rotation":{"0.0":{"post":[0,1.38,0],"lerp_mode":"catmullrom"},"0.125":{"post":[0,0,0],"lerp_mode":"catmullrom"},"1.0":{"post":[0,-22.5,0],"lerp_mode":"catmullrom"},"1.25":{"post":[0,0,0],"lerp_mode":"catmullrom"},"2.0":{"post":[0,1.38,0],"lerp_mode":"catmullrom"}}},"left_wing":{"rotation":[0,0,"-2+math.sin(q.anim_time*90*2)*2"]},"tail_wing_left":{"rotation":["math.sin(q.anim_time*90*2*2)",0,"math.sin(q.anim_time*90*2)*2"]},"right_wing":{"rotation":[0,0,"2+math.sin(q.anim_time*90*2)*2"]},"tail_wing_right":{"rotation":["math.sin(q.anim_time*90*2*2)",0,"math.sin(q.anim_time*90*2)*2"]}}},"animation.roaringmoon.air_idle":{"loop":true,"animation_length":2,"bones":{"body":{"rotation":["-67.5-math.cos(q.anim_time*90*2-45+90)/2",0,0],"position":[0,"-math.cos(q.anim_time*90*2-45)/2",0]},"torso":{"rotation":[22.5,0,0]},"left_wing":{"rotation":[0,0,"-5+math.sin(q.anim_time*90*2-45)*5"]},"tail_wing_left":{"rotation":["math.cos(q.anim_time*90*2-45)",0,"-5+math.sin(q.anim_time*90*2-45-90)*5"]},"right_wing":{"rotation":[0,0,"5-math.sin(q.anim_time*90*2-45)*5"]},"tail_wing_right":{"rotation":["math.cos(q.anim_time*90*2-45)",0,"5-math.sin(q.anim_time*90*2-45-90)*5"]},"chest":{"rotation":["67.5/4+math.cos(q.anim_time*90*2-45+90)/2/4",0,0]},"neck":{"rotation":["-22.5+67.5/4+math.cos(q.anim_time*90*2-45+90)/2/4",0,0]},"neck2":{"rotation":["22.5/2+67.5/4+math.cos(q.anim_time*90*2-45+90)/2/4",0,0]},"head":{"rotation":["22.5/2+67.5/4+math.cos(q.anim_time*90*2-45+90)/2/4",0,0]},"jaw":{"rotation":["22.5/2+math.sin(q.anim_time*90*2-45)*22.5/4",0,0]},"tail":{"rotation":[-5,"math.cos(q.anim_time*90*2)*4",0]},"tail2":{"rotation":[-5,"math.cos(q.anim_time*90*2)*4",0]},"tail3":{"rotation":[-5,"math.sin(q.anim_time*90*2)*4",0]},"tail4":{"rotation":[-5,"math.sin(q.anim_time*90*2)*4",0]},"tail5":{"rotation":[-5,"math.sin(q.anim_time*90*2)*4",0]},"left_arm":{"rotation":[-29.25427,"-47.7295+math.cos(q.anim_time*90*2-45)*3",68.02785],"position":[2,-8,6]},"left_forearm":{"rotation":["22.5/2",-22.5,0]},"left_foot":{"rotation":["22.5/2",-45,0],"position":[-3,0,-1]},"right_arm":{"rotation":[-29.25427,"47.7295-math.cos(q.anim_time*90*2-45)*3",-68.02785],"position":[-2,-8,6]},"right_forearm":{"rotation":["22.5/2",22.5,0]},"right_foot":{"rotation":["22.5/2",45,0],"position":[3,0,-1]},"left_leg":{"rotation":[0,"-67.5+math.cos(q.anim_time*90*2)*5",-22.5],"position":[0,4,0]},"left_leg2":{"rotation":[0,"-22.5+math.sin(q.anim_time*90*2)*5",0]},"left_back_foot":{"rotation":[0,-22.5,0],"position":[-2,0,1]},"right_leg":{"rotation":[0,"67.5-math.cos(q.anim_time*90*2)*5",22.5],"position":[0,4,0]},"right_leg2":{"rotation":[0,"22.5-math.sin(q.anim_time*90*2)*5",0]},"right_back_foot":{"rotation":[0,22.5,0],"position":[2,0,1]}}},"animation.roaringmoon.air_fly":{"loop":true,"animation_length":4,"bones":{"body":{"rotation":["math.cos(q.anim_time*90*2-45+90)",0,"math.cos(q.anim_time*90-45+90)*2"],"position":["math.cos(q.anim_time*90-45)","math.cos(q.anim_time*90*2-45)",0]},"torso":{"rotation":[-10,0,0]},"left_wing":{"rotation":[0,0,"-10+math.cos(q.anim_time*90*2)*10"]},"tail_wing_left":{"rotation":[0,0,"-5+math.cos(q.anim_time*90*2-45)*5"]},"right_wing":{"rotation":[0,0,"10-math.cos(q.anim_time*90*2)*10"]},"tail_wing_right":{"rotation":[0,0,"5-math.cos(q.anim_time*90*2-45)*5"]},"chest":{"rotation":["10/4",0,0]},"neck":{"rotation":["10/4",0,0]},"neck2":{"rotation":["10/4",0,0]},"head":{"rotation":["10/4",0,0]},"jaw":{"rotation":["30/4+math.cos(q.anim_time*90*2)*30/4",0,0]},"tail":{"rotation":[-22.5,"math.cos(q.anim_time*90*2)*5",0]},"tail2":{"rotation":["22.5/4","math.cos(q.anim_time*90*2)*5",0]},"tail3":{"rotation":["22.5/4","math.sin(q.anim_time*90*2)*5",0]},"tail4":{"rotation":["22.5/4","math.sin(q.anim_time*90*2)*5",0]},"tail5":{"rotation":["22.5/4","math.sin(q.anim_time*90*2)*5",0]},"left_arm":{"rotation":[-22.5,"-10-math.cos(q.anim_time*90*2-45/2-45)*5",90],"position":[4,0,0]},"left_forearm":{"rotation":[0,0,0]},"left_foot":{"rotation":[0,-32.5,0],"position":[-2,0,-1]},"right_arm":{"rotation":[-22.5,"10+math.cos(q.anim_time*90*2-45/2-45)*5",-90],"position":[-4,0,0]},"right_forearm":{"rotation":[0,0,0]},"right_foot":{"rotation":[0,32.5,0],"position":[2,0,-1]},"left_leg":{"rotation":[-24.14867,"20.7048-math.cos(q.anim_time*90*2-45/2)*5",-9.00717]},"left_leg2":{"rotation":[0,"-67.5-math.cos(q.anim_time*90*2-45/2-45)*5",0]},"right_leg":{"rotation":[-24.14867,"-20.7048+math.cos(q.anim_time*90*2-45/2)*5",9.00717]},"right_leg2":{"rotation":[0,"67.5+math.cos(q.anim_time*90*2-45/2-45)*5",0]}}},"animation.roaringmoon.cry":{"animation_length":2.375,"bones":{"left_wing":{"rotation":{"0.0833":[0,0,0],"0.25":[0,0,0],"0.4167":{"pre":[0,0,-10],"post":[0,0,-10],"lerp_mode":"catmullrom"},"1.8333":{"post":[0,0,-10],"lerp_mode":"catmullrom"},"2.375":{"post":[0,0,0],"lerp_mode":"catmullrom"}}},"right_wing":{"rotation":{"0.0833":[0,0,0],"0.25":[0,0,0],"0.4167":{"pre":[0,0,10],"post":[0,0,10],"lerp_mode":"catmullrom"},"1.8333":{"post":[0,0,10],"lerp_mode":"catmullrom"},"2.375":{"post":[0,0,0],"lerp_mode":"catmullrom"}}},"chest":{"rotation":{"0.0":{"post":[0,0,0],"lerp_mode":"catmullrom"},"0.1667":{"post":[5,0,0],"lerp_mode":"catmullrom"},"0.3333":{"post":[-10,0,0],"lerp_mode":"catmullrom"},"1.75":{"post":[-10,0,0],"lerp_mode":"catmullrom"},"2.375":{"post":[0,0,0],"lerp_mode":"catmullrom"}}},"neck":{"rotation":{"0.0":{"post":[0,0,0],"lerp_mode":"catmullrom"},"0.1667":{"post":[5,0,0],"lerp_mode":"catmullrom"},"0.3333":{"post":[-10,0,0],"lerp_mode":"catmullrom"},"1.75":{"post":[-10,0,0],"lerp_mode":"catmullrom"},"2.375":{"post":[0,0,0],"lerp_mode":"catmullrom"}}},"neck2":{"rotation":{"0.0":{"post":[0,0,0],"lerp_mode":"catmullrom"},"0.1667":{"post":[5,0,0],"lerp_mode":"catmullrom"},"0.3333":{"post":[-10,0,0],"lerp_mode":"catmullrom"},"1.75":{"post":[-10,0,0],"lerp_mode":"catmullrom"},"2.375":{"post":[0,0,0],"lerp_mode":"catmullrom"}}},"jaw":{"rotation":{"0.0":{"post":[0,0,0],"lerp_mode":"catmullrom"},"0.1667":{"post":[-2.5,0,0],"lerp_mode":"catmullrom"},"0.3333":{"post":[30,0,0],"lerp_mode":"catmullrom"},"1.75":{"post":[30,0,0],"lerp_mode":"catmullrom"},"2.375":{"post":[0,0,0],"lerp_mode":"catmullrom"}}}},"sound_effects":{"0.25":{"effect":"pokemon.roaringmoon.cry"}}}}}