{"format_version":"1.8.0","animations":{"animation.salamence_mega.air_idle":{"loop":true,"animation_length":2,"bones":{"left_leg":{"rotation":[23.03767,-43.7746,4.49472]},"left_leg2":{"rotation":[-4.62934,-24.59477,11.00966]},"neck":{"rotation":[-2.5,0,0]},"neck2":{"rotation":[-5,0,0]},"head":{"rotation":[10,0,0]},"jaw":{"rotation":["10+math.cos(q.anim_time*90*4)*10/2",0,0]},"left_arm":{"rotation":[0,60,5],"position":[-4,-1,8]},"left_forearm":{"rotation":[0,0,42.5]},"left_foot":{"rotation":[17.5,0,80],"position":[0.2,-0.5,-1.75]},"left_foot2":{"rotation":[0,-10,0]},"right_leg":{"rotation":[23.03767,43.7746,-4.49472]},"right_leg2":{"rotation":[-4.62934,24.59477,-11.00966]},"right_foot2":{"rotation":[0,10,0]},"right_arm":{"rotation":[0,-60,-5],"position":[4,-1,8]},"right_forearm":{"rotation":[0,0,-42.5]},"right_foot":{"rotation":[17.5,0,-80],"position":[-0.2,-0.5,-1.75]},"bone2":{"rotation":["10/4","math.cos(q.anim_time*90*4/2)*10",0]},"bone3":{"rotation":["10/4","math.sin(q.anim_time*90*4/2)*10",0]},"bone4":{"rotation":["10/4","math.sin(q.anim_time*90*4/2)*10",0]},"bone5":{"rotation":["10/4","math.sin(q.anim_time*90*4/2)*10",0]},"body":{"rotation":["math.cos(q.anim_time*90*4/2+90)",0,"math.sin(q.anim_time*90*4*2/2+90)"],"position":["math.sin(q.anim_time*90*4*2/2)/2","math.cos(q.anim_time*90*4/2)/2",0]},"bone":{"rotation":[-10,"math.cos(q.anim_time*90*4/2)*10",0]}}},"animation.salamence_mega.air_fly":{"loop":true,"animation_length":2,"bones":{"body":{"rotation":["math.sin(q.anim_time*90*2*2)*3",0,"math.cos(q.anim_time*90*2)*3"],"position":["math.cos(q.anim_time*90*2-90)*3","math.sin(q.anim_time*90*2*2+90)*2",0]},"bone":{"rotation":["math.cos(q.anim_time*90*2*2-45)*2.5","math.cos(q.anim_time*90*2*2)*10",0]},"bone2":{"rotation":["math.cos(q.anim_time*90*2*2-45)*2.5","math.cos(q.anim_time*90*2*2)*10",0]},"bone3":{"rotation":["math.sin(q.anim_time*90*2*2-45)*2.5","math.sin(q.anim_time*90*2*2)*10",0]},"bone4":{"rotation":["math.sin(q.anim_time*90*2*2-45)*2.5","math.sin(q.anim_time*90*2*2)*10",0]},"bone5":{"rotation":["math.sin(q.anim_time*90*2*2-45)*2.5","math.sin(q.anim_time*90*2*2)*10",0]},"neck":{"rotation":["math.cos(q.anim_time*90*4-180)*5","-math.cos(q.anim_time*90*2+45-180)*5",0]},"neck2":{"rotation":["math.cos(q.anim_time*90*4-90)*5","-math.cos(q.anim_time*90*2+45-90)*5",0]},"head":{"rotation":["math.cos(q.anim_time*90*4)*5","-math.cos(q.anim_time*90*2+45)*5",0]},"left_arm":{"rotation":[0,60,5],"position":[-4,-1,8]},"left_forearm":{"rotation":[0,0,42.5]},"left_foot":{"rotation":[17.5,0,80],"position":[0.2,-0.5,-1.75]},"right_arm":{"rotation":[0,-60,-5],"position":[4,-1,8]},"right_forearm":{"rotation":[0,0,-42.5]},"right_foot":{"rotation":[17.5,0,-80],"position":[-0.2,-0.5,-1.75]},"left_leg":{"rotation":[23.03767,-43.7746,4.49472]},"left_leg2":{"rotation":[-4.62934,-24.59477,11.00966]},"left_foot2":{"rotation":[0,-10,0]},"right_leg":{"rotation":[23.03767,43.7746,-4.49472]},"right_leg2":{"rotation":[-4.62934,24.59477,-11.00966]},"right_foot2":{"rotation":[0,10,0]}}},"animation.salamence_mega.cry":{"animation_length":2.625,"bones":{"body":{"rotation":{"0.0":{"post":[0,0,0],"lerp_mode":"catmullrom"},"0.25":{"post":[5,0,0],"lerp_mode":"catmullrom"},"0.4167":{"post":[5,0,0],"lerp_mode":"catmullrom"},"0.5833":{"post":[-5,0,0],"lerp_mode":"catmullrom"},"2.0":{"post":[-5,0,0],"lerp_mode":"catmullrom"},"2.625":{"post":[0,0,0],"lerp_mode":"catmullrom"}},"position":{"0.0":{"post":[0,0,0],"lerp_mode":"catmullrom"},"0.25":{"post":[0,2,5],"lerp_mode":"catmullrom"},"0.4167":{"post":[0,2,5],"lerp_mode":"catmullrom"},"0.5833":{"post":[0,2,-4],"lerp_mode":"catmullrom"},"2.0":{"post":[0,2,-4],"lerp_mode":"catmullrom"},"2.625":{"post":[0,0,0],"lerp_mode":"catmullrom"}}},"neck":{"rotation":{"0.0833":{"pre":[0,0,0],"post":[0,0,0],"lerp_mode":"catmullrom"},"0.3333":{"post":[5,0,0],"lerp_mode":"catmullrom"},"0.5":{"post":[5,0,0],"lerp_mode":"catmullrom"},"0.6667":{"post":[-5,0,0],"lerp_mode":"catmullrom"},"2.0833":{"post":[-5,0,0],"lerp_mode":"catmullrom"},"2.625":{"post":[0,0,0],"lerp_mode":"catmullrom"}}},"neck2":{"rotation":{"0.1667":{"pre":[0,0,0],"post":[0,0,0],"lerp_mode":"catmullrom"},"0.4167":{"post":[5,0,0],"lerp_mode":"catmullrom"},"0.5833":{"post":[5,0,0],"lerp_mode":"catmullrom"},"0.75":{"post":[-5,0,0],"lerp_mode":"catmullrom"},"2.1667":{"post":[-5,0,0],"lerp_mode":"catmullrom"},"2.625":{"post":[0,0,0],"lerp_mode":"catmullrom"}}},"jaw":{"rotation":{"0.0833":{"pre":[0,0,0],"post":[0,0,0],"lerp_mode":"catmullrom"},"0.3333":{"post":[-12.5,0,0],"lerp_mode":"catmullrom"},"0.5":{"post":[-12.5,0,0],"lerp_mode":"catmullrom"},"0.6667":{"post":[30,0,0],"lerp_mode":"catmullrom"},"2.3333":{"post":[30,0,0],"lerp_mode":"catmullrom"},"2.625":{"post":[0,0,0],"lerp_mode":"catmullrom"}}}},"sound_effects":{"0.5":{"effect":"pokemon.salamence.cry"}}}}}