{"format_version":"1.8.0","animations":{"animation.sawk.ground_idle":{"loop":true,"bones":{"body":{"position":[0,"-3 + 0.5 * math.sin(q.anim_time * 6 * 10 - 30)","-0.5 * math.sin(q.anim_time * 6 * 10 - 30)"]},"torso":{"rotation":["10 - 2.5 * math.sin(q.anim_time * 6 * 10)",0,0],"position":[0,"0.5 * math.sin(q.anim_time * 6 * 10)",0]},"left_rig":{"rotation":["-20 + 7.5 * math.sin(q.anim_time * 6 * 10 - 30)",0,0]},"right_rig":{"rotation":["-20 + 7.5 * math.sin(q.anim_time * 6 * 10 - 30)",0,0]},"head":{"rotation":["5 * math.sin(q.anim_time * 6 * 10 + 45)",0,0]},"arm_right":{"rotation":[0,-22.5,"-32.5 + 7.5 * math.sin(q.anim_time * 6 * 10 - 45)"]},"slevee_right":{"rotation":[0,-80,"2.5 * math.sin(q.anim_time * 6 * 10 - 75)"]},"item_right":{"rotation":["-57.5 - 10 * math.sin(q.anim_time * 6 * 10 - 45) + 5 * math.sin(q.anim_time * 6 * 10 - 75)",-18,10]},"arm_left":{"rotation":[7.5,12.5,"55 - 7.5 * math.sin(q.anim_time * 6 * 10 - 45)"]},"slevee_left":{"rotation":[0,57.5,"-2.5 * math.sin(q.anim_time * 6 * 10 - 75)"]},"item_left":{"rotation":["-17.5 - 5 * math.sin(q.anim_time * 6 * 10 - 45)",50,29]},"leg_right":{"rotation":["-25 + 7.5 * math.sin(q.anim_time * 6 * 10 - 30)",0,0]},"leg_right2":{"rotation":["37.5 - 7.5 * math.sin(q.anim_time * 6 * 10 - 30)",0,0]},"leg_right3":{"rotation":[-7.5,0,0]},"leg_left":{"rotation":["20 + 7.5 * math.sin(q.anim_time * 6 * 10 - 30)",0,0]},"leg_left2":{"rotation":["32.5 - 7.5 * math.sin(q.anim_time * 6 * 10 - 30)",0,0]},"leg_left3":{"rotation":[-35,0,0]}}},"animation.sawk.ground_walk":{"loop":true,"animation_length":3,"bones":{"body":{"position":[0,"-1 * math.cos(q.anim_time * 6 * 40 - 30) - 1.5",0]},"torso":{"rotation":["10 + 5 * math.sin(q.anim_time * 6 * 40 - 30)",0,"-10 * math.sin(q.anim_time * 6 * 20)"],"position":[0,-1,0]},"left_rig":{"rotation":["-32.5 + 15 * math.sin(q.anim_time * 6 * 20 - 60)",0,0]},"right_rig":{"rotation":["-32.5 + 15 * math.sin(q.anim_time * 6 * 20 - 60)",0,0]},"head":{"rotation":["5 * math.sin(q.anim_time * 6 * 40 - 45)",0,0]},"arm_right":{"rotation":["-15 * math.sin(q.anim_time * 6 * 20 - 30)",-22.5,-32.5]},"slevee_right":{"rotation":[0,-80,"-5 * math.sin(q.anim_time * 6 * 20 - 60)"]},"item_right":{"rotation":[-57.5,-18,10]},"arm_left":{"rotation":["7.5 + 15 * math.sin(q.anim_time * 6 * 20 - 30)",12.5,55]},"slevee_left":{"rotation":[0,57.5,"5 * math.sin(q.anim_time * 6 * 20 - 60)"]},"item_left":{"rotation":[-17.5,50,29]},"leg_right":{"rotation":{"0.0":[-37.5,0,0],"0.375":{"pre":[-31.25,0,0],"post":[-31.25,0,0],"lerp_mode":"catmullrom"},"0.75":{"post":[5,0,0],"lerp_mode":"catmullrom"},"1.125":{"post":[16.25,0,0],"lerp_mode":"catmullrom"},"1.5":{"post":[30,0,0],"lerp_mode":"catmullrom"},"1.875":{"post":[12.73,0,0],"lerp_mode":"catmullrom"},"2.25":{"post":[-27.5,0,0],"lerp_mode":"catmullrom"},"2.625":{"post":[-40.01,0,0],"lerp_mode":"catmullrom"},"3.0":{"post":[-37.5,0,0],"lerp_mode":"catmullrom"}},"position":{"0.0":{"post":[0,0,0],"lerp_mode":"catmullrom"},"0.375":{"post":[0,0.1,0],"lerp_mode":"catmullrom"},"0.75":{"post":[0,0.8,0],"lerp_mode":"catmullrom"},"1.125":{"post":[0,-0.1,0],"lerp_mode":"catmullrom"},"1.5":{"post":[0,0,0],"lerp_mode":"catmullrom"},"3.0":{"post":[0,0,0],"lerp_mode":"catmullrom"}}},"leg_right2":{"rotation":{"0.0":[15,0,0],"0.375":{"pre":[15,0,0],"post":[15,0,0],"lerp_mode":"catmullrom"},"0.75":{"post":[0,0,0],"lerp_mode":"catmullrom"},"1.125":{"post":[18.75,0,0],"lerp_mode":"catmullrom"},"1.5":{"post":[17.5,0,0],"lerp_mode":"catmullrom"},"1.875":{"post":[50.47,0,0],"lerp_mode":"catmullrom"},"2.25":{"post":[53.75,0,0],"lerp_mode":"catmullrom"},"2.625":{"post":[27.08,0,0],"lerp_mode":"catmullrom"},"3.0":{"post":[15,0,0],"lerp_mode":"catmullrom"}}},"leg_right3":{"rotation":{"0.0":[-15,0,0],"0.375":{"pre":[-5,0,0],"post":[-5,0,0],"lerp_mode":"catmullrom"},"0.75":{"post":[-5,0,0],"lerp_mode":"catmullrom"},"1.125":{"post":[-33.75,0,0],"lerp_mode":"catmullrom"},"1.5":{"post":[-40,0,0],"lerp_mode":"catmullrom"},"2.25":{"post":[-1.25,0,0],"lerp_mode":"catmullrom"},"3.0":{"post":[-15,0,0],"lerp_mode":"catmullrom"}}},"leg_left":{"rotation":{"0.0":[30,0,0],"0.375":{"pre":[12.73,0,0],"post":[12.73,0,0],"lerp_mode":"catmullrom"},"0.75":{"post":[-27.5,0,0],"lerp_mode":"catmullrom"},"1.125":{"post":[-40.01,0,0],"lerp_mode":"catmullrom"},"1.5":{"post":[-37.5,0,0],"lerp_mode":"catmullrom"},"1.875":{"post":[-31.25,0,0],"lerp_mode":"catmullrom"},"2.25":{"post":[5,0,0],"lerp_mode":"catmullrom"},"2.625":{"post":[16.25,0,0],"lerp_mode":"catmullrom"},"3.0":{"post":[30,0,0],"lerp_mode":"catmullrom"}},"position":{"0.0":{"post":[0,0,0],"lerp_mode":"catmullrom"},"1.5":{"post":[0,0,0],"lerp_mode":"catmullrom"},"1.875":{"post":[0,0.1,0],"lerp_mode":"catmullrom"},"2.25":{"post":[0,0.8,0],"lerp_mode":"catmullrom"},"2.625":{"post":[0,-0.1,0],"lerp_mode":"catmullrom"},"3.0":{"post":[0,0,0],"lerp_mode":"catmullrom"}}},"leg_left2":{"rotation":{"0.0":[17.5,0,0],"0.375":{"pre":[50.47,0,0],"post":[50.47,0,0],"lerp_mode":"catmullrom"},"0.75":{"post":[53.75,0,0],"lerp_mode":"catmullrom"},"1.125":{"post":[27.08,0,0],"lerp_mode":"catmullrom"},"1.5":{"post":[15,0,0],"lerp_mode":"catmullrom"},"1.875":{"post":[15,0,0],"lerp_mode":"catmullrom"},"2.25":{"post":[0,0,0],"lerp_mode":"catmullrom"},"2.625":{"post":[18.75,0,0],"lerp_mode":"catmullrom"},"3.0":{"post":[17.5,0,0],"lerp_mode":"catmullrom"}}},"leg_left3":{"rotation":{"0.0":{"post":[-40,0,0],"lerp_mode":"catmullrom"},"0.75":{"post":[-1.25,0,0],"lerp_mode":"catmullrom"},"1.5":{"post":[-15,0,0],"lerp_mode":"catmullrom"},"1.875":{"post":[-5,0,0],"lerp_mode":"catmullrom"},"2.25":{"post":[-5,0,0],"lerp_mode":"catmullrom"},"2.625":{"post":[-33.75,0,0],"lerp_mode":"catmullrom"},"3.0":{"post":[-40,0,0],"lerp_mode":"catmullrom"}}},"hip":{"rotation":[0,0,"5 * math.sin(q.anim_time * 6 * 20)"],"position":[0," - 0.1 * math.cos(q.anim_time * 6 * 40 - 45) + 0.5 * math.cos(q.anim_time * 6 * 40 - 30) - 1.5",0]}}},"animation.sawk.blink":{"animation_length":0.25,"bones":{"eyelid_left":{"position":{"0.0":[0,0,-1],"0.1667":[0,0,-1],"0.2083":[0,0,0]}},"eyelid_right":{"position":{"0.0":[0,0,-1],"0.1667":[0,0,-1],"0.2083":[0,0,0]}}}}}}