{"format_version":"1.8.0","animations":{"animation.scrafty.ground_walk":{"loop":true,"animation_length":4,"bones":{"body":{"rotation":{"0.0":{"post":[0,0,7.5],"lerp_mode":"catmullrom"},"0.4583":{"post":[0,0,-7.5],"lerp_mode":"catmullrom"},"0.875":{"post":[0,0,7.5],"lerp_mode":"catmullrom"},"1.4167":{"post":[0,0,-7.5],"lerp_mode":"catmullrom"},"1.9583":{"post":[0,0,7.5],"lerp_mode":"catmullrom"},"2.4167":{"post":[0,0,-7.5],"lerp_mode":"catmullrom"},"2.9583":{"post":[0,0,7.5],"lerp_mode":"catmullrom"},"3.5":{"post":[0,0,-7.5],"lerp_mode":"catmullrom"},"4.0":{"post":[0,0,7.5],"lerp_mode":"catmullrom"}},"position":{"0.0":{"post":[0,2,0],"lerp_mode":"catmullrom"},"0.25":{"post":[0,0,0],"lerp_mode":"catmullrom"},"0.4583":{"post":[0,2,0],"lerp_mode":"catmullrom"},"0.625":{"post":[0,0,0],"lerp_mode":"catmullrom"},"0.875":{"post":[0,2,0],"lerp_mode":"catmullrom"},"1.125":{"post":[0,0,0],"lerp_mode":"catmullrom"},"1.4167":{"post":[0,2,0],"lerp_mode":"catmullrom"},"1.6667":{"post":[0,0,0],"lerp_mode":"catmullrom"},"1.9583":{"post":[0,2,0],"lerp_mode":"catmullrom"},"2.1667":{"post":[0,0,0],"lerp_mode":"catmullrom"},"2.4167":{"post":[0,2,0],"lerp_mode":"catmullrom"},"2.6667":{"post":[0,0,0],"lerp_mode":"catmullrom"},"2.9583":{"post":[0,2,0],"lerp_mode":"catmullrom"},"3.2083":{"post":[0,0,0],"lerp_mode":"catmullrom"},"3.5":{"post":[0,2,0],"lerp_mode":"catmullrom"},"3.7083":{"post":[0,0,0],"lerp_mode":"catmullrom"},"4.0":{"post":[0,2,0],"lerp_mode":"catmullrom"}}},"torso":{"rotation":["25+3*math.sin(q.anim_time*90*8-90)","0.2*math.sin(q.anim_time*90*8)",0],"position":[0,0,0],"scale":1},"pants":{"rotation":{"0.0":{"post":[0,0,5],"lerp_mode":"catmullrom"},"0.5":{"post":[0,0,-5],"lerp_mode":"catmullrom"},"0.9167":{"post":[0,0,5],"lerp_mode":"catmullrom"},"1.4167":{"post":[0,0,-5],"lerp_mode":"catmullrom"},"1.9583":{"post":[0,0,5],"lerp_mode":"catmullrom"},"2.4167":{"post":[0,0,-5],"lerp_mode":"catmullrom"},"2.9583":{"post":[0,0,5],"lerp_mode":"catmullrom"},"3.4167":{"post":[0,0,-5],"lerp_mode":"catmullrom"},"4.0":{"post":[0,0,5],"lerp_mode":"catmullrom"}},"position":{"0.0":{"post":[-0.2,1,0],"lerp_mode":"catmullrom"}}},"tail":{"rotation":[0,"math.cos((query.anim_time - 0.3) * 180*2) * 20",0]},"tail2":{"rotation":[0,"-math.cos((query.anim_time - 0.5) * 180*2) * 20",0]},"tail3":{"rotation":[0,0,0]},"arm_left":{"rotation":{"0.0":{"post":[-22.42287,-1.91134,-22.12111],"lerp_mode":"catmullrom"}},"position":{"0.0":{"post":[0,0.525,0],"lerp_mode":"catmullrom"},"0.4583":{"post":[0,1,0],"lerp_mode":"catmullrom"},"0.875":{"post":[0,0.525,0],"lerp_mode":"catmullrom"},"1.4167":{"post":[0,1,0],"lerp_mode":"catmullrom"},"1.9583":{"post":[0,0.525,0],"lerp_mode":"catmullrom"},"2.4167":{"post":[0,1,0],"lerp_mode":"catmullrom"},"2.9583":{"post":[0,0.525,0],"lerp_mode":"catmullrom"},"3.5":{"post":[0,1,0],"lerp_mode":"catmullrom"},"4.0":{"post":[0,0.525,0],"lerp_mode":"catmullrom"}}},"arm_left2":{"rotation":[0,0,52.5]},"arm_left3":{"rotation":{"0.0":{"post":[-1.56553,-14.89269,80.26677],"lerp_mode":"catmullrom"},"0.5":{"post":[-2.88604,-14.69836,85.43445],"lerp_mode":"catmullrom"},"0.9167":{"post":[-1.56553,-14.89269,80.26677],"lerp_mode":"catmullrom"},"1.4167":{"post":[-2.88604,-14.69836,85.43445],"lerp_mode":"catmullrom"},"1.9583":{"post":[-1.56553,-14.89269,80.26677],"lerp_mode":"catmullrom"},"2.4167":{"post":[-2.88604,-14.69836,85.43445],"lerp_mode":"catmullrom"},"2.9583":{"post":[-1.56553,-14.89269,80.26677],"lerp_mode":"catmullrom"},"3.4167":{"post":[-2.88604,-14.69836,85.43445],"lerp_mode":"catmullrom"},"4.0":{"post":[-1.56553,-14.89269,80.26677],"lerp_mode":"catmullrom"}}},"hand_left":{"rotation":[0,0,0]},"arm_right":{"rotation":{"0.0":{"post":[-22.42287,-1.91134,22.1211],"lerp_mode":"catmullrom"}},"position":{"0.0":{"post":[0,1,0],"lerp_mode":"catmullrom"},"0.4583":{"post":[0,0.525,0],"lerp_mode":"catmullrom"},"0.875":{"post":[0,1,0],"lerp_mode":"catmullrom"},"1.4167":{"post":[0,0.525,0],"lerp_mode":"catmullrom"},"1.9583":{"post":[0,1,0],"lerp_mode":"catmullrom"},"2.4167":{"post":[0,0.525,0],"lerp_mode":"catmullrom"},"2.9583":{"post":[0,1,0],"lerp_mode":"catmullrom"},"3.5":{"post":[0,0.525,0],"lerp_mode":"catmullrom"},"4.0":{"post":[0,1,0],"lerp_mode":"catmullrom"}}},"arm_right2":{"rotation":[0,0,-52.5]},"arm_right3":{"rotation":{"0.0":{"post":[-1.56553,14.8927,-80.2668],"lerp_mode":"catmullrom"},"0.5":{"post":[-0.23143,14.97116,-75.09258],"lerp_mode":"catmullrom"},"0.9167":{"post":[-1.56553,14.8927,-80.2668],"lerp_mode":"catmullrom"},"1.4167":{"post":[-0.23143,14.97116,-75.09258],"lerp_mode":"catmullrom"},"1.9583":{"post":[-1.56553,14.8927,-80.2668],"lerp_mode":"catmullrom"},"2.4167":{"post":[-0.23143,14.97116,-75.09258],"lerp_mode":"catmullrom"},"2.9583":{"post":[-1.56553,14.8927,-80.2668],"lerp_mode":"catmullrom"},"3.4167":{"post":[-0.23143,14.97116,-75.09258],"lerp_mode":"catmullrom"},"4.0":{"post":[-1.56553,14.8927,-80.2668],"lerp_mode":"catmullrom"}}},"hand_right":{"rotation":[0,0,0]},"head":{"rotation":["-15-4*math.sin(q.anim_time*90*8-40)","NaN-6*math.sin(q.anim_time*90*4-120)",0]},"leg_right":{"rotation":{"0.0":{"post":[-17.5,2.3575,7.2492],"lerp_mode":"catmullrom"},"0.5":{"post":[42.5,2.3575,7.2492],"lerp_mode":"catmullrom"},"0.8333":{"post":[-58.125,2.3575,7.2492],"lerp_mode":"catmullrom"},"0.875":{"post":[-58.125,2.3575,7.2492],"lerp_mode":"catmullrom"},"1.0":{"post":[-17.5,2.3575,7.2492],"lerp_mode":"catmullrom"},"1.5":{"post":[42.5,2.3575,7.2492],"lerp_mode":"catmullrom"},"1.8333":{"post":[-58.125,2.3575,7.2492],"lerp_mode":"catmullrom"},"1.875":{"post":[-58.125,2.3575,7.2492],"lerp_mode":"catmullrom"},"2.0":{"post":[-17.5,2.3575,7.2492],"lerp_mode":"catmullrom"},"2.5":{"post":[42.5,2.3575,7.2492],"lerp_mode":"catmullrom"},"2.8333":{"post":[-58.125,2.3575,7.2492],"lerp_mode":"catmullrom"},"2.875":{"post":[-58.125,2.3575,7.2492],"lerp_mode":"catmullrom"},"3.0":{"post":[-17.5,2.3575,7.2492],"lerp_mode":"catmullrom"},"3.5":{"post":[42.5,2.3575,7.2492],"lerp_mode":"catmullrom"},"3.8333":{"post":[-58.125,2.3575,7.2492],"lerp_mode":"catmullrom"},"3.875":{"post":[-58.125,2.3575,7.2492],"lerp_mode":"catmullrom"},"4.0":{"post":[-17.5,2.3575,7.2492],"lerp_mode":"catmullrom"}}},"leg_left":{"rotation":{"0.0":{"post":[42.5,-2.3575,-7.2492],"lerp_mode":"catmullrom"},"0.3333":{"post":[-58.125,-2.3575,-7.2492],"lerp_mode":"catmullrom"},"0.375":{"post":[-58.125,-2.3575,-7.2492],"lerp_mode":"catmullrom"},"0.5":{"post":[-17.5,-2.3575,-7.2492],"lerp_mode":"catmullrom"},"1.0":{"post":[42.5,-2.3575,-7.2492],"lerp_mode":"catmullrom"},"1.3333":{"post":[-58.125,-2.3575,-7.2492],"lerp_mode":"catmullrom"},"1.375":{"post":[-58.125,-2.3575,-7.2492],"lerp_mode":"catmullrom"},"1.5":{"post":[-17.5,-2.3575,-7.2492],"lerp_mode":"catmullrom"},"2.0":{"post":[42.5,-2.3575,-7.2492],"lerp_mode":"catmullrom"},"2.3333":{"post":[-58.125,-2.3575,-7.2492],"lerp_mode":"catmullrom"},"2.375":{"post":[-58.125,-2.3575,-7.2492],"lerp_mode":"catmullrom"},"2.5":{"post":[-17.5,-2.3575,-7.2492],"lerp_mode":"catmullrom"},"3.0":{"post":[42.5,-2.3575,-7.2492],"lerp_mode":"catmullrom"},"3.3333":{"post":[-58.125,-2.3575,-7.2492],"lerp_mode":"catmullrom"},"3.375":{"post":[-58.125,-2.3575,-7.2492],"lerp_mode":"catmullrom"},"3.5":{"post":[-17.5,-2.3575,-7.2492],"lerp_mode":"catmullrom"},"4.0":{"post":[42.5,-2.3575,-7.2492],"lerp_mode":"catmullrom"}}}}},"animation.scrafty.blink":{"animation_length":0.1667,"bones":{"eyelid_right":{"position":{"0.0":[-0.1,0,-0.1],"0.125":[-0.1,0,-0.1],"0.1667":[0,0,0]}},"eyelid_left":{"position":{"0.0":[0.1,0,-0.1],"0.125":[0.1,0,-0.1],"0.1667":[0,0,0]}}}},"animation.scrafty.ground_idle":{"loop":true,"bones":{"torso":{"rotation":[-5,0,0],"position":[0,"-math.sin(q.anim_time*90*5-90)*0.1",0]},"tail":{"rotation":[0,"12.5-math.sin(q.anim_time*90*2.5-90)*5",5]},"torso_top":{"rotation":["10-math.sin(q.anim_time*90*5)*0.5",0,0]},"arm_right":{"rotation":[-22.5,0,17.5]},"arm_right2":{"rotation":[0,0,"-52.5+math.sin(q.anim_time*90*2.5-90)*5"]},"arm_right3":{"rotation":[0,0,-65]},"hand_right":{"rotation":[0,0,-15]},"arm_left":{"rotation":[-22.5,0,-17.5]},"arm_left2":{"rotation":[0,0,"52.5+math.sin(q.anim_time*90*2.5-90)*5"]},"arm_left3":{"rotation":[0,0,70]},"hand_left":{"rotation":[0,0,15]},"hoodie_back":{"rotation":["30-math.sin(q.anim_time*90*2.5-130)*5",0,"0-math.sin(q.anim_time*90*2.5-130)*2"]},"neck":{"rotation":["12.5-math.sin(q.anim_time*90*5-60)*1",0,"-math.sin(q.anim_time*90*2.5-90)*5"]},"hoodie_neck":{"rotation":[-12.5,0,0]},"head":{"rotation":["-12.5-math.sin(q.anim_time*90*5-90)*1",0,"5-math.sin(q.anim_time*90*2.5-60)*2"]},"pants":{"rotation":[7.5,0,"-5-math.sin(q.anim_time*90*2.5-90)*2"],"position":[0,"-math.sin(q.anim_time*90*5-90)*0.1",0]},"tail2":{"rotation":["-math.sin(q.anim_time*90*5-200)*3","-math.sin(q.anim_time*90*2.5-130)*2",0]},"tail3":{"rotation":[0,0,"math.sin(q.anim_time*90*2.5-170)*7"]}}},"animation.scrafty.cry":{"animation_length":1.5,"bones":{"torso":{"rotation":{"0.0":{"post":[0,0,0],"lerp_mode":"catmullrom"},"0.125":{"post":[2.5,0,0],"lerp_mode":"catmullrom"},"1.0":{"post":[0,0,0],"lerp_mode":"catmullrom"}}},"head":{"rotation":{"0.0":{"post":[0,0,0],"lerp_mode":"catmullrom"},"0.0833":{"post":[1.25,0,0],"lerp_mode":"catmullrom"},"0.1667":{"post":[-12.5,0,0],"lerp_mode":"catmullrom"},"0.25":{"post":[-7.5,0,0],"lerp_mode":"catmullrom"},"0.2917":{"post":[-12.5,0,0],"lerp_mode":"catmullrom"},"0.6667":{"post":[-12.5,0,0],"lerp_mode":"catmullrom"},"0.9583":{"post":[2.5,0,0],"lerp_mode":"catmullrom"},"1.375":{"post":[0,0,0],"lerp_mode":"catmullrom"}}}},"sound_effects":{"0.2083":{"effect":"pokemon.scrafty.cry"}}},"animation.scrafty.quirk_dance":{"loop":true,"animation_length":1.5,"bones":{"arm_left":{"rotation":[7.5,0,0]},"arm_left2":{"rotation":[0,0,-40]},"arm_left3":{"rotation":{"0.0":[65,22.5,-40],"0.25":[62.75135,31.48455,-44.93675],"0.4583":[65.41021,20.23039,-38.87428],"0.7083":[63.41465,29.25528,-43.62508],"0.9167":[65.76788,17.9538,-37.78101],"1.25":[63.41465,29.25528,-43.62508],"1.5":[65,22.5,-40]}},"hand_left":{"rotation":[0,0,-25]},"arm_right2":{"rotation":{"0.0":[0,0,10],"0.25":[0,0,30],"0.5":[0,0,10],"0.75":[0,0,30],"1.0":[0,0,10],"1.25":[0,0,30],"1.5":[0,0,10]}},"arm_right3":{"rotation":{"0.0":[77.26585,7.99365,71.60659],"0.25":[75.86728,5.07855,59.37006],"0.5":[77.26585,7.99365,71.60659],"0.75":[75.86728,5.07855,59.37006],"1.0":[77.26585,7.99365,71.60659],"1.25":[75.86728,5.07855,59.37006],"1.5":[77.26585,7.99365,71.60659]}},"hand_right":{"rotation":[0,0,25]},"head":{"rotation":{"0.0":[-12.45392,-1.08089,0.11794],"0.25":[-4.95392,-1.08089,0.11794],"0.5":[-12.45392,-1.08089,0.11794],"0.75":[-4.95392,-1.08089,0.11794],"1.0":[-12.45392,-1.08089,0.11794],"1.25":[-4.95392,-1.08089,0.11794],"1.5":[-12.45392,-1.08089,0.11794]}}}},"animation.scrafty.unused_with_dance":{"loop":true,"animation_length":1.5,"bones":{"torso":{"rotation":[-4.98107,0.43523,4.98107],"position":[0,1,0]},"tail":{"rotation":[0,12.5,0]},"torso_top":{"rotation":[9.96271,0.86717,-4.92442]},"arm_right":{"rotation":[-22.5,0,17.5]},"arm_right2":{"rotation":{"0.0":{"post":[0,0,-52.5],"lerp_mode":"catmullrom"}}},"arm_right3":{"rotation":[0,0,-65]},"hand_right":{"rotation":[0,0,-15]},"arm_left":{"rotation":[-22.5,0,-17.5]},"arm_left2":{"rotation":[0,0,52.5]},"arm_left3":{"rotation":[0,0,70]},"hand_left":{"rotation":[0,0,15]},"hoodie_back":{"rotation":[17.5,0,0]},"neck":{"rotation":[12.5,0,0]},"hoodie_neck":{"rotation":[-12.5,0,0]},"head":{"rotation":{"0.0":[-12.45392,-1.08089,0.11794],"0.25":[-4.95392,-1.08089,0.11794],"0.5":[-12.45392,-1.08089,0.11794],"0.75":[-4.95392,-1.08089,0.11794],"1.0":[-12.45392,-1.08089,0.11794],"1.25":[-4.95392,-1.08089,0.11794],"1.5":[-12.45392,-1.08089,0.11794]}},"pants":{"rotation":{"0.0":{"post":[7.5,0,-5],"lerp_mode":"catmullrom"}}},"leg_left":{"rotation":{"0.0":{"post":[0,0,0],"lerp_mode":"catmullrom"},"0.25":{"post":[-20,0,0],"lerp_mode":"catmullrom"},"0.5":{"post":[0,0,0],"lerp_mode":"catmullrom"}},"position":{"0.0":{"post":[0,0,0],"lerp_mode":"catmullrom"},"0.25":{"post":[0,1,0],"lerp_mode":"catmullrom"},"0.5":{"post":[0,0,0],"lerp_mode":"catmullrom"}}},"torso_bottom":{"rotation":[0,0,-5]},"leg_right2":{"rotation":{"0.0":{"post":[0,0,0],"lerp_mode":"catmullrom"},"0.5":{"post":[0,0,0],"lerp_mode":"catmullrom"},"0.75":{"post":[-20,0,0],"lerp_mode":"catmullrom"},"1.0":{"post":[0,0,0],"lerp_mode":"catmullrom"}},"position":{"0.0":{"post":[0,0,0],"lerp_mode":"catmullrom"},"0.5":{"post":[0,0,0],"lerp_mode":"catmullrom"},"0.75":{"post":[0,1,0],"lerp_mode":"catmullrom"},"1.0":{"post":[0,0,0],"lerp_mode":"catmullrom"}}}}}}}