{"format_version":"1.8.0","animations":{"animation.sensu_oricorio.ground_idle":{"loop":true,"bones":{"right_wings":{"rotation":[58.68934,75.4534,-30.48811]},"right_wings2":{"rotation":[0,37.5,0]},"left_wings":{"rotation":[58.68934,-75.4534,30.48811],"position":[0,-1,0]},"left_wings2":{"rotation":[0,-37.5,0]},"left_fan":{"rotation":[0,-57.5,0]},"right_fan":{"rotation":[0,57.5,0]}}},"animation.sensu_oricorio.pose":{"loop":true,"bones":{"torso":{"rotation":[-11.51213,-7.41643,-11.89154],"position":[0,1,-1]},"left_wings":{"rotation":[-44.91014,-0.88692,-20.46609]},"left_wings2":{"rotation":[0,-20,0]},"tail":{"rotation":[37.7468,54.73514,51.28033]},"neck":{"rotation":[46.63527,-18.26883,-52.84154]},"head":{"rotation":[-4.59498,0.9697,20.54918]},"leftLeg":{"rotation":[-10,-27.5,0]},"leftLeg2":{"rotation":[-46.38989,31.46186,-9.86137]},"left_foot":{"rotation":[62.5,0,0]},"rightLeg":{"rotation":[0,-45,0]},"left_fan":{"rotation":[-22.86734,23.96511,1.35462]},"left_fur":{"rotation":[15,0,0]},"left_fur2":{"rotation":[0,20,0]},"right_fur":{"rotation":[-40,0,0]},"right_fur2":{"rotation":[0,37.5,0]},"middle_fur":{"rotation":[-27.5,0,0]},"right_wings":{"rotation":[22.68179,-37.88043,-112.46378]},"right_wings2":{"rotation":[-10,22.5,-55]},"right_fan":{"rotation":[35.36384,-30.67145,-5.464]}}}}}