{"format_version":"1.8.0","animations":{"animation.seviper.ground_idle":{"loop":true,"bones":{"body1":{"rotation":["7.5+math.sin(q.anim_time*90*2-45)*2",0,"math.sin(q.anim_time*90*2)*2"]},"neck":{"rotation":["0-math.sin(q.anim_time*90*2)*3",0,"math.sin(q.anim_time*90*2-45)*3"]},"head":{"rotation":["-7.5-math.sin(q.anim_time*90*2-45)*3",0,"math.sin(q.anim_time*90*2-135)*3"]},"body2":{"rotation":["-7.5-math.sin(q.anim_time*90*2-45)*2",0,"0+math.sin(q.anim_time*90*2-90)*3"]},"body4":{"rotation":[0,0,"0+math.sin(q.anim_time*90*2-180)*4"]},"tail":{"rotation":[0,0,"0+math.sin(q.anim_time*90*2-225)*5"]},"tail1":{"rotation":[0,0,"0+math.sin(q.anim_time*90*2-270)*6"]},"tail3":{"rotation":[0,0,"0+math.sin(q.anim_time*90*2-315)*7"]},"tongue":{"position":[0,0,0]}}},"animation.seviper.tongue_flick":{"animation_length":2.5,"bones":{"tongue":{"rotation":{"0.1667":[0,0,0],"0.25":[52.5,0,0],"0.3333":[-5,0,0],"0.4167":[52.5,0,0],"0.5":[-5,0,0],"0.5833":[52.5,0,0],"0.6667":[0,0,0]},"position":{"0.0":[0,0,0],"0.1667":[0,0,-9],"0.6667":[0,0,-9],"0.8333":[0,0,0]}},"tongue2":{"rotation":{"0.0":[0,0,0],"0.0417":[0,0,0],"0.125":[15,0,0],"0.1667":[0,0,0],"0.2083":[-15,0,0],"0.25":[0,0,0],"0.2917":[15,0,0],"0.3333":[0,0,0],"0.375":[-15,0,0],"0.4167":[0,0,0],"0.4583":[15,0,0],"0.5":[0,0,0],"0.5417":[-15,0,0],"0.5833":[0,0,0],"0.625":[15,0,0],"0.6667":[0,0,0],"0.7083":[-15,0,0],"0.7917":[0,0,0],"0.8333":[0,0,0]}}}},"animation.seviper.faint":{"animation_length":3,"bones":{"body":{"rotation":{"0.0":[0,0,0],"0.1667":[0,0,-30],"0.375":[0,0,-55],"0.625":[0,0,-72.5],"0.9167":[0,0,-90]},"position":{"0.0":[0,0,0],"0.375":[0,-1,0],"0.625":[0,-3,0],"0.9167":[0,-3.75,0]}}}},"animation.seviper.blink":{"animation_length":0.16667,"bones":{"eyelid_left":{"position":{"0.0":[1,0,0],"0.125":[1,0,0],"0.1667":[0,0,0]}},"eyelid_right":{"position":{"0.0":[-1,0,0],"0.125":[-1,0,0],"0.1667":[0,0,0]}}}},"animation.seviper.ground_walk":{"loop":true,"bones":{"body1":{"rotation":["12.5+math.sin(q.anim_time*90*2-45)*2.5",0,"math.sin(q.anim_time*90*2)*10"]},"neck":{"rotation":["0-math.sin(q.anim_time*90*2)*3",0,"math.sin(q.anim_time*90*2-45)*3"]},"head":{"rotation":["-20-math.sin(q.anim_time*90*2-45)*3",0,"math.sin(q.anim_time*90*2-135)*3"]},"body2":{"rotation":["-20-math.sin(q.anim_time*90*2-45)*2",0,"0+math.sin(q.anim_time*90*2-90)*3"]},"body4":{"rotation":[-10,0,"math.sin(q.anim_time*90*2-180)*22.5"]},"tail":{"rotation":[0,"0+math.sin(q.anim_time*90*2-90)*22.5","0+math.sin(q.anim_time*90*2-225)*10"]},"tail1":{"rotation":[0,0,"0+math.sin(q.anim_time*90*2-270)*6"]},"tail3":{"rotation":[0,0,"0+math.sin(q.anim_time*90*2-315)*-22.5"]},"jaw":{"rotation":["0+math.sin(q.anim_time*90*2-90)*5",0,0]},"body5":{"rotation":[10,0,"math.sin(q.anim_time*90*2-90)*-22.5"]},"body2ai":{"rotation":[0,"0+math.sin(q.anim_time*90*2-90)*22.5",0]},"body3ai":{"rotation":[10,"math.sin(q.anim_time*90*2-90)*-22.5",0]}}}},"geckolib_format_version":2}