{"format_version":"1.8.0","animations":{"animation.sewaddle.stand":{"loop":true,"bones":{"head":{"rotation":[65,0,0]},"head_anim":{"rotation":[5,0,0]},"leaf_left":{"rotation":[0,0,7.5]},"leaf_right":{"rotation":[0,0,-10]},"body":{"rotation":[-25,0,0]},"left_leg":{"rotation":[1.38172,-6.71771,31.38172]},"right_leg":{"rotation":[1.38172,6.71771,-31.38172]},"body2":{"rotation":[-37.5,0,0]},"left_leg2":{"rotation":[0,0,17.5]},"right_leg2":{"rotation":[0,0,-17.5]},"left_leg3":{"rotation":[0,0,10]},"right_leg3":{"rotation":[0,0,-10]}}},"animation.sewaddle.blink":{"animation_length":0.25,"bones":{"eyelid_left":{"position":{"0.0":[1,0,0],"0.125":[1,0,0],"0.1667":[1,0,-1]}},"eyelid_right":{"position":{"0.0":[-1,0,0],"0.125":[-1,0,0],"0.1667":[-1,0,-1]}}}},"animation.sewaddle.ground_idle":{"loop":true,"bones":{"left_leg3":{"rotation":[-3.31914,-14.63639,12.92638]},"right_leg3":{"rotation":[-3.31914,14.63639,-12.92638]},"body2":{"rotation":[-5,0,0]},"left_leg2":{"rotation":[1.75378,9.84655,10.15108]},"right_leg2":{"rotation":[1.75378,-9.84655,-10.15108]},"body":{"rotation":[0,0,0]},"left_leg":{"rotation":[0,0,15]},"right_leg":{"rotation":[0,0,-15]},"head_anim":{"rotation":["math.cos((q.anim_time - 0.35)*360*0.5)*1 * math.cos((q.anim_time - 0.3)*360*1)*2",0,0]},"leaf_left":{"rotation":[0,0,10]},"leaf_right":{"rotation":[0,0,-10]}}},"animation.sewaddle.ground_walk":{"loop":true,"bones":{"left_leg3":{"rotation":[-3.27558,"math.cos((q.anim_time - 0.7)*360*1)*10",11.92034]},"right_leg3":{"rotation":[-3.31914,"math.cos((q.anim_time - 0.6)*360*1)*10",-12.92638]},"body2":{"rotation":[-3,0,"math.cos((q.anim_time - 0.3)*360*1)*2"],"position":[0,0.3,0]},"left_leg2":{"rotation":[1.75378,"math.cos((q.anim_time - 0.5)*360*1)*10",10.15108]},"right_leg2":{"rotation":[1.75378,"math.cos((q.anim_time - 0.4)*360*1)*10",-10.15108]},"body":{"rotation":[0,0,0]},"left_leg":{"rotation":[0,"math.cos((q.anim_time - 0.3)*360*1)*10",15]},"right_leg":{"rotation":[0,"math.cos((q.anim_time - 0.1)*360*1)*10",-15]},"head_anim":{"rotation":["-math.cos((q.anim_time - 0.35)*360*1)*1 * -math.cos((q.anim_time - 0.1)*360*1)*10",0,"-math.cos((q.anim_time - 0.35)*360*1)*10"]},"leaf_left":{"rotation":[0,0,10]},"leaf_right":{"rotation":[0,0,-10]}}},"animation.sewaddle.texture":{"loop":true,"bones":{"sewaddle":{"position":[0,0,5]},"left_leg3":{"position":[6,0,0]},"right_leg3":{"position":[-6,0,0]},"body2":{"position":[0,0,-4]},"left_leg2":{"position":[6,0,0]},"right_leg2":{"position":[-6,0,0]},"body":{"position":[0,0,-5]},"left_leg":{"position":[6,0,0]},"right_leg":{"position":[-7,0,0]},"head_anim":{"position":[0,6,-3]},"leaf":{"position":[0,9,10]},"eyelid_left":{"position":[6,0,0]}}}}}