{"format_version":"1.8.0","animations":{"animation.shaymin_sky.ground_walk":{"loop":true,"animation_length":1,"bones":{"neck":{"rotation":["0+Math.cos((query.anim_time) * 90 * 4*2) * -5",0,"Math.cos((query.anim_time) * 90 * 4 - 30) * 2"]},"scarf":{"rotation":[0,"0+Math.cos((query.anim_time) * 90 * 4 - 90) * 15",0]},"head2":{"rotation":["1+Math.cos((query.anim_time) * 90 * 4*2) * 2",0,0]},"bone5":{"rotation":["-0.1+Math.cos((query.anim_time) * 90 * 4*2) * -2","0+Math.cos((query.anim_time) * 90 * 4 - 90) * 5",0]},"bone3":{"rotation":["-0.1+Math.cos((query.anim_time) * 90 * 4*2) * -2","0+Math.cos((query.anim_time) * 90 * 4 - 90) * 5",0]},"wing_right":{"rotation":[0,0,"0-Math.cos((query.anim_time) * 90 * 4*2) * 4"]},"wing_left":{"rotation":[0,0,"0+Math.cos((query.anim_time) * 90 * 4*2) * 4"]},"torso":{"rotation":["2.5+Math.cos((query.anim_time) * 90 * 4*2 - 90) * 2",0,"0+Math.cos((query.anim_time) * 90 * 4) * 4"],"position":[0,"0+Math.cos((query.anim_time) * 90 * 4*2) * 0.5",0]},"bone":{"rotation":["-2+Math.cos((query.anim_time) * 90 * 4*2) * -9","0+Math.cos((query.anim_time) * 90 * 4 - 90) * 15",0]},"leg_front_right":{"rotation":{"0.0":[26.5,0,0],"0.1667":[22.71,0,0],"0.4167":[-15.08,0,0],"0.5":[-18,0,0],"0.5833":[-15.08,0,0],"0.9167":[22.71,0,0],"1.0":[26.5,0,0]},"position":{"0.0":{"post":[0,0.21,0],"lerp_mode":"catmullrom"},"0.125":{"post":[0,0.55,0],"lerp_mode":"catmullrom"},"0.2083":{"post":[0,0.6,0],"lerp_mode":"catmullrom"},"0.2917":{"post":[0,0.75,0],"lerp_mode":"catmullrom"},"0.4167":{"post":[0,0.21,0],"lerp_mode":"catmullrom"},"0.5":[0,0,0],"0.7083":[0,0.2,0],"0.9167":[0,0,0],"1.0":[0,0.21,0]}},"leg_front_right2":{"rotation":{"0.0":[-17,0,0],"0.0833":[-18.75,0,0],"0.2917":[-40,0,0],"0.5":[-12.5,0,0],"0.7083":[-3.12,0,0],"1.0":[-17,0,0]}},"leg_front_right3":{"rotation":{"0.0":[4.38,0,0],"0.0417":[7.5,0,0],"0.25":[55,0,0],"0.5":[22.5,0,0],"0.5417":[35,0,0],"0.7083":[10,0,0],"0.875":[-5,0,0],"1.0":[4.38,0,0]}},"leg_back_right":{"rotation":{"0.0":[-18,0,0],"0.0833":[-15.08,0,0],"0.4167":[22.71,0,0],"0.5":[26.5,0,0],"0.6667":[22.71,0,0],"0.9167":[-15.08,0,0],"1.0":[-18,0,0]},"position":{"0.0":[0,0,0],"0.4167":[0,0,0],"0.5":{"pre":[0,0.21,0],"post":[0,0.21,0],"lerp_mode":"catmullrom"},"0.625":{"post":[0,0.65,0],"lerp_mode":"catmullrom"},"0.7083":{"post":[0,0.6,0],"lerp_mode":"catmullrom"},"0.7917":{"post":[0,0.65,0],"lerp_mode":"catmullrom"},"0.9167":{"post":[0,0.21,0],"lerp_mode":"catmullrom"},"1.0":[0,0,0]}},"leg_back_right2":{"rotation":{"0.0":[-12.5,0,0],"0.2083":[-15.62,0,0],"0.5":{"pre":[-9.5,0,0],"post":[-9.5,0,0],"lerp_mode":"catmullrom"},"0.625":{"post":[-35.75,0,0],"lerp_mode":"catmullrom"},"0.75":[-48.75,0,0],"0.9167":[-21,0,0],"1.0":[-12.5,0,0]}},"leg_back_right3":{"rotation":{"0.0":[35,0,0],"0.2083":[10,0,0],"0.375":[-5,0,0],"0.5417":[7.5,0,0],"0.75":[55,0,0],"0.875":[13.75,0,0],"1.0":[35,0,0]}},"leg_back_left":{"rotation":{"0.0":[26.5,0,0],"0.1667":[22.71,0,0],"0.4167":[-15.08,0,0],"0.5":[-18,0,0],"0.5833":[-15.08,0,0],"0.9167":[22.71,0,0],"1.0":[26.5,0,0]},"position":{"0.0":{"post":[0,0.21,0],"lerp_mode":"catmullrom"},"0.125":{"post":[0,0.55,0],"lerp_mode":"catmullrom"},"0.2083":{"post":[0,0.6,0],"lerp_mode":"catmullrom"},"0.2917":{"post":[0,0.75,0],"lerp_mode":"catmullrom"},"0.4167":{"post":[0,0.21,0],"lerp_mode":"catmullrom"},"0.5":[0,0,0],"0.7083":[0,0.2,0],"0.9167":[0,0,0],"1.0":[0,0.21,0]}},"leg_back_left2":{"rotation":{"0.0":{"post":[-9.5,0,0],"lerp_mode":"catmullrom"},"0.125":{"post":[-35.75,0,0],"lerp_mode":"catmullrom"},"0.25":[-48.75,0,0],"0.4167":[-21,0,0],"0.5":[-12.5,0,0],"0.7083":[-15.62,0,0],"1.0":[-9.5,0,0]}},"leg_back_left3":{"rotation":{"0.0":[35,0,0],"0.2083":[10,0,0],"0.375":[-5,0,0],"0.5417":[7.5,0,0],"0.75":[22.5,0,0],"0.875":[13.75,0,0],"1.0":[35,0,0]}},"chest":{"rotation":["-2.5+Math.cos((query.anim_time) * 90 * 4*2) * 2",0,"0+Math.cos((query.anim_time) * 90 * 4) * -6"],"position":[0,0.3,0]},"leg_front_left":{"rotation":{"0.0":[-18,0,0],"0.0833":[-15.08,0,0],"0.4167":[22.71,0,0],"0.5":[26.5,0,0],"0.6667":[22.71,0,0],"0.9167":[-15.08,0,0],"1.0":[-18,0,0]},"position":{"0.0":[0,0,0],"0.4167":[0,0,0],"0.5":{"pre":[0,0.21,0],"post":[0,0.21,0],"lerp_mode":"catmullrom"},"0.625":{"post":[0,0.65,0],"lerp_mode":"catmullrom"},"0.7083":{"post":[0,0.6,0],"lerp_mode":"catmullrom"},"0.7917":{"post":[0,0.65,0],"lerp_mode":"catmullrom"},"0.9167":{"post":[0,0.21,0],"lerp_mode":"catmullrom"},"1.0":[0,0,0]}},"leg_front_left2":{"rotation":{"0.0":[-12.5,0,0],"0.2083":[-3.12,0,0],"0.5":[-17,0,0],"0.5833":[-18.75,0,0],"0.7917":[-40,0,0],"1.0":[-12.5,0,0]}},"leg_front_left3":{"rotation":{"0.0":[22.5,0,0],"0.0417":[35,0,0],"0.2083":[10,0,0],"0.375":[-5,0,0],"0.5417":[7.5,0,0],"0.75":[55,0,0],"0.9167":[15.42,0,0],"1.0":[22.5,0,0]}}}},"animation.shaymin_sky.ground_idle":{"loop":true,"bones":{"torso":{"rotation":["2.5+Math.cos((query.anim_time) * 90 * 2 - 90) * -1",0,0]},"chest":{"rotation":[-2.5,0,0]},"neck":{"rotation":["2+Math.cos((query.anim_time) * 90 * 2 - 90) * -2",0,0]},"scarf":{"rotation":[0,"0+Math.cos((query.anim_time) * 90 * 2 - 45) * 4",0]},"head2":{"rotation":["-1+Math.cos((query.anim_time) * 90 * 2 - 45) * 4",0,0]},"bone5":{"rotation":["-1+Math.cos((query.anim_time) * 90 * 2 - 45) * 4",0,0]},"bone3":{"rotation":["-1+Math.cos((query.anim_time) * 90 * 2 - 45) * 4",0,0]},"wing_right":{"rotation":[0,0,"0-Math.cos((query.anim_time) * 90 * 2 - 90) * 4"]},"wing_left":{"rotation":[0,0,"0+Math.cos((query.anim_time) * 90 * 2 - 90) * 4"]},"bone":{"rotation":["-1+Math.cos((query.anim_time) * 90 * 2 - 90) * 4","0+Math.cos((query.anim_time) * 90 * 4 - 45) * 4",0]}}},"animation.shaymin_sky.cry":{"animation_length":0.9167,"bones":{"neck":{"rotation":{"0.0":[0,0,0],"0.0417":{"pre":[12.75,0,0],"post":[12.75,0,0],"lerp_mode":"catmullrom"},"0.125":{"post":[12.92,0,0],"lerp_mode":"catmullrom"},"0.2083":[-5.25,0,0],"0.2917":[-7.5,0,0],"0.625":[-6.25,0,0],"0.875":[0,0,0]},"position":{"0.0":[0,0,0],"0.0833":[0,0,-0.92],"0.125":[0,0,-1],"0.2083":[0,0,-0.25],"0.2917":[0,0,0]}},"head2":{"rotation":{"0.0":[0,0,0],"0.1667":[17.5,0,0],"0.2917":{"pre":[-5.5,0,0],"post":[-5.5,0,0],"lerp_mode":"catmullrom"},"0.4167":{"post":[-10,0,0],"lerp_mode":"catmullrom"},"0.7083":{"post":[-7.5,0,0],"lerp_mode":"catmullrom"},"0.9167":[0,0,0]}},"mouth":{"rotation":{"0.0":[0,0,0],"0.1667":[0,0,0],"0.2917":{"pre":[77.5,0,0],"post":[77.5,0,0],"lerp_mode":"catmullrom"},"0.375":{"post":[58.12,0,0],"lerp_mode":"catmullrom"},"0.5833":[0,0,0]}}}},"animation.shaymin_sky.blink":{"animation_length":0.625,"bones":{"eye_right":{"scale":{"0.0":[1,1,1],"0.2083":[1,1,1],"0.2917":[1,0,1],"0.375":[1,0,1],"0.4583":[1,1.1,1],"0.5":[1,1,1],"0.625":[1,1,1]}},"eye_left":{"scale":{"0.0":[1,1,1],"0.2083":[1,1,1],"0.2917":[1,0,1],"0.375":[1,0,1],"0.4583":[1,1.1,1],"0.5":[1,1,1],"0.625":[1,1,1]}}}}}}