{"format_version":"1.8.0","animations":{"animation.shelmet.ground_idle":{"loop":true,"animation_length":4,"bones":{"body":{"rotation":[-15,0,0],"position":[0,0.5,0]},"head":{"rotation":[15,0,0]},"mouth":{"rotation":["-15+math.cos((q.anim_time -0.75)*360*0.5)*17 * math.cos((q.anim_time -0.75)*360*0.5)*1","math.cos((q.anim_time -0.6)*360*0.5)*25",0],"position":[0,0,0.4]},"helmet":{"rotation":[0,0,0]},"whole_body":{"rotation":["-math.cos((q.anim_time -0.175)*360*0.5)*8 * math.cos((q.anim_time -0.175)*360*0.5)*1",0,"-math.cos((q.anim_time -0.175)*360*0.5)*8"],"position":[0,0.3,0]}}},"animation.shelmet.ground_walk":{"loop":true,"bones":{"whole_body":{"rotation":[0,0,"math.cos((q.anim_time)*360*0.5)*10"],"position":[0,"5+math.cos((q.anim_time-0.3)*360*1)*5",0]},"body":{"rotation":[-20,0,0]},"head":{"rotation":[20,0,0],"position":[0,0,0.4]},"mouth":{"rotation":["-15-math.cos((q.anim_time-0.6)*360*1)*15",0,0]},"helmet":{"rotation":["10-math.cos((q.anim_time-0.5)*360*1)*5",0,0]}}},"animation.shelmet.blink":{"animation_length":0.25,"bones":{"left_eye":{"position":{"0.0":[0,0,0],"0.1667":[0,0,0],"0.2083":[-1,0,0]}},"right_eye":{"rotation":[0,0,0],"position":{"0.0":[0,0,0],"0.1667":[0,0,0],"0.2083":[1,0,0]}}}}}}