{"format_version":"1.8.0","animations":{"animation.simisage.ground_idle":{"loop":true,"bones":{"leg_left":{"rotation":[-12.5,0,-20]},"leg_left2":{"rotation":[25,0,17.5]},"feet_left":{"rotation":[-5,0,0]},"leg_right":{"rotation":[-12.5,0,20]},"leg_right2":{"rotation":[25,0,-17.5]},"feet_right":{"rotation":[-5,0,0]},"tail":{"rotation":[-12.5,"math.sin(q.anim_time*90*3)*5",0]},"tail2":{"rotation":[12.5,"math.sin(q.anim_time*90*3-30)*5",0]},"tail3":{"rotation":[17.5,"math.sin(q.anim_time*90*3-60)*5",0]},"tail4":{"rotation":[15,"math.sin(q.anim_time*90*3-90)*5",0]},"tail5":{"rotation":[10,"math.sin(q.anim_time*90*3-120)*5",0]},"tail6":{"rotation":[15,"math.sin(q.anim_time*90*3-150)*5",0]},"armright":{"rotation":[8.90928,"-8.8035-math.sin(q.anim_time*90*2)*5",-45.68718]},"armright2":{"rotation":[10.09541,"-25.7154-math.sin(q.anim_time*90*2-30)*5",-22.30998]},"handright":{"rotation":[66.14135,18.74724,36.00521]},"finger2right":{"rotation":[0,-137.5,0]},"finger3right":{"rotation":[0,-142.5,0]},"finger4right":{"rotation":[0,-150,0]},"thumbright":{"rotation":[0,0,22.5]},"armleft":{"rotation":[8.90928,"8.8035+math.sin(q.anim_time*90*2)*5",45.68718]},"armleft2":{"rotation":[10.09541,"25.7154+math.sin(q.anim_time*90*2-30)*5",22.30998]},"finger2left":{"rotation":[0,35,0]},"finger3left":{"rotation":[0,27.5,0]},"finger4left":{"rotation":[0,45,0]},"torso":{"rotation":[0,"math.sin(q.anim_time*90*2-70)*2.5","math.sin(q.anim_time*90*2-50)*2.5"],"position":[0,"math.sin(q.anim_time*90*2-60)*0.3",0]},"handleft":{"rotation":[0,"math.sin(q.anim_time*90*2-90)*10",0]},"head":{"rotation":["-math.sin(q.anim_time*90*2-120)*2.5",0,"math.sin(q.anim_time*90*2-90)*2.5"]},"ear_right":{"rotation":["math.sin(q.anim_time*90*2-160)*2.5","-math.sin(q.anim_time*90*2-140)*2.5","math.sin(q.anim_time*90*2-120)*2.5"]},"ear_left":{"rotation":["math.sin(q.anim_time*90*2-160)*2.5","-math.sin(q.anim_time*90*2-140)*2.5","math.sin(q.anim_time*90*2-120)*2.5"]},"head_extension":{"rotation":[0,0,"math.sin(q.anim_time*90*2-150)*2.5"]},"chest":{"rotation":[0,0,"math.sin(q.anim_time*90*2-77)*2.5"]}}},"animation.simisage.blink":{"animation_length":0.1667,"bones":{"closed_eye_right":{"position":{"0.0":[0,0,-1],"0.125":[0,0,-1],"0.1667":[0,0,0]}},"closed_eye_left":{"position":{"0.0":[0,0,-1],"0.125":[0,0,-1],"0.1667":[0,0,0]}}}},"animation.simisage.ground_walk":{"loop":true,"bones":{"leg_left":{"rotation":["math.sin(query.anim_time * 90 * 3) * 25",0,0]},"leg_left2":{"rotation":["math.sin(query.anim_time * 90 * 3 -30) * 25",0,0]},"leg_right":{"rotation":["math.sin(query.anim_time * 90 * 3) * -25",0,0]},"leg_right2":{"relative_to":{"rotation":"entity"},"rotation":["math.sin(query.anim_time * 90 * 3 -30) * -25",0,0]},"armright":{"rotation":[0,"-15-math.sin(q.anim_time*90*3-39)*30",-45]},"handright":{"rotation":[0,-55,0]},"finger2right":{"rotation":[0,-125,5]},"finger3right":{"rotation":[0,-117.5,0]},"finger4right":{"rotation":[0,-125,-5]},"thumbright":{"rotation":[40,0,0]},"armleft":{"rotation":[0,"15-math.sin(q.anim_time*90*3-39)*30",45]},"handleft":{"rotation":[0,55,0]},"finger2left":{"rotation":[0,125,-5]},"finger3left":{"rotation":[0,125,0]},"finger4left":{"rotation":[0,125,5]},"thumbleft":{"rotation":[40,0,0]},"tail":{"rotation":[-12.5,"math.sin(q.anim_time*90*3)*7.5",0]},"tail2":{"rotation":[22.5,"math.sin(q.anim_time*90*3-30)*7.5",0]},"tail3":{"rotation":[20,"math.sin(q.anim_time*90*3-60)*7.5",0]},"tail4":{"rotation":[10,"math.sin(q.anim_time*90*3-90)*7.5",0]},"tail5":{"rotation":[12.5,"math.sin(q.anim_time*90*3-120)*7.5",0]},"tail6":{"rotation":[12.5,"math.sin(q.anim_time*90*3-150)*7.5",0]},"torso":{"rotation":["math.sin(q.anim_time*90*3-100)*2.5",0,0],"position":[0,"-math.sin(q.anim_time*90*3-40)*0.4",0]},"armright2":{"rotation":[0,"-37.5-math.sin(q.anim_time*90*3-69)*30",0]},"armleft2":{"rotation":[0,"37.5-math.sin(q.anim_time*90*3-69)*30",0]},"head":{"rotation":["math.sin(q.anim_time*90*3)*3",0,0]},"ear_right":{"rotation":[0,0,"math.sin(q.anim_time*90*3)*3"]},"ear_left":{"rotation":[0,0,"-math.sin(q.anim_time*90*3)*3"]}}}}}