{"format_version":"1.8.0","animations":{"animation.simipour.ground_idle":{"loop":true,"bones":{"leg_left":{"rotation":[-15,0,0]},"leg_left2":{"rotation":[30,0,0]},"feet_left":{"rotation":[-10,0,0]},"leg_right":{"rotation":[-7.5,0,0]},"leg_right2":{"rotation":[20,0,0]},"feet_right":{"rotation":[-10,0,0]},"tail":{"rotation":[-22.5,"math.sin(q.anim_time*90*1-30)*5",0]},"tail2":{"rotation":[25,"math.sin(q.anim_time*90*1-60)*5",0]},"tail3":{"rotation":[5,"math.sin(q.anim_time*90*1-90)*5",0]},"tail4":{"rotation":[15,"math.sin(q.anim_time*90*1-120)*5",0]},"tail5":{"rotation":[30,"math.sin(q.anim_time*90*1-150)*5",0]},"tail6":{"rotation":[17.5,"math.sin(q.anim_time*90*1-180)*5",0]},"armright":{"rotation":[0.32902,"7.4928-math.sin(query.anim_time*90*1-40)*3",-42.47846]},"armright2":{"rotation":[0,"-15-math.sin(query.anim_time*90*1-70)*3",-60]},"handright":{"rotation":[94.22005,-2.68407,32.40109]},"finger2right":{"rotation":[0,-132.5,0]},"finger3right":{"rotation":[0,-122.5,0]},"finger4right":{"rotation":[0,-115,0]},"thumbright":{"rotation":[139.39681,-29.68774,-13.28274]},"front_strand_right":{"rotation":[0,0,10]},"front_strand_right2":{"rotation":[0,0,-40]},"front_strand_right3":{"rotation":[0,0,-37.5]},"front_strand_right4":{"rotation":[0,0,-25]},"front_strand_right5":{"rotation":[0,0,30],"position":[0.5,0,0]},"middle_strand_right":{"rotation":[0,0,25]},"middle_strand_right2":{"rotation":[0,0,-42.5]},"middle_strand_right3":{"rotation":[0,0,-37.5]},"middle_strand_right4":{"rotation":[1.75378,9.84655,-4.84892]},"middle_strand_right5":{"rotation":[0,0,17.5]},"back_strand_right":{"rotation":[-15.91565,23.8231,-10.02313],"position":[0,0,-0.4]},"back_strand_right2":{"rotation":[0,0,-22]},"back_strand_right3":{"rotation":[0,0,-46]},"back_strand_right4":{"rotation":[0,11,-4]},"back_strand_right5":{"rotation":[0,0,15]},"armleft":{"rotation":["0.329+math.sin(q.anim_time *90 *1 -60)*5","-7.4928+math.sin(q.anim_time *90 *1 -40)*5","42.4785+math.sin(q.anim_time *90 *1 -30)*5"]},"armleft2":{"rotation":["math.sin(q.anim_time *90 *1 -60)*5","15+math.sin(q.anim_time *90 *1 -70)*5","60+math.sin(q.anim_time *90 *1 -60)*5"]},"handleft":{"rotation":[94.22005,"2.6841+math.sin(q.anim_time *90 *1 -120)*5","-32.4011+math.sin(q.anim_time *90 *1 -120)*5"]},"finger2left":{"rotation":[0,"-math.sin(q.anim_time *90 *1 -150)*2.5","-22.5+math.sin(q.anim_time *90 *1 -150)*2.5"]},"finger3left":{"rotation":[0,"-math.sin(q.anim_time *90 *1 -150)*2.5","math.sin(q.anim_time *90 *1 -150)*2.5"]},"finger4left":{"rotation":[0,"-math.sin(q.anim_time *90 *1 -150)*2.5","20+math.sin(q.anim_time *90 *1 -150)*2.5"]},"thumbleft":{"rotation":[0,"-math.sin(q.anim_time *90 *1 -150)*2.5","-10+math.sin(q.anim_time *90 *1 -150)*2.5"]},"back_strand_left":{"rotation":[-15.91565,-23.8231,10.02313]},"back_strand_left2":{"rotation":[0,0,22]},"back_strand_left3":{"rotation":[0,0,46]},"back_strand_left4":{"rotation":[0,-11,4]},"back_strand_left5":{"rotation":[0,0,-15]},"middle_strand_left":{"rotation":[0,0,-25]},"middle_strand_left2":{"rotation":[0,0,42.5]},"middle_strand_left3":{"rotation":[0,0,37.5]},"middle_strand_left4":{"rotation":[1.75378,-9.84655,4.84892]},"middle_strand_left5":{"rotation":[0,0,-17.5]},"front_strand_left":{"rotation":[0,0,-10]},"front_strand_left2":{"rotation":[0,0,40]},"front_strand_left3":{"rotation":[0,0,37.5]},"front_strand_left4":{"rotation":[0,0,25]},"front_strand_left5":{"rotation":[0,0,-30],"position":[-0.5,0,0]},"torso":{"rotation":["2.5-math.sin(q.anim_time *90 *1 -60)*1.5",0,0],"position":[0,"math.sin(q.anim_time *90 *1)*0.5",0]},"front_dress":{"rotation":["-math.sin(q.anim_time *90 *1 -50)*5",0,0]},"left_dress":{"rotation":[0,0,0]},"chest":{"rotation":["-math.sin(q.anim_time *90 *1 -90)*2.5",0,0]},"head":{"rotation":["-math.sin(query.anim_time *90 *1 -90)*1",0,0]},"ear_right":{"rotation":[0,0,"-math.sin(query.anim_time*90*1-90)*5"]},"ear_left":{"rotation":[0,0,"math.sin(query.anim_time*90*1-90)*5"]}}},"animation.simipour.blink":{"animation_length":0.1667,"bones":{"closed_eye_right":{"position":{"0.0":[0,0,-1],"0.125":[0,0,-1],"0.1667":[0,0,0]}},"closed_eye_left":{"position":{"0.0":[0,0,-1],"0.125":[0,0,-1],"0.1667":[0,0,0]}}}},"animation.simipour.ground_walk":{"loop":true,"bones":{"leg_left":{"rotation":["math.sin(query.anim_time * 90 * 3) * 25",0,0]},"leg_left2":{"rotation":["math.sin(query.anim_time * 90 * 3 -30) * 25",0,0]},"leg_right":{"rotation":["math.sin(query.anim_time * 90 * 3) * -25",0,0]},"leg_right2":{"relative_to":{"rotation":"entity"},"rotation":["math.sin(query.anim_time * 90 * 3 -30) * -25",0,0]},"tail":{"rotation":[-12.5,"math.sin(q.anim_time*90*3)*7.5",0]},"tail2":{"rotation":[22.5,"math.sin(q.anim_time*90*3-30)*7.5",0]},"tail3":{"rotation":[20,"math.sin(q.anim_time*90*3-60)*7.5",0]},"tail4":{"rotation":[10,"math.sin(q.anim_time*90*3-90)*7.5",0]},"tail5":{"rotation":[12.5,"math.sin(q.anim_time*90*3-120)*7.5",0]},"tail6":{"rotation":[12.5,"math.sin(q.anim_time*90*3-150)*7.5",0]},"torso":{"rotation":["math.sin(q.anim_time*90*3-100)*2.5",0,0],"position":[0,"-math.sin(q.anim_time*90*3-40)*0.4",0]},"armleft":{"rotation":[0,"15-math.sin(q.anim_time*90*3-39)*30",45]},"armleft2":{"rotation":[0,"37.5-math.sin(q.anim_time*90*3-69)*30",0]},"handleft":{"rotation":[0,55,0]},"finger2left":{"rotation":[0,125,-5]},"finger3left":{"rotation":[0,125,0]},"finger4left":{"rotation":[0,125,5]},"thumbleft":{"rotation":[40,0,0]},"armright":{"rotation":[0,"-15-math.sin(q.anim_time*90*3-39)*30",-45]},"armright2":{"rotation":[0,"-37.5-math.sin(q.anim_time*90*3-69)*30",0]},"handright":{"rotation":[0,-55,0]},"finger2right":{"rotation":[0,-125,5]},"finger3right":{"rotation":[0,-117.5,0]},"finger4right":{"rotation":[0,-125,-5]},"thumbright":{"rotation":[40,0,0]},"head":{"rotation":["math.sin(q.anim_time*90*3)*3",0,0]},"ear_right":{"rotation":[0,0,"math.sin(q.anim_time*90*3)*3"]},"ear_left":{"rotation":[0,0,"-math.sin(q.anim_time*90*3)*3"]},"back_strand_left":{"rotation":[-15.91565,-23.8231,10.02313]},"back_strand_left2":{"rotation":[0,0,22]},"back_strand_left3":{"rotation":[0,0,46]},"back_strand_left4":{"rotation":[0,-11,4]},"back_strand_left5":{"rotation":[0,0,-15]},"middle_strand_left":{"rotation":[0,0,-25]},"middle_strand_left2":{"rotation":[0,0,42.5]},"middle_strand_left3":{"rotation":[0,0,37.5]},"middle_strand_left4":{"rotation":[1.75378,-9.84655,4.84892]},"middle_strand_left5":{"rotation":[0,0,-17.5]},"front_strand_left":{"rotation":[0,0,-10]},"front_strand_left2":{"rotation":[0,0,40]},"front_strand_left3":{"rotation":[0,0,37.5]},"front_strand_left4":{"rotation":[0,0,25]},"front_strand_left5":{"rotation":[0,0,-30]},"back_strand_right":{"rotation":[-15.91565,23.8231,-10.02313],"position":[0,0,-0.4]},"back_strand_right2":{"rotation":[0,0,-22]},"back_strand_right3":{"rotation":[0,0,-46]},"back_strand_right4":{"rotation":[0,11,-4]},"back_strand_right5":{"rotation":[0,0,15]},"middle_strand_right":{"rotation":[0,0,25]},"middle_strand_right2":{"rotation":[0,0,-42.5]},"middle_strand_right3":{"rotation":[0,0,-37.5]},"middle_strand_right4":{"rotation":[1.75378,9.84655,-4.84892]},"middle_strand_right5":{"rotation":[0,0,17.5]},"front_strand_right":{"rotation":[0,0,10]},"front_strand_right2":{"rotation":[0,0,-40]},"front_strand_right3":{"rotation":[0,0,-37.5]},"front_strand_right4":{"rotation":[0,0,-25]},"front_strand_right5":{"rotation":[0,0,30]}}}}}