{"format_version":"1.8.0","animations":{"animation.sinistcha.ground_idle":{"loop":true,"animation_length":3,"bones":{"cup":{"rotation":{"0.0":{"post":[0,0,-17.5],"lerp_mode":"catmullrom"},"1.5":{"post":[0,0,-25],"lerp_mode":"catmullrom"},"2.9583":{"post":[0,0,-17.5],"lerp_mode":"catmullrom"}},"position":{"0.0":{"post":[0,0,2],"lerp_mode":"catmullrom"},"0.75":{"post":[0,-1,1],"lerp_mode":"catmullrom"},"1.5":{"post":[0,0,-0.5],"lerp_mode":"catmullrom"},"2.2917":{"post":[1,-1,0],"lerp_mode":"catmullrom"},"2.9583":{"post":[0,0,2],"lerp_mode":"catmullrom"}}},"body":{"rotation":{"1.625":{"pre":[0,72.5,0],"post":[0,72.5,0],"lerp_mode":"catmullrom"}},"position":{"0.5417":{"pre":[0.75,0,0],"post":[0.75,0,0],"lerp_mode":"catmullrom"}}},"left_arm":{"rotation":{"0.0":{"post":[-6.38581,-30.09036,-1.87111],"lerp_mode":"catmullrom"}},"position":{"0.0":{"post":[0,-0.75,0],"lerp_mode":"catmullrom"}}},"right_arm":{"rotation":{"0.0":{"post":[-5,30,0],"lerp_mode":"catmullrom"}},"position":{"0.0":{"post":[0,-0.75,0],"lerp_mode":"catmullrom"}}},"bone":{"rotation":{"0.0":{"post":[129.64424,6.38987,-22.62722],"lerp_mode":"catmullrom"}},"position":[0,0.075,-0.325]},"hand":{"rotation":[-13.51364,16.98919,11.68757],"position":[0,0,0]},"bone5":{"rotation":{"0.0":{"post":[84.52672,12.68455,15.94364],"lerp_mode":"catmullrom"}},"position":{"1.6667":{"pre":[0,0.125,-0.4],"post":[0,0.125,-0.4],"lerp_mode":"catmullrom"}}},"hand2":{"rotation":{"0.0":{"post":[-1.98385,1.5216,4.97365],"lerp_mode":"catmullrom"}}},"right_leg":{"rotation":{"0.0":{"post":[0,0,-17.5],"lerp_mode":"catmullrom"},"1.5833":{"post":[27.5,0,-17.5],"lerp_mode":"catmullrom"},"2.0833":{"post":[10,0,-17.5],"lerp_mode":"catmullrom"},"2.6667":{"post":[-12.5,0,-17.5],"lerp_mode":"catmullrom"},"3.0":{"post":[0,0,-17.5],"lerp_mode":"catmullrom"}},"position":{"1.6667":{"pre":[0,0,1],"post":[0,0,1],"lerp_mode":"catmullrom"}}},"left_leg":{"rotation":{"0.0":{"post":[0,0,-25],"lerp_mode":"catmullrom"},"1.0417":{"post":[22.5,0,-25],"lerp_mode":"catmullrom"},"1.7083":{"post":[35,0,-25],"lerp_mode":"catmullrom"},"2.125":{"post":[26.25,0,-25],"lerp_mode":"catmullrom"},"2.5417":{"post":[7.5,0,-25],"lerp_mode":"catmullrom"},"3.0":{"post":[0,0,-25],"lerp_mode":"catmullrom"}},"position":{"0.0":{"post":[-1,0,-1],"lerp_mode":"catmullrom"}}},"head":{"rotation":{"0.0":{"post":[0,0,0],"lerp_mode":"catmullrom"},"1.75":{"post":[15,0,0],"lerp_mode":"catmullrom"},"2.9583":{"post":[0,0,0],"lerp_mode":"catmullrom"}}},"splash3":{"rotation":[0,87.5,0]},"splash4":{"rotation":[0,70,0]}}},"animation.sinistcha.faint":{"loop":true,"animation_length":2.04167,"bones":{"cup":{"rotation":{"0.0":{"post":[0,0,-17.5],"lerp_mode":"catmullrom"},"1.2083":{"post":[0,0,-16.8],"lerp_mode":"catmullrom"},"1.5":{"post":[0,0,-47.42],"lerp_mode":"catmullrom"},"1.5833":{"post":[0,0,-92.5],"lerp_mode":"catmullrom"}},"position":{"0.0":{"post":[0,0,2],"lerp_mode":"catmullrom"},"0.125":{"post":[0,1,2],"lerp_mode":"catmullrom"},"0.25":{"post":[0,0,2],"lerp_mode":"catmullrom"},"0.375":{"post":[0,1,2],"lerp_mode":"catmullrom"},"0.5":{"post":[0,0,2],"lerp_mode":"catmullrom"},"0.625":{"post":[0,1,2],"lerp_mode":"catmullrom"},"0.875":{"post":[0,1,2],"lerp_mode":"catmullrom"},"0.9583":{"post":[0,-2,2],"lerp_mode":"catmullrom"},"1.25":{"post":[0,-3.54,2],"lerp_mode":"catmullrom"},"1.4167":{"post":[0,-10.06,2],"lerp_mode":"catmullrom"},"1.5417":{"post":[0,-5.02,2],"lerp_mode":"catmullrom"},"1.6667":{"post":[0,-8.68,2],"lerp_mode":"catmullrom"},"1.75":{"post":[0,-10,2],"lerp_mode":"catmullrom"}}},"body":{"rotation":{"0.0":{"post":[0,72.5,0],"lerp_mode":"catmullrom"}},"position":{"0.0":{"post":[0.75,0,0],"lerp_mode":"catmullrom"},"0.25":{"post":[1.75,0,1],"lerp_mode":"catmullrom"},"0.8333":{"post":[1.75,0,0],"lerp_mode":"catmullrom"},"1.0":{"post":[1.75,-11,0],"lerp_mode":"catmullrom"}},"scale":{"0.9583":{"pre":[1,1,1],"post":[1,1,1],"lerp_mode":"catmullrom"},"1.0":{"post":[0,-0.1,0],"lerp_mode":"catmullrom"}}},"left_arm":{"rotation":{"0.0":{"post":[-6.38581,-30.09036,-1.87111],"lerp_mode":"catmullrom"},"0.375":{"post":[-63.88581,-30.09036,-1.87111],"lerp_mode":"catmullrom"},"0.8333":{"post":[-65.92502,-30.09036,-1.87111],"lerp_mode":"catmullrom"},"0.875":{"post":[-93.88581,-30.09036,-1.87111],"lerp_mode":"catmullrom"}},"position":{"0.0":{"post":[0,-0.75,0],"lerp_mode":"catmullrom"}}},"right_arm":{"rotation":{"0.0":{"post":[-5,30,0],"lerp_mode":"catmullrom"},"0.375":{"post":[-57.5,30,0],"lerp_mode":"catmullrom"},"0.7917":{"post":[-69.49653,30,0],"lerp_mode":"catmullrom"},"0.875":{"post":[-87.5,30,0],"lerp_mode":"catmullrom"}},"position":{"0.0":{"post":[0,-0.75,0],"lerp_mode":"catmullrom"}}},"bone":{"rotation":{"0.0":{"post":[129.64424,6.38987,-22.62722],"lerp_mode":"catmullrom"},"0.2917":{"post":[25.89424,6.38987,-22.62722],"lerp_mode":"catmullrom"},"0.5833":{"post":[-22.85576,6.38987,-22.62722],"lerp_mode":"catmullrom"}},"position":[0,0.075,-0.325]},"hand":{"rotation":[-13.51364,16.98919,11.68757],"position":[0,0,0]},"bone5":{"rotation":{"0.0":{"post":[84.52672,12.68455,15.94364],"lerp_mode":"catmullrom"},"0.25":{"post":[54.52672,12.68455,15.94364],"lerp_mode":"catmullrom"},"0.5833":{"post":[-27.97328,12.68455,15.94364],"lerp_mode":"catmullrom"},"0.8333":{"post":[-27.73392,10.47411,17.13587],"lerp_mode":"catmullrom"},"0.875":{"post":[-34.61937,36.3432,0.34529],"lerp_mode":"catmullrom"}},"position":{"1.6667":{"pre":[0,0.125,-0.4],"post":[0,0.125,-0.4],"lerp_mode":"catmullrom"}}},"hand2":{"rotation":{"0.0":{"post":[-1.98385,1.5216,4.97365],"lerp_mode":"catmullrom"}}},"right_leg":{"rotation":{"0.0":{"post":[0,0,-17.5],"lerp_mode":"catmullrom"}},"position":{"0.9583":[0,0,0],"1.0833":[0,4,0]}},"left_leg":{"rotation":{"0.0":{"post":[0,0,-25],"lerp_mode":"catmullrom"}},"position":{"0.0":{"post":[-1,0,-1],"lerp_mode":"catmullrom"},"1.0":{"post":[0,0.5,0],"lerp_mode":"catmullrom"},"1.1667":{"post":[-2,5,-1],"lerp_mode":"catmullrom"}}},"head":{"rotation":{"0.0":{"post":[0,0,0],"lerp_mode":"catmullrom"},"0.25":{"post":[-20,0,0],"lerp_mode":"catmullrom"},"0.5417":{"post":[-30,0,0],"lerp_mode":"catmullrom"}}},"mouth2":{"position":[0,0,1]},"hat":{"rotation":{"0.8333":[0,0,0],"0.9167":[17.5,0,0],"0.9583":[45,0,0]},"position":{"0.9167":[0,0,0],"0.9583":[0,0,-2]}},"mouth3":{"position":[0,0,-1]},"splash4":{"rotation":{"0.0":{"post":[0,-90,0],"lerp_mode":"catmullrom"},"1.125":{"post":[-77.10017,-76.88825,76.70732],"lerp_mode":"catmullrom"},"1.2083":{"post":[-90,-60,90],"lerp_mode":"catmullrom"}},"position":{"0.8333":{"pre":[0,0,0],"post":[0,0,0],"lerp_mode":"catmullrom"},"1.0833":{"post":[0,8,0],"lerp_mode":"catmullrom"},"1.4167":{"post":[0,1,-2],"lerp_mode":"catmullrom"}}},"splash":{"rotation":{"1.0833":{"pre":[0,0,20],"post":[0,0,20],"lerp_mode":"catmullrom"}},"position":{"0.9167":{"pre":[-1,1,0],"post":[-1,1,0],"lerp_mode":"catmullrom"},"1.2083":{"post":[0,8,0],"lerp_mode":"catmullrom"},"1.6667":{"post":[-1,1,0],"lerp_mode":"catmullrom"}}},"splash2":{"rotation":{"1.0833":{"pre":[20,0,-22.5],"post":[20,0,-22.5],"lerp_mode":"catmullrom"}},"position":{"0.7917":{"pre":[2,0,0],"post":[2,0,0],"lerp_mode":"catmullrom"},"1.0833":{"post":[0,6,0],"lerp_mode":"catmullrom"},"1.5833":{"post":[2,0,0],"lerp_mode":"catmullrom"}}},"splash3":{"rotation":{"0.0":{"post":[0,90,0],"lerp_mode":"catmullrom"},"1.0833":{"post":[101.07143,59.82143,83.57143],"lerp_mode":"catmullrom"},"1.1667":{"post":[90,57.5,90],"lerp_mode":"catmullrom"},"1.2083":{"post":[82.20989,57.15935,80.75167],"lerp_mode":"catmullrom"}},"position":{"0.8333":{"pre":[0,0,0],"post":[0,0,0],"lerp_mode":"catmullrom"},"0.875":{"post":[0,4,0],"lerp_mode":"catmullrom"},"1.125":{"post":[0,7,-1],"lerp_mode":"catmullrom"},"1.5417":{"post":[0,1,3],"lerp_mode":"catmullrom"}}}}},"animation.sinistcha.ground_walk":{"loop":true,"animation_length":3,"bones":{"cup":{"rotation":{"0.0":{"post":[0,0,-17.5],"lerp_mode":"catmullrom"},"1.5":{"post":[0,0,-25],"lerp_mode":"catmullrom"},"2.9583":{"post":[0,0,-17.5],"lerp_mode":"catmullrom"}},"position":{"0.0":{"post":[0,0,2],"lerp_mode":"catmullrom"},"0.75":{"post":[0,-1,1],"lerp_mode":"catmullrom"},"1.5":{"post":[0,0,-0.5],"lerp_mode":"catmullrom"},"2.2917":{"post":[1,-1,0],"lerp_mode":"catmullrom"},"2.9583":{"post":[0,0,2],"lerp_mode":"catmullrom"}}},"body":{"rotation":{"1.625":{"pre":[0,72.5,0],"post":[0,72.5,0],"lerp_mode":"catmullrom"}},"position":{"0.5417":{"pre":[0.75,0,0],"post":[0.75,0,0],"lerp_mode":"catmullrom"}}},"left_arm":{"rotation":{"0.0":{"post":[-6.38581,-30.09036,-1.87111],"lerp_mode":"catmullrom"}},"position":{"0.0":{"post":[0,-0.75,0],"lerp_mode":"catmullrom"}}},"right_arm":{"rotation":{"0.0":{"post":[-5,30,0],"lerp_mode":"catmullrom"}},"position":{"0.0":{"post":[0,-0.75,0],"lerp_mode":"catmullrom"}}},"bone":{"rotation":{"0.0":{"post":[129.64424,6.38987,-22.62722],"lerp_mode":"catmullrom"}},"position":[0,0.075,-0.325]},"hand":{"rotation":[-13.51364,16.98919,11.68757],"position":[0,0,0]},"bone5":{"rotation":{"0.0":{"post":[84.52672,12.68455,15.94364],"lerp_mode":"catmullrom"}},"position":{"1.6667":{"pre":[0,0.125,-0.4],"post":[0,0.125,-0.4],"lerp_mode":"catmullrom"}}},"hand2":{"rotation":{"0.0":{"post":[-1.98385,1.5216,4.97365],"lerp_mode":"catmullrom"}}},"right_leg":{"rotation":{"0.0":{"post":[0,0,-17.5],"lerp_mode":"catmullrom"},"1.5833":{"post":[27.5,0,-17.5],"lerp_mode":"catmullrom"},"2.0833":{"post":[10,0,-17.5],"lerp_mode":"catmullrom"},"2.6667":{"post":[-12.5,0,-17.5],"lerp_mode":"catmullrom"},"3.0":{"post":[0,0,-17.5],"lerp_mode":"catmullrom"}},"position":{"1.6667":{"pre":[0,0,1],"post":[0,0,1],"lerp_mode":"catmullrom"}}},"left_leg":{"rotation":{"0.0":{"post":[0,0,-25],"lerp_mode":"catmullrom"},"1.0417":{"post":[22.5,0,-25],"lerp_mode":"catmullrom"},"1.7083":{"post":[35,0,-25],"lerp_mode":"catmullrom"},"2.125":{"post":[26.25,0,-25],"lerp_mode":"catmullrom"},"2.5417":{"post":[7.5,0,-25],"lerp_mode":"catmullrom"},"3.0":{"post":[0,0,-25],"lerp_mode":"catmullrom"}},"position":{"0.0":{"post":[-1,0,-1],"lerp_mode":"catmullrom"}}},"head":{"rotation":{"0.0":{"post":[0,0,0],"lerp_mode":"catmullrom"},"1.75":{"post":[15,0,0],"lerp_mode":"catmullrom"},"2.9583":{"post":[0,0,0],"lerp_mode":"catmullrom"}}},"splash3":{"rotation":[0,-72.5,0]},"splash4":{"rotation":[0,65,0]}}}}}