{"format_version":"1.8.0","animations":{"animation.sinistea.pose":{"loop":true,"bones":{"right_finger":{"rotation":[0,0,112.5]},"tounge_segment":{"rotation":[-7.5,0,0]},"sinistea":{"rotation":[9.96271,-0.86717,4.92442],"position":[0,14,0]}}},"animation.sinistea.blank":{"loop":true,"bones":{"right_finger":{"rotation":[0,0,112.5]},"sinistea":{"position":[0,14,0]}}},"animation.sinistea.ground_walk":{"loop":true,"animation_length":2,"bones":{"right_finger":{"rotation":[0,0,112.5]},"torso":{"rotation":["math.sin(query.anim_time*90*4-50)*6",0,0]},"arm":{"rotation":[0,22.5,0]},"handle":{"rotation":[0,22.5,0]},"tounge_segment":{"rotation":["-math.sin(query.anim_time*90*4)*8",0,0]},"body":{"rotation":[15,0,0],"position":[0,"14+math.sin(query.anim_time*90*4)*2",0]}}},"animation.sinistea.ground_idle":{"loop":true,"animation_length":2,"bones":{"torso":{"rotation":[0,"math.sin(query.anim_time*90*2-50)*6","math.sin(query.anim_time*90*2+50)*6"]},"arm":{"rotation":[0,0,0]},"right_finger":{"rotation":[0,0,"112.5+math.sin(query.anim_time*90*2)*8"]},"tounge":{"rotation":["math.sin(query.anim_time*90*2+70)*8",0,0]},"tounge_segment":{"rotation":[0,0,0]},"body":{"position":[0,"14+math.sin(query.anim_time*90*2-60)*2",0]}}},"animation.sinistea.idle_quirk":{"animation_length":1.5,"bones":{"mouth":{"scale":{"0.0":{"post":[1,1,1],"lerp_mode":"catmullrom"},"1.5":{"post":[1,1,1],"lerp_mode":"catmullrom"}}},"arm":{"rotation":{"0.0":{"post":[0,0,0],"lerp_mode":"catmullrom"},"1.5":{"post":[0,0,0],"lerp_mode":"catmullrom"}},"position":{"0.0":{"post":[0,0,0],"lerp_mode":"catmullrom"},"1.5":{"post":[0,0,0],"lerp_mode":"catmullrom"}}},"arm_segment_1":{"rotation":{"0.0":{"post":[0,0,0],"lerp_mode":"catmullrom"},"0.5":{"post":[-180,0,90],"lerp_mode":"catmullrom"},"0.75":{"post":[-180,0,90],"lerp_mode":"catmullrom"},"1.0":{"post":[-180,0,0],"lerp_mode":"catmullrom"},"1.25":{"post":[-180,0,0],"lerp_mode":"catmullrom"},"1.5":{"post":[0,0,0],"lerp_mode":"catmullrom"}}},"arm_segment_2":{"rotation":{"0.0":{"post":[0,0,0],"lerp_mode":"catmullrom"},"0.75":{"post":[0,0,-11.25],"lerp_mode":"catmullrom"},"1.0":{"post":[0,0,45],"lerp_mode":"catmullrom"},"1.25":{"post":[0,0,45],"lerp_mode":"catmullrom"},"1.5":{"post":[0,0,0],"lerp_mode":"catmullrom"}},"position":{"0.0":{"post":[0,0,0],"lerp_mode":"catmullrom"},"1.0":{"post":[0,0.2,0],"lerp_mode":"catmullrom"},"1.25":{"post":[0,0.2,0],"lerp_mode":"catmullrom"},"1.5":{"post":[0,0,0],"lerp_mode":"catmullrom"}}},"arm_segment_3":{"rotation":{"0.0":{"post":[0,0,0],"lerp_mode":"catmullrom"},"0.75":{"post":[0,0,28.13],"lerp_mode":"catmullrom"},"1.0":{"post":[0,0,67.5],"lerp_mode":"catmullrom"},"1.25":{"post":[0,0,67.5],"lerp_mode":"catmullrom"},"1.5":{"post":[0,0,0],"lerp_mode":"catmullrom"}},"position":{"0.0":{"post":[0,0,0],"lerp_mode":"catmullrom"},"1.0":{"post":[-0.3,0,0],"lerp_mode":"catmullrom"},"1.25":{"post":[-0.3,0,0],"lerp_mode":"catmullrom"},"1.5":{"post":[0,0,0],"lerp_mode":"catmullrom"}}},"tounge_segment":{"rotation":{"0.0":{"post":[0,0,0],"lerp_mode":"catmullrom"},"0.75":{"post":[0,0,0],"lerp_mode":"catmullrom"},"1.0":{"post":[-45,0,0],"lerp_mode":"catmullrom"},"1.5":{"post":[0,0,0],"lerp_mode":"catmullrom"}}},"body":{"position":{"0.0":{"post":[0,14,0],"lerp_mode":"catmullrom"},"1.5":{"post":[0,14,0],"lerp_mode":"catmullrom"}}}}},"animation.sinistea.sleep":{"loop":true,"animation_length":2,"bones":{"torso":{"rotation":[0,"math.sin(query.anim_time*90*2-50)*4","math.sin(query.anim_time*90*2+50)*4"]},"arm":{"rotation":[0,0,0]},"right_finger":{"rotation":[0,0,"112.5+math.sin(query.anim_time*90*2)*8"]},"tounge":{"rotation":["math.sin(query.anim_time*90*2+70)*8",0,0]},"tounge_segment":{"rotation":[0,0,0]},"mouth":{"scale":[1,0.2,1]},"eyelids":{"position":[0,0,-1]},"body":{"position":[0,"14+math.sin(query.anim_time*90*2-60)*1",0]}}},"animation.sinistea.faint":{"animation_length":2,"bones":{"mouth":{"rotation":{"0.0":{"post":[0,0,180],"lerp_mode":"catmullrom"}}},"tea":{"position":{"0.0":{"post":[0,0,0],"lerp_mode":"catmullrom"},"0.5":{"post":[0,3,0],"lerp_mode":"catmullrom"},"0.75":{"post":[0,16,0],"lerp_mode":"catmullrom"},"1.0":{"post":[0,1,0],"lerp_mode":"catmullrom"}}},"arm":{"rotation":{"0.0":{"post":[0,0,0],"lerp_mode":"catmullrom"},"0.25":{"post":[0,0,22.5],"lerp_mode":"catmullrom"},"0.5":{"post":[0,0,90],"lerp_mode":"catmullrom"}},"position":{"0.0":{"post":[0,0,0],"lerp_mode":"catmullrom"},"0.5":{"post":[1.56,5,-2.12],"lerp_mode":"catmullrom"},"0.75":{"post":[2,16,-2],"lerp_mode":"catmullrom"},"1.0":{"post":[2,1,-2],"lerp_mode":"catmullrom"}}},"arm_segment_1":{"rotation":{"0.0":{"post":[0,0,0],"lerp_mode":"catmullrom"},"0.25":{"post":[0,0,22.5],"lerp_mode":"catmullrom"}},"position":{"0.0":{"post":[0,0,0],"lerp_mode":"catmullrom"},"0.25":{"post":[-0.2,0.1,0],"lerp_mode":"catmullrom"}}},"arm_segment_2":{"rotation":{"0.0":{"post":[0,0,0],"lerp_mode":"catmullrom"},"0.25":{"post":[0,0,22.5],"lerp_mode":"catmullrom"},"0.5":{"post":[0,0,45],"lerp_mode":"catmullrom"}},"position":{"0.0":{"post":[0,0,0],"lerp_mode":"catmullrom"},"0.25":{"post":[-0.2,0,0],"lerp_mode":"catmullrom"},"0.5":{"post":[-0.2,0.1,0],"lerp_mode":"catmullrom"}}},"arm_segment_3":{"rotation":{"0.0":{"post":[0,0,0],"lerp_mode":"catmullrom"},"0.5":{"post":[0,0,45],"lerp_mode":"catmullrom"}},"position":{"0.0":{"post":[0,0,0],"lerp_mode":"catmullrom"},"0.5":{"post":[-0.3,-0.4,0],"lerp_mode":"catmullrom"}}},"right_finger":{"rotation":{"0.0":{"post":[0,0,112.5],"lerp_mode":"catmullrom"},"0.25":{"post":[0,0,0],"lerp_mode":"catmullrom"}}},"tounge":{"rotation":{"0.0":{"post":[0,0,0],"lerp_mode":"catmullrom"},"0.5":{"post":[-45,0,0],"lerp_mode":"catmullrom"}},"position":{"0.0":{"post":[0,0,0],"lerp_mode":"catmullrom"},"0.5":{"post":[0,2.25,0],"lerp_mode":"catmullrom"},"0.75":{"post":[0,15,0],"lerp_mode":"catmullrom"},"1.0":{"post":[0,0,0],"lerp_mode":"catmullrom"}}},"tounge_segment":{"rotation":{"0.0":{"post":[0,0,0],"lerp_mode":"catmullrom"},"0.25":{"post":[-22.5,0,0],"lerp_mode":"catmullrom"},"0.5":{"post":[-90,0,0],"lerp_mode":"catmullrom"}}},"tounge_end":{"rotation":{"0.0":{"post":[0,0,0],"lerp_mode":"catmullrom"},"0.5":{"post":[-45,0,0],"lerp_mode":"catmullrom"}}},"body":{"rotation":{"0.0":{"post":[0,0,0],"lerp_mode":"catmullrom"},"0.25":{"post":[45,0,0],"lerp_mode":"catmullrom"},"0.5":{"post":[180,0,0],"lerp_mode":"catmullrom"}},"position":{"0.0":{"post":[0,14,0],"lerp_mode":"catmullrom"},"0.75":{"post":[0,14,0],"lerp_mode":"catmullrom"},"1.0":{"post":[0,-1,0],"lerp_mode":"catmullrom"}}}}},"animation.sinistea.cry":{"animation_length":1,"bones":{"right_finger":{"rotation":[0,0,112.5]},"tounge":{"rotation":{"0.0":{"post":[0,0,0],"lerp_mode":"catmullrom"},"0.25":{"post":[-22.5,0,0],"lerp_mode":"catmullrom"},"0.375":{"post":[0,0,0],"lerp_mode":"catmullrom"},"0.5":{"post":[-22.5,0,0],"lerp_mode":"catmullrom"},"0.625":{"post":[0,0,0],"lerp_mode":"catmullrom"},"0.75":{"post":[-22.5,0,0],"lerp_mode":"catmullrom"},"1.0":{"post":[0,0,0],"lerp_mode":"catmullrom"}}},"tounge_segment":{"rotation":{"0.0":{"post":[0,0,0],"lerp_mode":"catmullrom"},"0.25":{"post":[-90,0,0],"lerp_mode":"catmullrom"},"0.375":{"post":[-67.5,0,0],"lerp_mode":"catmullrom"},"0.5":{"post":[-90,0,0],"lerp_mode":"catmullrom"},"0.625":{"post":[-67.5,0,0],"lerp_mode":"catmullrom"},"0.75":{"post":[-90,0,0],"lerp_mode":"catmullrom"},"1.0":{"post":[0,0,0],"lerp_mode":"catmullrom"}}},"tounge_end":{"rotation":{"0.0":{"post":[0,0,0],"lerp_mode":"catmullrom"},"0.25":{"post":[-45,0,0],"lerp_mode":"catmullrom"},"0.375":{"post":[-22.5,0,0],"lerp_mode":"catmullrom"},"0.5":{"post":[-45,0,0],"lerp_mode":"catmullrom"},"0.625":{"post":[-22.5,0,0],"lerp_mode":"catmullrom"},"0.75":{"post":[-45,0,0],"lerp_mode":"catmullrom"},"1.0":{"post":[0,0,0],"lerp_mode":"catmullrom"}},"position":{"0.0":{"post":[0,0,0],"lerp_mode":"catmullrom"},"0.25":{"post":[0,-0.1,-0.2],"lerp_mode":"catmullrom"},"0.5":{"post":[0,-0.1,-0.2],"lerp_mode":"catmullrom"},"0.75":{"post":[0,-0.1,-0.2],"lerp_mode":"catmullrom"},"1.0":{"post":[0,0,0],"lerp_mode":"catmullrom"}}},"body":{"position":{"0.0":{"post":[0,0,0],"lerp_mode":"catmullrom"},"0.25":{"post":[0,3,0],"lerp_mode":"catmullrom"},"0.375":{"post":[0,9.56,0],"lerp_mode":"catmullrom"},"0.5":{"post":[0,6,0],"lerp_mode":"catmullrom"},"0.625":{"post":[0,8.56,0],"lerp_mode":"catmullrom"},"0.75":{"post":[0,4.63,0],"lerp_mode":"catmullrom"},"1.0":{"post":[0,0,0],"lerp_mode":"catmullrom"}}}}},"animation.sinistea.battle_idle":{"loop":true,"animation_length":2,"bones":{"torso":{"rotation":["math.sin(query.anim_time*90*2-50)*6",0,"math.sin(query.anim_time*90*2+50)*6"]},"arm":{"rotation":[0,0,0]},"right_finger":{"rotation":[0,0,"112.5+math.sin(query.anim_time*90*2)*8"]},"tounge":{"rotation":["math.sin(query.anim_time*90*2+70)*14",0,0]},"tounge_segment":{"rotation":[0,0,0]},"body":{"position":["math.sin(query.anim_time*90*2+60)*2","14+math.sin(query.anim_time*90*2-60)*2","math.sin(query.anim_time*90*2-60)*2"]}}},"animation.sinistea.physical_attack":{"animation_length":1,"bones":{"arm":{"rotation":{"0.0":{"post":[0,0,0],"lerp_mode":"catmullrom"},"0.25":{"post":[0,0,45],"lerp_mode":"catmullrom"},"0.5":{"post":[89.99998,-82.5,-149.99998],"lerp_mode":"catmullrom"},"0.75":{"post":[89.99998,-82.5,-149.99998],"lerp_mode":"catmullrom"},"1.0":{"post":[0,0,0],"lerp_mode":"catmullrom"}},"position":{"0.0":{"post":[0,0,0],"lerp_mode":"catmullrom"},"0.5":{"post":[0,0,-1],"lerp_mode":"catmullrom"},"0.75":{"post":[0,0,-1],"lerp_mode":"catmullrom"},"1.0":{"post":[0,0,0],"lerp_mode":"catmullrom"}}},"arm_segment_1":{"rotation":{"0.0":{"post":[0,0,0],"lerp_mode":"catmullrom"},"0.25":{"post":[0,0,45],"lerp_mode":"catmullrom"},"0.5":{"post":[0,0,45],"lerp_mode":"catmullrom"},"0.75":{"post":[0,0,45],"lerp_mode":"catmullrom"},"1.0":{"post":[0,0,0],"lerp_mode":"catmullrom"}},"position":{"0.0":{"post":[0,0,0],"lerp_mode":"catmullrom"},"0.25":{"post":[-0.1,0.2,0],"lerp_mode":"catmullrom"},"0.5":{"post":[-0.2,0.2,0],"lerp_mode":"catmullrom"},"0.75":{"post":[-0.2,0.2,0],"lerp_mode":"catmullrom"},"1.0":{"post":[0,0,0],"lerp_mode":"catmullrom"}}},"arm_segment_2":{"rotation":{"0.0":{"post":[0,0,0],"lerp_mode":"catmullrom"},"0.25":{"post":[0,0,0],"lerp_mode":"catmullrom"},"0.5":{"post":[0,0,22.5],"lerp_mode":"catmullrom"},"0.75":{"post":[0,0,22.5],"lerp_mode":"catmullrom"},"1.0":{"post":[0,0,0],"lerp_mode":"catmullrom"}},"position":{"0.0":{"post":[0,0,0],"lerp_mode":"catmullrom"},"0.5":{"post":[-0.2,0,0],"lerp_mode":"catmullrom"},"0.75":{"post":[-0.2,0,0],"lerp_mode":"catmullrom"},"1.0":{"post":[0,0,0],"lerp_mode":"catmullrom"}}},"arm_segment_3":{"rotation":{"0.0":{"post":[0,0,0],"lerp_mode":"catmullrom"},"0.5":{"post":[0,0,45],"lerp_mode":"catmullrom"},"0.75":{"post":[0,0,45],"lerp_mode":"catmullrom"},"1.0":{"post":[0,0,0],"lerp_mode":"catmullrom"}},"position":{"0.0":{"post":[0,0,0],"lerp_mode":"catmullrom"},"0.5":{"post":[-0.3,-0.5,0],"lerp_mode":"catmullrom"},"0.75":{"post":[-0.3,-0.5,0],"lerp_mode":"catmullrom"},"1.0":{"post":[0,0,0],"lerp_mode":"catmullrom"}}},"right_finger":{"rotation":{"0.0":{"post":[0,0,112.5],"lerp_mode":"catmullrom"},"0.25":{"post":[0,0,0],"lerp_mode":"catmullrom"},"1.0":{"post":[0,0,112.5],"lerp_mode":"catmullrom"}}},"tounge_segment":{"rotation":{"0.0":{"post":[0,0,0],"lerp_mode":"catmullrom"},"0.25":{"post":[0,0,0],"lerp_mode":"catmullrom"},"0.5":{"post":[-45,0,0],"lerp_mode":"catmullrom"},"0.75":{"post":[0,0,0],"lerp_mode":"catmullrom"}}},"body":{"rotation":{"0.0":{"post":[0,0,0],"lerp_mode":"catmullrom"},"0.25":{"post":[0,22.5,0],"lerp_mode":"catmullrom"},"0.5":{"post":[24.14867,-20.70481,-9.00717],"lerp_mode":"catmullrom"},"0.75":{"post":[24.14867,-20.70481,-9.00717],"lerp_mode":"catmullrom"},"1.0":{"post":[0,0,0],"lerp_mode":"catmullrom"}},"position":{"0.0":{"post":[0,14,0],"lerp_mode":"catmullrom"},"1.0":{"post":[0,14,0],"lerp_mode":"catmullrom"}}}}},"animation.sinistea.special_attack":{"animation_length":1,"bones":{"right_finger":{"rotation":{"0.0":{"post":[0,0,112.5],"lerp_mode":"catmullrom"},"1.0":{"post":[0,0,112.5],"lerp_mode":"catmullrom"}}},"tounge":{"rotation":{"0.0":{"post":[0,0,0],"lerp_mode":"catmullrom"},"0.75":{"post":[45,0,0],"lerp_mode":"catmullrom"},"1.0":{"post":[0,0,0],"lerp_mode":"catmullrom"}},"position":{"0.0":{"post":[0,0,0],"lerp_mode":"catmullrom"},"0.75":{"post":[0,0.5,0],"lerp_mode":"catmullrom"},"1.0":{"post":[0,0,0],"lerp_mode":"catmullrom"}}},"tounge_segment":{"rotation":{"0.0":{"post":[0,0,0],"lerp_mode":"catmullrom"},"0.25":{"post":[-67.5,0,0],"lerp_mode":"catmullrom"},"0.5":{"post":[-67.5,0,0],"lerp_mode":"catmullrom"},"0.75":{"post":[-90,0,0],"lerp_mode":"catmullrom"},"1.0":{"post":[0,0,0],"lerp_mode":"catmullrom"}}},"body":{"rotation":{"0.0":{"post":[0,0,0],"lerp_mode":"catmullrom"},"0.25":{"post":[-22.5,0,0],"lerp_mode":"catmullrom"},"0.5":{"post":[-22.5,0,0],"lerp_mode":"catmullrom"},"0.75":{"post":[22.5,0,0],"lerp_mode":"catmullrom"},"1.0":{"post":[0,0,0],"lerp_mode":"catmullrom"}},"position":{"0.0":{"post":[0,14,0],"lerp_mode":"catmullrom"},"1.0":{"post":[0,14,0],"lerp_mode":"catmullrom"}}}}}}}