{"format_version":"1.8.0","animations":{"animation.slakoth.ground_idle":{"loop":true,"animation_length":2,"bones":{"3":{"rotation":{"0.0":[0,0,0],"1.0":[5,0,0],"2.0":[0,0,0]}},"4":{"rotation":{"0.0":[0,0,0],"1.0":[5,0,0],"2.0":[0,0,0]}},"5":{"rotation":{"0.0":[0,0,0],"1.0":[0,0,-5],"2.0":[0,0,0]}},"bone3":{"rotation":{"0.0":[0,0,0],"1.0":[0,0,-10],"2.0":[0,0,0]}},"bone12":{"rotation":{"0.0":[0,0,0],"0.5":[0,0,-5],"1.0":[0,0,0],"1.5":[0,0,-5],"2.0":[0,0,0]}},"bone13":{"rotation":{"0.0":[0,0,0],"0.5":[0,0,-10],"1.0":[0,0,2.5],"1.5":[0,0,-10],"2.0":[0,0,0]}},"bone14":{"rotation":{"0.0":[0,0,0],"0.5":[0,12.5,0],"1.0":[0,0,0],"1.5":[0,12.5,0],"2.0":[0,0,0]}},"head":{"rotation":{"0.0":[0,0,0],"1.0":[0,7.5,0],"2.0":[0,0,0]}}}},"animation.slakoth.ground_walk":{"loop":true,"animation_length":2,"bones":{"3":{"rotation":{"0.0":[0,0,0],"1.0":[0,0,0],"1.5":[7.5,0,0],"2.0":[0,0,0]}},"4":{"rotation":{"0.0":[0,0,0],"1.0":[0,0,0],"1.5":[10,0,0],"2.0":[0,0,0]}},"5":{"rotation":{"0.0":[0,0,0],"1.0":[-16.30259,42.12174,-27.20476],"1.5":[2.71375,44.54514,0.22105],"2.0":[0,0,0]}},"6":{"rotation":{"0.0":[67.80914,20.04862,-41.57823],"1.0":[65.85518,-8.31242,-43.54078],"1.5":[65.85518,-8.31242,-43.54078],"2.0":[67.80914,20.04862,-41.57823]},"position":{"0.0":[2,2,0],"1.0":[0,2,0],"1.5":[0,2,0],"2.0":[2,2,0]}},"bone5":{"rotation":{"0.0":[0,0,0],"1.0":[0,0,25],"1.5":[0,0,0],"2.0":[0,0,0]},"position":{"0.0":[0,0,0],"1.0":[0,0,-0.025],"1.5":[0,0,-0.025],"2.0":[0,0,0]}}}}}}