{"format_version":"1.8.0","animations":{"animation.slaking.ground_idle":{"loop":true,"animation_length":2,"bones":{"3":{"rotation":{"0.0":[0,0,40],"1.0":[0,0,50],"2.0":[0,0,40]}},"4":{"rotation":{"0.0":[0,0,-40],"1.0":[0,0,-50],"2.0":[0,0,-40]}},"torzo":{"position":{"0.0":[0,0,0],"1.0":[0,-1,0],"2.0":[0,0,0]},"scale":{"0.0":[1,1,1],"1.0":[1.1,1,1],"2.0":[1,1,1]}},"art":{"rotation":{"0.0":[85.37889,1.91134,22.42287],"2.0":[85.37889,1.91134,22.42287]}},"art2":{"rotation":{"0.0":[90,0,-22.5],"2.0":[90,0,-22.5]}},"head":{"rotation":{"0.0":[0,0,0],"1.0":[5,0,0],"2.0":[0,0,0]},"position":{"0.0":[0,0,0],"1.0":[0,-1,0],"2.0":[0,0,0]}}}},"animation.slaking.ground_walk":{"loop":true,"animation_length":2,"bones":{"3":{"rotation":{"0.0":[0,0,40],"0.5":[0,22.5,40],"1.0":[0,0,40],"1.5":[0,-25,40],"2.0":[0,0,40]}},"4":{"rotation":{"0.0":[0,0,-40],"0.5":[0,25,-40],"1.0":[0,0,-40],"1.5":[0,-20,-40],"2.0":[0,0,-40]}},"5":{"rotation":{"0.0":[0,0,0],"0.5":[-52.5,0,0],"1.0":[0,0,0],"1.5":[10,0,0],"2.0":[0,0,0]}},"6":{"rotation":{"0.0":[0,0,0],"0.5":[17.5,0,0],"1.0":[0,0,0],"1.5":[-42.5,0,0],"2.0":[0,0,0]},"position":{"0.0":[0,0,0],"1.5":[0,-1,0],"2.0":[0,0,0]}},"slaking":{"position":{"0.0":[0,0,0],"0.5":[0,-2,0],"1.0":[0,0,0],"2.0":[0,0,0]}},"body":{"rotation":{"0.0":[0,0,0],"0.5":[10,0,0],"1.0":[0,0,0],"1.5":[12.5,0,0],"2.0":[0,0,0]}},"torzo":{"position":{"0.0":[0,0,0],"1.0":[0,0,0],"1.5":[0,-1,0],"2.0":[0,0,0]},"scale":{"0.0":[1,1,1],"1.0":[1,1,1],"2.0":[1,1,1]}},"art":{"rotation":{"0.0":[85.37889,1.91134,22.42287],"1.0":[85.37889,1.91134,22.42287],"2.0":[85.37889,1.91134,22.42287]}},"art2":{"rotation":{"0.0":[90,0,-22.5],"1.0":[90,0,-22.5],"2.0":[90,0,-22.5]}},"head":{"rotation":{"0.0":[0,0,0],"0.5":[7.5,0,0],"1.0":[0,0,0],"1.5":[10,0,0],"2.0":[0,0,0]},"position":{"0.0":[0,0,0],"1.0":[0,0,0],"1.5":[0,-1,0],"2.0":[0,0,0]}},"art3":{"rotation":{"0.0":[0,0,0],"0.5":[15,0,0]}},"pie":{"rotation":{"0.0":[0,0,0],"0.5":[15,0,0],"1.0":[0,0,0],"1.5":[-12.5,0,0],"2.0":[0,0,0]}},"art4":{"rotation":{"0.0":[0,0,0],"1.5":[10,0,0]}},"pie2":{"rotation":{"0.0":[0,0,0],"0.5":[-15,0,0],"1.0":[0,0,0],"1.5":[10,0,0],"2.0":[0,0,0]}}}}}}