{"format_version":"1.8.0","animations":{"animation.snom.ground_idle":{"loop":true,"animation_length":2,"bones":{"head":{"rotation":[0,"math.sin(query.anim_time*90*2-40)*4",0]},"left_mouth":{"rotation":[0,"-math.clamp(math.sin(query.anim_time*90*2)*7,0,7)",0]},"right_mouth":{"rotation":[0,"math.clamp(math.sin(query.anim_time*90*2)*7,0,7)",0]},"snom":{"rotation":[0,"math.sin(query.anim_time*90*2+40)*4",0]}}},"animation.snom.ground_walk":{"loop":true,"animation_length":2,"bones":{"torso":{"rotation":{"0.0":{"post":[0,0,0],"lerp_mode":"catmullrom"},"0.25":{"post":[-10,0,0],"lerp_mode":"catmullrom"},"0.5":{"post":[0,0,0],"lerp_mode":"catmullrom"},"0.75":{"post":[-10,0,0],"lerp_mode":"catmullrom"},"1.0":{"post":[0,0,0],"lerp_mode":"catmullrom"},"1.25":{"post":[-10,0,0],"lerp_mode":"catmullrom"},"1.5":{"post":[0,0,0],"lerp_mode":"catmullrom"},"1.75":{"post":[-10,0,0],"lerp_mode":"catmullrom"},"2.0":{"post":[0,0,0],"lerp_mode":"catmullrom"}}},"head":{"rotation":{"0.0":{"post":[0,0,0],"lerp_mode":"catmullrom"},"0.25":{"post":[10,0,0],"lerp_mode":"catmullrom"},"0.5":{"post":[0,0,0],"lerp_mode":"catmullrom"},"0.75":{"post":[10,0,0],"lerp_mode":"catmullrom"},"1.0":{"post":[0,0,0],"lerp_mode":"catmullrom"},"1.25":{"post":[10,0,0],"lerp_mode":"catmullrom"},"1.5":{"post":[0,0,0],"lerp_mode":"catmullrom"},"1.75":{"post":[10,0,0],"lerp_mode":"catmullrom"},"2.0":{"post":[0,0,0],"lerp_mode":"catmullrom"}},"position":{"0.0":{"post":[0,0,0],"lerp_mode":"catmullrom"},"0.25":{"post":[0,1,0],"lerp_mode":"catmullrom"},"0.5":{"post":[0,0,0],"lerp_mode":"catmullrom"},"0.75":{"post":[0,1,0],"lerp_mode":"catmullrom"},"1.0":{"post":[0,0,0],"lerp_mode":"catmullrom"},"1.25":{"post":[0,1,0],"lerp_mode":"catmullrom"},"1.5":{"post":[0,0,0],"lerp_mode":"catmullrom"},"1.75":{"post":[0,1,0],"lerp_mode":"catmullrom"},"2.0":{"post":[0,0,0],"lerp_mode":"catmullrom"}}}}},"animation.snom.blink":{"animation_length":0.1667,"bones":{"left_eyelid":{"position":{"0.0":[1,0,0],"0.125":[1,0,0],"0.1667":[0,0,0]}},"right_eyelid":{"position":{"0.0":[-1,0,0],"0.125":[-1,0,0],"0.1667":[0,0,0]}}}},"animation.snom.sleep":{"loop":true,"animation_length":2,"bones":{"head":{"rotation":["5+math.sin(query.anim_time*90*2+40)*2",-22.5,0],"position":[0,0.5,0]},"snom":{"position":[0,"math.sin(query.anim_time*90*2)*0.07",0]},"left_eyelid":{"position":[1,0,0]},"right_eyelid":{"position":[-1,0,0]}}},"animation.snom.faint":{"animation_length":2,"bones":{"head":{"rotation":{"0.0":{"post":[0,0,0],"lerp_mode":"catmullrom"},"0.5":{"post":[-12.5,0,0],"lerp_mode":"catmullrom"},"0.5417":{"post":[-10,0,0],"lerp_mode":"catmullrom"},"0.5833":{"post":[-12.5,0,0],"lerp_mode":"catmullrom"},"0.625":{"post":[-10,0,0],"lerp_mode":"catmullrom"},"1.0":{"post":[-12.5,0,0],"lerp_mode":"catmullrom"},"1.5":{"post":[15,0,0],"lerp_mode":"catmullrom"},"1.625":{"post":[10,0,0],"lerp_mode":"catmullrom"},"1.75":{"post":[15,0,0],"lerp_mode":"catmullrom"}},"position":{"0.0":{"post":[0,0,0],"lerp_mode":"catmullrom"},"0.5":{"post":[0,0.2,-0.5],"lerp_mode":"catmullrom"},"1.0":{"post":[0,0.2,-0.5],"lerp_mode":"catmullrom"},"1.5":{"post":[0,0.3,0],"lerp_mode":"catmullrom"}}},"snom":{"rotation":{"0.0":{"post":[0,0,0],"lerp_mode":"catmullrom"},"0.5":{"post":[-45,0,0],"lerp_mode":"catmullrom"},"1.0":{"post":[-45,0,0],"lerp_mode":"catmullrom"},"1.5":{"post":[0,0,0],"lerp_mode":"catmullrom"}},"position":{"0.0":{"post":[0,0,0],"lerp_mode":"catmullrom"},"0.5":{"post":[0,3,0],"lerp_mode":"catmullrom"},"1.0":{"post":[0,3,0],"lerp_mode":"catmullrom"},"1.5":{"post":[0,0,0],"lerp_mode":"catmullrom"}}},"left_eyelid":{"position":{"0.0":{"post":[0,0,0],"lerp_mode":"catmullrom"},"1.0":{"post":[0,0,0],"lerp_mode":"catmullrom"},"1.25":{"post":[1,0,0],"lerp_mode":"catmullrom"}}},"right_eyelid":{"position":{"0.0":{"post":[0,0,0],"lerp_mode":"catmullrom"},"1.0":{"post":[0,0,0],"lerp_mode":"catmullrom"},"1.25":{"post":[-1,0,0],"lerp_mode":"catmullrom"}}}}},"animation.snom.cry":{"animation_length":2,"bones":{"head":{"rotation":{"0.0":{"post":[0,0,0],"lerp_mode":"catmullrom"},"0.25":{"post":[-22.5,0,0],"lerp_mode":"catmullrom"},"0.2917":{"post":[-20,0,0],"lerp_mode":"catmullrom"},"0.3333":{"post":[-22.5,0,0],"lerp_mode":"catmullrom"},"0.375":{"post":[-20,0,0],"lerp_mode":"catmullrom"},"0.4167":{"post":[-22.5,0,0],"lerp_mode":"catmullrom"},"0.4583":{"post":[-20,0,0],"lerp_mode":"catmullrom"},"0.5":{"post":[-22.5,0,0],"lerp_mode":"catmullrom"},"0.75":{"post":[0,0,0],"lerp_mode":"catmullrom"}},"position":{"0.0":{"post":[0,0,0],"lerp_mode":"catmullrom"},"0.25":{"post":[0,0.5,0],"lerp_mode":"catmullrom"},"0.75":{"post":[0,0,0],"lerp_mode":"catmullrom"}}},"left_mouth":{"rotation":{"0.0":{"post":[0,0,0],"lerp_mode":"catmullrom"},"0.25":{"post":[0,-22.5,0],"lerp_mode":"catmullrom"},"0.75":{"post":[0,0,0],"lerp_mode":"catmullrom"}},"position":{"0.0":{"post":[0,0,0],"lerp_mode":"catmullrom"},"0.25":{"post":[-0.2,0,0.7],"lerp_mode":"catmullrom"},"0.75":{"post":[0,0,0],"lerp_mode":"catmullrom"}}},"right_mouth":{"rotation":{"0.0":{"post":[0,0,0],"lerp_mode":"catmullrom"},"0.25":{"post":[0,22.5,0],"lerp_mode":"catmullrom"},"0.75":{"post":[0,0,0],"lerp_mode":"catmullrom"}},"position":{"0.0":{"post":[0,0,0],"lerp_mode":"catmullrom"},"0.25":{"post":[0.2,0,0.7],"lerp_mode":"catmullrom"},"0.75":{"post":[0,0,0],"lerp_mode":"catmullrom"}}}}},"animation.snom.battle_idle":{"loop":true,"animation_length":2,"bones":{"head":{"rotation":[0,"math.sin(query.anim_time*90*4-40)*4",0]},"left_mouth":{"rotation":[0,"-math.clamp(math.sin(query.anim_time*90*2)*7,0,7)",0]},"right_mouth":{"rotation":[0,"math.clamp(math.sin(query.anim_time*90*2)*7,0,7)",0]},"snom":{"rotation":[0,"math.sin(query.anim_time*90*4+40)*4",0],"position":["math.sin(query.anim_time*90*4-40)*1",0,"math.sin(query.anim_time*90*4+40)*1"]}}},"animation.snom.physical":{"animation_length":1.25,"bones":{"head":{"rotation":{"0.0":{"post":[0,0,0],"lerp_mode":"catmullrom"},"0.5":{"post":[12.5,0,0],"lerp_mode":"catmullrom"},"0.625":{"post":[-2.5,0,0],"lerp_mode":"catmullrom"},"1.0":{"post":[0,0,0],"lerp_mode":"catmullrom"}},"position":{"0.0":{"post":[0,0,0],"lerp_mode":"catmullrom"},"0.5":{"post":[0,0.3,0],"lerp_mode":"catmullrom"},"1.0":{"post":[0,0,0],"lerp_mode":"catmullrom"}}},"snom":{"rotation":{"0.0":{"post":[0,0,0],"lerp_mode":"catmullrom"},"0.5":{"post":[0,0,0],"lerp_mode":"catmullrom"},"0.625":{"post":[-12.5,0,0],"lerp_mode":"catmullrom"},"1.0":{"post":[0,0,0],"lerp_mode":"catmullrom"}},"position":{"0.0":{"post":[0,0,0],"lerp_mode":"catmullrom"},"0.25":{"post":[0,0,1],"lerp_mode":"catmullrom"},"0.5":{"post":[0,0,-6],"lerp_mode":"catmullrom"},"0.625":{"post":[0,0.9,-6],"lerp_mode":"catmullrom"},"1.0":{"post":[0,0,0],"lerp_mode":"catmullrom"}}},"left_eyelid":{"position":{"0.0":{"post":[0,0,0],"lerp_mode":"catmullrom"},"0.5":{"post":[0,0,0],"lerp_mode":"catmullrom"},"0.625":{"post":[1,0,0],"lerp_mode":"catmullrom"},"0.875":{"post":[1,0,0],"lerp_mode":"catmullrom"},"1.0":{"post":[0,0,0],"lerp_mode":"catmullrom"}}},"right_eyelid":{"position":{"0.0":{"post":[0,0,0],"lerp_mode":"catmullrom"},"0.5":{"post":[0,0,0],"lerp_mode":"catmullrom"},"0.625":{"post":[-1,0,0],"lerp_mode":"catmullrom"},"0.875":{"post":[-1,0,0],"lerp_mode":"catmullrom"},"1.0":{"post":[0,0,0],"lerp_mode":"catmullrom"}}}}},"animation.snom.special":{"animation_length":1.5,"bones":{"torso":{"rotation":{"0.0":{"post":[0,0,0],"lerp_mode":"catmullrom"},"0.75":{"post":[0,-22.5,0],"lerp_mode":"catmullrom"},"1.25":{"post":[0,0,0],"lerp_mode":"catmullrom"}},"position":{"0.0":{"post":[0,0,0],"lerp_mode":"catmullrom"},"0.75":{"post":[-2,0,0],"lerp_mode":"catmullrom"},"1.25":{"post":[0,0,0],"lerp_mode":"catmullrom"}}},"head":{"rotation":{"0.0":{"post":[0,0,0],"lerp_mode":"catmullrom"},"0.25":{"post":[0,-22.5,0],"lerp_mode":"catmullrom"},"0.5":{"post":[0,-22.5,0],"lerp_mode":"catmullrom"},"1.25":{"post":[0,0,0],"lerp_mode":"catmullrom"}}},"snom":{"rotation":{"0.0":{"post":[0,0,0],"lerp_mode":"catmullrom"},"0.25":{"post":[0,-112.5,0],"lerp_mode":"catmullrom"},"0.5":{"post":[0,-112.5,0],"lerp_mode":"catmullrom"},"1.25":{"post":[0,0,0],"lerp_mode":"catmullrom"}}}}}}}