{"format_version":"1.8.0","animations":{"animation.spectrier_rider.new":{"animation_length":0.04,"bones":{"tail":{"rotation":[-52.5,0,0]},"back_body":{"rotation":[32.5,0,0]},"central_body":{"rotation":[5,0,0]},"front_body":{"rotation":[5,0,0]},"front_leg_left":{"rotation":[27.5,0,0],"position":[0,19,-9]},"front_leg_left2":{"rotation":[27.5,0,0]},"front_leg_left3":{"rotation":[-67.5,0,0]},"front_foot_left":{"rotation":[-30,0,0]},"neck":{"rotation":[5,0,0]},"neck2":{"rotation":[10,0,0]},"head":{"rotation":[10,0,0]},"back_leg_left":{"rotation":[20,0,0]},"back_leg_left2":{"rotation":[-2.5,0,0]},"back_leg_left3":{"rotation":[-7.5,0,0]},"back_foot_left":{"rotation":[-10,0,0],"position":[0,0,0]},"front_leg_right":{"rotation":[62.5,0,0],"position":[0,16,-11]},"front_leg_right2":{"rotation":[12.5,0,0]},"front_leg_right3":{"rotation":[-57.5,0,0]},"front_foot_right":{"rotation":[-37.5,0,0]},"tail2":{"rotation":[-40,0,0]},"tail3":{"rotation":[-9.49812,2.14246,-3.49268]},"tail4":{"rotation":[-37.5,0,0]},"smoke":{"rotation":[5,0,0]},"smoke2":{"rotation":[-15,0,0]},"smoke3":{"rotation":[9.79093,1.50992,-1.5549]},"smoke4":{"rotation":[-12.5,0,0]},"smoke5":{"rotation":[25,0,0]},"smoke6":{"rotation":[12.5,0,0]},"smoke7":{"rotation":[-25,0,0]},"smoke8":{"rotation":[17.5,0,0]},"smoke9":{"rotation":[-22.5,0,0]},"smoke10":{"rotation":[15,0,0]},"hair_left":{"rotation":[-12.74114,14.87935,-63.61839]},"hair_left2":{"rotation":[-5.72902,48.37778,-5.11271]},"hair_left3":{"rotation":[-3.0471,-7.42178,-4.41706]},"hair_left4":{"rotation":[-1.78847,27.31578,-8.69696]},"hair_left5":{"rotation":[-1.18134,-30.13042,1.18183]},"hair_left6":{"rotation":[0,-27.5,0]},"hair_left7":{"rotation":[0,5,-52.5]},"hair_left8":{"rotation":[-8.22888,51.9675,-12.04251]},"hair_left9":{"rotation":[3.56424,-17.1884,-10.46257]},"hair_left10":{"rotation":[-3.38713,32.28123,-8.74537]},"hair_left11":{"rotation":[0,-32.5,0]},"hair_left12":{"rotation":[0,-22.5,0]},"hair_left13":{"rotation":[13.51882,-1.67986,-43.88036]},"hair_left14":{"rotation":[-24.57145,47.72155,-10.41899]},"hair_left15":{"rotation":[3.03513,-9.53274,-30.25313]},"hair_left16":{"rotation":[-1.62473,22.42932,-5.38973]},"hair_left17":{"rotation":[0,-15,0]},"hair_left18":{"rotation":[0,-17.5,0]},"hair_right13":{"rotation":[26.83745,9.07594,93.66242]},"hair_right14":{"rotation":[-3.09472,-22.29711,8.11003]},"hair_right15":{"rotation":[3.90399,17.07228,13.08619]},"hair_right16":{"rotation":[2.59478,-11.73978,-3.70665]},"hair_right17":{"rotation":[0,20,0]},"hair_right18":{"rotation":[0,17.5,0]},"hair_right2":{"rotation":[-0.6574,-7.4713,77.54292]},"hair_right3":{"rotation":[0,-17.5,15]},"hair_right4":{"rotation":[0,-2.5,7.5]},"hair_right5":{"rotation":[0,-5,7.5]},"hair_right6":{"rotation":[0,52.5,0]},"hair_right7":{"rotation":[0,30,0]},"hair_right8":{"rotation":[-2.06754,-22.40972,72.90961]},"hair_right9":{"rotation":[0,-5,15]},"hair_right10":{"rotation":[-1.75378,9.84655,-5.15108]},"hair_right11":{"rotation":[2.18558,-9.76061,-5.18664]},"hair_right12":{"rotation":[-2.57816,7.04533,-20.15874]},"hair_right19":{"rotation":[-0.88045,9.96156,-5.07673]},"fringe":{"rotation":[-43.72473,-40.04496,25.29402]},"fringe2":{"rotation":[-17.5,0,0]},"calyrex":{"rotation":[-32.5,0,0]},"body2":{"position":[0,-13,0]},"leg_left":{"rotation":[-90,-60,12.5]},"leg_left2":{"rotation":[137.47457,8.23923,70.73505],"position":[-1,0.75,1.75]},"leg_left3":{"rotation":[-30,0,0]},"leg_right":{"rotation":[-90,60,-12.5]},"leg_right2":{"rotation":[137.47457,-8.23923,-70.73505],"position":[1,0.75,1.75]},"leg_right3":{"rotation":[-30,0,0]},"arm_left":{"rotation":[-22.5,0,-45]},"cape_left":{"rotation":[45,0,0]},"cape_right":{"rotation":[22.5,0,0]}}},"animation.spectrier_rider.ground_idle":{"loop":true,"animation_length":2,"bones":{"neck":{"rotation":["20+math.cos(q.anim_time*90*2-45-45)",0,0]},"neck2":{"rotation":[0,0,0]},"neck3":{"rotation":[0,0,0]},"head":{"rotation":[0,0,0]},"tail":{"rotation":["-1+math.cos(q.anim_time*90*2-90)*3+math.cos(q.anim_time*90*4)*2",0,0],"scale":["1-math.sin(q.anim_time*90*4)/15/2","1-math.sin(q.anim_time*90*4)/15/2","1+math.sin(q.anim_time*90*4)/15/2"]},"tail2":{"rotation":["6+math.cos(q.anim_time*90*4-45)*2",0,0],"scale":["1-math.sin(q.anim_time*90*4-45)/15/2","1-math.sin(q.anim_time*90*4-45)/15/2","1+math.sin(q.anim_time*90*4-45)/15/2"]},"tail3":{"rotation":["6+math.cos(q.anim_time*90*4-90)*2",0,0],"scale":["1-math.sin(q.anim_time*90*4-90)/15/2","1-math.sin(q.anim_time*90*4-90)/15/2","1+math.sin(q.anim_time*90*4-90)/15/2"]},"tail4":{"rotation":["6+math.cos(q.anim_time*90*4-90-45)*2",0,0],"scale":["1-math.sin(q.anim_time*90*4-90-45)/15/2","1-math.sin(q.anim_time*90*4-90)/15/2","1+math.sin(q.anim_time*90*4-90-45)/15/2"]},"smoke":{"rotation":["-12.5+math.cos(q.anim_time*90*4*2-45)",0,0],"scale":["1-math.sin(q.anim_time*90*4*2-45)/10","1-math.sin(q.anim_time*90*4*2-45)/10","1+math.sin(q.anim_time*90*4*2-45)/10"]},"smoke2":{"rotation":["21+math.cos(q.anim_time*90*4*2-90)",0,0]},"smoke3":{"rotation":["-15+math.cos(q.anim_time*90*4*2-90-45)",0,0]},"smoke4":{"rotation":["-5+math.cos(q.anim_time*90*4*2-90-90)",0,0]},"smoke5":{"rotation":["-18+math.cos(q.anim_time*90*4*2-90-90-45)",0,0]},"smoke6":{"rotation":["-12.5+math.cos(q.anim_time*90*4*2)",0,0],"scale":["1-math.sin(q.anim_time*90*4*2)/10","1-math.sin(q.anim_time*90*4*2)/10","1+math.sin(q.anim_time*90*4*2)/10"]},"smoke7":{"rotation":["21+math.cos(q.anim_time*90*4*2-45)",0,0]},"smoke8":{"rotation":["-15+math.cos(q.anim_time*90*4*2-90)",0,0]},"smoke9":{"rotation":["-5+math.cos(q.anim_time*90*4*2-90-45)",0,0]},"smoke10":{"rotation":["-18+math.cos(q.anim_time*90*4*2-90-90)",0,0]},"fringe3":{"rotation":["-40+math.cos(q.anim_time*90*2-45)*7",-15,0]},"fringe2":{"rotation":["-14.6304+7+math.cos(q.anim_time*90*2)*7",-38.50947,-13.49029]},"fringe":{"rotation":["-21.9919+1+math.cos(q.anim_time*90*2+45)*5",-44.49535,2.95994]},"hair_left4":{"rotation":[-1.59072,"-2.6718+math.cos(q.anim_time*90*2-90-45)*5+math.clamp(math.sin(q.anim_time*90*2-145)*18,0,18)",-7.80185]},"hair_left3":{"rotation":[-3.48553,"-15+math.cos(q.anim_time*90*2-90)*3+math.clamp(math.sin(q.anim_time*90*2-145)*7,0,7)",-3.07264]},"hair_left2":{"rotation":[-5.72902,"30+math.cos(q.anim_time*90*2-45)*3",-5.11271]},"hair_left":{"rotation":[-14.56001,"13.1067+math.cos(q.anim_time*90*2)*3",-71.12945]},"hair_left5":{"rotation":[-1.02,"-2.6353+math.cos(q.anim_time*90*2-90-90)*7-math.clamp(math.sin(q.anim_time*90*2-145+20)*25,0,25)","0.64+math.clamp(math.sin(q.anim_time*90*2-145+20)*5,0,5)"]},"hair_left6":{"rotation":[0,"-10+math.cos(q.anim_time*90*2-90-90-45)*7-math.clamp(math.sin(q.anim_time*90*2-145+10)*35,0,35)",0]},"hair_left7":{"rotation":[-1.29717,"4.8292+math.cos(q.anim_time*90*2-45)*3",-67.5547]},"hair_left8":{"rotation":[-2.1634,"30+math.cos(q.anim_time*90*2-90)*3",-3.52284]},"hair_left9":{"rotation":[2.00677,"-10+math.cos(q.anim_time*90*2-90-45)*5",-5.2314]},"hair_left10":{"rotation":[-6.51011,"20+math.cos(q.anim_time*90*2-90-90)*5",-14.62419]},"hair_left11":{"rotation":[0,"-32.5+math.cos(q.anim_time*90*2-90-90-45)*10",0]},"hair_left12":{"rotation":[0,"-22.5+math.cos(q.anim_time*90*2-90-90-90)*15",0]},"hair_left13":{"rotation":[21.94329,"-13.1483-5+math.sin(q.anim_time*90*2)*3",-73.64136]},"hair_left14":{"rotation":[-24.57145,"47.7216+math.sin(q.anim_time*90*2-45)*4",-10.41899]},"hair_left15":{"rotation":[2.18558,"-9.7606+math.sin(q.anim_time*90*2-90)*5",-25.18664]},"hair_left16":{"rotation":[0.13989,"7.5854+math.sin(q.anim_time*90*2-90-45)*5",7.64198]},"hair_left17":{"rotation":[0,"-7.5+math.sin(q.anim_time*90*2-90-90)*10",0]},"hair_left18":{"rotation":[0,"-17.5+math.sin(q.anim_time*90*2-90-90-45)*15",0]},"hair_right13":{"rotation":[21.74869,"18.4417-math.sin(q.anim_time*90*2)*3",72.56531]},"hair_right14":{"rotation":[-1.03509,"-22.4774-math.sin(q.anim_time*90*2-45)*(3+2)",2.70569]},"hair_right15":{"rotation":[8.28342,"15.4697-math.sin(q.anim_time*90*2-90)*(3+(2*2))",28.62702]},"hair_right16":{"rotation":[2.78599,"-24.2261-math.sin(q.anim_time*90*2-90)*(3+(2*3))",-4.32231]},"hair_right17":{"rotation":[0,"7.5-math.sin(q.anim_time*90*2-90-45)*(3+(2*4))",0]},"hair_right18":{"rotation":[0,"2.5-math.sin(q.anim_time*90*2-90-90)*(3+(2*8))",0]},"hair_right2":{"rotation":[0,"-7.5-math.cos(q.anim_time*90*2-45)*3",72.5]},"hair_right3":{"rotation":[1.5741,"-17.4313-math.cos(q.anim_time*90*2-90)*(3+2)",9.75867]},"hair_right4":{"rotation":[-4.6653,"16.8855-math.cos(q.anim_time*90*2-90-45)*(3+(2*2))",-8.19284]},"hair_right5":{"rotation":[-1.10693,"-12.4517-math.cos(q.anim_time*90*2-90-90)*(3+(2*3))",12.62076]},"hair_right6":{"rotation":[0,"12.5-math.cos(q.anim_time*90*2-90-90-45)*(3+(2*4))",0]},"hair_right7":{"rotation":[0,"15-math.cos(q.anim_time*90*2-90-90-90)*(3+(2*8))",0]},"hair_right8":{"rotation":[-2.06754,"-22.4097-math.cos(q.anim_time*90*2)*2",72.90961]},"hair_right9":{"rotation":[0,"-5-math.cos(q.anim_time*90*2-45)*2",15]},"hair_right10":{"rotation":[0,"-5-math.cos(q.anim_time*90*2-90)*2-math.clamp(-math.sin(q.anim_time*90*2+45)*5,0,5)",5]},"hair_right11":{"rotation":[0,"-5-math.cos(q.anim_time*90*2-90-45)*2-math.clamp(-math.sin(q.anim_time*90*2+45)*5,0,5)",7.5]},"hair_right12":{"rotation":[0,"27.5-math.cos(q.anim_time*90*2-90-90)*10+math.clamp(-math.sin(q.anim_time*90*2+40)*15,0,15)",0]},"hair_right19":{"rotation":[0,"10-math.cos(q.anim_time*90*2-90-90-45)*10+math.clamp(-math.sin(q.anim_time*90*2+40-10)*15,0,15)",0]},"front_leg_left":{"rotation":["-math.cos(q.anim_time*90*2)*2",0,0],"position":[0,"-math.cos(q.anim_time*90*2)/25","math.cos(q.anim_time*90*2)*0.75"]},"front_leg_left2":{"rotation":["math.cos(q.anim_time*90*2)*2/3",0,0]},"front_leg_left3":{"rotation":["math.cos(q.anim_time*90*2)*2/3",0,0]},"front_foot_left":{"rotation":["math.cos(q.anim_time*90*2)*2/3",0,0]},"front_leg_right":{"rotation":["-math.cos(q.anim_time*90*2)*2",0,0],"position":[0,"-math.cos(q.anim_time*90*2)/25","math.cos(q.anim_time*90*2)*0.75"]},"front_leg_right2":{"rotation":["math.cos(q.anim_time*90*2)*2/3",0,0]},"front_leg_right3":{"rotation":["math.cos(q.anim_time*90*2)*2/3",0,0]},"front_foot_right":{"rotation":["math.cos(q.anim_time*90*2)*2/3",0,0]},"back_leg_left":{"rotation":["math.cos(q.anim_time*90*2)*2",0,0],"position":[0,"math.cos(q.anim_time*90*2)/20","-math.cos(q.anim_time*90*2)*0.65"]},"back_leg_left2":{"rotation":["-math.cos(q.anim_time*90*2)*2/3",0,0]},"back_leg_left3":{"rotation":["-math.cos(q.anim_time*90*2)*2/3",0,0]},"back_foot_left":{"rotation":["-math.cos(q.anim_time*90*2)*2/3",0,0]},"back_leg_right":{"rotation":["math.cos(q.anim_time*90*2)*2",0,0],"position":[0,"math.cos(q.anim_time*90*2)/20","-math.cos(q.anim_time*90*2)*0.65"]},"back_leg_right2":{"rotation":["-math.cos(q.anim_time*90*2)*2/3",0,0]},"back_leg_right3":{"rotation":["-math.cos(q.anim_time*90*2)*2/3",0,0]},"back_foot_right":{"rotation":["-math.cos(q.anim_time*90*2)*2/3",0,0]},"Torso":{"rotation":["math.cos(q.anim_time*90*2-45)",0,0],"position":[0,"math.cos(q.anim_time*90*2)/2",0]},"body2":{"position":[0,-24,0]},"leg_left":{"rotation":[-90,-60,12.5]},"leg_left2":{"rotation":[137.47457,8.23923,70.73505],"position":[-1,0.75,1.75]},"leg_left3":{"rotation":[-30,0,0]},"leg_right":{"rotation":[-90,60,-12.5]},"leg_right2":{"rotation":[137.47457,-8.23923,-70.73505],"position":[1,0.75,1.75]},"leg_right3":{"rotation":[-30,0,0]},"upper_body":{"rotation":[10,0,0]},"arm_right":{"rotation":[-67.5,-67.5,0]},"head2":{"rotation":[-10,0,0]},"arm_left":{"rotation":[-67.5,67.5,0]}}},"animation.spectrier_rider.ground_walk":{"loop":true,"animation_length":1,"bones":{"Torso":{"rotation":["-math.cos(q.anim_time*90*4*2+90)*1.5",0,"-math.cos(q.anim_time*90*4-45)*4"],"position":[0,"-math.cos(q.anim_time*90*4*2)/2",0]},"neck":{"rotation":["20+math.cos(q.anim_time*90*4*2-45-45)*4",0,0]},"neck2":{"rotation":[0,0,0]},"neck3":{"rotation":[0,0,0]},"head":{"rotation":["8+math.cos(q.anim_time*90*4*2-45-45+90)*5",0,0]},"hair_left":{"rotation":[-14.56001,"13.1067+math.cos(q.anim_time*90*4*2)*3",-71.12945]},"hair_left2":{"rotation":[-5.72902,"30+math.cos(q.anim_time*90*4*2-45)*3",-5.11271]},"hair_left3":{"rotation":[-3.48553,"-15+math.cos(q.anim_time*90*4*2-90)*3+math.clamp(math.sin(q.anim_time*90*4*2-145)*7,0,7)",-3.07264]},"hair_left4":{"rotation":[-1.59072,"-2.6718+math.cos(q.anim_time*90*4*2-90-45)*5+math.clamp(math.sin(q.anim_time*90*4*2-145)*18,0,18)",-7.80185]},"hair_left5":{"rotation":[-1.02,"-2.6353+math.cos(q.anim_time*90*4*2-90-90)*7+math.clamp(math.sin(q.anim_time*90*4*2-145+20)*5,0,5)","0.64+math.clamp(math.sin(q.anim_time*90*4*2-145+20)*15,0,15)"]},"hair_left6":{"rotation":[0,"-10+math.cos(q.anim_time*90*4*2-90-90-45)*7-math.clamp(math.sin(q.anim_time*90*4*2-145+10)*60,0,60)",0]},"hair_left7":{"rotation":[-1.29717,"4.8292+math.cos(q.anim_time*90*4*2-45)*3",-67.5547]},"hair_left8":{"rotation":[-2.1634,"30+math.cos(q.anim_time*90*4*2-90)*3",-3.52284]},"hair_left9":{"rotation":[2.00677,"-10+math.cos(q.anim_time*90*4*2-90-45)*5",-5.2314]},"hair_left10":{"rotation":[-6.51011,"20+math.cos(q.anim_time*90*4*2-90-90)*5",-14.62419]},"hair_left11":{"rotation":[0,"-32.5+math.cos(q.anim_time*90*4*2-90-90-45)*10",0]},"hair_left12":{"rotation":[0,"-22.5+math.cos(q.anim_time*90*4*2-90-90-90)*15",0]},"hair_left13":{"rotation":[21.94329,"-13.1483-5-10+math.sin(q.anim_time*90*4*2)*3",-73.64136]},"hair_left14":{"rotation":[-24.57145,"47.7216+math.sin(q.anim_time*90*4*2-45)*4",-10.41899]},"hair_left15":{"rotation":[2.18558,"-9.7606+math.sin(q.anim_time*90*4*2-90)*5",-25.18664]},"hair_left16":{"rotation":[0.13989,"7.5854+math.sin(q.anim_time*90*4*2-90-45)*5",7.64198]},"hair_left17":{"rotation":[0,"-7.5+math.sin(q.anim_time*90*4*2-90-90)*10",0]},"hair_left18":{"rotation":[0,"-17.5+math.sin(q.anim_time*90*4*2-90)*18",0]},"hair_right13":{"rotation":[21.74869,"18.4417-7+20-math.sin(q.anim_time*90*4*2)*7",72.56531]},"hair_right14":{"rotation":[-1.03509,"-22.4774-math.sin(q.anim_time*90*4*2-45)*(3+2)",2.70569]},"hair_right15":{"rotation":[8.28342,"15.4697-math.sin(q.anim_time*90*4*2-90)*(3+(2*2))",28.62702]},"hair_right16":{"rotation":[2.78599,"-24.2261-math.sin(q.anim_time*90*4*2-90)*(3+(2*3))",-4.32231]},"hair_right17":{"rotation":[0,"7.5-math.sin(q.anim_time*90*4*2-90-45)*(3+(2*4))",0]},"hair_right18":{"rotation":[0,"2.5-math.sin(q.anim_time*90*4*2-90-90)*(3+(2*8))",0]},"hair_right2":{"rotation":[0,"-7.5-math.cos(q.anim_time*90*4*2-45)*3",72.5]},"hair_right3":{"rotation":[1.5741,"-17.4313-math.cos(q.anim_time*90*4*2-90)*(3+2)",9.75867]},"hair_right4":{"rotation":[-4.6653,"16.8855-math.cos(q.anim_time*90*4*2-90-45)*(3+(2*2))",-8.19284]},"hair_right5":{"rotation":[-1.10693,"-12.4517-math.cos(q.anim_time*90*4*2-90-90)*(3+(2*3))",12.62076]},"hair_right6":{"rotation":[0,"12.5-math.cos(q.anim_time*90*4*2-90-90-45)*(3+(2*4))",0]},"hair_right7":{"rotation":[0,"15-math.cos(q.anim_time*90*4*2-90-90-90)*(3+(2*8))",0]},"hair_right8":{"rotation":[-2.07,"-22.4097-math.cos(q.anim_time*90*4*2)*2",72.91]},"hair_right9":{"rotation":[0,"-5-math.cos(q.anim_time*90*4*2-45)*2",15]},"hair_right10":{"rotation":[0,"-5-math.cos(q.anim_time*90*4*2-90)*2-math.clamp(-math.sin(q.anim_time*90*4*2+45)*5,0,5)",5]},"hair_right11":{"rotation":[0,"-5-math.cos(q.anim_time*90*4*2-90-45)*2-math.clamp(-math.sin(q.anim_time*90*4*2+45)*5,0,5)",7.5]},"hair_right12":{"rotation":[0,"27.5-math.cos(q.anim_time*90*4*2-90-90)*10-math.clamp(-math.sin(q.anim_time*90*4+40)*20,0,20)",0]},"hair_right19":{"rotation":[0,"10-math.cos(q.anim_time*90*4*2-90-90-45)*10+math.clamp(-math.sin(q.anim_time*90*4+40+5)*60,0,60)",0]},"fringe":{"rotation":["-21.9919+1-math.cos(q.anim_time*90*4*2+45)*5",-44.49535,2.95994]},"fringe2":{"rotation":["-14.6304+7-math.cos(q.anim_time*90*4*2)*7",-38.50947,-13.49029]},"fringe3":{"rotation":["-40-math.cos(q.anim_time*90*4*2-45)*7",-15,0]},"tail":{"rotation":["-5-math.cos(q.anim_time*90*4*2)*5",0,0],"scale":["1+math.sin(q.anim_time*90*4*2)/15","1+math.sin(q.anim_time*90*4*2)/15","1-math.sin(q.anim_time*90*4*2)/15"]},"tail2":{"rotation":["-math.cos(q.anim_time*90*4*2-45)*5",0,0],"scale":["1+math.sin(q.anim_time*90*4*2-45)/15","1+math.sin(q.anim_time*90*4*2-45)/15","1-math.sin(q.anim_time*90*4*2-45)/15"]},"tail3":{"rotation":["-math.cos(q.anim_time*90*4*2-90)*5",0,0],"scale":["1+math.sin(q.anim_time*90*4*2-90)/15","1+math.sin(q.anim_time*90*4*2-90)/15","1-math.sin(q.anim_time*90*4*2-90)/15"]},"tail4":{"rotation":["-math.cos(q.anim_time*90*4*2-90-45)*5",0,0],"scale":["1+math.sin(q.anim_time*90*4*2-90-45)/15","1+math.sin(q.anim_time*90*4*2-90-45)/15","1-math.sin(q.anim_time*90*4*2-90-45)/15"]},"front_leg_right":{"rotation":["math.cos(q.anim_time*90*4-45)*22.5",0,0],"position":{"0.0":[0,0.12,0],"0.0417":[0,-0.25,0],"0.125":[0,-1.25,0],"0.375":[0,0,0],"0.5":[0,-1.75,0],"0.625":[0,-3.5,0],"0.7083":[0,-1,0],"0.7917":[0,0.5,0],"0.875":[0,1,0],"0.9583":[0,0.5,0],"1.0":[0,0.12,0]}},"front_leg_right2":{"rotation":["math.clamp(-math.sin(q.anim_time*90*4-45)*20,0,20)",0,0]},"front_leg_right3":{"rotation":["-math.clamp(-math.sin(q.anim_time*90*4-45)*70,0,670)",0,0]},"front_foot_right":{"rotation":["-math.cos(q.anim_time*90*4-45)*20-math.clamp(-math.sin(q.anim_time*90*4-90)*50,0,50)",0,0]},"back_leg_left":{"rotation":["-math.cos(q.anim_time*90*4)*22.5",0,0],"position":{"0.0":[0,-3.5,0],"0.0833":[0,-1,0],"0.1667":[0,0.5,0],"0.25":[0,1,0],"0.3333":[0,0.5,0],"0.4167":[0,-0.25,0],"0.5":[0,-1.25,0],"0.75":[0,0,0],"0.875":[0,-1.75,0],"1.0":[0,-3.5,0]}},"back_leg_left2":{"rotation":["-math.clamp(math.sin(q.anim_time*90*4)*20,0,20)",0,0]},"back_leg_left3":{"rotation":["math.clamp(math.sin(q.anim_time*90*4)*45,0,45)",0,0]},"back_foot_left":{"rotation":["math.cos(q.anim_time*90*4)*23-math.clamp(math.sin(q.anim_time*90*4)*55,0,55)",0,0]},"smoke":{"rotation":["-12.5+math.cos(q.anim_time*90*4*2-45)",0,0],"scale":["1-math.sin(q.anim_time*90*4*2-45)/10","1-math.sin(q.anim_time*90*4*2-45)/10","1+math.sin(q.anim_time*90*4*2-45)/10"]},"smoke2":{"rotation":["21+math.cos(q.anim_time*90*4*2-90)",0,0]},"smoke3":{"rotation":["-15+math.cos(q.anim_time*90*4*2-90-45)",0,0]},"smoke4":{"rotation":["-5+math.cos(q.anim_time*90*4*2-90-90)",0,0]},"smoke5":{"rotation":["-18+math.cos(q.anim_time*90*4*2-90-90-45)",0,0]},"back_leg_right":{"rotation":["math.cos(q.anim_time*90*4)*22.5",0,0],"position":{"0.0":[0,-1.25,0],"0.25":[0,0,0],"0.5":[0,-3.5,0],"0.5833":[0,-1,0],"0.6667":[0,0.5,0],"0.75":[0,1,0],"0.8333":[0,0.5,0],"0.9167":[0,-0.25,0],"1.0":[0,-1.25,0]}},"back_leg_right2":{"rotation":["-math.clamp(-math.sin(q.anim_time*90*4)*20,0,20)",0,0]},"back_leg_right3":{"rotation":["math.clamp(-math.sin(q.anim_time*90*4)*45,0,45)",0,0]},"back_foot_right":{"rotation":["-math.cos(q.anim_time*90*4)*23-math.clamp(-math.sin(q.anim_time*90*4)*55,0,55)",0,0]},"smoke6":{"rotation":["-12.5+math.cos(q.anim_time*90*4*2)",0,0],"scale":["1-math.sin(q.anim_time*90*4*2)/10","1-math.sin(q.anim_time*90*4*2)/10","1+math.sin(q.anim_time*90*4*2)/10"]},"smoke7":{"rotation":["21+math.cos(q.anim_time*90*4*2-45)",0,0]},"smoke8":{"rotation":["-15+math.cos(q.anim_time*90*4*2-90)",0,0]},"smoke9":{"rotation":["-5+math.cos(q.anim_time*90*4*2-90-45)",0,0]},"smoke10":{"rotation":["-18+math.cos(q.anim_time*90*4*2-90-90)",0,0]},"front_leg_left":{"rotation":["-math.cos(q.anim_time*90*4-45)*22.5",0,0],"position":{"0.0":[0,-1.75,0],"0.125":[0,-3.5,0],"0.2083":[0,-1,0],"0.2917":[0,0.5,0],"0.375":[0,1,0],"0.4583":[0,0.5,0],"0.5":[0,0.12,0],"0.5417":[0,-0.25,0],"0.625":[0,-1.25,0],"0.875":[0,0,0],"1.0":[0,-1.75,0]}},"front_leg_left2":{"rotation":["math.clamp(math.sin(q.anim_time*90*4-45)*20,0,20)",0,0]},"front_leg_left3":{"rotation":["-math.clamp(math.sin(q.anim_time*90*4-45)*70,0,670)",0,0]},"front_foot_left":{"rotation":["math.cos(q.anim_time*90*4-45)*20-math.clamp(math.sin(q.anim_time*90*4-90)*50,0,50)",0,0]},"body2":{"position":[0,-24,0]},"leg_left":{"rotation":[-90,-60,12.5]},"leg_left2":{"rotation":[137.47457,8.23923,70.73505],"position":[-1,0.75,1.75]},"leg_left3":{"rotation":[-30,0,0]},"leg_right":{"rotation":[-90,60,-12.5]},"leg_right2":{"rotation":[137.47457,-8.23923,-70.73505],"position":[1,0.75,1.75]},"leg_right3":{"rotation":[-30,0,0]},"upper_body":{"rotation":[10,0,0]},"arm_right":{"rotation":[-52.68109,"-74.058-math.sin(q.anim_time*90*4*2)*2","-15.2572-math.sin(q.anim_time*90*4*2)*5"]},"head2":{"rotation":[-10,0,0]},"arm_left":{"rotation":[-52.68109,"74.058+math.sin(q.anim_time*90*4*2)*2","15.2572+math.sin(q.anim_time*90*4*2)*5"]}}},"animation.spectrier_rider.walkspeed":{"loop":true,"bones":{"spectrier":{"position":[0,0,"-q.anim_time*90*0.75"]}}}}}