{"format_version":"1.8.0","animations":{"animation.spidops.ground_idle":{"loop":true,"animation_length":2,"bones":{"body":{"position":[0,-2.5,0]},"torso":{"rotation":["15+math.cos(q.anim_time*90*2+90)*1.5",5,0],"position":[0,"math.cos(q.anim_time*90*2)/2","0.75+math.cos(q.anim_time*90*2)*0.4"]},"head":{"rotation":["-15+math.cos(q.anim_time*90*2+90-45)*1.5",-5,0]},"armLeftFront":{"rotation":[-45,45,"67.5+math.cos(q.anim_time*90*2)*5"]},"handLeftFront":{"rotation":[0,0,"45+math.cos(q.anim_time*90*2-45)*5"]},"armRightFront":{"rotation":[-22.5,-45,"-67.5-math.cos(q.anim_time*90*2-45)*5"]},"handRightFront":{"rotation":[22.5,0,"-45-math.cos(q.anim_time*90*2-45-45)*5"]},"armRightBack":{"rotation":[-22.5,-45,"-67.5-math.cos(q.anim_time*90*2-45)*5"]},"handRightBack":{"rotation":[22.5,0,"-45-math.cos(q.anim_time*90*2-45-45)*5"]},"armLeftBack":{"rotation":[-45,45,"67.5+math.cos(q.anim_time*90*2)*5"]},"handLeftBack":{"rotation":[0,0,"45+math.cos(q.anim_time*90*2-45)*5"]},"legRightBack":{"rotation":[10,25,"45-math.cos(q.anim_time*90*2)*5"],"position":[0,"math.cos(q.anim_time*90*2)*0.4","1.5+math.cos(q.anim_time*90*2)*0.3"]},"footRightBack":{"rotation":["10/2-math.cos(q.anim_time*90*2)*5","25/2","-45+math.cos(q.anim_time*90*2)*5"]},"legRightFront":{"rotation":[10,25,"45-math.cos(q.anim_time*90*2)*5"],"position":[0,"math.cos(q.anim_time*90*2)*0.4","1.5+math.cos(q.anim_time*90*2)*0.3"]},"footRightFront":{"rotation":["10/2-math.cos(q.anim_time*90*2)*5","25/2","-45+math.cos(q.anim_time*90*2)*5"]},"legLeftFront":{"rotation":[-10,25,"-45+math.cos(q.anim_time*90*2)*3"],"position":["math.cos(q.anim_time*90*2)*0.45","0.1+math.cos(q.anim_time*90*2)*0.3","0.75+math.cos(q.anim_time*90*2)*0.3"]},"footLeftFront":{"rotation":[-10,-25,"45-math.cos(q.anim_time*90*2)*3"]},"legLeftBack":{"rotation":[-10,25,"-45+math.cos(q.anim_time*90*2)*3"],"position":["math.cos(q.anim_time*90*2)*0.45","0.1+math.cos(q.anim_time*90*2)*0.3","0.75+math.cos(q.anim_time*90*2)*0.3"]},"footLeftBack":{"rotation":[-10,-25,"45-math.cos(q.anim_time*90*2)*3"]},"abdomen":{"rotation":["-5+math.cos(q.anim_time*90*2-45)*1.5*2",0,0]},"WebLegFrontLeft":{"rotation":[0,0,180],"scale":1},"WebLegBackLeft":{"rotation":[0,0,180],"scale":1}}},"animation.spidops.ground_walk":{"loop":true,"animation_length":2,"bones":{"body":{"rotation":[0,0,0],"position":[0,-3.75,0]},"torso":{"rotation":["22.5-math.cos(q.anim_time*90*2*2+90)*2","22.5-math.cos(q.anim_time*90*2)*10",0],"position":[0,"-math.cos(q.anim_time*90*2*2)/2",0]},"head":{"rotation":[-22.5,"-22.5+math.cos(q.anim_time*90*2)*10",0]},"armLeftFront":{"rotation":[0,55,"67.5+math.sin(q.anim_time*90*4)*5"]},"handLeftFront":{"rotation":[0,0,"45+math.sin(q.anim_time*90*4-45)*5"]},"armRightFront":{"rotation":[0,-67.5,"-67.5-math.sin(q.anim_time*90*4)*5"]},"handRightFront":{"rotation":[0,0,"-67.5-math.sin(q.anim_time*90*4-45)*5"]},"armRightBack":{"rotation":[0,-67.5,"-67.5-math.sin(q.anim_time*90*4)*5"]},"handRightBack":{"rotation":[0,0,"-67.5-math.sin(q.anim_time*90*4-45)*5"]},"armLeftBack":{"rotation":[0,55,"67.5+math.sin(q.anim_time*90*4)*5"]},"handLeftBack":{"rotation":[0,0,"45+math.sin(q.anim_time*90*4-45)*5"]},"legRightBack":{"rotation":["-22.5-math.cos(q.anim_time*90*2)*20",0,"45+math.clamp(-math.sin(q.anim_time*90*2)*30,0,30)"],"position":[0,"math.clamp(-math.sin(q.anim_time*90*2)*1,0,2)","2.5-math.cos(q.anim_time*90*2)"]},"footRightBack":{"rotation":[22.5,0,"-45-math.clamp(-math.sin(q.anim_time*90*2)*40,0,40)"]},"legLeftBack":{"rotation":["-22.5+math.cos(q.anim_time*90*2)*20",0,"-45-math.clamp(math.sin(q.anim_time*90*2)*20,0,20)"],"position":[0,"math.clamp(math.sin(q.anim_time*90*2)*1,0,1)","-3+math.cos(q.anim_time*90*2)"]},"footLeftBack":{"rotation":[22.5,0,"45+math.clamp(math.sin(q.anim_time*90*2)*50,0,50)"]},"legLeftFront":{"rotation":["-22.5+math.cos(q.anim_time*90*2)*20",0,"-45-math.clamp(math.sin(q.anim_time*90*2)*20,0,20)"],"position":[0,"math.clamp(math.sin(q.anim_time*90*2)*1,0,1)","-3+math.cos(q.anim_time*90*2)"]},"footLeftFront":{"rotation":[22.5,0,"45+math.clamp(math.sin(q.anim_time*90*2)*50,0,50)"]},"legRightFront":{"rotation":["-22.5-math.cos(q.anim_time*90*2)*20",0,"45+math.clamp(-math.sin(q.anim_time*90*2)*30,0,30)"],"position":[0,"math.clamp(-math.sin(q.anim_time*90*2)*1,0,2)","2.5-math.cos(q.anim_time*90*2)"]},"footRightFront":{"rotation":[22.5,0,"-45-math.clamp(-math.sin(q.anim_time*90*2)*40,0,40)"]},"abdomen":{"rotation":["-math.sin(q.anim_time*90*4-90-45)*4",0,0]},"WebLegBackLeft":{"rotation":[0,0,180],"scale":1},"WebLegFrontLeft":{"rotation":[0,0,180],"scale":1}}},"animation.spidops.quirk":{"animation_length":1.25,"bones":{"handLeftFront":{"rotation":{"0.0":[0,0,0],"0.125":{"pre":[0,-27.5,10],"post":[0,-27.5,10],"lerp_mode":"catmullrom"},"0.25":{"post":[0,-27.5,0],"lerp_mode":"catmullrom"},"0.375":{"post":[0,-10,-20],"lerp_mode":"catmullrom"},"0.5":{"post":[0,-10,-20],"lerp_mode":"catmullrom"},"0.625":{"post":[0,-27.5,0],"lerp_mode":"catmullrom"},"0.75":{"post":[0,-27.5,10],"lerp_mode":"catmullrom"},"0.875":[0,0,0]}},"handLeftBack":{"rotation":{"0.0":[0,0,0],"0.125":{"pre":[0,-27.5,10],"post":[0,-27.5,10],"lerp_mode":"catmullrom"},"0.25":{"post":[0,-27.5,0],"lerp_mode":"catmullrom"},"0.375":{"post":[0,-10,-20],"lerp_mode":"catmullrom"},"0.5":{"post":[0,-10,-20],"lerp_mode":"catmullrom"},"0.625":{"post":[0,-27.5,0],"lerp_mode":"catmullrom"},"0.75":{"post":[0,-27.5,10],"lerp_mode":"catmullrom"},"0.875":[0,0,0]}},"WebLegFrontLeft":{"rotation":{"0.0":[0,0,0],"0.0417":{"pre":[0,0,-180],"post":[0,0,-180],"lerp_mode":"catmullrom"},"0.125":{"post":[0,15,-177.14],"lerp_mode":"catmullrom"},"0.1667":{"post":[0,"15.74+10","-165-5"],"lerp_mode":"catmullrom"},"0.2083":{"post":[0,20.42,-153.46],"lerp_mode":"catmullrom"},"0.25":{"post":[0,"10+3","-132.5-2"],"lerp_mode":"catmullrom"},"0.2917":{"post":[0,"2.67-7",-119.91],"lerp_mode":"catmullrom"},"0.3333":{"post":[0,"-13-7",-104.04],"lerp_mode":"catmullrom"},"0.375":{"post":[0,"-20-5","-180+90-3"],"lerp_mode":"catmullrom"},"0.4167":{"post":[0,-25.42,-90.95],"lerp_mode":"catmullrom"},"0.4583":{"post":[0,-25.19,"-92.59+2"],"lerp_mode":"catmullrom"},"0.5":{"post":[0,"-20-5","-180+90-3"],"lerp_mode":"catmullrom"},"0.5417":{"post":[0,"-20+3","-180+90-10"],"lerp_mode":"catmullrom"},"0.5833":{"post":[0,"-20+15","-180+90-22"],"lerp_mode":"catmullrom"},"0.625":{"post":[0,"-20+28","-180+90-32"],"lerp_mode":"catmullrom"},"0.6667":{"post":[0,"-20+35","-180+90-39"],"lerp_mode":"catmullrom"},"0.7083":{"post":[0,"-20+37","-180+90-45.5"],"lerp_mode":"catmullrom"},"0.75":{"post":[0,"-20+30","-180+90-47.5"],"lerp_mode":"catmullrom"},"0.7917":{"post":[0,"-20+10","-180+90-41"],"lerp_mode":"catmullrom"},"0.8333":{"post":[0,"-20-11","-180+90-29"],"lerp_mode":"catmullrom"},"0.875":[0,"-20-20","-180+90-17.5"],"0.9167":{"pre":[0,"-20-20","-180+90-17.5"],"post":[0,"-20-18.5","-180+90-17"]},"1.0":{"pre":[0,"-20-18.5","-180+90-17"],"post":[0,0,0]}},"scale":{"0.0":[1,1,1],"0.0417":{"pre":[1,1,1],"post":[1,1,1],"lerp_mode":"catmullrom"},"0.125":{"post":[2,0.5,1],"lerp_mode":"catmullrom"},"0.25":{"post":[2.3,0.35,1],"lerp_mode":"catmullrom"},"0.2917":{"post":[2.9,0.25,1],"lerp_mode":"catmullrom"},"0.3333":{"post":[3.9,0.25,1],"lerp_mode":"catmullrom"},"0.375":{"post":[4.7,0.15,1],"lerp_mode":"catmullrom"},"0.4167":{"post":[5.2583,0.1417,1],"lerp_mode":"catmullrom"},"0.4583":{"post":[5.4815,0.1463,1],"lerp_mode":"catmullrom"},"0.5":{"post":[5.3,0.15,1],"lerp_mode":"catmullrom"},"0.5417":{"post":[5.2,0.15,1],"lerp_mode":"catmullrom"},"0.5833":{"post":[4.8,0.15,1],"lerp_mode":"catmullrom"},"0.625":{"post":[4,0.15,1],"lerp_mode":"catmullrom"},"0.6667":{"post":[3.7,0.15,1],"lerp_mode":"catmullrom"},"0.7083":{"post":[3.7,0.15,1],"lerp_mode":"catmullrom"},"0.75":{"post":[3.8,0.15,1],"lerp_mode":"catmullrom"},"0.7917":{"post":[3.9,0.15,1],"lerp_mode":"catmullrom"},"0.8333":{"post":[5,0.15,1],"lerp_mode":"catmullrom"},"0.875":[6,0.15,1],"0.9167":{"pre":[6,0.15,1],"post":[6.2,0.15,1]},"0.9583":{"pre":[6.2,0.15,1],"post":[6.4,0.15,1]},"1.0":{"pre":[6.4,0.15,1],"post":[1,1,1]}}},"WebLegBackLeft":{"rotation":{"0.0":[0,0,0],"0.0417":{"pre":[0,0,-180],"post":[0,0,-180],"lerp_mode":"catmullrom"},"0.125":{"post":[0,15,-177.14],"lerp_mode":"catmullrom"},"0.1667":{"post":[0,"15.74+10","-165-5"],"lerp_mode":"catmullrom"},"0.2083":{"post":[0,20.42,-153.46],"lerp_mode":"catmullrom"},"0.25":{"post":[0,"10+3","-132.5-2"],"lerp_mode":"catmullrom"},"0.2917":{"post":[0,"2.67-7",-119.91],"lerp_mode":"catmullrom"},"0.3333":{"post":[0,"-13-7",-104.04],"lerp_mode":"catmullrom"},"0.375":{"post":[0,"-20-5","-180+90-3"],"lerp_mode":"catmullrom"},"0.4167":{"post":[0,-25.42,-90.95],"lerp_mode":"catmullrom"},"0.4583":{"post":[0,-25.19,"-92.59+2"],"lerp_mode":"catmullrom"},"0.5":{"post":[0,"-20-5","-180+90-3"],"lerp_mode":"catmullrom"},"0.5417":{"post":[0,"-20+3","-180+90-10"],"lerp_mode":"catmullrom"},"0.5833":{"post":[0,"-20+15","-180+90-22"],"lerp_mode":"catmullrom"},"0.625":{"post":[0,"-20+28","-180+90-32"],"lerp_mode":"catmullrom"},"0.6667":{"post":[0,"-20+35","-180+90-39"],"lerp_mode":"catmullrom"},"0.7083":{"post":[0,"-20+37","-180+90-45.5"],"lerp_mode":"catmullrom"},"0.75":{"post":[0,"-20+30","-180+90-47.5"],"lerp_mode":"catmullrom"},"0.7917":{"post":[0,"-20+10","-180+90-41"],"lerp_mode":"catmullrom"},"0.8333":{"post":[0,"-20-11","-180+90-29"],"lerp_mode":"catmullrom"},"0.875":[0,"-20-20","-180+90-17.5"],"0.9167":{"pre":[0,"-20-20","-180+90-17.5"],"post":[0,"-20-18.5","-180+90-17"]},"1.0":{"pre":[0,"-20-18.5","-180+90-17"],"post":[0,0,0]}},"scale":{"0.0":[1,1,1],"0.0417":{"pre":[1,1,1],"post":[1,1,1],"lerp_mode":"catmullrom"},"0.125":{"post":[2,0.5,1],"lerp_mode":"catmullrom"},"0.25":{"post":[2.3,0.35,1],"lerp_mode":"catmullrom"},"0.2917":{"post":[2.9,0.25,1],"lerp_mode":"catmullrom"},"0.3333":{"post":[3.9,0.25,1],"lerp_mode":"catmullrom"},"0.375":{"post":[4.7,0.15,1],"lerp_mode":"catmullrom"},"0.4167":{"post":[5.2583,0.1417,1],"lerp_mode":"catmullrom"},"0.4583":{"post":[5.4815,0.1463,1],"lerp_mode":"catmullrom"},"0.5":{"post":[5.3,0.15,1],"lerp_mode":"catmullrom"},"0.5417":{"post":[5.2,0.15,1],"lerp_mode":"catmullrom"},"0.5833":{"post":[4.8,0.15,1],"lerp_mode":"catmullrom"},"0.625":{"post":[4,0.15,1],"lerp_mode":"catmullrom"},"0.6667":{"post":[3.7,0.15,1],"lerp_mode":"catmullrom"},"0.7083":{"post":[3.7,0.15,1],"lerp_mode":"catmullrom"},"0.75":{"post":[3.8,0.15,1],"lerp_mode":"catmullrom"},"0.7917":{"post":[3.9,0.15,1],"lerp_mode":"catmullrom"},"0.8333":{"post":[5,0.15,1],"lerp_mode":"catmullrom"},"0.875":[6,0.15,1],"0.9167":{"pre":[6,0.15,1],"post":[6.2,0.15,1]},"0.9583":{"pre":[6.2,0.15,1],"post":[6.4,0.15,1]},"1.0":{"pre":[6.4,0.15,1],"post":[1,1,1]}}},"torso":{"rotation":{"0.0":{"post":[0,0,0],"lerp_mode":"catmullrom"},"0.25":{"post":[10,0,0],"lerp_mode":"catmullrom"},"0.875":{"post":[10,0,0],"lerp_mode":"catmullrom"},"1.25":{"post":[0,0,0],"lerp_mode":"catmullrom"}}},"head":{"rotation":{"0.0833":{"pre":[0,0,0],"post":[0,0,0],"lerp_mode":"catmullrom"},"0.3333":{"post":[30,0,0],"lerp_mode":"catmullrom"},"0.9583":{"post":[30,0,0],"lerp_mode":"catmullrom"},"1.25":{"post":[0,0,0],"lerp_mode":"catmullrom"}}},"abdomen":{"rotation":{"0.0":{"post":[0,0,0],"lerp_mode":"catmullrom"},"0.25":{"post":[-65,0,0],"lerp_mode":"catmullrom"},"0.3333":{"post":[-60,0,0],"lerp_mode":"catmullrom"},"0.4167":{"post":[-65,0,0],"lerp_mode":"catmullrom"},"0.5":{"post":[-60,0,0],"lerp_mode":"catmullrom"},"0.5833":{"post":[-65,0,0],"lerp_mode":"catmullrom"},"0.6667":{"post":[-60,0,0],"lerp_mode":"catmullrom"},"0.75":{"post":[-65,0,0],"lerp_mode":"catmullrom"},"0.8333":{"post":[-60,0,0],"lerp_mode":"catmullrom"},"0.9167":{"post":[-65,0,0],"lerp_mode":"catmullrom"},"1.0":{"post":[-60,0,0],"lerp_mode":"catmullrom"},"1.25":{"post":[0,0,0],"lerp_mode":"catmullrom"}},"position":{"0.0":{"post":[0,0,0],"lerp_mode":"catmullrom"},"0.25":{"post":[0,-1,-1],"lerp_mode":"catmullrom"},"1.0":{"post":[0,-1,-1],"lerp_mode":"catmullrom"},"1.25":{"post":[0,0,0],"lerp_mode":"catmullrom"}}}}},"animation.spidops.cry":{"animation_length":2.5,"bones":{"torso":{"rotation":{"0.0":{"post":[0,0,0],"lerp_mode":"catmullrom"},"0.1667":{"post":[0,10,0],"lerp_mode":"catmullrom"},"0.4167":{"post":[0,-5,0],"lerp_mode":"catmullrom"},"1.9583":{"post":[0,0,0],"lerp_mode":"catmullrom"}}},"head":{"rotation":{"0.0":{"post":[0,0,0],"lerp_mode":"catmullrom"},"0.1667":{"post":[10,-7,0],"lerp_mode":"catmullrom"},"0.3333":{"post":[-10,0,0],"lerp_mode":"catmullrom"},"0.5833":{"post":[-10,5,0],"lerp_mode":"catmullrom"},"0.75":{"post":[-22.5,5,0],"lerp_mode":"catmullrom"},"1.0":{"post":[-20,5,0],"lerp_mode":"catmullrom"},"1.875":{"post":[-20,0,0],"lerp_mode":"catmullrom"},"2.5":{"post":[0,0,0],"lerp_mode":"catmullrom"}}},"armLeftFront":{"rotation":{"0.0":{"post":[0,0,0],"lerp_mode":"catmullrom"},"0.1667":{"post":[0,0,15],"lerp_mode":"catmullrom"},"0.3333":{"post":[0,0,-40],"lerp_mode":"catmullrom"},"1.875":{"post":[0,0,-40],"lerp_mode":"catmullrom"},"2.5":{"post":[0,0,0],"lerp_mode":"catmullrom"}}},"handLeftFront":{"rotation":{"0.0833":{"pre":[0,0,0],"post":[0,0,0],"lerp_mode":"catmullrom"},"0.25":{"post":[0,0,15],"lerp_mode":"catmullrom"},"0.4167":{"post":[0,0,-40],"lerp_mode":"catmullrom"},"1.9583":{"post":[0,0,-40],"lerp_mode":"catmullrom"},"2.5":{"post":[0,0,0],"lerp_mode":"catmullrom"}}},"armRightFront":{"rotation":{"0.0":{"post":[0,0,0],"lerp_mode":"catmullrom"},"0.1667":{"post":[0,0,30],"lerp_mode":"catmullrom"},"0.3333":{"post":[0,0,0],"lerp_mode":"catmullrom"}}},"handRightFront":{"rotation":{"0.0":{"post":[0,0,0],"lerp_mode":"catmullrom"},"0.1667":{"post":[0,0,-45],"lerp_mode":"catmullrom"},"0.2917":{"post":[0,0,0],"lerp_mode":"catmullrom"}}},"armRightBack":{"rotation":{"0.0":{"post":[0,0,0],"lerp_mode":"catmullrom"},"0.1667":{"post":[0,0,30],"lerp_mode":"catmullrom"},"0.3333":{"post":[0,0,0],"lerp_mode":"catmullrom"}}},"handRightBack":{"rotation":{"0.0":{"post":[0,0,0],"lerp_mode":"catmullrom"},"0.1667":{"post":[0,0,-45],"lerp_mode":"catmullrom"},"0.2917":{"post":[0,0,0],"lerp_mode":"catmullrom"}}},"armLeftBack":{"rotation":{"0.0":{"post":[0,0,0],"lerp_mode":"catmullrom"},"0.1667":{"post":[0,0,15],"lerp_mode":"catmullrom"},"0.3333":{"post":[0,0,-40],"lerp_mode":"catmullrom"},"1.875":{"post":[0,0,-40],"lerp_mode":"catmullrom"},"2.5":{"post":[0,0,0],"lerp_mode":"catmullrom"}}},"handLeftBack":{"rotation":{"0.0833":{"pre":[0,0,0],"post":[0,0,0],"lerp_mode":"catmullrom"},"0.25":{"post":[0,0,15],"lerp_mode":"catmullrom"},"0.4167":{"post":[0,0,-40],"lerp_mode":"catmullrom"},"1.9583":{"post":[0,0,-40],"lerp_mode":"catmullrom"},"2.5":{"post":[0,0,0],"lerp_mode":"catmullrom"}}}},"sound_effects":{"0.25":{"effect":"pokemon.spidops.cry"}}}}}