{"format_version":"1.8.0","animations":{"animation.spoink.ground_idle":{"loop":true,"animation_length":0.75,"bones":{"body":{"position":{"0.0":{"post":[0,0,0],"lerp_mode":"catmullrom"},"0.2917":{"post":[0,-0.125,0],"lerp_mode":"catmullrom"},"0.5417":{"post":[0,2.205,0],"lerp_mode":"catmullrom"},"0.75":{"post":[0,0,0],"lerp_mode":"catmullrom"}},"scale":{"0.0":{"post":[1,1,1],"lerp_mode":"catmullrom"},"0.25":{"post":[1.1275,0.755,1.09],"lerp_mode":"catmullrom"},"0.5":{"post":[0.9625,0.9225,1.01],"lerp_mode":"catmullrom"},"0.75":{"post":[1,1,1],"lerp_mode":"catmullrom"}}},"right_arm":{"rotation":{"0.0":{"post":[1.45431,-1.52675,-28.94427],"lerp_mode":"catmullrom"},"0.4583":{"post":[1.01765,-1.84668,-14.19129],"lerp_mode":"catmullrom"},"0.75":{"post":[1.45431,-1.52675,-28.94427],"lerp_mode":"catmullrom"}}},"left_arm":{"rotation":{"0.0":{"post":[1.45431,1.52675,28.94427],"lerp_mode":"catmullrom"},"0.4583":{"post":[1.01765,1.84668,14.19129],"lerp_mode":"catmullrom"},"0.75":{"post":[1.45431,1.52675,28.94427],"lerp_mode":"catmullrom"}}},"eye":{"position":{"0.0":{"post":[0,0.205,0],"lerp_mode":"catmullrom"},"0.375":{"post":[0,-0.725,0],"lerp_mode":"catmullrom"},"0.75":{"post":[0,0.205,0],"lerp_mode":"catmullrom"}}},"eye2":{"position":{"0.0":{"post":[0,0.205,0],"lerp_mode":"catmullrom"},"0.375":{"post":[0,-0.725,0],"lerp_mode":"catmullrom"},"0.75":{"post":[0,0.205,0],"lerp_mode":"catmullrom"}}},"spring":{"scale":{"0.0":{"post":[1,1,1],"lerp_mode":"catmullrom"},"0.2917":{"post":[1.1125,1,1.1875],"lerp_mode":"catmullrom"},"0.5833":{"post":[1.1125,1.1925,1.1875],"lerp_mode":"catmullrom"},"0.75":{"post":[1,1,1],"lerp_mode":"catmullrom"}}},"gem":{"rotation":{"0.0":{"post":[-7.75,0,4.75],"lerp_mode":"catmullrom"},"0.4167":{"post":[-8,0,-4.75],"lerp_mode":"catmullrom"},"0.75":{"post":[-7.75,0,4.75],"lerp_mode":"catmullrom"}},"position":{"0.0":{"post":[0,1.55,0],"lerp_mode":"catmullrom"},"0.25":{"post":[0,0,0],"lerp_mode":"catmullrom"},"0.75":{"post":[0,1.55,0],"lerp_mode":"catmullrom"}}}}},"animation.spoink.ground_walk":{"loop":true,"animation_length":0.75,"bones":{"body":{"position":{"0.0":{"post":[0,0,0],"lerp_mode":"catmullrom"},"0.2917":{"post":[0,-0.125,0],"lerp_mode":"catmullrom"},"0.5417":{"post":[0,2.205,0],"lerp_mode":"catmullrom"},"0.75":{"post":[0,0,0],"lerp_mode":"catmullrom"}},"scale":{"0.0":{"post":[1,1,1],"lerp_mode":"catmullrom"},"0.25":{"post":[1.1275,0.755,1.09],"lerp_mode":"catmullrom"},"0.5":{"post":[0.9625,0.9225,1.01],"lerp_mode":"catmullrom"},"0.75":{"post":[1,1,1],"lerp_mode":"catmullrom"}}},"right_arm":{"rotation":{"0.0":{"post":[1.45431,-1.52675,-28.94427],"lerp_mode":"catmullrom"},"0.4583":{"post":[1.01765,-1.84668,-14.19129],"lerp_mode":"catmullrom"},"0.75":{"post":[1.45431,-1.52675,-28.94427],"lerp_mode":"catmullrom"}}},"left_arm":{"rotation":{"0.0":{"post":[1.45431,1.52675,28.94427],"lerp_mode":"catmullrom"},"0.4583":{"post":[1.01765,1.84668,14.19129],"lerp_mode":"catmullrom"},"0.75":{"post":[1.45431,1.52675,28.94427],"lerp_mode":"catmullrom"}}},"eye":{"position":{"0.0":{"post":[0,0.205,0],"lerp_mode":"catmullrom"},"0.375":{"post":[0,-0.725,0],"lerp_mode":"catmullrom"},"0.75":{"post":[0,0.205,0],"lerp_mode":"catmullrom"}}},"eye2":{"position":{"0.0":{"post":[0,0.205,0],"lerp_mode":"catmullrom"},"0.375":{"post":[0,-0.725,0],"lerp_mode":"catmullrom"},"0.75":{"post":[0,0.205,0],"lerp_mode":"catmullrom"}}},"spring":{"rotation":{"0.0":{"post":[0,0,0],"lerp_mode":"catmullrom"},"0.4583":{"post":[21.25,0,0],"lerp_mode":"catmullrom"},"0.5833":{"post":[-18,0,0],"lerp_mode":"catmullrom"},"0.75":{"post":[0,0,0],"lerp_mode":"catmullrom"}},"scale":{"0.0":{"post":[1,1,1],"lerp_mode":"catmullrom"},"0.2917":{"post":[1.1125,1,1.1875],"lerp_mode":"catmullrom"},"0.5833":{"post":[1.1125,1.1925,1.1875],"lerp_mode":"catmullrom"},"0.75":{"post":[1,1,1],"lerp_mode":"catmullrom"}}},"gem":{"rotation":{"0.0":{"post":[-7.75,0,4.75],"lerp_mode":"catmullrom"},"0.4167":{"post":[-8,0,-4.75],"lerp_mode":"catmullrom"},"0.75":{"post":[-7.75,0,4.75],"lerp_mode":"catmullrom"}},"position":{"0.0":{"post":[0,1.55,0],"lerp_mode":"catmullrom"},"0.25":{"post":[0,0,0],"lerp_mode":"catmullrom"},"0.75":{"post":[0,1.55,0],"lerp_mode":"catmullrom"}}}}},"animation.spoink.blink":{"animation_length":0.83333,"bones":{"eye":{"position":{"0.0":[0,0,0],"0.0833":[0,0,0.1],"0.3333":[0,0,0.1],"0.4167":[0,0,0]}},"eye2":{"position":{"0.0":[0,0,0],"0.0833":[0,0,0.1],"0.3333":[0,0,0.1],"0.4167":[0,0,0]}},"blink_left":{"position":{"0.0":[0,0,0],"0.0833":[0,0,-0.125],"0.3333":[0,0,-0.125],"0.4167":[0,0,0]}},"blink_right":{"position":{"0.0":[0,0,0],"0.0833":[0,0,-0.125],"0.3333":[0,0,-0.125],"0.4167":[0,0,0]}}}}}}