{"format_version":"1.8.0","animations":{"animation.stakataka.ground_idle":{"loop":true,"animation_length":4,"bones":{"Torso":{"rotation":["math.cos(q.anim_time*90+45+45/2)",0,0],"position":[0,"math.cos(q.anim_time*90)",0]},"front_left_leg":{"rotation":["math.cos(q.anim_time*90)*2",0,0],"position":[0,"math.cos(q.anim_time*90)*0.25","0.6-math.cos(q.anim_time*90)*0.6"]},"front_left_leg2":{"rotation":["-math.cos(q.anim_time*90)*2/5",0,0]},"front_left_leg3":{"rotation":["-math.cos(q.anim_time*90)*2/5",0,0]},"front_left_leg4":{"rotation":["-math.cos(q.anim_time*90)*2/5",0,0]},"front_left_leg5":{"rotation":["-math.cos(q.anim_time*90)*2/5",0,0]},"front_left_leg6":{"rotation":["-math.cos(q.anim_time*90)*2/5",0,0]},"back_left_leg":{"rotation":["-math.cos(q.anim_time*90)*2",0,0],"position":[0,"math.cos(q.anim_time*90)/3","-1/2+math.cos(q.anim_time*90)/2"]},"back_left_leg2":{"rotation":["math.cos(q.anim_time*90)*2/5",0,0]},"back_left_leg3":{"rotation":["math.cos(q.anim_time*90)*2/5",0,0]},"back_left_leg4":{"rotation":["math.cos(q.anim_time*90)*2/5",0,0]},"back_left_leg5":{"rotation":["math.cos(q.anim_time*90)*2/5",0,0]},"back_left_leg6":{"rotation":["math.cos(q.anim_time*90)*2/5",0,0]},"back_right_leg":{"rotation":["-math.cos(q.anim_time*90)*2",0,0],"position":[0,"math.cos(q.anim_time*90)/3","-1/2+math.cos(q.anim_time*90)/2"]},"back_right_leg2":{"rotation":["math.cos(q.anim_time*90)*2/5",0,0]},"back_right_leg3":{"rotation":["math.cos(q.anim_time*90)*2/5",0,0]},"back_right_leg4":{"rotation":["math.cos(q.anim_time*90)*2/5",0,0]},"back_right_leg5":{"rotation":["math.cos(q.anim_time*90)*2/5",0,0]},"back_right_leg6":{"rotation":["math.cos(q.anim_time*90)*2/5",0,0]},"front_right_leg":{"rotation":["math.cos(q.anim_time*90)*2",0,0],"position":[0,"math.cos(q.anim_time*90)*0.25","0.6-math.cos(q.anim_time*90)*0.6"]},"front_right_leg2":{"rotation":["-math.cos(q.anim_time*90)*2/5",0,0]},"front_right_leg3":{"rotation":["-math.cos(q.anim_time*90)*2/5",0,0]},"front_right_leg4":{"rotation":["-math.cos(q.anim_time*90)*2/5",0,0]},"front_right_leg5":{"rotation":["-math.cos(q.anim_time*90)*2/5",0,0]},"front_right_leg6":{"rotation":["-math.cos(q.anim_time*90)*2/5",0,0]}}},"animation.stakataka.ground_walk":{"loop":true,"animation_length":4,"bones":{"Torso":{"rotation":{"0.0":{"post":[5,0,5],"lerp_mode":"catmullrom"},"0.0417":{"post":[0,0,0],"lerp_mode":"catmullrom"},"0.0833":{"post":[-2.5,0,-2.5],"lerp_mode":"catmullrom"},"0.125":{"post":[0,0,0],"lerp_mode":"catmullrom"},"1.875":{"post":[0,0,-10],"lerp_mode":"catmullrom"},"1.9583":{"post":[0,0,0],"lerp_mode":"catmullrom"},"2.0":{"post":[5,0,5],"lerp_mode":"catmullrom"},"2.0417":{"post":[0,0,0],"lerp_mode":"catmullrom"},"2.0833":{"post":[-2.5,0,-2.5],"lerp_mode":"catmullrom"},"2.125":{"post":[0,0,0],"lerp_mode":"catmullrom"},"3.875":{"post":[0,0,10],"lerp_mode":"catmullrom"},"3.9583":{"post":[0,0,10],"lerp_mode":"catmullrom"},"4.0":{"post":[5,0,5],"lerp_mode":"catmullrom"}},"position":{"0.0":[0,-2,0],"0.0417":[0,1,0],"0.125":[0,-1,0],"0.2083":[0,0,0],"1.875":[0,6,0],"1.9583":[0,0,0],"2.0":[0,-2,0],"2.0417":[0,1,0],"2.125":[0,-1,0],"2.2083":[0,0,0],"3.875":[0,6,0],"3.9583":[0,0,0],"4.0":[0,-2,0]}},"front_left_leg":{"rotation":{"0.0":["math.cos(q.anim_time*90)*20",0,0],"1.875":["math.cos(q.anim_time*90)*20",0,0],"1.9583":["20+math.cos(q.anim_time*90)*20",0,0],"2.0":[-0.8,0,0],"3.0":["math.cos(q.anim_time*90)*20",0,0]},"position":{"0.0":["math.clamp(math.cos(q.anim_time*90)*2,0,2)",0,"math.cos(q.anim_time*90)*2"],"0.25":["math.clamp(math.cos(q.anim_time*90)*2,0,2)",1.67,"math.cos(q.anim_time*90)*2"],"0.5":["math.clamp(math.cos(q.anim_time*90)*2,0,2)",2.68,"math.cos(q.anim_time*90)*2"],"0.75":["math.clamp(math.cos(q.anim_time*90)*2,0,2)",3.6,"math.cos(q.anim_time*90)*2"],"1.0":["math.clamp(math.cos(q.anim_time*90)*2,0,2)",4.41,"math.cos(q.anim_time*90)*2"],"1.25":["math.clamp(math.cos(q.anim_time*90)*2,0,2)",5.08,"math.cos(q.anim_time*90)*2"],"1.5":["math.clamp(math.cos(q.anim_time*90)*2,0,2)",5.55,"math.cos(q.anim_time*90)*2"],"1.75":["math.clamp(math.cos(q.anim_time*90)*2,0,2)",5.43,"math.cos(q.anim_time*90)*2"],"1.875":["math.clamp(math.cos(q.anim_time*90)*2,0,2)",5,"math.cos(q.anim_time*90)*2"],"1.9583":["math.clamp(math.cos(q.anim_time*90)*2,0,2)",0,"math.cos(q.anim_time*90)*2"],"2.0":["math.clamp(math.cos(q.anim_time*90)*2,0,2)",-2,"math.cos(q.anim_time*90)*2"],"2.0417":["math.clamp(math.cos(q.anim_time*90)*2,0,2)",1,"math.cos(q.anim_time*90)*2"],"2.125":["math.clamp(math.cos(q.anim_time*90)*2,0,2)",-1,"math.cos(q.anim_time*90)*2"],"2.2083":["math.clamp(math.cos(q.anim_time*90)*2,0,2)",0,"math.cos(q.anim_time*90)*2"]}},"front_left_leg2":{"rotation":{"0.0":{"post":[0,0,0],"lerp_mode":"catmullrom"},"0.5":{"post":[12.5,0,0],"lerp_mode":"catmullrom"},"1.5":{"post":[12.5,0,0],"lerp_mode":"catmullrom"},"1.75":{"post":[0,0,0],"lerp_mode":"catmullrom"}}},"front_left_leg3":{"rotation":{"0.0833":{"pre":[0,0,0],"post":[0,0,0],"lerp_mode":"catmullrom"},"0.5833":{"post":[35,0,0],"lerp_mode":"catmullrom"},"1.5833":{"post":[35,0,0],"lerp_mode":"catmullrom"},"1.8333":{"post":[0,0,0],"lerp_mode":"catmullrom"}}},"front_left_leg4":{"rotation":{"0.1667":{"pre":[0,0,0],"post":[0,0,0],"lerp_mode":"catmullrom"},"0.6667":{"post":[35,0,0],"lerp_mode":"catmullrom"},"1.6667":{"post":[35,0,0],"lerp_mode":"catmullrom"},"1.9167":{"post":[0,0,0],"lerp_mode":"catmullrom"}}},"front_left_leg5":{"rotation":{"0.25":{"pre":[0,0,0],"post":[0,0,0],"lerp_mode":"catmullrom"},"0.75":{"post":[0,0,-35],"lerp_mode":"catmullrom"},"1.75":{"post":[0,0,-35],"lerp_mode":"catmullrom"},"2.0":{"post":[0,0,0],"lerp_mode":"catmullrom"}}},"back_left_leg":{"rotation":{"0.0":{"post":[-22.5,0,0],"lerp_mode":"catmullrom"},"0.0417":{"post":[0,0,0],"lerp_mode":"catmullrom"},"2.0":{"post":[0,0,0],"lerp_mode":"catmullrom"},"3.9583":{"post":[-40,0,0],"lerp_mode":"catmullrom"},"4.0":{"post":[-22.5,0,0],"lerp_mode":"catmullrom"}},"position":{"0.0":["-math.clamp(-math.cos(q.anim_time*90-45)*2,0,2)",2.5,"-math.cos(q.anim_time*90-45)*2"],"0.0417":["-math.clamp(-math.cos(q.anim_time*90-45)*2,0,2)",0,"-math.cos(q.anim_time*90-45)*2"],"0.0833":["-math.clamp(-math.cos(q.anim_time*90-45)*2,0,2)",-2,"-math.cos(q.anim_time*90-45)*2"],"0.125":["-math.clamp(-math.cos(q.anim_time*90-45)*2,0,2)",1,"-math.cos(q.anim_time*90-45)*2"],"0.2083":["-math.clamp(-math.cos(q.anim_time*90-45)*2,0,2)",-1,"-math.cos(q.anim_time*90-45)*2"],"0.2917":["-math.clamp(-math.cos(q.anim_time*90-45)*2,0,2)",0,"-math.cos(q.anim_time*90-45)*2"],"2.0833":["-math.clamp(-math.cos(q.anim_time*90-45)*2,0,2)",0,"-math.cos(q.anim_time*90-45)*2"],"2.3333":["-math.clamp(-math.cos(q.anim_time*90-45)*2,0,2)",1.67,"-math.cos(q.anim_time*90-45)*2"],"2.5833":["-math.clamp(-math.cos(q.anim_time*90-45)*2,0,2)",2.68,"-math.cos(q.anim_time*90-45)*2"],"2.8333":["-math.clamp(-math.cos(q.anim_time*90-45)*2,0,2)",3.6,"-math.cos(q.anim_time*90-45)*2"],"3.0833":["-math.clamp(-math.cos(q.anim_time*90-45)*2,0,2)",4.41,"-math.cos(q.anim_time*90-45)*2"],"3.3333":["-math.clamp(-math.cos(q.anim_time*90-45)*2,0,2)",5.08,"-math.cos(q.anim_time*90-45)*2"],"3.5833":["-math.clamp(-math.cos(q.anim_time*90-45)*2,0,2)",5.55,"-math.cos(q.anim_time*90-45)*2"],"3.8333":["-math.clamp(-math.cos(q.anim_time*90-45)*2,0,2)",5.43,"-math.cos(q.anim_time*90-45)*2"],"3.9583":["-math.clamp(-math.cos(q.anim_time*90-45)*2,0,2)",5,"-math.cos(q.anim_time*90-45)*2"],"4.0":["-math.clamp(-math.cos(q.anim_time*90-45)*2,0,2)",2.5,"-math.cos(q.anim_time*90-45)*2"]}},"back_left_leg3":{"rotation":{"0.0":{"post":[-4.5,0,0],"lerp_mode":"catmullrom"},"0.0417":{"post":[0,0,0],"lerp_mode":"catmullrom"},"2.0":{"post":[0,0,0],"lerp_mode":"catmullrom"},"3.9583":{"post":["-40/5",0,0],"lerp_mode":"catmullrom"},"4.0":{"post":[-4.5,0,0],"lerp_mode":"catmullrom"}}},"back_left_leg4":{"rotation":{"0.0":{"post":[-4.5,0,0],"lerp_mode":"catmullrom"},"0.0417":{"post":[0,0,0],"lerp_mode":"catmullrom"},"2.0":{"post":[0,0,0],"lerp_mode":"catmullrom"},"3.9583":{"post":["-40/5",0,0],"lerp_mode":"catmullrom"},"4.0":{"post":[-4.5,0,0],"lerp_mode":"catmullrom"}}},"back_left_leg5":{"rotation":{"0.0":{"post":[-4.5,0,0],"lerp_mode":"catmullrom"},"0.0417":{"post":[0,0,0],"lerp_mode":"catmullrom"},"2.0":{"post":[0,0,0],"lerp_mode":"catmullrom"},"3.9583":{"post":["-40/5",0,0],"lerp_mode":"catmullrom"},"4.0":{"post":[-4.5,0,0],"lerp_mode":"catmullrom"}}},"back_left_leg6":{"rotation":{"0.0":{"post":[-4.5,0,0],"lerp_mode":"catmullrom"},"0.0417":{"post":[0,0,0],"lerp_mode":"catmullrom"},"2.0":{"post":[0,0,0],"lerp_mode":"catmullrom"},"3.9583":{"post":["-40/5",0,0],"lerp_mode":"catmullrom"},"4.0":{"post":[-4.5,0,0],"lerp_mode":"catmullrom"}}},"back_right_leg":{"rotation":{"0.0":{"post":[0,0,0],"lerp_mode":"catmullrom"},"1.9583":{"post":[-40,0,0],"lerp_mode":"catmullrom"},"2.0":{"post":[-22.5,0,0],"lerp_mode":"catmullrom"},"2.0417":{"post":[0,0,0],"lerp_mode":"catmullrom"}},"position":{"0.0833":["math.clamp(math.cos(q.anim_time*90-45)*2,0,2)",0,"math.cos(q.anim_time*90-45)*2"],"0.3333":["math.clamp(math.cos(q.anim_time*90-45)*2,0,2)",1.67,"math.cos(q.anim_time*90-45)*2"],"0.5833":["math.clamp(math.cos(q.anim_time*90-45)*2,0,2)",2.68,"math.cos(q.anim_time*90-45)*2"],"0.8333":["math.clamp(math.cos(q.anim_time*90-45)*2,0,2)",3.6,"math.cos(q.anim_time*90-45)*2"],"1.0833":["math.clamp(math.cos(q.anim_time*90-45)*2,0,2)",4.41,"math.cos(q.anim_time*90-45)*2"],"1.3333":["math.clamp(math.cos(q.anim_time*90-45)*2,0,2)",5.08,"math.cos(q.anim_time*90-45)*2"],"1.5833":["math.clamp(math.cos(q.anim_time*90-45)*2,0,2)",5.55,"math.cos(q.anim_time*90-45)*2"],"1.8333":["math.clamp(math.cos(q.anim_time*90-45)*2,0,2)",5.43,"math.cos(q.anim_time*90-45)*2"],"1.9583":["math.clamp(math.cos(q.anim_time*90-45)*2,0,2)",5,"math.cos(q.anim_time*90-45)*2"],"2.0":["math.clamp(math.cos(q.anim_time*90-45)*2,0,2)",2.5,"math.cos(q.anim_time*90-45)*2"],"2.0417":["math.clamp(math.cos(q.anim_time*90-45)*2,0,2)",0,"math.cos(q.anim_time*90-45)*2"],"2.0833":["math.clamp(math.cos(q.anim_time*90-45)*2,0,2)",-2,"math.cos(q.anim_time*90-45)*2"],"2.125":["math.clamp(math.cos(q.anim_time*90-45)*2,0,2)",1,"math.cos(q.anim_time*90-45)*2"],"2.2083":["math.clamp(math.cos(q.anim_time*90-45)*2,0,2)",-1,"math.cos(q.anim_time*90-45)*2"],"2.2917":["math.clamp(math.cos(q.anim_time*90-45)*2,0,2)",0,"math.cos(q.anim_time*90-45)*2"]}},"back_right_leg2":{"rotation":{"0.0":{"post":[0,0,0],"lerp_mode":"catmullrom"}}},"back_right_leg3":{"rotation":{"0.0":{"post":[0,0,0],"lerp_mode":"catmullrom"},"1.9583":{"post":["-40/5",0,0],"lerp_mode":"catmullrom"},"2.0":{"post":[-4.5,0,0],"lerp_mode":"catmullrom"},"2.0417":{"post":[0,0,0],"lerp_mode":"catmullrom"}}},"back_right_leg4":{"rotation":{"0.0":{"post":[0,0,0],"lerp_mode":"catmullrom"},"1.9583":{"post":["-40/5",0,0],"lerp_mode":"catmullrom"},"2.0417":{"post":[0,0,0],"lerp_mode":"catmullrom"}}},"back_right_leg5":{"rotation":{"0.0":{"post":[0,0,0],"lerp_mode":"catmullrom"},"1.9583":{"post":["-40/5",0,0],"lerp_mode":"catmullrom"},"2.0417":{"post":[0,0,0],"lerp_mode":"catmullrom"}}},"front_right_leg":{"rotation":{"0.0":[-0.8,0,0],"1.0":["-math.cos(q.anim_time*90)*20",0,0],"2.0":["-math.cos(q.anim_time*90)*20",0,0],"3.875":["-math.cos(q.anim_time*90)*20",0,0],"3.9583":["-math.cos(q.anim_time*90)*20",0,0],"4.0":[-0.8,0,0]},"position":{"0.0":["-math.clamp(-math.cos(q.anim_time*90)*2,0,2)",-2,"-math.cos(q.anim_time*90)*2"],"0.0417":["-math.clamp(-math.cos(q.anim_time*90)*2,0,2)",1,"-math.cos(q.anim_time*90)*2"],"0.125":["-math.clamp(-math.cos(q.anim_time*90)*2,0,2)",-1,"-math.cos(q.anim_time*90)*2"],"0.2083":["-math.clamp(-math.cos(q.anim_time*90)*2,0,2)",0,"-math.cos(q.anim_time*90)*2"],"2.0":["-math.clamp(-math.cos(q.anim_time*90)*2,0,2)",0,"-math.cos(q.anim_time*90)*2"],"2.25":["-math.clamp(-math.cos(q.anim_time*90)*2,0,2)",1.67,"-math.cos(q.anim_time*90)*2"],"2.5":["-math.clamp(-math.cos(q.anim_time*90)*2,0,2)",2.68,"-math.cos(q.anim_time*90)*2"],"2.75":["-math.clamp(-math.cos(q.anim_time*90)*2,0,2)",3.6,"-math.cos(q.anim_time*90)*2"],"3.0":["-math.clamp(-math.cos(q.anim_time*90)*2,0,2)",4.41,"-math.cos(q.anim_time*90)*2"],"3.25":["-math.clamp(-math.cos(q.anim_time*90)*2,0,2)",5.08,"-math.cos(q.anim_time*90)*2"],"3.5":["-math.clamp(-math.cos(q.anim_time*90)*2,0,2)",5.55,"-math.cos(q.anim_time*90)*2"],"3.75":["-math.clamp(-math.cos(q.anim_time*90)*2,0,2)",5.43,"-math.cos(q.anim_time*90)*2"],"3.875":["-math.clamp(-math.cos(q.anim_time*90)*2,0,2)",5,"-math.cos(q.anim_time*90)*2"],"3.9583":["-math.clamp(-math.cos(q.anim_time*90)*2,0,2)",0,"-math.cos(q.anim_time*90)*2"],"4.0":["-math.clamp(-math.cos(q.anim_time*90)*2,0,2)",-2,"-math.cos(q.anim_time*90)*2"]}},"front_right_leg2":{"rotation":{"2.0":{"pre":[0,0,0],"post":[0,0,0],"lerp_mode":"catmullrom"},"2.5":{"post":[12.5,0,0],"lerp_mode":"catmullrom"},"3.5":{"post":[12.5,0,0],"lerp_mode":"catmullrom"},"3.75":{"post":[0,0,0],"lerp_mode":"catmullrom"}}},"front_right_leg3":{"rotation":{"2.0833":{"pre":[0,0,0],"post":[0,0,0],"lerp_mode":"catmullrom"},"2.5833":{"post":[35,0,0],"lerp_mode":"catmullrom"},"3.5833":{"post":[35,0,0],"lerp_mode":"catmullrom"},"3.8333":{"post":[0,0,0],"lerp_mode":"catmullrom"}}},"front_right_leg4":{"rotation":{"2.1667":{"pre":[0,0,0],"post":[0,0,0],"lerp_mode":"catmullrom"},"2.6667":{"post":[35,0,0],"lerp_mode":"catmullrom"},"3.6667":{"post":[35,0,0],"lerp_mode":"catmullrom"},"3.9167":{"post":[0,0,0],"lerp_mode":"catmullrom"}}},"front_right_leg5":{"rotation":{"2.25":{"pre":[0,0,0],"post":[0,0,0],"lerp_mode":"catmullrom"},"2.75":{"post":[0,0,35],"lerp_mode":"catmullrom"},"3.75":{"post":[0,0,35],"lerp_mode":"catmullrom"},"4.0":{"post":[0,0,0],"lerp_mode":"catmullrom"}}}}},"animation.stakataka.cry":{"animation_length":2.125,"bones":{"Torso":{"rotation":{"0.0":{"post":[0,0,0],"lerp_mode":"catmullrom"},"0.9583":[0,0,0],"1.0417":[-6.04,0,0],"1.125":[-9.57,0,0],"1.2083":[-18.19,0,0],"1.25":[-15,0,0],"1.3333":[-13,0,0],"1.4167":[-8.5,0,0],"1.5":[0,0,0],"1.5833":[11.03,0,0],"1.625":[5.29,0,0],"1.7083":[8.39,0,0],"1.7917":[10,0,0],"1.8333":[9.5,0,10],"1.875":[9,0,0],"2.0":[6.5,0,0],"2.125":[0,0,0]},"position":{"0.0":[0,0,0],"0.4167":[0,"math.cos(q.anim_time*90*32*2)",0],"0.9583":[0,0,0]}},"front_left_leg":{"position":{"0.0833":[0,0,0],"0.5":[0,"math.cos(q.anim_time*90*32*2-45)",0],"1.0417":[0,0,0]}},"back_left_leg":{"position":{"0.0833":[0,0,0],"0.5":[0,"math.cos(q.anim_time*90*32*2-45)",0],"1.0417":[0,0,0]}},"back_right_leg":{"position":{"0.0833":[0,0,0],"0.5":[0,"math.cos(q.anim_time*90*32*2-45)",0],"1.0417":[0,0,0]}},"front_right_leg":{"position":{"0.0833":[0,0,0],"0.5":[0,"math.cos(q.anim_time*90*32*2-45)",0],"1.0417":[0,0,0]}}},"sound_effects":{"0.0":{"effect":"pokemon.stakataka.cry"}}}}}