{"format_version":"1.8.0","animations":{"animation.suicune.ground_idle":{"loop":true,"bones":{"left_leg":{"rotation":["math.sin((query.anim_time) * 90 * 0.5)*2",0,0],"position":[0,"-math.sin((query.anim_time) * 90 * 0.5)*0.5",0]},"left_knee":{"rotation":["-math.sin((query.anim_time) * 90 * 0.5)*2",0,0]},"left_ankle":{"rotation":["-math.sin((query.anim_time) * 90 * 0.5)*3",0,0]},"left_arm":{"rotation":["-math.sin((query.anim_time) * 90 * 0.5-30)*2",0,0],"position":[0,"math.sin((query.anim_time) * 90 * 0.5-30)*0.2","-math.sin((query.anim_time) * 90 * 0.5-30)*0.4"]},"left_elbow":{"rotation":["math.sin((query.anim_time) * 90 * 0.5-30)*3",0,0]},"left_paw":{"rotation":["math.sin((query.anim_time) * 90 * 0.5-30)*2",0,0],"position":[0,"math.sin((query.anim_time) * 90 * 0.5-30)*0.2","math.sin((query.anim_time) * 90 * 0.5-30)*0.2"]},"torso":{"rotation":["-math.sin((query.anim_time) * 90 * 0.5)*2",0,0]},"chest":{"rotation":["-math.sin((query.anim_time) * 90 * 0.5-30)*3",0,0],"position":[0,0,"-math.sin((query.anim_time) * 90 * 0.5)*0.2"]},"neck":{"rotation":["math.sin((query.anim_time) * 90 * 0.5+30)*2",0,0]},"head":{"rotation":["math.sin((query.anim_time) * 90 * 0.5)*5",0,0]},"right_arm":{"rotation":["-math.sin((query.anim_time) * 90 * 0.5-30)*2",0,0],"position":[0,"math.sin((query.anim_time) * 90 * 0.5-30)*0.2","-math.sin((query.anim_time) * 90 * 0.5-30)*0.4"]},"right_elbow":{"rotation":["math.sin((query.anim_time) * 90 * 0.5-30)*3",0,0]},"right_paw":{"rotation":["math.sin((query.anim_time) * 90 * 0.5-30)*2",0,0],"position":[0,"math.sin((query.anim_time) * 90 * 0.5-30)*0.2","math.sin((query.anim_time) * 90 * 0.5-30)*0.2"]},"right_leg":{"rotation":["math.sin((query.anim_time) * 90 * 0.5)*2",0,0],"position":[0,"-math.sin((query.anim_time) * 90 * 0.5)*0.5",0]},"right_knee":{"rotation":["-math.sin((query.anim_time) * 90 * 0.5)*2",0,0]},"right_ankle":{"rotation":["-math.sin((query.anim_time) * 90 * 0.5)*3",0,0]}}},"animation.suicune.ground_walk":{"loop":true,"animation_length":2,"bones":{"body":{"position":[0,-2,0]},"left_leg":{"rotation":{"0.0":{"post":[-2.5,0,0],"lerp_mode":"catmullrom"},"0.25":{"post":[6.56,0,0],"lerp_mode":"catmullrom"},"0.5":{"post":[12.5,0,0],"lerp_mode":"catmullrom"},"0.75":{"post":[3.75,0,0],"lerp_mode":"catmullrom"},"1.0":{"post":[-2.5,0,0],"lerp_mode":"catmullrom"},"1.25":{"post":[-26.25,0,0],"lerp_mode":"catmullrom"},"1.5":{"post":[-40,0,0],"lerp_mode":"catmullrom"},"1.75":{"post":[-18.75,0,0],"lerp_mode":"catmullrom"},"2.0":{"post":[-2.5,0,0],"lerp_mode":"catmullrom"}},"position":{"0.0":{"post":[0,0.5,-1],"lerp_mode":"catmullrom"},"0.25":{"post":[0,0.5,-0.5],"lerp_mode":"catmullrom"},"0.5":{"post":[0,1,0],"lerp_mode":"catmullrom"},"0.75":{"post":[0,0.75,-0.5],"lerp_mode":"catmullrom"},"1.0":{"post":[0,0.5,-1],"lerp_mode":"catmullrom"},"1.25":{"post":[0,0.75,-0.5],"lerp_mode":"catmullrom"},"1.5":{"post":[0,0.75,0],"lerp_mode":"catmullrom"},"1.75":{"post":[0,0.5,-0.75],"lerp_mode":"catmullrom"},"2.0":{"post":[0,0.5,-1],"lerp_mode":"catmullrom"}}},"left_knee":{"rotation":{"0.0":{"post":[15,0,0],"lerp_mode":"catmullrom"},"0.25":{"post":[6.17,0,0],"lerp_mode":"catmullrom"},"0.5":{"post":[2.5,0,0],"lerp_mode":"catmullrom"},"0.75":{"post":[35,0,0],"lerp_mode":"catmullrom"},"1.0":{"post":[35,0,0],"lerp_mode":"catmullrom"},"1.25":{"post":[30,0,0],"lerp_mode":"catmullrom"},"1.5":{"post":[22.5,0,0],"lerp_mode":"catmullrom"},"1.75":{"post":[23.75,0,0],"lerp_mode":"catmullrom"},"2.0":{"post":[15,0,0],"lerp_mode":"catmullrom"}}},"left_ankle":{"rotation":{"0.0":{"post":[-10,0,0],"lerp_mode":"catmullrom"},"0.25":{"post":[-5.94,0,0],"lerp_mode":"catmullrom"},"0.5":{"post":[5,0,0],"lerp_mode":"catmullrom"},"0.75":{"post":[-2.5,0,0],"lerp_mode":"catmullrom"},"1.0":{"post":[-17.5,0,0],"lerp_mode":"catmullrom"},"1.25":{"post":[-7.5,0,0],"lerp_mode":"catmullrom"},"1.5":{"post":[5,0,0],"lerp_mode":"catmullrom"},"1.75":{"post":[-9.47,0,0],"lerp_mode":"catmullrom"},"2.0":{"post":[-10,0,0],"lerp_mode":"catmullrom"}}},"left_arm":{"rotation":{"0.0":{"post":[-30,0,0],"lerp_mode":"catmullrom"},"0.25":{"post":[-12.5,0,1.5],"lerp_mode":"catmullrom"},"0.5":{"post":[0,0,2.5],"lerp_mode":"catmullrom"},"0.75":{"post":[20,0,3.5],"lerp_mode":"catmullrom"},"1.0":{"post":[30,0,3.5],"lerp_mode":"catmullrom"},"1.25":{"post":[28.75,0,2.5],"lerp_mode":"catmullrom"},"1.5":{"post":[12.5,0,-2.5],"lerp_mode":"catmullrom"},"1.75":{"post":[-18.75,0,-2.5],"lerp_mode":"catmullrom"},"2.0":{"post":[-30,0,0],"lerp_mode":"catmullrom"}},"position":{"0.0":{"post":[-0.75,0,-1],"lerp_mode":"catmullrom"},"0.25":{"post":[-0.25,1,-0.25],"lerp_mode":"catmullrom"},"0.5":{"post":[0.25,2,0.5],"lerp_mode":"catmullrom"},"0.75":{"post":[0.5,0.25,-0.25],"lerp_mode":"catmullrom"},"1.0":{"post":[0.5,-0.5,0],"lerp_mode":"catmullrom"},"1.25":{"post":[0.5,0.25,0.25],"lerp_mode":"catmullrom"},"1.5":{"post":[0,1,0.5],"lerp_mode":"catmullrom"},"1.75":{"post":[-0.5,0.5,-0.25],"lerp_mode":"catmullrom"},"2.0":{"post":[-0.75,0,-1],"lerp_mode":"catmullrom"}}},"left_elbow":{"rotation":{"0.0":{"post":[5,0,0],"lerp_mode":"catmullrom"},"0.25":{"post":[-3.75,0,0],"lerp_mode":"catmullrom"},"0.5":{"post":[0,0,0],"lerp_mode":"catmullrom"},"0.75":{"post":[-15,0,0],"lerp_mode":"catmullrom"},"1.0":{"post":[-15,0,0],"lerp_mode":"catmullrom"},"1.25":{"post":[-36.25,0,0],"lerp_mode":"catmullrom"},"1.5":{"post":[-47.5,0,0],"lerp_mode":"catmullrom"},"1.75":{"post":[-21.41,0,0],"lerp_mode":"catmullrom"},"2.0":{"post":[5,0,0],"lerp_mode":"catmullrom"}}},"left_paw":{"rotation":{"0.0":{"post":[10,0,0],"lerp_mode":"catmullrom"},"0.25":{"post":[5,0,-2.5],"lerp_mode":"catmullrom"},"0.5":{"post":[0,0,-2.5],"lerp_mode":"catmullrom"},"0.75":{"post":[2.5,0,-3.75],"lerp_mode":"catmullrom"},"1.0":{"post":[5,0,-3],"lerp_mode":"catmullrom"},"1.25":{"post":[8.94,0,-1.47],"lerp_mode":"catmullrom"},"1.5":{"post":[12.5,0,0],"lerp_mode":"catmullrom"},"1.75":{"post":[12.03,0,0.34],"lerp_mode":"catmullrom"},"2.0":{"post":[10,0,0],"lerp_mode":"catmullrom"}}},"left_fingers":{"rotation":{"0.0":{"post":[10,0,0],"lerp_mode":"catmullrom"},"0.25":{"post":[4.76,0,0],"lerp_mode":"catmullrom"},"0.5":{"post":[-2.51,0,0],"lerp_mode":"catmullrom"},"0.75":{"post":[-10.95,0,0],"lerp_mode":"catmullrom"},"1.0":{"post":[-17.5,0,0],"lerp_mode":"catmullrom"},"1.25":{"post":[-9.69,0,0],"lerp_mode":"catmullrom"},"1.5":{"post":[2.5,0,0],"lerp_mode":"catmullrom"},"1.75":{"post":[7.34,0,0],"lerp_mode":"catmullrom"},"2.0":{"post":[10,0,0],"lerp_mode":"catmullrom"}}},"torso":{"rotation":["(math.sin((query.anim_time) * 90 * 4-90)*2)",0,"0+(math.sin((query.anim_time) * 90 * 2+90)*1)"],"position":["(math.sin((query.anim_time) * 90 * 2-90)*0.5)","(math.sin((query.anim_time) * 90 * 4-90)*0.2)","(math.sin((query.anim_time) * 90 * 4-90)*0.3)"]},"chest":{"rotation":["7.5-(math.sin((query.anim_time) * 90 * 4-90)*3)","-(math.sin((query.anim_time) * 90 * 2-90)*1)","(math.sin((query.anim_time) * 90 * 2-90)*2)"],"position":[0,0,"-(math.sin((query.anim_time- 0.5) * 90 * 4-90)*0.2)"]},"neck":{"rotation":["-2.5-(math.sin((query.anim_time) * 90 * 4-90)*1)",0,0]},"head":{"rotation":["7.5+(math.sin((query.anim_time) * 90 * 4-90)*2)",0,0]},"waist":{"position":[0,0,"-1-(math.sin((query.anim_time- 0.45) * 90 * 4-90)*0.1)"]},"hip":{"rotation":["-(math.sin((query.anim_time- 0.15) * 90 * 4-90)*2)","-(math.sin((query.anim_time) * 90 * 2-90)*2)",0],"position":[0,0,"-(math.sin((query.anim_time- 0.5) * 90 * 4-90)*0.2)"]},"left_foot":{"rotation":{"0.0":{"post":[-5,0,0],"lerp_mode":"catmullrom"},"0.25":{"post":[-8.44,0,0],"lerp_mode":"catmullrom"},"0.5":{"post":[-15,0,0],"lerp_mode":"catmullrom"},"0.75":{"post":[22.56,0,0],"lerp_mode":"catmullrom"},"1.0":{"post":[37.5,0,0],"lerp_mode":"catmullrom"},"1.25":{"post":[-4.16,0,0],"lerp_mode":"catmullrom"},"1.5":{"post":[10,0,0],"lerp_mode":"catmullrom"},"2.0":{"post":[-5,0,0],"lerp_mode":"catmullrom"}}},"right_arm":{"rotation":{"0.0":{"post":[30,0,-3.5],"lerp_mode":"catmullrom"},"0.25":{"post":[28.75,0,-2.5],"lerp_mode":"catmullrom"},"0.5":{"post":[12.5,0,2.5],"lerp_mode":"catmullrom"},"0.75":{"post":[-18.75,0,2.5],"lerp_mode":"catmullrom"},"1.0":{"post":[-30,0,0],"lerp_mode":"catmullrom"},"1.25":{"post":[-12.5,0,-1.5],"lerp_mode":"catmullrom"},"1.5":{"post":[0,0,-2.5],"lerp_mode":"catmullrom"},"1.75":{"post":[20,0,-3.5],"lerp_mode":"catmullrom"},"2.0":{"post":[30,0,-3.5],"lerp_mode":"catmullrom"}},"position":{"0.0":{"post":[-0.5,-0.5,0],"lerp_mode":"catmullrom"},"0.25":{"post":[-0.5,0.25,0.25],"lerp_mode":"catmullrom"},"0.5":{"post":[0,1,0.5],"lerp_mode":"catmullrom"},"0.75":{"post":[0.5,0.5,-0.25],"lerp_mode":"catmullrom"},"1.0":{"post":[0.75,0,-1],"lerp_mode":"catmullrom"},"1.25":{"post":[0.25,1,-0.25],"lerp_mode":"catmullrom"},"1.5":{"post":[-0.25,2,0.5],"lerp_mode":"catmullrom"},"1.75":{"post":[-0.5,0.25,-0.25],"lerp_mode":"catmullrom"},"2.0":{"post":[-0.5,-0.5,0],"lerp_mode":"catmullrom"}}},"right_elbow":{"rotation":{"0.0":{"post":[-15,0,0],"lerp_mode":"catmullrom"},"0.25":{"post":[-36.25,0,0],"lerp_mode":"catmullrom"},"0.5":{"post":[-47.5,0,0],"lerp_mode":"catmullrom"},"0.75":{"post":[-21.41,0,0],"lerp_mode":"catmullrom"},"1.0":{"post":[5,0,0],"lerp_mode":"catmullrom"},"1.25":{"post":[-3.75,0,0],"lerp_mode":"catmullrom"},"1.5":{"post":[0,0,0],"lerp_mode":"catmullrom"},"1.75":{"post":[-15,0,0],"lerp_mode":"catmullrom"},"2.0":{"post":[-15,0,0],"lerp_mode":"catmullrom"}}},"right_paw":{"rotation":{"0.0":{"post":[5,0,3],"lerp_mode":"catmullrom"},"0.25":{"post":[8.94,0,1.47],"lerp_mode":"catmullrom"},"0.5":{"post":[12.5,0,0],"lerp_mode":"catmullrom"},"0.75":{"post":[12.03,0,-0.34],"lerp_mode":"catmullrom"},"1.0":{"post":[10,0,0],"lerp_mode":"catmullrom"},"1.25":{"post":[5,0,2.5],"lerp_mode":"catmullrom"},"1.5":{"post":[0,0,2.5],"lerp_mode":"catmullrom"},"1.75":{"post":[2.5,0,3.75],"lerp_mode":"catmullrom"},"2.0":{"post":[5,0,3],"lerp_mode":"catmullrom"}}},"right_fingers":{"rotation":{"0.0":{"post":[-17.5,0,0],"lerp_mode":"catmullrom"},"0.25":{"post":[-9.69,0,0],"lerp_mode":"catmullrom"},"0.5":{"post":[2.5,0,0],"lerp_mode":"catmullrom"},"0.75":{"post":[7.34,0,0],"lerp_mode":"catmullrom"},"1.0":{"post":[10,0,0],"lerp_mode":"catmullrom"},"1.25":{"post":[4.76,0,0],"lerp_mode":"catmullrom"},"1.5":{"post":[-2.51,0,0],"lerp_mode":"catmullrom"},"1.75":{"post":[-10.95,0,0],"lerp_mode":"catmullrom"},"2.0":{"post":[-17.5,0,0],"lerp_mode":"catmullrom"}}},"right_leg":{"rotation":{"0.0":{"post":[-2.5,0,0],"lerp_mode":"catmullrom"},"0.25":{"post":[-26.25,0,0],"lerp_mode":"catmullrom"},"0.5":{"post":[-40,0,0],"lerp_mode":"catmullrom"},"0.75":{"post":[-18.75,0,0],"lerp_mode":"catmullrom"},"1.0":{"post":[-2.5,0,0],"lerp_mode":"catmullrom"},"1.25":{"post":[6.56,0,0],"lerp_mode":"catmullrom"},"1.5":{"post":[12.5,0,0],"lerp_mode":"catmullrom"},"1.75":{"post":[3.75,0,0],"lerp_mode":"catmullrom"},"2.0":{"post":[-2.5,0,0],"lerp_mode":"catmullrom"}},"position":{"0.0":{"post":[0,0.5,-1],"lerp_mode":"catmullrom"},"0.25":{"post":[0,0.75,-0.5],"lerp_mode":"catmullrom"},"0.5":{"post":[0,0.75,0],"lerp_mode":"catmullrom"},"0.75":{"post":[0,0.5,-0.75],"lerp_mode":"catmullrom"},"1.0":{"post":[0,0.5,-1],"lerp_mode":"catmullrom"},"1.25":{"post":[0,0.5,-0.5],"lerp_mode":"catmullrom"},"1.5":{"post":[0,1,0],"lerp_mode":"catmullrom"},"1.75":{"post":[0,0.75,-0.5],"lerp_mode":"catmullrom"},"2.0":{"post":[0,0.5,-1],"lerp_mode":"catmullrom"}}},"right_knee":{"rotation":{"0.0":{"post":[35,0,0],"lerp_mode":"catmullrom"},"0.25":{"post":[30,0,0],"lerp_mode":"catmullrom"},"0.5":{"post":[22.5,0,0],"lerp_mode":"catmullrom"},"0.75":{"post":[23.75,0,0],"lerp_mode":"catmullrom"},"1.0":{"post":[15,0,0],"lerp_mode":"catmullrom"},"1.25":{"post":[6.17,0,0],"lerp_mode":"catmullrom"},"1.5":{"post":[2.5,0,0],"lerp_mode":"catmullrom"},"1.75":{"post":[35,0,0],"lerp_mode":"catmullrom"},"2.0":{"post":[35,0,0],"lerp_mode":"catmullrom"}}},"right_ankle":{"rotation":{"0.0":{"post":[-17.5,0,0],"lerp_mode":"catmullrom"},"0.25":{"post":[-7.5,0,0],"lerp_mode":"catmullrom"},"0.5":{"post":[5,0,0],"lerp_mode":"catmullrom"},"0.75":{"post":[-9.47,0,0],"lerp_mode":"catmullrom"},"1.0":{"post":[-10,0,0],"lerp_mode":"catmullrom"},"1.25":{"post":[-5.94,0,0],"lerp_mode":"catmullrom"},"1.5":{"post":[5,0,0],"lerp_mode":"catmullrom"},"1.75":{"post":[-2.5,0,0],"lerp_mode":"catmullrom"},"2.0":{"post":[-17.5,0,0],"lerp_mode":"catmullrom"}}},"right_foot":{"rotation":{"0.0":{"post":[37.5,0,0],"lerp_mode":"catmullrom"},"0.25":{"post":[-4.16,0,0],"lerp_mode":"catmullrom"},"0.5":{"post":[10,0,0],"lerp_mode":"catmullrom"},"1.0":{"post":[-5,0,0],"lerp_mode":"catmullrom"},"1.25":{"post":[-8.44,0,0],"lerp_mode":"catmullrom"},"1.5":{"post":[-15,0,0],"lerp_mode":"catmullrom"},"1.75":{"post":[22.56,0,0],"lerp_mode":"catmullrom"},"2.0":{"post":[37.5,0,0],"lerp_mode":"catmullrom"}}}}},"animation.suicune.battle_idle":{"loop":true,"bones":{"body":{"position":[0,-1,0]},"left_leg":{"rotation":["7.4539+math.sin((query.anim_time) * 90 * 1)*2",1.08089,-4.88206],"position":[0,"-0.75-math.sin((query.anim_time) * 90 * 1)*0.2","math.sin((query.anim_time) * 90 * 1)*0.1"]},"left_knee":{"rotation":["7.5-math.sin((query.anim_time) * 90 * 1)*2",0,0]},"left_ankle":{"rotation":["-10-math.sin((query.anim_time) * 90 * 1)*2",0,2.5]},"left_arm":{"rotation":["5.2787-math.sin((query.anim_time) * 90 * 1-30)*5",-0.73522,-9.84737],"position":[0,"math.sin((query.anim_time) * 90 * 1-30)*0.2","-math.sin((query.anim_time) * 90 * 1-30)*0.3"]},"left_elbow":{"rotation":["-7.5+ math.sin((query.anim_time) * 90 * 1-30)*8",0,0]},"left_paw":{"rotation":["3.5+ math.sin((query.anim_time) * 90 * 1-30)*2",0,7.5],"position":[0.22394,"0.1193+ math.sin((query.anim_time) * 90 * 1-30)*0.5","-0.0265+ math.sin((query.anim_time) * 90 * 1-30)*0.2"]},"neck":{"rotation":["5+math.sin((query.anim_time) * 90 * 1+30)*2",0,0]},"head":{"rotation":["7.5+math.sin((query.anim_time) * 90 * 1)*5",0,0]},"left_fingers":{"rotation":["0- math.sin((query.anim_time) * 90 * 1-30)*6",0,0]},"torso":{"rotation":["-math.sin((query.anim_time) * 90 * 1)*2",0,0]},"chest":{"rotation":["-math.sin((query.anim_time) * 90 * 1-30)*3",0,0],"position":[0,0,"-math.sin((query.anim_time) * 90 * 1)*0.2"]},"left_foot":{"rotation":[-5,0,0]},"right_arm":{"rotation":["5.2787-math.sin((query.anim_time) * 90 * 1-30)*5",0.73522,9.84737],"position":[0,"math.sin((query.anim_time) * 90 * 1-30)*0.2","-math.sin((query.anim_time) * 90 * 1-30)*0.3"]},"right_elbow":{"rotation":["-7.5+ math.sin((query.anim_time) * 90 * 1-30)*8",0,0]},"right_paw":{"rotation":["3.5+ math.sin((query.anim_time) * 90 * 1-30)*2",0,-7.5],"position":[-0.22394,"0.1193+ math.sin((query.anim_time) * 90 * 1-30)*0.5","-0.0265+ math.sin((query.anim_time) * 90 * 1-30)*0.2"]},"right_fingers":{"rotation":["0- math.sin((query.anim_time) * 90 * 1-30)*6",0,0]},"right_leg":{"rotation":["7.4539+math.sin((query.anim_time) * 90 * 1)*2",-1.08089,4.88206],"position":[0,"-0.75-math.sin((query.anim_time) * 90 * 1)*0.2","math.sin((query.anim_time) * 90 * 1)*0.1"]},"right_knee":{"rotation":["7.5-math.sin((query.anim_time) * 90 * 1)*2",0,0]},"right_ankle":{"rotation":["-10-math.sin((query.anim_time) * 90 * 1)*2",0,-2.5]},"right_foot":{"rotation":[-5,0,0]}}},"animation.suicune.tail_idle":{"loop":true,"bones":{"right_tail_base":{"rotation":[-35,0,0]},"right_tail":{"rotation":[0,"math.sin((query.anim_time) * 90 * 1)*10",0]},"right_tail2":{"rotation":[0,"(math.sin((query.anim_time) * 90 * 1-45)*15)",0]},"right_tail3":{"rotation":[0,"math.sin((query.anim_time) * 90 * 1-90)*35","-math.sin((query.anim_time) * 90 * 1-45)*15"]},"right_tail3_base":{"rotation":[-62.5,0,0]},"right_tail2_base":{"rotation":[-37.5,0,0]},"undefined":{"rotation":[0,"math.sin((query.anim_time) * 90 * 1-270-45)*40*1.5",0]},"left_tail_base":{"rotation":[-35,0,0]},"left_tail":{"rotation":[0,"-(math.sin((query.anim_time) * 90 * 1)*10)",0]},"left_tail2_base":{"rotation":[-37.5,0,0]},"left_tail2":{"rotation":[0,"-(math.sin((query.anim_time) * 90 * 1-45)*15)",0]},"left_tail3_base":{"rotation":[-62.5,0,0]},"left_tail3":{"rotation":[0,"-(math.sin((query.anim_time) * 90 * 1-90)*35)","math.sin((query.anim_time) * 90 * 1-45)*15"]},"left_tail4_base":{"rotation":[-42.5,0,0]},"left_tail4":{"rotation":[0,"-(math.sin((query.anim_time) * 90 * 1-180)*20)","math.sin((query.anim_time) * 90 * 1-90)*15"]},"left_tail5":{"rotation":[0,"-(math.sin((query.anim_time) * 90 * 1-180-45)*20*2)","math.sin((query.anim_time) * 90 * 1-90-45)*5"]},"left_tail6":{"rotation":[0,"-(math.sin((query.anim_time) * 90 * 1-180-90)*20*2)",0]},"left_tail7":{"rotation":[0,"-(math.sin((query.anim_time) * 90 * 1-180-90-45)*40*1.5)",0]},"left_tail8":{"rotation":[0,"-(math.sin((query.anim_time) * 90 * 1)*40*1.5)",0]},"left_tail9":{"rotation":[0,"-(math.sin((query.anim_time) * 90 * 1-45)*40*1.5)",0]},"left_tailten":{"rotation":[0,"-(math.sin((query.anim_time) * 90 * 1-90)*40*1.5)",0]},"left_taileleven":{"rotation":[0,"-(math.sin((query.anim_time) * 90 * 1-90-45)*40*1.5)",0]},"left_tail12":{"rotation":[0,"-(math.sin((query.anim_time) * 90 * 1-180)*40*1.5)",0]},"left_tail13":{"rotation":[0,"-(math.sin((query.anim_time) * 90 * 1-180-45)*40*1.5)",0]},"left_tail14":{"rotation":[0,"-(math.sin((query.anim_time) * 90 * 1-270)*40*1.5)",0]},"left_tail15":{"rotation":[0,"-(math.sin((query.anim_time) * 90 * 1-270-45)*40*1.5)",0]},"jaw":{"rotation":[0,0,0]},"right_tail4_base":{"rotation":[-42.5,0,0]},"right_tail4":{"rotation":[0,"(math.sin((query.anim_time) * 90 * 1-180)*20)","-(math.sin((query.anim_time) * 90 * 1-90)*15)"]},"right_tail5":{"rotation":[0,"math.sin((query.anim_time) * 90 * 1-180-45)*20*2","-math.sin((query.anim_time) * 90 * 1-90-45)*5"]},"right_tail6":{"rotation":[0,"math.sin((query.anim_time) * 90 * 1-180-90)*20*2",0]},"right_tail7":{"rotation":[0,"math.sin((query.anim_time) * 90 * 1-180-90-45)*40*1.5",0]},"right_tail8":{"rotation":[0,"math.sin((query.anim_time) * 90 * 1)*40*1.5",0]},"right_tail9":{"rotation":[0,"math.sin((query.anim_time) * 90 * 1-45)*40*1.5",0]},"right_tailten":{"rotation":[0,"math.sin((query.anim_time) * 90 * 1-90)*40*1.5",0]},"right_taileleven":{"rotation":[0,"math.sin((query.anim_time) * 90 * 1-90-45)*40*1.5",0]},"right_tail12":{"rotation":[0,"math.sin((query.anim_time) * 90 * 1-180)*40*1.5",0]},"right_tail13":{"rotation":[0,"math.sin((query.anim_time) * 90 * 1-180-45)*40*1.5",0]},"right_tail14":{"rotation":[0,"math.sin((query.anim_time) * 90 * 1-270)*40*1.5",0]},"right_tail15":{"rotation":[0,"math.sin((query.anim_time) * 90 * 1-270-45)*40*1.5",0]}}},"animation.suicune.hair":{"loop":true,"bones":{"hair":{"rotation":["-math.sin((query.anim_time) * 90 * 1)*5",0,0]},"hair_middle":{"rotation":["-math.sin((query.anim_time) * 90 * 1-300)*20",0,0]},"hair_middle2":{"rotation":["-2.5-math.sin((query.anim_time) * 90 * 1-120)*50",0,0]},"hair_middle3":{"rotation":["-2.5-math.sin((query.anim_time) * 90 * 1-270)*40",0,0]},"hair_middle4":{"rotation":["-math.sin((query.anim_time) * 90 * 1-30)*30",0,0]},"hair_middle5":{"rotation":["-math.sin((query.anim_time) * 90 * 1-120)*20",0,0]},"hair_middle6":{"rotation":["-math.sin((query.anim_time) * 90 * 1-180)*25",0,0]},"hair_side":{"rotation":["-math.sin((query.anim_time) * 90 * 1-30)*3",0,0]},"hair_side2":{"rotation":["-2.5-math.sin((query.anim_time) * 90 * 1-300)*20",0,0]},"hair_side3":{"rotation":["-2.5-math.sin((query.anim_time) * 90 * 1-120)*50",0,0]},"hair_side4":{"rotation":["-math.sin((query.anim_time) * 90 * 1-270)*40",0,0]},"hair_side5":{"rotation":["-math.sin((query.anim_time) * 90 * 1-30)*30",0,0]},"hair_side6":{"rotation":["-math.sin((query.anim_time) * 90 * 1-120)*20",0,0]}}},"animation.suicune.sleep":{"loop":true,"bones":{"body":{"rotation":[0,0,-12.5],"position":[0,-14,0]},"left_leg":{"rotation":[-87.03659,6.06809,-37.07723]},"left_knee":{"rotation":[55,0,0]},"left_ankle":{"rotation":[-5,0,0]},"left_arm":{"rotation":["-52.5+math.sin((query.anim_time) * 90 * 0.25)*3",22.5,0],"position":[0.43288,"1.9526+math.sin((query.anim_time) * 90 * 0.25)*0.5",-2]},"left_elbow":{"rotation":[-50,0,0]},"left_paw":{"rotation":[107.5,0,0],"position":[0.27055,0.85351,-1.15036]},"torso":{"rotation":["-math.sin((query.anim_time) * 90 * 0.25-30)*3",0,0]},"chest":{"rotation":["0-math.sin((query.anim_time) * 90 * 0.25)*3",0,0]},"neck":{"rotation":["60+math.sin((query.anim_time) * 90 * 0.25-60)*2",-16.57738,30.45218],"position":[-0.21644,-0.69035,-0.69035]},"hair":{"rotation":[-12.5,0,0]},"hair_middle":{"rotation":[-15,0,0]},"hair_middle2":{"rotation":[0,12.5,0]},"hair_middle3":{"rotation":[-21.17283,18.74724,-7.09597]},"hair_middle4":{"rotation":[-17.5,0,0]},"hair_middle5":{"rotation":[20,0,0]},"hair_middle6":{"rotation":[-12.5,0,0]},"hair_side":{"rotation":[7.5,0,0],"position":[0,0.06526,0.49572]},"hair_side2":{"rotation":[-17.5,7.5,0]},"hair_side3":{"rotation":[10,0,0]},"hair_side4":{"rotation":[-36.28567,14.26008,-10.25103]},"hair_side5":{"rotation":[10,0,0]},"hair_side6":{"rotation":[-27.5,0,0],"position":[0,-0.42526,-1.34876]},"head":{"rotation":["0-math.sin((query.anim_time) * 90 * 0.25-120)*2",-17.5,0],"position":[0.74358,0,0.09789]},"left_eyelid":{"position":[2,0,0]},"right_eyelid":{"position":[-2,0,0]},"jaw":{"rotation":["15+math.sin((query.anim_time) * 90 * 0.25-30)*10",0,0]},"left_eye":{"position":[-1,0,0]},"right_eye":{"position":[1,0,0]},"waist":{"rotation":[0,0,-10]},"hip":{"rotation":[0,0,-2.5]},"right_tail":{"rotation":[0,0,32.5]},"left_tail":{"rotation":[7.5,0,0]},"right_arm":{"rotation":["-50.2259+math.sin((query.anim_time) * 90 * 0.25)*3",-34.01074,10.95716],"position":[-0.43288,"1.9526+math.sin((query.anim_time) * 90 * 0.25)*0.5",-2]},"right_elbow":{"rotation":[-45,0,0]},"right_paw":{"rotation":[107.5,0,0],"position":[-0.27055,0.85351,-1.15036]},"right_leg":{"rotation":[-91.87478,11.3543,-32.91119],"position":[1.67057,-3.61244,1.07679]},"right_knee":{"rotation":[54.52468,19.82169,-2.71994]},"right_ankle":{"rotation":[-4.97622,-10.23077,-17.3689]}}},"animation.suicune.tail_sleep":{"loop":true,"bones":{"right_tail_base":{"rotation":[-35,0,0]},"right_tail":{"rotation":[0,"math.sin((query.anim_time) * 90 * 0.5)*10",0]},"right_tail2":{"rotation":[0,"(math.sin((query.anim_time) * 90 * 0.5-45)*15)",0]},"right_tail3":{"rotation":[0,"math.sin((query.anim_time) * 90 * 0.5-90)*35","-math.sin((query.anim_time) * 90 * 0.5-45)*15"]},"right_tail3_base":{"rotation":[-62.5,0,0]},"right_tail2_base":{"rotation":[-37.5,0,0]},"undefined":{"rotation":[0,"math.sin((query.anim_time) * 90 * 0.5-270-45)*40*1.5",0]},"left_tail_base":{"rotation":[-35,0,0]},"left_tail":{"rotation":[0,"-(math.sin((query.anim_time) * 90 * 0.5)*10)",0]},"left_tail2_base":{"rotation":[-37.5,0,0]},"left_tail2":{"rotation":[0,"-(math.sin((query.anim_time) * 90 * 0.5-45)*15)",0]},"left_tail3_base":{"rotation":[-62.5,0,0]},"left_tail3":{"rotation":[0,"-(math.sin((query.anim_time) * 90 * 0.5-90)*35)","math.sin((query.anim_time) * 90 * 0.5-45)*15"]},"left_tail4_base":{"rotation":[-42.5,0,0]},"left_tail4":{"rotation":[0,"-(math.sin((query.anim_time) * 90 * 0.5-180)*20)","math.sin((query.anim_time) * 90 * 0.5-90)*15"]},"left_tail5":{"rotation":[0,"-(math.sin((query.anim_time) * 90 * 0.5-180-45)*20*2)","math.sin((query.anim_time) * 90 * 0.5-90-45)*5"]},"left_tail6":{"rotation":[0,"-(math.sin((query.anim_time) * 90 * 0.5-180-90)*20*2)",0]},"left_tail7":{"rotation":[0,"-(math.sin((query.anim_time) * 90 * 0.5-180-90-45)*40*1.5)",0]},"left_tail8":{"rotation":[0,"-(math.sin((query.anim_time) * 90 * 0.5)*40*1.5)",0]},"left_tail9":{"rotation":[0,"-(math.sin((query.anim_time) * 90 * 0.5-45)*40*1.5)",0]},"left_tailten":{"rotation":[0,"-(math.sin((query.anim_time) * 90 * 0.5-90)*40*1.5)",0]},"left_taileleven":{"rotation":[0,"-(math.sin((query.anim_time) * 90 * 0.5-90-45)*40*1.5)",0]},"left_tail12":{"rotation":[0,"-(math.sin((query.anim_time) * 90 * 0.5-180)*40*1.5)",0]},"left_tail13":{"rotation":[0,"-(math.sin((query.anim_time) * 90 * 0.5-180-45)*40*1.5)",0]},"left_tail14":{"rotation":[0,"-(math.sin((query.anim_time) * 90 * 0.5-270)*40*1.5)",0]},"left_tail15":{"rotation":[0,"-(math.sin((query.anim_time) * 90 * 0.5-270-45)*40*1.5)",0]},"jaw":{"rotation":[0,0,0]},"right_tail4_base":{"rotation":[-42.5,0,0]},"right_tail4":{"rotation":[0,"(math.sin((query.anim_time) * 90 * 0.5-180)*20)","-(math.sin((query.anim_time) * 90 * 0.5-90)*15)"]},"right_tail5":{"rotation":[0,"math.sin((query.anim_time) * 90 * 0.5-180-45)*20*2","-math.sin((query.anim_time) * 90 * 0.5-90-45)*5"]},"right_tail6":{"rotation":[0,"math.sin((query.anim_time) * 90 * 0.5-180-90)*20*2",0]},"right_tail7":{"rotation":[0,"math.sin((query.anim_time) * 90 * 0.5-180-90-45)*40*1.5",0]},"right_tail8":{"rotation":[0,"math.sin((query.anim_time) * 90 * 0.5)*40*1.5",0]},"right_tail9":{"rotation":[0,"math.sin((query.anim_time) * 90 * 0.5-45)*40*1.5",0]},"right_tailten":{"rotation":[0,"math.sin((query.anim_time) * 90 * 0.5-90)*40*1.5",0]},"right_taileleven":{"rotation":[0,"math.sin((query.anim_time) * 90 * 0.5-90-45)*40*1.5",0]},"right_tail12":{"rotation":[0,"math.sin((query.anim_time) * 90 * 0.5-180)*40*1.5",0]},"right_tail13":{"rotation":[0,"math.sin((query.anim_time) * 90 * 0.5-180-45)*40*1.5",0]},"right_tail14":{"rotation":[0,"math.sin((query.anim_time) * 90 * 0.5-270)*40*1.5",0]},"right_tail15":{"rotation":[0,"math.sin((query.anim_time) * 90 * 0.5-270-45)*40*1.5",0]}}},"animation.suicune.blink":{"loop":false,"animation_length":0.1667,"bones":{"left_eyelid":{"position":{"0.0":[2,0,0],"0.1667":{"pre":[2,0,0],"post":[0,0,0]}}},"right_eyelid":{"position":{"0.0":[-2,0,0],"0.1667":{"pre":[-2,0,0],"post":[0,0,0]}}},"left_eye":{"position":{"0.0":[-1,0,0],"0.1667":{"pre":[-1,0,0],"post":[0,0,0]}}},"right_eye":{"position":{"0.0":[1,0,0],"0.1667":{"pre":[1,0,0],"post":[0,0,0]}}}}},"animation.suicune.cry":{"loop":false,"animation_length":8,"bones":{"chest":{"rotation":{"0.0":{"post":[0,0,0],"lerp_mode":"catmullrom"},"0.25":{"post":[15,0,0],"lerp_mode":"catmullrom"},"0.5":{"post":[-2.5,0,0],"lerp_mode":"catmullrom"},"1.0":{"post":[-2.5,0,0],"lerp_mode":"catmullrom"},"1.5":{"post":[0,0,0],"lerp_mode":"catmullrom"}}},"neck":{"rotation":{"0.0":{"post":[0,0,0],"lerp_mode":"catmullrom"},"0.25":{"post":[10,0,0],"lerp_mode":"catmullrom"},"0.5":{"post":[-17.5,0,0],"lerp_mode":"catmullrom"},"1.0":{"post":[-17.5,0,0],"lerp_mode":"catmullrom"},"1.5":{"post":[0,0,0],"lerp_mode":"catmullrom"}}},"hair":{"rotation":{"0.0":{"post":[0,0,0],"lerp_mode":"catmullrom"},"0.25":{"post":[-15,0,0],"lerp_mode":"catmullrom"},"0.5":{"post":[7.5,0,0],"lerp_mode":"catmullrom"},"1.0":{"post":[7.5,0,0],"lerp_mode":"catmullrom"},"1.5":{"post":[0,0,0],"lerp_mode":"catmullrom"}}},"head":{"rotation":{"0.0":{"post":[0,0,0],"lerp_mode":"catmullrom"},"0.25":{"post":[15,0,0],"lerp_mode":"catmullrom"},"0.5":{"post":[5,0,0],"lerp_mode":"catmullrom"},"0.75":{"post":[-4.84,0,0],"lerp_mode":"catmullrom"},"1.0":{"post":[-7.5,0,0],"lerp_mode":"catmullrom"},"1.5":{"post":[0,0,0],"lerp_mode":"catmullrom"}}},"left_eyelid":{"position":{"0.0417":[2,0,0],"0.375":{"pre":[2,0,0],"post":[0,0,0]}}},"right_eyelid":{"position":{"0.0417":[-2,0,0],"0.375":{"pre":[-2,0,0],"post":[0,0,0]}}},"jaw":{"rotation":{"0.25":{"pre":[0,0,0],"post":[0,0,0],"lerp_mode":"catmullrom"},"0.5":{"post":[77.5,0,0],"lerp_mode":"catmullrom"},"0.625":{"post":[59.69,0,0],"lerp_mode":"catmullrom"},"0.75":{"post":[84.02,0,0],"lerp_mode":"catmullrom"},"1.0":{"post":[77.5,0,0],"lerp_mode":"catmullrom"},"1.5":{"post":[0,0,0],"lerp_mode":"catmullrom"}}},"left_eye":{"position":{"0.0417":[-1,0,0],"0.375":{"pre":[-1,0,0],"post":[0,0,0]}}},"right_eye":{"position":{"0.0417":[1,0,0],"0.375":{"pre":[1,0,0],"post":[0,0,0]}}}}},"animation.suicune.recoil":{"animation_length":1.5,"bones":{"torso2":{"rotation":{"0.0":[0,0,0],"0.0833":[4.98,0,0],"0.4167":{"pre":[0,0,0],"post":[0,0,0],"lerp_mode":"catmullrom"},"0.7083":{"post":[1.5,0,0],"lerp_mode":"catmullrom"},"1.4167":[0,0,0]}},"neck2":{"rotation":{"0.0":[0,0,0],"0.125":{"pre":[5,0,0],"post":[5,0,0],"lerp_mode":"catmullrom"},"0.5":{"post":[14.85,0,0],"lerp_mode":"catmullrom"},"1.1667":[0,0,0]}},"arm_right":{"rotation":{"0.0":[0,0,0],"0.125":{"pre":[0,-30,0],"post":[0,-30,0],"lerp_mode":"catmullrom"},"0.9167":{"post":[0,0,0],"lerp_mode":"catmullrom"},"1.2917":[0,0,0]}},"forearm_right":{"rotation":{"0.0":[0,0,0],"0.375":[0,-17.5,0],"1.125":[0,0,0]}},"arm_left":{"rotation":{"0.0":[0,0,0],"0.125":{"pre":[0,30,0],"post":[0,30,0],"lerp_mode":"catmullrom"},"0.9167":{"post":[0,0,0],"lerp_mode":"catmullrom"},"1.2917":[0,0,0]}},"forearm_left":{"rotation":{"0.0":[0,0,0],"0.375":[0,17.5,0],"1.125":[0,0,0]}},"eyelid_left":{"position":{"0.0":[0.02,0,-0.035],"0.125":[0.02,0,-0.035],"0.1667":{"pre":[0.02,0,-0.035],"post":[0,0,0]}}},"tail":{"rotation":{"0.0":[0,0,0],"0.1667":{"pre":[17.5,0,0],"post":[17.5,0,0],"lerp_mode":"catmullrom"},"0.625":{"post":[15.38,0,0],"lerp_mode":"catmullrom"},"1.3333":[0,0,0]}},"eyelid_right":{"position":{"0.0":[-0.02,0,-0.035],"0.125":[-0.02,0,-0.035],"0.1667":{"pre":[-0.02,0,-0.035],"post":[0,0,0]}}},"fur":{"rotation":{"0.0":[0,0,0],"0.25":[45,0,0],"1.5":[0,0,0]}},"torso":{"rotation":{"0.0":[0,0,0],"0.125":[-12,0,0],"0.4583":{"pre":[2.24067,0,0],"post":[2.24067,0,0],"lerp_mode":"catmullrom"},"0.8333":{"post":[2.24067,0,0],"lerp_mode":"catmullrom"},"1.2917":[0,0,0]}},"neck":{"rotation":{"0.0":[0,0,0],"0.0833":{"pre":[-25,0,0],"post":[-25,0,0],"lerp_mode":"catmullrom"},"0.625":{"post":[-12.5,0,0],"lerp_mode":"catmullrom"},"1.125":{"post":[0,0,0],"lerp_mode":"catmullrom"},"1.5":[0,0,0]},"position":{"0.0":[0,0,0],"0.0833":[0,-2.2505,-0.49774],"1.125":[0,0,0]}},"hair":{"rotation":{"0.0":[0,0,0],"0.25":[15,0,0],"1.5":[0,0,0]}},"head":{"rotation":{"0.0":[0,0,0],"0.125":{"pre":[10,0,0],"post":[10,0,0],"lerp_mode":"catmullrom"},"0.25":{"post":[-10,0,0],"lerp_mode":"catmullrom"},"0.5833":{"post":[-10,0,0],"lerp_mode":"catmullrom"},"0.9583":{"post":[0,0,0],"lerp_mode":"catmullrom"},"1.3333":[0,0,0]}}}}}}