{"format_version":"1.8.0","animations":{"animation.sunflora.ground_idle":{"loop":true,"animation_length":1,"bones":{"Body":{"rotation":{"0.0":{"post":[3.42855,17.47847,-1.11861],"lerp_mode":"catmullrom"},"0.1667":{"post":[3.60024,24.71488,-0.64258],"lerp_mode":"catmullrom"},"0.5":{"post":[3.00521,-6.24629,2.26871],"lerp_mode":"catmullrom"},"0.6667":{"post":[3.06279,-12.7372,1.92009],"lerp_mode":"catmullrom"},"1.0":{"post":[3.42855,17.47847,-1.11861],"lerp_mode":"catmullrom"}},"position":{"0.0":{"post":[0,0,0],"lerp_mode":"catmullrom"},"0.5":{"post":[0,1.6,0],"lerp_mode":"catmullrom"},"1.0":{"post":[0,0,0],"lerp_mode":"catmullrom"}}},"leaf_right_arm":{"rotation":{"0.0":{"post":[9.26699,3.45443,-8.18672],"lerp_mode":"catmullrom"},"0.5":{"post":[9.80278,-1.27564,19.42383],"lerp_mode":"catmullrom"},"1.0":{"post":[9.26699,3.45443,-8.18672],"lerp_mode":"catmullrom"}}},"leaf_right_arm2":{"rotation":{"0.0":{"post":[0,0,-7.25],"lerp_mode":"catmullrom"},"0.5":{"post":[0,0,7],"lerp_mode":"catmullrom"},"1.0":{"post":[0,0,-7.25],"lerp_mode":"catmullrom"}}},"leaf_right_arm3":{"rotation":{"0.0":{"post":[0,0,-9.75],"lerp_mode":"catmullrom"},"0.5":{"post":[0,0,8.5],"lerp_mode":"catmullrom"},"1.0":{"post":[0,0,-9.75],"lerp_mode":"catmullrom"}}},"leaf_right_arm4":{"rotation":{"0.0":{"post":[0,0,-8.75],"lerp_mode":"catmullrom"},"0.5":{"post":[0,0,24],"lerp_mode":"catmullrom"},"1.0":{"post":[0,0,-8.75],"lerp_mode":"catmullrom"}}},"leaf_left_arm":{"rotation":{"0.0":{"post":[-1.26241,4.05851,-17.29473],"lerp_mode":"catmullrom"},"0.5":{"post":[0.99387,4.13237,13.53586],"lerp_mode":"catmullrom"},"1.0":{"post":[-1.26241,4.05851,-17.29473],"lerp_mode":"catmullrom"}}},"leaf_left_arm2":{"rotation":{"0.0":{"post":[0,0,-9.75],"lerp_mode":"catmullrom"},"0.5":{"post":[0,0,10.75],"lerp_mode":"catmullrom"},"1.0":{"post":[0,0,-9.75],"lerp_mode":"catmullrom"}}},"leaf_left_arm3":{"rotation":{"0.0":{"post":[0,0,-18],"lerp_mode":"catmullrom"},"0.5":{"post":[0,0,15.5],"lerp_mode":"catmullrom"},"1.0":{"post":[0,0,-18],"lerp_mode":"catmullrom"}}},"leaf_left_arm4":{"rotation":{"0.0":{"post":[0,0,-15.5],"lerp_mode":"catmullrom"},"0.5":{"post":[0,0,23],"lerp_mode":"catmullrom"},"1.0":{"post":[0,0,-15.5],"lerp_mode":"catmullrom"}}},"neck":{"rotation":{"0.0":{"post":[-10.66126,-16.62739,-1.99727],"lerp_mode":"catmullrom"},"0.25":{"post":[-12.49757,-3.15471,-4.95255],"lerp_mode":"catmullrom"},"0.5":{"post":[-10.1653,10.39772,9.82184],"lerp_mode":"catmullrom"},"0.75":{"post":[-10.60632,-1.09879,11.12121],"lerp_mode":"catmullrom"},"1.0":{"post":[-10.66126,-16.62739,-1.99727],"lerp_mode":"catmullrom"}}},"head":{"rotation":{"0.0":{"post":[40,0,0],"lerp_mode":"catmullrom"},"0.5":{"post":[40.29102,8.89258,0.25242],"lerp_mode":"catmullrom"},"1.0":{"post":[40,0,0],"lerp_mode":"catmullrom"}}},"eye_right":{"position":{"0.0":{"post":[0,0,0],"lerp_mode":"catmullrom"},"0.25":{"post":[0,0,-0.605],"lerp_mode":"catmullrom"},"0.5":{"post":[0,0,-0.075],"lerp_mode":"catmullrom"},"0.75":{"post":[0,0,0.225],"lerp_mode":"catmullrom"},"1.0":{"post":[0,0,0],"lerp_mode":"catmullrom"}}},"eye_left":{"position":{"0.0":{"post":[0,0,0],"lerp_mode":"catmullrom"},"0.25":{"post":[0,0,-0.605],"lerp_mode":"catmullrom"},"0.5":{"post":[0,0,-0.075],"lerp_mode":"catmullrom"},"0.75":{"post":[0,0,0.225],"lerp_mode":"catmullrom"},"1.0":{"post":[0,0,0],"lerp_mode":"catmullrom"}}},"left_leg":{"rotation":{"0.0":{"post":[0,-23,0],"lerp_mode":"catmullrom"},"0.5":{"post":[7.5,-23,0],"lerp_mode":"catmullrom"},"0.6667":{"post":[7.5,-23,0],"lerp_mode":"catmullrom"},"1.0":{"post":[0,-23,0],"lerp_mode":"catmullrom"}},"position":{"0.0":{"post":[0,0,0],"lerp_mode":"catmullrom"},"0.5":{"post":[0,0.625,0],"lerp_mode":"catmullrom"},"0.6667":{"post":[0,0.775,0],"lerp_mode":"catmullrom"},"1.0":{"post":[0,0,0],"lerp_mode":"catmullrom"}}},"right_leg":{"rotation":{"0.0":{"post":[0,23,0],"lerp_mode":"catmullrom"},"0.5":{"post":[7.5,23,0],"lerp_mode":"catmullrom"},"0.6667":{"post":[7.5,23,0],"lerp_mode":"catmullrom"},"1.0":{"post":[0,23,0],"lerp_mode":"catmullrom"}},"position":{"0.0":{"post":[0,0,0],"lerp_mode":"catmullrom"},"0.5":{"post":[0,0.625,0],"lerp_mode":"catmullrom"},"0.6667":{"post":[0,0.775,0],"lerp_mode":"catmullrom"},"1.0":{"post":[0,0,0],"lerp_mode":"catmullrom"}}},"neck2":{"rotation":{"0.0":{"post":[56.71912,14.54392,-9.63686],"lerp_mode":"catmullrom"},"0.2917":{"post":[59.41255,-10.30113,-14.79388],"lerp_mode":"catmullrom"},"0.5":{"post":[57.67852,-6.56842,3.33778],"lerp_mode":"catmullrom"},"0.8333":{"post":[57.34338,9.21382,-5.12204],"lerp_mode":"catmullrom"},"1.0":{"post":[56.71912,14.54392,-9.63686],"lerp_mode":"catmullrom"}}}}},"animation.sunflora.ground_walk":{"loop":true,"animation_length":1,"bones":{"Body":{"rotation":{"0.0":{"post":[0,0,13],"lerp_mode":"catmullrom"},"0.25":{"post":[0,0,7],"lerp_mode":"catmullrom"},"0.5":{"post":[0,0,-5.25],"lerp_mode":"catmullrom"},"0.6667":{"post":[0,0,-10.02],"lerp_mode":"catmullrom"},"0.8333":{"post":[0,0,7],"lerp_mode":"catmullrom"},"1.0":{"post":[0,0,13],"lerp_mode":"catmullrom"}},"position":{"0.0":{"post":[0,4.33,0],"lerp_mode":"catmullrom"},"0.25":{"post":[0,3.1,0],"lerp_mode":"catmullrom"},"0.5":{"post":[0,0.25,0],"lerp_mode":"catmullrom"},"0.8333":{"post":[0,4.33,0],"lerp_mode":"catmullrom"},"1.0":{"post":[0,4.33,0],"lerp_mode":"catmullrom"}}},"left_leg":{"rotation":{"0.0":{"post":[-10.75,0,0],"lerp_mode":"catmullrom"},"0.25":{"post":[-10.75,0,0],"lerp_mode":"catmullrom"},"0.5":{"post":[76.5,0,0],"lerp_mode":"catmullrom"},"1.0":{"post":[-10.75,0,0],"lerp_mode":"catmullrom"}},"position":{"0.0":{"post":[0,3.25,-3.745],"lerp_mode":"catmullrom"},"0.25":{"post":[0,-0.63,-0.73],"lerp_mode":"catmullrom"},"0.375":{"post":[0,3.465,1.365],"lerp_mode":"catmullrom"},"0.5":{"post":[0,3.35,2.625],"lerp_mode":"catmullrom"},"0.75":{"post":[0,2.655,-0.96],"lerp_mode":"catmullrom"},"1.0":{"post":[0,3.25,-3.745],"lerp_mode":"catmullrom"}}},"right_leg":{"rotation":{"0.0":{"post":[76.5,0,0],"lerp_mode":"catmullrom"},"0.5":{"post":[-10.75,0,0],"lerp_mode":"catmullrom"},"0.75":{"post":[-10.75,0,0],"lerp_mode":"catmullrom"},"1.0":{"post":[76.5,0,0],"lerp_mode":"catmullrom"}},"position":{"0.0":{"post":[0,3.35,2.625],"lerp_mode":"catmullrom"},"0.25":{"post":[0,2.655,-0.96],"lerp_mode":"catmullrom"},"0.5":{"post":[0,-0.25,-3.745],"lerp_mode":"catmullrom"},"0.75":{"post":[0,-0.63,-0.73],"lerp_mode":"catmullrom"},"0.875":{"post":[0,3.615,1.14],"lerp_mode":"catmullrom"},"1.0":{"post":[0,3.35,2.625],"lerp_mode":"catmullrom"}}}}},"animation.sunflora.cry":{"animation_length":1,"sound_effects":{"0.042":{"effect":"pokemon.sunflora.cry"}},"bones":{"openmouth":{"position":{"0.0":{"post":[0,0,0],"lerp_mode":"catmullrom"},"0.2083":{"post":[0,0,0],"lerp_mode":"catmullrom"},"0.25":{"post":[0,-0.275,0],"lerp_mode":"catmullrom"},"0.5":{"post":[0,-0.275,0],"lerp_mode":"catmullrom"},"0.5417":{"post":[0,0,0],"lerp_mode":"catmullrom"},"0.6667":{"post":[0,0,0],"lerp_mode":"catmullrom"},"1.0":{"post":[0,0,0],"lerp_mode":"catmullrom"}},"scale":{"0.0":{"post":[1,1,1],"lerp_mode":"catmullrom"},"0.6667":{"post":[1,1,1.3],"lerp_mode":"catmullrom"},"0.75":{"post":[1,1,1.0088],"lerp_mode":"catmullrom"},"0.8333":{"post":[1,1,1.44],"lerp_mode":"catmullrom"},"0.9167":{"post":[1,1,1.0088],"lerp_mode":"catmullrom"},"1.0":{"post":[1,1,1],"lerp_mode":"catmullrom"}}},"closemouth":{"position":{"0.0":{"post":[0,0,0],"lerp_mode":"catmullrom"},"0.2083":{"post":[0,0,0],"lerp_mode":"catmullrom"},"0.25":{"post":[0,0.2,0],"lerp_mode":"catmullrom"},"0.5":{"post":[0,0.2,-0.175],"lerp_mode":"catmullrom"},"0.5417":{"post":[0,0,0],"lerp_mode":"catmullrom"},"0.6667":{"post":[0,0,0],"lerp_mode":"catmullrom"},"1.0":{"post":[0,0,0],"lerp_mode":"catmullrom"}}}}}}}