{"format_version":"1.8.0","animations":{"animation.swablu.ground_pose":{"loop":true,"bones":{"left_arm":{"rotation":[0,-60,0],"position":[1,-1,4]},"left_elbow":{"rotation":[0,-80,0]},"right_arm":{"rotation":[0,60,0],"position":[-1,-1,4]},"right_elbow":{"rotation":[0,80,0]},"tail":{"rotation":[25,0,0]}}},"animation.altaria.ground_walk":{"loop":true,"bones":{"wing_right":{"rotation":[90,"80-math.sin(q.anim_time*90*6-40)*3",0],"position":[0,-0.5,-1]},"wing_right2":{"rotation":[0,"-30+math.sin(q.anim_time*90*6-20+180)*1.5",0]},"wing_right3":{"rotation":[-5.20853,"44.7724+math.sin(q.anim_time*90*6-40+180)*2",-7.21525]},"wing_left":{"rotation":[90,"-80+math.sin(q.anim_time*90*6-40)*3",0],"position":[0,-0.5,-1]},"wing_left2":{"rotation":[0,"30+math.sin(q.anim_time*90*6-20)*1.5",0]},"wing_left3":{"rotation":[-5.20853,"-44.7724+math.sin(q.anim_time*90*6-40)*2",7.21525]},"tail_left2":{"rotation":["2.5+math.sin(q.anim_time*90*6-50+180)*3","math.sin(q.anim_time*90*3-40+180)*1",0]},"tail_right2":{"rotation":["2.5+math.sin(q.anim_time*90*6-50+180)*3","math.sin(q.anim_time*90*3-40+180)*1",0]},"hair":{"rotation":["0+math.sin(q.anim_time*90*6-95+180)*3",0,0]},"hair2":{"rotation":["0+math.sin(q.anim_time*90*6-85+180)*5",0,0]},"hair_left":{"rotation":["0+math.sin(q.anim_time*90*6-90+180)*4",0,0]},"hair_right":{"rotation":["0+math.sin(q.anim_time*90*6-90+180)*4",0,0]},"hair_left2":{"rotation":["0+math.sin(q.anim_time*90*6-85+180)*3",0,0]},"hair_right2":{"rotation":["0+math.sin(q.anim_time*90*6-85+180)*3",0,0]},"toe_inner_left":{"rotation":["-1.5203+math.clamp(math.sin(query.anim_time*90*3*-1-300)*29.5,-27,0)+math.clamp(math.sin(query.anim_time*90*3*-1-300)*30,-0,27.5)",7.13182,-4.77156]},"toe_outer_left":{"rotation":["-1.5203+math.clamp(math.sin(query.anim_time*90*3*-1-300)*29.5,-27,0)+math.clamp(math.sin(query.anim_time*90*3*-1-300)*30,-0,27.5)",-7.13182,4.77156]},"toe_inner_right":{"rotation":["-1.3208+math.clamp(math.sin(query.anim_time*90*3*-1-300+180)*29.5,-27,0)+math.clamp(math.sin(query.anim_time*90*3*-1-300+180)*30,-0,27.5)",-2.79056,4.67594]},"toe_outer_right":{"rotation":["-1.3208+math.clamp(math.sin(query.anim_time*90*3*-1-300+180)*29.5,-27,0)+math.clamp(math.sin(query.anim_time*90*3*-1-300+180)*30,-0,27.5)",2.79056,-4.67594]},"foot_left":{"rotation":["-7.5+math.clamp(math.sin(query.anim_time*90*3*-1-175)*7.5,-7.5,0)+math.clamp(math.sin(query.anim_time*90*3*-1-175)*22.5,-0,20)",0,0]},"toe_back_left":{"rotation":["0+math.clamp(math.sin(query.anim_time*90*3*-1-300)*27.5,-0,25)+math.clamp(math.sin(query.anim_time*90*3*-1-300)*22.5,-20,0)",0,0]},"claw_back_left":{"rotation":["0+math.clamp(math.sin(query.anim_time*90*3*-1-330)*15,-12.5,0)",0,0]},"claw_inner_left":{"rotation":["0+math.clamp(math.sin(query.anim_time*90*3*-1-330)*15,-0,12.5)",0,0]},"toe_middle_left":{"rotation":["0+math.clamp(math.sin(query.anim_time*90*3*-1-300)*29.5,-27,0)+math.clamp(math.sin(query.anim_time*90*3*-1-300)*30,-0,27.5)",0,0]},"claw_middle_left":{"rotation":["0+math.clamp(math.sin(query.anim_time*90*3*-1-330)*15,-0,12.5)",0,0]},"claw_outer_left":{"rotation":["0+math.clamp(math.sin(query.anim_time*90*3*-1-330)*15,-0,12.5)",0,0]},"foot_right":{"rotation":["-7.5+math.clamp(math.sin(query.anim_time*90*3*-1-175+180)*7.5,-7.5,0)+math.clamp(math.sin(query.anim_time*90*3*-1-175+180)*22.5,-0,20)",0,0]},"toe_back_right":{"rotation":["0+math.clamp(math.sin(query.anim_time*90*3*-1-300+180)*27.5,-0,25)+math.clamp(math.sin(query.anim_time*90*3*-1-300+180)*22.5,-20,0)",0,0]},"claw_back_right":{"rotation":["0+math.clamp(math.sin(query.anim_time*90*3*-1-330+180)*15,-12.5,0)",0,0]},"claw_inner_right":{"rotation":["0+math.clamp(math.sin(query.anim_time*90*3*-1-330+180)*15,-0,12.5)",0,0]},"toe_middle_right":{"rotation":["0+math.clamp(math.sin(query.anim_time*90*3*-1-300+180)*29.5,-27,0)+math.clamp(math.sin(query.anim_time*90*3*-1-300+180)*30,-0,27.5)",0,0]},"claw_middle_right":{"rotation":["0+math.clamp(math.sin(query.anim_time*90*3*-1-330+180)*15,-0,12.5)",0,0]},"claw_outer_right":{"rotation":["0+math.clamp(math.sin(query.anim_time*90*3*-1-330+180)*15,-0,12.5)",0,0]},"neck":{"rotation":["-5+math.sin(q.anim_time*90*6-20+180)*3","0+math.sin(q.anim_time*90*3-80)*1.25","0+math.sin(q.anim_time*90*3-25+180)*3"]},"head":{"rotation":["2.5+math.sin(q.anim_time*90*6-40)*3",0,"math.sin(q.anim_time*90*3-50)*0.25"]},"tail_right":{"rotation":["2.5+math.sin(q.anim_time*90*6-25+180)*2","math.sin(q.anim_time*90*3-20+180)*0.75",0]},"tail_left":{"rotation":["2.5+math.sin(q.anim_time*90*6-25+180)*2","math.sin(q.anim_time*90*3-20+180)*0.75",0]},"right_leg2":{"rotation":["0+math.clamp(math.sin(query.anim_time*90*3*-1-150+180)*35.5,-32.5,0)+math.clamp(math.sin(query.anim_time*90*3*-1-150+180)*17.5,-0,15)",0,0]},"body":{"position":[0,"0+math.clamp(math.sin(query.anim_time*90*6*-1-30)*1,-0,1)+math.clamp(math.sin(query.anim_time*90*6*-1-30)*1,-0.9,0)",0]},"torso":{"rotation":["7.5+math.sin(q.anim_time*90*6+0+180)*2","math.sin(q.anim_time*90*3-60+180)*2.5","math.sin(q.anim_time*90*3+0)*2.5"]},"left_leg":{"rotation":["0+math.clamp(math.sin(query.anim_time*90*3*-1-50)*17.5,-17.5,0)+math.clamp(math.sin(query.anim_time*90*3*-1-50)*22.5,-0,20)",0,0],"position":[0,"0+math.clamp(math.sin(query.anim_time*90*3*-1-60)*1,0.3,1)","-3+math.sin(q.anim_time*90*3-80)*2"]},"right_leg":{"rotation":["0+math.clamp(math.sin(query.anim_time*90*3*-1-50+180)*17.5,-17.5,0)+math.clamp(math.sin(query.anim_time*90*3*-1-50+180)*22.5,-0,20)",0,0],"position":[0,"0+math.clamp(math.sin(query.anim_time*90*3*-1-60+180)*1,0.3,1)","-3-math.sin(q.anim_time*90*3-80)*2"]},"tail":{"rotation":[50,0,0]}}},"animation.swablu.air_idle":{"loop":true,"bones":{"neck":{"rotation":["-7.5 + 2.5 * math.sin(q.anim_time * 6 * 30 - 30)",0,0]},"cloud_cape":{"rotation":["2.5 * math.sin(q.anim_time * 6 * 30)",0,0]},"right_bottom_cloud":{"rotation":[45,"-20 - 3.5 * math.sin(q.anim_time * 6 * 30 - 15)",-35]},"right__bottom_cloud_bend":{"rotation":[0,"5 * math.cos(q.anim_time * 6 * 30 - 35)",0]},"left_bottom_cloud":{"rotation":[-45,"20 + 3.5 * math.sin(q.anim_time * 6 * 30 - 15)",35]},"left_bottom_cloud_bend":{"rotation":[0,"- 5 * math.cos(q.anim_time * 6 * 30 - 35)",0]},"right_cloud":{"rotation":[0,"-20 - 3.5 * math.sin(q.anim_time * 6 * 30 - 15)",0]},"right_cloud_bend":{"rotation":[0,"5 * math.cos(q.anim_time * 6 * 30 - 35)",0]},"left_cloud":{"rotation":[0,"20 + 3.5 * math.sin(q.anim_time * 6 * 30 - 15)",0]},"left_cloud_bend":{"rotation":[0,"-2.5 - 5 * math.cos(q.anim_time * 6 * 30 - 35)",0]},"cloud":{"rotation":[0,"20 + 3.5 * math.sin(q.anim_time * 6 * 30 - 15)",-90]},"cloud_bend":{"rotation":[0,"- 5 * math.cos(q.anim_time * 6 * 30 - 35)",0]},"tail_right_bend":{"rotation":["2.5 * math.sin(q.anim_time * 6 * 30 - 60)",-7.5,0]},"tail_right_end":{"rotation":["5 * math.sin(q.anim_time * 6 * 30 - 120)",-2.5,0]},"tail_left_bend":{"rotation":["2.5 * math.sin(q.anim_time * 6 * 30 - 60)",7.5,0]},"tail_left_end":{"rotation":["5 * math.sin(q.anim_time * 6 * 30 - 120)",2.5,0]},"tail_mid":{"rotation":[0,0,0]},"tail_mid_bend":{"rotation":["2.5 * math.sin(q.anim_time * 6 * 30 - 60)",0,0]},"tail_mid_end":{"rotation":["5 * math.sin(q.anim_time * 6 * 30 - 120)",0,0]},"tail_mid_tip":{"rotation":["7.5 * math.sin(q.anim_time * 6 * 30 - 180)",0,0]},"tail_mid_right_bend":{"rotation":["2.5 * math.sin(q.anim_time * 6 * 30 - 60)",-2.5,0]},"tail_mid_right_end":{"rotation":["5 * math.sin(q.anim_time * 6 * 30 - 120)",0,0]},"tail_mid_right_tip":{"rotation":["7.5 * math.sin(q.anim_time * 6 * 30 - 180)",0,0]},"tail_mid_left_bend":{"rotation":["2.5 * math.sin(q.anim_time * 6 * 30 - 60)",2.5,0]},"tail_mid_left_end":{"rotation":["5 * math.sin(q.anim_time * 6 * 30 - 120)",0,0]},"tail_mid_left_tip":{"rotation":["7.5 * math.sin(q.anim_time * 6 * 30 - 180)",0,0]},"body":{"rotation":[5,0,0],"position":[0,"8 - 0.5 * math.sin(q.anim_time * 6 * 30)",0]},"left_leg":{"rotation":["22.5 + 5 * math.cos(q.anim_time * 6 * 30 - 50)",0,0]},"right_leg":{"rotation":["22.5 + 5 * math.cos(q.anim_time * 6 * 30 - 40)",0,0]},"left_arm":{"rotation":[-10,0,"- 10 - 10 * math.cos(q.anim_time * 6 * 30 - 30)"]},"left_elbow":{"rotation":[0,0,"-7.5 * math.cos(q.anim_time * 6 * 30 - 105)"]},"right_arm":{"rotation":[-10,0,"10 + 10 * math.cos(q.anim_time * 6 * 30 - 30)"]},"right_elbow":{"rotation":[0,0,"7.5 * math.cos(q.anim_time * 6 * 30 - 105)"]},"tail":{"rotation":["5 * math.sin(q.anim_time * 6 * 30)",0,0]}}},"animation.swablu.cry":{"loop":false},"animation.swablu.air_fly":{"loop":true,"bones":{"neck":{"rotation":["-7.5 + 2.5 * math.sin(q.anim_time * 6 * 45 - 30)",0,0]},"cloud_cape":{"rotation":["2.5 * math.sin(q.anim_time * 6 * 45)",0,0]},"right_bottom_cloud":{"rotation":[45,"-15 - 5 * math.sin(q.anim_time * 6 * 45 - 15)",-35]},"right__bottom_cloud_bend":{"rotation":[0,"5 * math.cos(q.anim_time * 6 * 45 - 35)",0]},"left_bottom_cloud":{"rotation":[-45,"15 + 5 * math.sin(q.anim_time * 6 * 45 - 15)",35]},"left_bottom_cloud_bend":{"rotation":[0,"- 5 * math.cos(q.anim_time * 6 * 45 - 35)",0]},"right_cloud":{"rotation":[0,"-15 - 5 * math.sin(q.anim_time * 6 * 45 - 15)",0]},"right_cloud_bend":{"rotation":[0,"5 * math.cos(q.anim_time * 6 * 45 - 35)",0]},"left_cloud":{"rotation":[0,"15 + 5 * math.sin(q.anim_time * 6 * 45 - 15)",0]},"left_cloud_bend":{"rotation":[0,"-2.5 - 5 * math.cos(q.anim_time * 6 * 45 - 35)",0]},"cloud":{"rotation":[0,"15 + 5 * math.sin(q.anim_time * 6 * 45 - 15)",-90]},"cloud_bend":{"rotation":[0,"- 5 * math.cos(q.anim_time * 6 * 45 - 35)",0]},"tail_right_bend":{"rotation":["2.5 * math.sin(q.anim_time * 6 * 45 - 60)",-7.5,0]},"tail_right_end":{"rotation":["5 * math.sin(q.anim_time * 6 * 45 - 120)",-2.5,0]},"tail_left_bend":{"rotation":["2.5 * math.sin(q.anim_time * 6 * 45 - 60)",7.5,0]},"tail_left_end":{"rotation":["5 * math.sin(q.anim_time * 6 * 45 - 120)",2.5,0]},"tail_mid":{"rotation":[0,0,0]},"tail_mid_bend":{"rotation":["2.5 * math.sin(q.anim_time * 6 * 45 - 60)",0,0]},"tail_mid_end":{"rotation":["5 * math.sin(q.anim_time * 6 * 45 - 120)",0,0]},"tail_mid_tip":{"rotation":["7.5 * math.sin(q.anim_time * 6 * 45 - 180)",0,0]},"tail_mid_right_bend":{"rotation":["2.5 * math.sin(q.anim_time * 6 * 45 - 60)",-2.5,0]},"tail_mid_right_end":{"rotation":["5 * math.sin(q.anim_time * 6 * 45 - 120)",0,0]},"tail_mid_right_tip":{"rotation":["7.5 * math.sin(q.anim_time * 6 * 45 - 180)",0,0]},"tail_mid_left_bend":{"rotation":["2.5 * math.sin(q.anim_time * 6 * 45 - 60)",2.5,0]},"tail_mid_left_end":{"rotation":["5 * math.sin(q.anim_time * 6 * 45 - 120)",0,0]},"tail_mid_left_tip":{"rotation":["7.5 * math.sin(q.anim_time * 6 * 45 - 180)",0,0]},"body":{"rotation":[2.5,0,0],"position":[0,"8 - 0.5 * math.sin(q.anim_time * 15 * 45)","0.5 * math.sin(q.anim_time * 6 * 45)"]},"left_leg":{"rotation":["22.5 + 5 * math.cos(q.anim_time * 6 * 45 - 50)",0,0]},"left_foot":{"rotation":["6.5 * math.cos(q.anim_time * 6 * 45 - 65)",0,0]},"right_leg":{"rotation":["22.5 + 5 * math.cos(q.anim_time * 6 * 45 - 40)",0,0]},"right_foot":{"rotation":["6.5 * math.cos(q.anim_time * 6 * 45 - 65)",0,0]},"left_arm":{"rotation":[15,0,"-12.5 * math.cos(q.anim_time * 15 * 45 - 30)"]},"left_elbow":{"rotation":[0,0,"-7.5 * math.cos(q.anim_time * 6 * 45 - 75)"]},"right_arm":{"rotation":[15,0,"12.5 * math.cos(q.anim_time * 15 * 45 - 30)"]},"right_elbow":{"rotation":[0,0,"7.5 * math.cos(q.anim_time * 6 * 45 - 75)"]},"tail":{"rotation":["5 * math.sin(q.anim_time * 6 * 45)",0,0]}}},"animation.swablu.blink":{"animation_length":0.33333,"bones":{"right_eye_closed":{"position":{"0.0":[0,0,0.1],"0.125":[0,0,0.1],"0.2083":[0,0,0]}},"left_eye_closed":{"position":{"0.0":[0,0,0.1],"0.125":[0,0,0.1],"0.2083":[0,0,0]}}}},"animation.swablu.ground_idle":{"loop":true,"bones":{"body":{"rotation":[0,0,0],"position":[0,"- 0.2 * math.sin(q.anim_time * 15 * 30)",0]}}},"animation.swablu.ground_walk":{"loop":true,"bones":{"wing_right":{"rotation":[90,"80-math.sin(q.anim_time*90*6-40)*3",0],"position":[0,-0.5,-1]},"wing_right2":{"rotation":[0,"-30+math.sin(q.anim_time*90*6-20+180)*1.5",0]},"wing_right3":{"rotation":[-5.20853,"44.7724+math.sin(q.anim_time*90*6-40+180)*2",-7.21525]},"wing_left":{"rotation":[90,"-80+math.sin(q.anim_time*90*6-40)*3",0],"position":[0,-0.5,-1]},"wing_left2":{"rotation":[0,"30+math.sin(q.anim_time*90*6-20)*1.5",0]},"wing_left3":{"rotation":[-5.20853,"-44.7724+math.sin(q.anim_time*90*6-40)*2",7.21525]},"tail_left2":{"rotation":["2.5+math.sin(q.anim_time*90*6-50+180)*3","math.sin(q.anim_time*90*3-40+180)*1",0]},"tail_right2":{"rotation":["2.5+math.sin(q.anim_time*90*6-50+180)*3","math.sin(q.anim_time*90*3-40+180)*1",0]},"hair":{"rotation":["0+math.sin(q.anim_time*90*6-95+180)*3",0,0]},"hair2":{"rotation":["0+math.sin(q.anim_time*90*6-85+180)*5",0,0]},"hair_left":{"rotation":["0+math.sin(q.anim_time*90*6-90+180)*4",0,0]},"hair_right":{"rotation":["0+math.sin(q.anim_time*90*6-90+180)*4",0,0]},"hair_left2":{"rotation":["0+math.sin(q.anim_time*90*6-85+180)*3",0,0]},"hair_right2":{"rotation":["0+math.sin(q.anim_time*90*6-85+180)*3",0,0]},"toe_inner_left":{"rotation":["-1.5203+math.clamp(math.sin(query.anim_time*90*3*-1-300)*29.5,-27,0)+math.clamp(math.sin(query.anim_time*90*3*-1-300)*30,-0,27.5)",7.13182,-4.77156]},"toe_outer_left":{"rotation":["-1.5203+math.clamp(math.sin(query.anim_time*90*3*-1-300)*29.5,-27,0)+math.clamp(math.sin(query.anim_time*90*3*-1-300)*30,-0,27.5)",-7.13182,4.77156]},"toe_inner_right":{"rotation":["-1.3208+math.clamp(math.sin(query.anim_time*90*3*-1-300+180)*29.5,-27,0)+math.clamp(math.sin(query.anim_time*90*3*-1-300+180)*30,-0,27.5)",-2.79056,4.67594]},"toe_outer_right":{"rotation":["-1.3208+math.clamp(math.sin(query.anim_time*90*3*-1-300+180)*29.5,-27,0)+math.clamp(math.sin(query.anim_time*90*3*-1-300+180)*30,-0,27.5)",2.79056,-4.67594]},"foot_left":{"rotation":["-7.5+math.clamp(math.sin(query.anim_time*90*3*-1-175)*7.5,-7.5,0)+math.clamp(math.sin(query.anim_time*90*3*-1-175)*22.5,-0,20)",0,0]},"toe_back_left":{"rotation":["0+math.clamp(math.sin(query.anim_time*90*3*-1-300)*27.5,-0,25)+math.clamp(math.sin(query.anim_time*90*3*-1-300)*22.5,-20,0)",0,0]},"claw_back_left":{"rotation":["0+math.clamp(math.sin(query.anim_time*90*3*-1-330)*15,-12.5,0)",0,0]},"claw_inner_left":{"rotation":["0+math.clamp(math.sin(query.anim_time*90*3*-1-330)*15,-0,12.5)",0,0]},"toe_middle_left":{"rotation":["0+math.clamp(math.sin(query.anim_time*90*3*-1-300)*29.5,-27,0)+math.clamp(math.sin(query.anim_time*90*3*-1-300)*30,-0,27.5)",0,0]},"claw_middle_left":{"rotation":["0+math.clamp(math.sin(query.anim_time*90*3*-1-330)*15,-0,12.5)",0,0]},"claw_outer_left":{"rotation":["0+math.clamp(math.sin(query.anim_time*90*3*-1-330)*15,-0,12.5)",0,0]},"foot_right":{"rotation":["-7.5+math.clamp(math.sin(query.anim_time*90*3*-1-175+180)*7.5,-7.5,0)+math.clamp(math.sin(query.anim_time*90*3*-1-175+180)*22.5,-0,20)",0,0]},"toe_back_right":{"rotation":["0+math.clamp(math.sin(query.anim_time*90*3*-1-300+180)*27.5,-0,25)+math.clamp(math.sin(query.anim_time*90*3*-1-300+180)*22.5,-20,0)",0,0]},"claw_back_right":{"rotation":["0+math.clamp(math.sin(query.anim_time*90*3*-1-330+180)*15,-12.5,0)",0,0]},"claw_inner_right":{"rotation":["0+math.clamp(math.sin(query.anim_time*90*3*-1-330+180)*15,-0,12.5)",0,0]},"toe_middle_right":{"rotation":["0+math.clamp(math.sin(query.anim_time*90*3*-1-300+180)*29.5,-27,0)+math.clamp(math.sin(query.anim_time*90*3*-1-300+180)*30,-0,27.5)",0,0]},"claw_middle_right":{"rotation":["0+math.clamp(math.sin(query.anim_time*90*3*-1-330+180)*15,-0,12.5)",0,0]},"claw_outer_right":{"rotation":["0+math.clamp(math.sin(query.anim_time*90*3*-1-330+180)*15,-0,12.5)",0,0]},"neck":{"rotation":["-5+math.sin(q.anim_time*90*6-20+180)*3","0+math.sin(q.anim_time*90*3-80)*1.25","0+math.sin(q.anim_time*90*3-25+180)*3"]},"head":{"rotation":["2.5+math.sin(q.anim_time*90*6-40)*3",0,"math.sin(q.anim_time*90*3-50)*0.25"]},"tail_right":{"rotation":["2.5+math.sin(q.anim_time*90*6-25+180)*2","math.sin(q.anim_time*90*3-20+180)*0.75",0]},"tail_left":{"rotation":["2.5+math.sin(q.anim_time*90*6-25+180)*2","math.sin(q.anim_time*90*3-20+180)*0.75",0]},"right_leg2":{"rotation":["0+math.clamp(math.sin(query.anim_time*90*3*-1-150+180)*35.5,-32.5,0)+math.clamp(math.sin(query.anim_time*90*3*-1-150+180)*17.5,-0,15)",0,0]},"body":{"position":[0,"0+math.clamp(math.sin(query.anim_time*90*6*-1-30)*1,-0,1)+math.clamp(math.sin(query.anim_time*90*6*-1-30)*1,-0.9,0)",0]},"torso":{"rotation":["7.5+math.sin(q.anim_time*90*6+0+180)*2","math.sin(q.anim_time*90*3-60+180)*2.5","math.sin(q.anim_time*90*3+0)*2.5"]},"left_leg":{"rotation":["0+math.clamp(math.sin(query.anim_time*90*3*-1-50)*17.5,-17.5,0)+math.clamp(math.sin(query.anim_time*90*3*-1-50)*22.5,-0,20)",0,0],"position":[0,"0+math.clamp(math.sin(query.anim_time*90*3*-1-60)*1,0.3,1)","-3+math.sin(q.anim_time*90*3-80)*2"]},"right_leg":{"rotation":["0+math.clamp(math.sin(query.anim_time*90*3*-1-50+180)*17.5,-17.5,0)+math.clamp(math.sin(query.anim_time*90*3*-1-50+180)*22.5,-0,20)",0,0],"position":[0,"0+math.clamp(math.sin(query.anim_time*90*3*-1-60+180)*1,0.3,1)","-3-math.sin(q.anim_time*90*3-80)*2"]},"tail":{"rotation":[50,0,0]}}}}}