{"format_version":"1.8.0","animations":{"animation.swanna.ground_idle":{"loop":true},"animation.swanna.ground_walk":{"loop":true,"bones":{"leg_left":{"rotation":["math.sin(query.anim_time * 360) * 25",0,0]},"foot_left":{"rotation":["math.sin(query.anim_time * 360) * 25",0,0]},"leg_right":{"rotation":["math.sin(query.anim_time * 360) * -25",0,0]},"foot_right":{"rotation":["math.sin(query.anim_time * 360) * -25",0,0]}}},"animation.swanna.water_swim":{"loop":true,"bones":{"leg_left":{"rotation":["math.sin(query.anim_time * 360) * 25",0,0]},"foot_left":{"rotation":["math.sin(query.anim_time * 360) * 25",0,0]},"leg_right":{"rotation":["math.sin(query.anim_time * 360) * -25",0,0]},"foot_right":{"rotation":["math.sin(query.anim_time * 360) * -25",0,0]},"body":{"position":[0,-10,0]}}},"animation.swanna.water_idle":{"loop":true,"bones":{"leg_left":{"rotation":["math.sin(query.anim_time * 50) * 25",0,0]},"foot_left":{"rotation":["math.sin(query.anim_time * 50) * 25",0,0]},"leg_right":{"rotation":["math.sin(query.anim_time * 50) * -25",0,0]},"foot_right":{"rotation":["math.sin(query.anim_time * 50) * -25",0,0]},"body":{"position":[0,-10,0]}}}}}