{"format_version":"1.8.0","animations":{"animation.swirlix.ground_idle":{"loop":true,"bones":{"head":{"rotation":["math.cos(((query.anim_time) - (0.5/4)) * 45 * 10) * (2 * 1)",0,"math.cos(((query.anim_time) - (0.5/4)) * 45 * 5) * (4 * 1)"]},"lumps":{"rotation":[0,0,"math.sin(((query.anim_time) - (0.5/4)) * 45 * 5) * (2 * 1)"],"position":[0,"math.sin(((query.anim_time) - (0.5/4)) * 45 * 10) * (0.1 * 1)",0]},"mouth":{"position":[0,0,0]},"tail":{"rotation":["math.sin(((query.anim_time) - (0.5/4)) * 45 * 10) * (2 * 1)","math.sin(((query.anim_time) - (0.5/4)) * 45 * 5) * (8 * 1)",0]},"tongue":{"rotation":[0,0,"math.sin(((query.anim_time) - (0.5/4)) * 45 * 5) * (-8 * 1)"]}}},"animation.swirlix.ground_walk":{"loop":true,"bones":{"head":{"rotation":["math.cos(((query.anim_time) - (0.5/4)) * 45 * 10) * (2 * 1)",0,"math.cos(((query.anim_time) - (0.5/4)) * 45 * 5) * (4 * 1)"]},"lumps":{"rotation":["math.sin(((query.anim_time) - (0.5/4)) * 45 * 5) * (1 * 1)",0,"math.sin(((query.anim_time) - (0.5/4)) * 45 * 5) * (2.5 * 1)"],"position":[0,"math.sin(((query.anim_time) - (0.5/4)) * 45 * 10) * (0.1 * 1)",0]},"mouth":{"position":[0,0,0]},"tail":{"rotation":["math.sin(((query.anim_time) - (0.5/4)) * 45 * 10) * (2 * 1)","math.sin(((query.anim_time) - (0.5/4)) * 45 * 5) * (8 * 1)",0]},"swirlix":{"rotation":[0,"math.cos(((query.anim_time) - (0.5/4)) * 45 * 5) * (10 * 1)",0],"position":["math.cos(((query.anim_time) - (0.5/4)) * 45 * 5) * (0.5 * 1)",0,0]},"right_foot":{"rotation":["math.cos(((query.anim_time) - (0.5/4)) * 45 * 5) * (10 * 1)",0,0],"position":[0,0,"math.cos(((query.anim_time) - (0.5/4)) * 45 * 5) * (1 * 1)"]},"tongue":{"rotation":[0,0,"math.sin(((query.anim_time) - (0.5/4)) * 45 * 5) * (7 * 1)"]},"left_foot":{"rotation":["math.cos(((query.anim_time) - (0.5/4)) * 45 * 5) * (-10 * 1)",0,0],"position":[0,0,"math.cos(((query.anim_time) - (0.5/4)) * 45 * 5) * (-1 * 1)"]}}},"animation.swirlix.blink":{"animation_length":0.1667,"bones":{"eyes":{"position":{"0.0":[0,0,0.3],"0.125":[0,0,0.3],"0.1667":[0,0,0]}},"eyelids":{"position":{"0.0":[0,0,-1],"0.125":[0,0,-1],"0.1667":[0,0,0]}}}},"animation.swirlix.sleep":{"loop":true,"bones":{"head":{"rotation":["9+math.cos(((query.anim_time) - (0.5/4)) * 45 * 2) * (2 * 1)",0,0],"position":[0,-0.7,0]},"lumps":{"rotation":["math.sin(((query.anim_time) - (0.5/4)) * 45 * 2) * (0.85 * 1)",0,0]},"eyes":{"position":[0,0,1]},"eyelids":{"position":[0,0,-1.75]}}},"animation.swirlix.faint":{"animation_length":3,"bones":{"head":{"rotation":{"0.0":{"post":[0,0,0],"lerp_mode":"catmullrom"},"0.3333":{"post":[-10,0,0],"lerp_mode":"catmullrom"},"0.9167":{"post":[90,0,0],"lerp_mode":"catmullrom"},"1.0833":{"post":[97.5,0,0],"lerp_mode":"catmullrom"}},"position":{"0.0":{"post":[0,0,0],"lerp_mode":"catmullrom"},"0.3333":{"post":[0,1.2,-0.9],"lerp_mode":"catmullrom"},"1.0833":{"post":[0,2.2,-1.7],"lerp_mode":"catmullrom"},"1.3333":{"post":[0,2.2,-2.2],"lerp_mode":"catmullrom"}}},"lumps":{"rotation":{"0.0":{"post":[0,0,0],"lerp_mode":"catmullrom"},"0.2083":{"post":[-0.94,0,0],"lerp_mode":"catmullrom"},"0.7083":{"post":[-5.54985,-1.73093,2.32979],"lerp_mode":"catmullrom"},"1.0833":{"post":[7.5,0,0],"lerp_mode":"catmullrom"},"1.3333":{"post":[0,0,0],"lerp_mode":"catmullrom"}},"position":{"1.0833":[0,-0.2,0.1],"1.3333":[0,0,0]}},"eyes":{"position":{"0.0":{"post":[0,0,0],"lerp_mode":"catmullrom"},"0.2917":{"post":[0,0,0],"lerp_mode":"catmullrom"},"0.3333":{"post":[0,0,1],"lerp_mode":"catmullrom"}}},"right_foot":{"rotation":{"0.0":{"post":[0,0,0],"lerp_mode":"catmullrom"},"0.3333":{"post":[29,0,0],"lerp_mode":"catmullrom"},"0.9167":{"post":[104,0,0],"lerp_mode":"catmullrom"}},"position":{"0.0":{"post":[0,0,0],"lerp_mode":"catmullrom"},"0.3333":{"post":[0,1,0],"lerp_mode":"catmullrom"},"0.6667":{"post":[0,1.99,-2.12],"lerp_mode":"catmullrom"},"0.9167":{"post":[0,1,-3.6],"lerp_mode":"catmullrom"},"1.0833":{"post":[0,1.9,-3.6],"lerp_mode":"catmullrom"},"1.3333":{"post":[0,1.9,-4.8],"lerp_mode":"catmullrom"}}},"left_foot":{"rotation":{"0.0":{"post":[0,0,0],"lerp_mode":"catmullrom"},"0.3333":{"post":[26,0,0],"lerp_mode":"catmullrom"},"0.9167":{"post":[98.5,0,0],"lerp_mode":"catmullrom"}},"position":{"0.0":{"post":[0,0,0],"lerp_mode":"catmullrom"},"0.3333":{"post":[0,1,0],"lerp_mode":"catmullrom"},"0.6667":{"post":[0,1.99,-1.83],"lerp_mode":"catmullrom"},"0.9167":{"post":[0,1,-3.1],"lerp_mode":"catmullrom"},"1.0833":{"post":[0,1.9,-3.1],"lerp_mode":"catmullrom"},"1.3333":{"post":[0,1.9,-4.6],"lerp_mode":"catmullrom"}}},"tail":{"rotation":{"0.3333":{"pre":[-6,0,0],"post":[-6,0,0],"lerp_mode":"catmullrom"},"0.75":{"post":[-68.11,0,0],"lerp_mode":"catmullrom"},"0.9167":{"post":[-136,0,0],"lerp_mode":"catmullrom"}},"position":{"0.3333":{"pre":[0,1.1,-0.2],"post":[0,1.1,-0.2],"lerp_mode":"catmullrom"}}},"eyelids":{"position":{"0.0":{"post":[0,0,0],"lerp_mode":"catmullrom"},"0.2917":{"post":[0,0,0],"lerp_mode":"catmullrom"},"0.3333":{"post":[0,0,-1.75],"lerp_mode":"catmullrom"}}}}}}}