{"format_version":"1.8.0","animations":{"animation.tapufini.ground_idle":{"loop":true,"animation_length":2,"bones":{"full_body":{"rotation":{"0.0":[0,0,0],"1.2083":[-10,0,0],"1.875":[2.5,0,0],"2.0":[0,0,0]},"position":{"0.0":[0,0,0],"0.7083":[0,5,0],"1.0":[0,6,0],"1.875":[0,-1,0],"2.0":[0,0,0]}},"leftarm":{"rotation":{"0.0":[0,0,0],"1.1667":[0,-10,25],"1.625":[0,-20,11.25],"2.0":[0,0,0]}},"bone":{"rotation":{"0.0":[0,0,0],"1.0":[0,0,37.5],"2.0":[0,0,0]}},"rightarm":{"rotation":{"0.0":[0,0,0],"1.1667":[0,-10,-25],"1.625":[0,-20,-11.25],"2.0":[0,0,0]}},"bone6":{"rotation":{"0.0":[0,0,0],"1.0":[0,0,37.5],"2.0":[0,0,0]}},"head":{"rotation":{"0.0":[0,0,0],"1.2083":[17.5,0,0],"2.0":[0,0,0]}},"hairright":{"rotation":{"0.0":[0,0,0],"1.0":[0,0,-7.5],"2.0":[0,0,0]}},"hairleft":{"rotation":{"0.0":[0,0,0],"1.0":[0,0,7.5],"2.0":[0,0,0]}}}},"animation.tapufini.ground_walk":{"loop":true,"animation_length":2,"bones":{"full_body":{"rotation":[0,0,0],"position":{"0.0":[0,0,0],"0.7083":[0,5,0],"1.0":[0,6,0],"1.875":[0,-1,0],"2.0":[0,0,0]}},"leftarm":{"rotation":[0,0,0]},"bone":{"rotation":[0,0,0]},"rightarm":{"rotation":[0,0,0]},"bone6":{"rotation":[0,0,0]},"head":{"rotation":{"0.0":[0,0,0],"1.2083":[17.5,0,0],"2.0":[0,0,0]}},"hairright":{"rotation":{"0.0":[0,0,0],"1.0":[0,0,-7.5],"2.0":[0,0,0]}},"hairleft":{"rotation":{"0.0":[0,0,0],"1.0":[0,0,7.5],"2.0":[0,0,0]}}}}},"geckolib_format_version":2}