{"format_version":"1.8.0","animations":{"animation.blitzle.ground_idle":{"loop":true,"animation_length":4,"bones":{"foot4":{"relative_to":{"rotation":"entity"},"rotation":[0,0,0.01]},"body":{"position":[0,"-math.cos(query.anim_time*180)*0.05",0]},"front":{"rotation":[0,0,0]},"front_right_leg":{"rotation":[0,0,"math.cos((query.anim_time+0.5)*90)*2+2"]},"lowerleg2":{"rotation":[0,0,"-math.cos((query.anim_time+0.5)*90)*2-2"]},"front_left_leg":{"rotation":[0,0,"-math.cos((query.anim_time+0.25)*90)*2-2 "]},"lowerleg":{"rotation":[0,0,"math.cos((query.anim_time+0.25)*90)*2+2 "]},"foot":{"rotation":[0,0,0]},"head_neck":{"rotation":["math.cos(query.anim_time*180)*2 ",0,0]},"head":{"rotation":[0,"math.cos((query.anim_time+.5)*90)*2","math.cos(query.anim_time*90)*2"]},"rear":{"rotation":[0,0,0]},"left_rear_leg":{"rotation":[0,0,"-math.cos((query.anim_time+0.5)*90)*2-2"]},"lower2":{"rotation":[0,0,"math.cos((query.anim_time+0.5)*90)*2+2"]},"foot3":{"rotation":[0,0,0]},"right_rear_leg":{"rotation":[0,0,"math.cos((query.anim_time+0.75)*90)*2+2"]},"lower":{"rotation":[0,0,"-math.cos((query.anim_time+0.75)*90)*2-2"]},"tail":{"rotation":[0,"math.cos(query.anim_time*270)*3","math.cos(query.anim_time*270)*3"]}}},"animation.blitzle.ground_walk":{"loop":true,"animation_length":4,"bones":{"frontlegs":{"position":[0,0,0]},"front_right_leg":{"rotation":["math.cos(query.anim_time*270)*10",0,0],"position":[0,"math.sin((query.anim_time+0.5)*270)*0.2+0.2",0]},"front_left_leg":{"rotation":["-math.cos(query.anim_time*270)*10",0,0],"position":[0,"-math.sin((query.anim_time)*270)*0.2+0.2",0]},"head_neck":{"rotation":["math.cos((query.anim_time+0.2)*270)*4",0,0],"position":[0,0,0]},"left_rear_leg":{"rotation":["math.cos(query.anim_time*270)*10",0,0],"position":[0,"math.sin(query.anim_time*270)*0.2+0.2",0]},"right_rear_leg":{"rotation":["-math.cos(query.anim_time*270)*10",0,0],"position":[0,"math.cos((query.anim_time+1)*270)*0.2+0.2",0]},"tail":{"rotation":[0,"math.cos(query.anim_time*270)*10+2","math.cos(query.anim_time*270)*10+2"]},"rear2":{"rotation":["math.cos((query.anim_time-1)*270)*1",0,0],"position":[0,"math.sin(query.anim_time*270)*0.1+0.1",0]},"front2":{"rotation":["math.sin(query.anim_time*270)*1",0,0],"position":[0,"math.sin(query.anim_time*270)*0.1+0.1",0]}}},"animation.blitzle.sleep":{"loop":true,"animation_length":4,"bones":{"body":{"rotation":[2.5,0,0],"position":[0,-4.4,0]},"frontlegs":{"rotation":[-12.5,0,0]},"front_right_leg":{"rotation":[0,"-math.cos((query.anim_time+0.3)*90)*0.5","15+math.cos((query.anim_time+0.6)*90)*1"]},"lowerleg2":{"rotation":[105,0,0]},"front_left_leg":{"rotation":[0,"-math.cos((query.anim_time+0.3)*90)*0.5","-15-math.cos(query.anim_time*90)*1"]},"lowerleg":{"rotation":[105,0,0]},"front2":{"scale":"1-math.cos(query.anim_time*90)*0.01"},"head_neck":{"rotation":["42.5+math.cos(query.anim_time*90)*2",0,0],"position":[0,-0.3,-1]},"head":{"rotation":["15+math.cos((query.anim_time+0.3)*90)*2",0,0],"position":[0,-1,0]},"rear":{"rotation":[0,0,0]},"rearlegs":{"rotation":[30,0,0],"position":[0,-0.3,0]},"left_rear_leg":{"rotation":[-14.51082,"-3.841-math.cos((query.anim_time+0.1)*90)*0.5","-14.5108-math.cos((query.anim_time+0.7)*90)*1"]},"lower2":{"rotation":[-97.5,0,0]},"right_rear_leg":{"rotation":[-11.93845,"3.7317-math.cos((query.anim_time+0.3)*90)*0.5","17.1097+math.cos((query.anim_time)*90)*1"]},"lower":{"rotation":[-97.5,0,0]},"rear2":{"scale":"1-math.cos(query.anim_time*90)*0.01"},"tail":{"rotation":[0,0,"-math.cos((query.anim_time+0.3)*180)*1"],"position":[0,-0.1,0]},"righteye":{"position":[4.2,0,0]},"lefteye":{"position":[-4.2,0,0]},"leftear":{"rotation":["22.5-math.cos((query.anim_time+0.6)*90)*2",0,0]},"rightear":{"rotation":["22.5-math.cos((query.anim_time+0.7)*90)*2",0,0]}}},"animation.blitzle.faint":{"loop":true,"animation_length":3,"bones":{"body":{"rotation":["(query.anim_time)*3",0,0],"position":[0,"query.anim_time*-0.5",0]},"front_right_leg":{"rotation":["query.anim_time*5",0,"math.sin(query.anim_time*180)*4"],"position":[0,"query.anim_time*0.4",0]},"lowerleg2":{"rotation":["query.anim_time*-10",0,"-math.sin((query.anim_time)*180)*6"]},"front_left_leg":{"rotation":["query.anim_time*-6",0,"-math.sin((query.anim_time+0.3)*180)*4"],"position":[0,"query.anim_time*0.5",0]},"lowerleg":{"rotation":["query.anim_time*8",0,"math.sin((query.anim_time+0.3)*180)*6"],"position":[0,"query.anim_time*0.15",0]},"foot":{"rotation":["query.anim_time*-6+math.sin(query.anim_time*180)*0.5",0,0]},"front2":{"rotation":[0,0,"math.sin((query.anim_time+0.2)*180)*1"]},"head_neck":{"rotation":{"0.0":{"pre":["math.sin(query.anim_time*180)*4","math.sin((query.anim_time+0.3)*180)*4","math.sin((query.anim_time+0.7)*180)*4"],"post":["math.sin(query.anim_time*180)*4+7*query.anim_time","math.sin((query.anim_time+0.3)*180)*4","math.sin((query.anim_time+0.7)*180)*4"]}}},"rear":{"rotation":[0,0,"-math.sin((query.anim_time+0.3)*180)*1"]},"left_rear_leg":{"rotation":[0,0,"math.sin((query.anim_time+0.7)*180)*4"]},"lower2":{"rotation":[0,0,"-math.sin((query.anim_time+0.7)*180)*6"]},"foot3":{"rotation":["query.anim_time*-4",0,0]},"right_rear_leg":{"rotation":[0,0,"-math.sin((query.anim_time+0.5)*180)*4"]},"lower":{"rotation":[0,0,"math.sin((query.anim_time+0.5)*180)*6"]},"foot4":{"rotation":["query.anim_time*-4",0,0]},"tail":{"rotation":["-math.sin((query.anim_time+0.3)*180)*6",0,"-math.sin((query.anim_time+0.7)*180)*6"]},"lefteye":{"position":{"0.0":[0,0,0],"1.5":{"pre":[0,0,0],"post":[-4.2,0,0]}}},"righteye":{"position":{"0.0":[0,0,0],"1.5":{"pre":[0,0,0],"post":[4.2,0,0]}}}}}}}