{"format_version":"1.8.0","animations":{"animation.drampa.ground_idle":{"loop":true,"bones":{"neck":{"rotation":[15,0,0]},"neck2":{"rotation":["5+Math.cos((query.anim_time) * 90 * 2) * 1",0,0]},"neck3":{"rotation":[10,0,0]},"neck4":{"rotation":[25,0,0]},"neck5":{"rotation":[50,0,0]},"neck6":{"rotation":[40,0,"Math.cos((query.anim_time) * 90 * 2) * -0.5 +Math.cos((query.anim_time) * 90 * 2) * -0.5"]},"neck7":{"rotation":["-50+Math.cos((query.anim_time) * 90 * -2) * 3",0,0]},"hair_left":{"rotation":[0,0,"47.5+Math.cos((query.anim_time) * 90 * 2) * -2 +Math.cos((query.anim_time) * 90 * 2) * -3"]},"hair_left2":{"rotation":[0,0,47.5]},"hair_left3":{"rotation":[0,0,57.5]},"hair_left4":{"rotation":[0,0,27.5]},"hair_left5":{"rotation":[0,0,"47.5+Math.cos((query.anim_time+0.5) * 90 * 2) * -2 +Math.cos((query.anim_time) * 90 * 2) * -3"]},"hair_left6":{"rotation":[0,0,47.5]},"hair_right":{"rotation":[0,0,"-47.5+Math.cos((query.anim_time+0.25) * 90 * 2) * 2 +Math.cos((query.anim_time) * 90 * 2) * 3"]},"hair_right5":{"rotation":[0,0,"-47.5+Math.cos((query.anim_time+0.5) * 90 * 2) * 2 +Math.cos((query.anim_time) * 90 * 2) * 3"]},"arm_right":{"rotation":[-47,54,"-52+Math.cos((query.anim_time+0.25) * 90 * 2) * -3"]},"arm_right2":{"rotation":[0,17.5,-127.5]},"arm_left":{"rotation":[-47,-54,"52+Math.cos((query.anim_time) * 90 * 2) * 3"]},"arm_left2":{"rotation":[0,-17.5,127.5]},"body":{"rotation":[-90,0,0],"position":[0,"-3+Math.cos((query.anim_time) * 90 * 2) * 0.1",-24]},"skirt_left":{"rotation":[0,20,0]},"eyebrow_right":{"rotation":[0,0,0],"position":[0,-0.5,0]},"eyebrow_left":{"rotation":[0,0,0],"position":[0,-0.5,0]},"skirt_right":{"rotation":[0,-20,0]},"hair_left7":{"rotation":[0,0,57.5]},"hair_left8":{"rotation":[0,0,17.5]},"hair_right2":{"rotation":[0,0,-47.5]},"hair_right3":{"rotation":[0,0,-57.5]},"hair_right4":{"rotation":[0,0,-37.5]},"hair_right6":{"rotation":[0,0,-47.5]},"hair_right7":{"rotation":[0,0,-67.5]},"hair_right8":{"rotation":[0,0,-10]},"skirt_back":{"rotation":[25,0,0]},"skirt_front":{"rotation":[-17.5,0,0]},"neck_frill":{"rotation":[7.5,-27.5,0]},"neck_frill2":{"rotation":[7.5,25,0]},"tail":{"rotation":["Math.cos((query.anim_time+0.5) * 90 * 2) * 1",0,"Math.cos((query.anim_time) * 90 * 2) * 1"]},"jaw":{"rotation":[0,0,0]},"jowl_left":{"rotation":["Math.cos((query.anim_time+0.5) * 90 * 2) * -4 +Math.cos((query.anim_time) * 90 * 2) * -10.5",0,0]},"jowl_right":{"rotation":["Math.cos((query.anim_time+0.25) * 90 * 2) * -4 +Math.cos((query.anim_time) * 90 * 2) * -10.5",0,0]},"beard":{"rotation":["Math.cos((query.anim_time) * 90 * 2) * -5 +Math.cos((query.anim_time) * 90 * 2) * -7.5",0,0]}}},"animation.drampa.ground_walk":{"loop":true,"bones":{"neck":{"rotation":[15,0,0]},"neck2":{"rotation":["5+Math.cos((query.anim_time) * 90 * 5) * 1",0,0]},"neck3":{"rotation":[10,0,0]},"neck4":{"rotation":[25,0,0]},"neck5":{"rotation":[50,0,0]},"neck6":{"rotation":[40,0,"Math.cos((query.anim_time) * 90 * 2) * -5 +Math.cos((query.anim_time) * 90 * 2) * -7.5"]},"neck7":{"rotation":["-50+Math.cos((query.anim_time) * 90 * 5) * -3",0,0]},"hair_left":{"rotation":[0,0,"47.5+Math.cos((query.anim_time) * 90 * 3) * -2 +Math.cos((query.anim_time) * 90 * 5) * -3"]},"hair_left2":{"rotation":[0,0,47.5]},"hair_left3":{"rotation":[0,0,57.5]},"hair_left4":{"rotation":[0,0,27.5]},"hair_left5":{"rotation":[0,0,"47.5+Math.cos((query.anim_time+0.5) * 90 * 5) * -2 +Math.cos((query.anim_time) * 90 * 5) * -3"]},"hair_left6":{"rotation":[0,0,47.5]},"hair_right":{"rotation":[0,0,"-47.5+Math.cos((query.anim_time+0.25) * 90 * 5) * 2 +Math.cos((query.anim_time) * 90 * 5) * 3"]},"hair_right5":{"rotation":[0,0,"-47.5+Math.cos((query.anim_time+0.5) * 90 * 5) * 2 +Math.cos((query.anim_time) * 90 * 5) * 3"]},"arm_right":{"rotation":[-47,"54+Math.cos((query.anim_time) * 90 * 2) * -2 +Math.cos((query.anim_time) * 90 * 2) * 3","-52+Math.cos((query.anim_time+0.25) * 90 * 5) * -5"]},"arm_right2":{"rotation":[0,17.5,-127.5]},"arm_left":{"rotation":[-47,"-54+Math.cos((query.anim_time) * 90 * 2) * -2 +Math.cos((query.anim_time) * 90 * 2) * -3","52+Math.cos((query.anim_time) * 90 * 5) * -5"]},"arm_left2":{"rotation":[0,-17.5,127.5]},"body":{"rotation":[-90,0,"Math.cos((query.anim_time) * 90 * 2) * -1 +Math.cos((query.anim_time) * 90 * 2) * -2"],"position":[0,"-3+Math.cos((query.anim_time) * 90 * 5) * 0.1",-24]},"skirt_left":{"rotation":[0,20,0]},"eyebrow_right":{"rotation":[0,0,0],"position":[0,-0.5,0]},"eyebrow_left":{"rotation":[0,0,0],"position":[0,-0.5,0]},"skirt_right":{"rotation":[0,-20,0]},"hair_left7":{"rotation":[0,0,57.5]},"hair_left8":{"rotation":[0,0,17.5]},"hair_right2":{"rotation":[0,0,-47.5]},"hair_right3":{"rotation":[0,0,-57.5]},"hair_right4":{"rotation":[0,0,-37.5]},"hair_right6":{"rotation":[0,0,-47.5]},"hair_right7":{"rotation":[0,0,-67.5]},"hair_right8":{"rotation":[0,0,-10]},"skirt_back":{"rotation":[25,0,0]},"skirt_front":{"rotation":[-17.5,0,0]},"neck_frill":{"rotation":[7.5,-27.5,0]},"neck_frill2":{"rotation":[7.5,25,0]},"tail":{"rotation":["Math.cos((query.anim_time+0.5) * 90 * 5) * 1",0,"Math.cos((query.anim_time) * 90 * 2) * 1"]},"jaw":{"rotation":[0,0,0]},"jowl_left":{"rotation":["Math.cos((query.anim_time+0.5) * 90 * 2) * -4 +Math.cos((query.anim_time) * 90 * 2) * -10.5",0,0]},"jowl_right":{"rotation":["Math.cos((query.anim_time+0.25) * 90 * 2) * -4 +Math.cos((query.anim_time) * 90 * 2) * -10.5",0,0]},"beard":{"rotation":["Math.cos((query.anim_time) * 90 * 2) * -5 +Math.cos((query.anim_time) * 90 * 2) * -7.5",0,0]}}},"animation.drampa.blink":{"animation_length":0.16667,"bones":{"eyebrow_right":{"position":{"0.0":[0,-1.25,0],"0.0833":[0,-1.25,0],"0.1667":[0,0,0]}},"eyebrow_left":{"position":{"0.0":[0,-1.25,0],"0.0833":[0,-1.25,0],"0.1667":[0,0,0]}}}},"animation.drampa.sleep":{"loop":true,"bones":{"neck":{"rotation":[87.5,0,0]},"neck2":{"rotation":["5+Math.cos((query.anim_time) * 90 * 2) * 0.5",0,0]},"neck3":{"rotation":[2.5,0,0]},"neck4":{"rotation":[2.5,0,0]},"neck5":{"rotation":[12.5,0,0]},"neck6":{"rotation":[20.0028,-0.34199,"Math.cos((query.anim_time) * 90 * 2) * -0.5 +Math.cos((query.anim_time) * 90 * 2) * -0.4397"]},"neck7":{"rotation":["-47.5+Math.cos((query.anim_time) * 90 * -2) * 0.2",0.03402,-0.02731]},"hair_left":{"rotation":[0,0,47.5]},"hair_left2":{"rotation":[0,0,47.5]},"hair_left3":{"rotation":[0,0,57.5]},"hair_left4":{"rotation":[3.43096,-3.25645,-57.49094]},"hair_left5":{"rotation":[0,0,47.5]},"hair_left6":{"rotation":[0,0,47.5]},"hair_right":{"rotation":[0,0,-47.5]},"hair_right5":{"rotation":[0,0,-47.5]},"arm_right":{"rotation":[-18.62713,57.59324,"-22.6814+Math.cos((query.anim_time+0.25) * 90 * 0.5) * -3"]},"arm_right2":{"rotation":[33.68609,-11.60895,-64.27636]},"arm_left":{"rotation":[-38.42087,-59.87611,"44.7966+Math.cos((query.anim_time) * 90 * 0.5) * 3"]},"arm_left2":{"rotation":[62.32728,30.34386,57.45741]},"body":{"rotation":[-90,0,0],"position":[0,"-3+Math.cos((query.anim_time) * 90 * 2) * 0.1",-24]},"skirt_left":{"rotation":[0,20,0]},"eyebrow_right":{"rotation":[0,0,0],"position":[0,-1.25,0]},"eyebrow_left":{"rotation":[0,0,0],"position":[0,-1.25,0]},"skirt_right":{"rotation":[0,-20,0]},"hair_left7":{"rotation":[0,0,57.5]},"hair_left8":{"rotation":[3.08769,-2.75733,-54.97228]},"hair_right2":{"rotation":[0,0,-47.5]},"hair_right3":{"rotation":[0,0,-57.5]},"hair_right4":{"rotation":[3.51576,3.78073,57.50944]},"hair_right6":{"rotation":[0,0,-47.5]},"hair_right7":{"rotation":[0,0,-67.5]},"hair_right8":{"rotation":[3.36854,2.80294,67.47796]},"skirt_back":{"rotation":[25,0,0]},"skirt_front":{"rotation":[-17.5,0,0]},"neck_frill":{"rotation":[7.5,-27.5,0]},"neck_frill2":{"rotation":[7.5,25,0]},"tail":{"rotation":["Math.cos((query.anim_time+0.5) * 90 * 2) * 1",0,"Math.cos((query.anim_time) * 90 * 2) * 1"]},"jaw":{"rotation":[0,0,0]},"jowl_left":{"rotation":[1.09049,2.91953,-62.47852]},"jowl_right":{"rotation":[0,-3.24903,69.96638]},"beard":{"rotation":[84.99204,0.44452,0.1684]},"head":{"rotation":[7.5,0,0]}}},"animation.drampa.air_idle":{"loop":true,"bones":{"body":{"rotation":[-90,0,0],"position":[0,"-2+Math.cos((query.anim_time) * 90 * 1) * 0.5",-20]},"arm_right":{"rotation":["Math.cos((query.anim_time) * 90 * 1) * -5",35,0]},"arm_right2":{"rotation":[0,0,-70]},"arm_left":{"rotation":["Math.cos((query.anim_time+0.5) * 90 * 1) * 5",-35,0]},"arm_left2":{"rotation":[0,0,70]},"tail":{"rotation":["Math.cos((query.anim_time) * 90 * 1) * 5",0,0]},"neck_frill":{"rotation":[97.5,27.5,0]},"neck_frill2":{"rotation":[102.5,-15,0]},"neck2":{"rotation":[90,0,0]},"neck3":{"rotation":["Math.cos((query.anim_time) * 90 * 1) * -5",0,0]},"neck4":{"rotation":["7.5+Math.cos((query.anim_time+0.25) * 90 * 1) * -5",0,0]},"neck5":{"rotation":["Math.cos((query.anim_time+0.5) * 90 * 1) * -2.5",0,0]},"neck6":{"rotation":["Math.cos((query.anim_time) * 90 * 1)",0,0]},"neck7":{"rotation":["-7.5+Math.cos((query.anim_time) * 90 * 1) * 10",0,0]},"hair_left":{"rotation":[0,-10,"47.5+Math.cos((query.anim_time) * 90 * 1) * -2 +Math.cos((query.anim_time) * 90 * 1) * -3"]},"hair_left2":{"rotation":[0,0,47.5]},"hair_left3":{"rotation":[0,0,57.5]},"hair_left4":{"rotation":[0,0,32.5]},"hair_left5":{"rotation":[0,-10,"47.5+Math.cos((query.anim_time+0.5) * 90 * 1) * -2 +Math.cos((query.anim_time) * 90 * 1) * -3"]},"hair_left6":{"rotation":[0,0,47.5]},"hair_left7":{"rotation":[0,0,57.5]},"hair_left8":{"rotation":[0,0,22.5]},"hair_right":{"rotation":[0,10,"-47.5+Math.cos((query.anim_time+0.25) * 90 * 1) * -2 +Math.cos((query.anim_time) * 90 * 1) * -3"]},"hair_right2":{"rotation":[0,0,-47.5]},"hair_right3":{"rotation":[0,0,-57.5]},"hair_right4":{"rotation":[0,0,-27.5]},"hair_right5":{"rotation":[0,10,"-47.5+Math.cos((query.anim_time+0.75) * 90 * 1) * -2 +Math.cos((query.anim_time) * 90 * 1) * -3"]},"hair_right6":{"rotation":[0,0,-47.5]},"hair_right7":{"rotation":[0,0,-57.5]},"hair_right8":{"rotation":[0,0,-17.5]},"beard":{"rotation":["Math.cos((query.anim_time) * 90 * 2) * -5 +Math.cos((query.anim_time) * 90 * 2) * -7.5",0,0]},"jowl_left":{"rotation":["Math.cos((query.anim_time+0.5) * 90 * 2) * -5 +Math.cos((query.anim_time) * 90 * 2) * 5",0,0]},"jowl_right":{"rotation":["Math.cos((query.anim_time+0.25) * 90 * 2) * -5 +Math.cos((query.anim_time) * 90 * 2) * 5",0,0]}}},"animation.drampa.air_fly":{"loop":true,"bones":{"body":{"rotation":[-90,0,0],"position":[0,"-2+Math.cos((query.anim_time) * 90 * 2) * 1","-20+Math.cos((query.anim_time) * 90 * 2) * 0 +Math.cos((query.anim_time+0.5) * 90 * 2) * 1"]},"arm_right":{"rotation":["Math.cos((query.anim_time) * 90 * 2) * -5","35+Math.cos((query.anim_time+0.5) * 90 * 2) * 10",0]},"arm_right2":{"rotation":[0,0,-70]},"arm_left":{"rotation":["Math.cos((query.anim_time+0.5) * 90 * 2) * 5","-35+Math.cos((query.anim_time+0.5) * 90 * 2) * -10",0]},"arm_left2":{"rotation":[0,0,70]},"tail":{"rotation":["Math.cos((query.anim_time) * 90 * 2) * 5",0,0]},"neck_frill":{"rotation":[97.5,27.5,0]},"neck_frill2":{"rotation":[102.5,-15,0]},"neck2":{"rotation":[90,0,0]},"neck3":{"rotation":["Math.cos((query.anim_time) * 90 * 2) * -5",0,0]},"neck4":{"rotation":["7.5+Math.cos((query.anim_time+0.25) * 90 * 2) * -5",0,0]},"neck5":{"rotation":["Math.cos((query.anim_time+0.5) * 90 * 2) * -2.5",0,0]},"neck6":{"rotation":["Math.cos((query.anim_time) * 90 * 2)",0,0]},"neck7":{"rotation":["-7.5+Math.cos((query.anim_time) * 90 * 2) * 10",0,0]},"hair_left":{"rotation":[0,-10,"47.5+Math.cos((query.anim_time) * 90 * 3) * -2 +Math.cos((query.anim_time) * 90 * 3) * -3"]},"hair_left2":{"rotation":[0,0,47.5]},"hair_left3":{"rotation":[0,0,57.5]},"hair_left4":{"rotation":[0,0,32.5]},"hair_left5":{"rotation":[0,-10,"47.5+Math.cos((query.anim_time+0.5) * 90 * 3) * -2 +Math.cos((query.anim_time) * 90 * 3) * -3"]},"hair_left6":{"rotation":[0,0,47.5]},"hair_left7":{"rotation":[0,0,57.5]},"hair_left8":{"rotation":[0,0,22.5]},"hair_right":{"rotation":[0,10,"-47.5+Math.cos((query.anim_time+0.25) * 90 * 3) * -2 +Math.cos((query.anim_time) * 90 * 3) * -3"]},"hair_right2":{"rotation":[0,0,-47.5]},"hair_right3":{"rotation":[0,0,-57.5]},"hair_right4":{"rotation":[0,0,-27.5]},"hair_right5":{"rotation":[0,10,"-47.5+Math.cos((query.anim_time+0.75) * 90 * 3) * -2 +Math.cos((query.anim_time) * 90 * 3) * -3"]},"hair_right6":{"rotation":[0,0,-47.5]},"hair_right7":{"rotation":[0,0,-57.5]},"hair_right8":{"rotation":[0,0,-17.5]},"beard":{"rotation":["Math.cos((query.anim_time) * 90 * 2) * -5 +Math.cos((query.anim_time) * 90 * 2) * -7.5",0,0]},"jowl_left":{"rotation":["Math.cos((query.anim_time) * 90 * 2) * -5 +Math.cos((query.anim_time) * 90 * 2) * 3",0,0]},"jowl_right":{"rotation":["Math.cos((query.anim_time+0.25) * 90 * 2) * -5 +Math.cos((query.anim_time) * 90 * 2) * 5",0,0]},"jaw":{"rotation":["15+Math.cos((query.anim_time) * 90 * 2) * 5",0,0]}}}}}