{
  "type": "loot_table",
  "pools": [
    {
      "bonus_rolls": 0.0,
      "entries": [
        {
          "type": "minecraft:item",
          "name": "cobblemizer:iv_add_sp_def_common",
          "weight": 4
        },
        {
          "type": "minecraft:item",
          "name": "cobblemizer:iv_add_sp_def_uncommon",
          "weight": 1
        },
        {
          "type": "minecraft:item",
          "name": "cobblemizer:iv_add_sp_atk_common",
          "weight": 4
        },
        {
          "type": "minecraft:item",
          "name": "cobblemizer:iv_add_sp_atk_uncommon",
          "weight": 1
        },
        {
          "type": "minecraft:item",
          "name": "cobblemizer:iv_add_speed_common",
          "weight": 4
        },
        {
          "type": "minecraft:item",
          "name": "cobblemizer:iv_add_speed_uncommon",
          "weight": 1
        },
        {
          "type": "minecraft:item",
          "name": "cobblemizer:iv_add_atk_common",
          "weight": 4
        },
        {
          "type": "minecraft:item",
          "name": "cobblemizer:iv_add_atk_uncommon",
          "weight": 1
        },
        {
          "type": "minecraft:item",
          "name": "cobblemizer:iv_add_def_common",
          "weight": 4
        },
        {
          "type": "minecraft:item",
          "name": "cobblemizer:iv_add_def_uncommon",
          "weight": 1
        },
        {
          "type": "minecraft:item",
          "name": "cobblemizer:iv_add_hp_common",
          "weight": 4
        },
        {
          "type": "minecraft:item",
          "name": "cobblemizer:iv_add_hp_uncommon",
          "weight": 1
        }
      ],
      "rolls": 1.0
    }
  ]
}