{
  "type": "loot_table",
  "pools": [
    {
      "bonus_rolls": 0.0,
      "entries": [
        {
          "type": "minecraft:item",
          "functions": [
            {
              "count": {
                "type": "minecraft:uniform",
                "max": 1.0,
                "min": 1.0
              },
              "function": "minecraft:set_count"
            }
          ],
          "name": "cobblemon:full_heal",
          "weight": 10
        },
        {
          "type": "minecraft:item",
          "functions": [
            {
              "count": {
                "type": "minecraft:uniform",
                "max": 2.0,
                "min": 1.0
              },
              "function": "minecraft:set_count"
            }
          ],
          "name": "cobblemon:antidote",
          "weight": 10
        },
        {
          "type": "minecraft:item",
          "functions": [
            {
              "count": {
                "type": "minecraft:uniform",
                "max": 2.0,
                "min": 1.0
              },
              "function": "minecraft:set_count"
            }
          ],
          "name": "cobblemon:awakening",
          "weight": 10
        },
        {
          "type": "minecraft:item",
          "functions": [
            {
              "count": {
                "type": "minecraft:uniform",
                "max": 2.0,
                "min": 1.0
              },
              "function": "minecraft:set_count"
            }
          ],
          "name": "cobblemon:burn_heal",
          "weight": 10
        },
        {
          "type": "minecraft:item",
          "functions": [
            {
              "count": {
                "type": "minecraft:uniform",
                "max": 2.0,
                "min": 1.0
              },
              "function": "minecraft:set_count"
            }
          ],
          "name": "cobblemon:ice_heal",
          "weight": 10
        },
        {
          "type": "minecraft:item",
          "functions": [
            {
              "count": {
                "type": "minecraft:uniform",
                "max": 2.0,
                "min": 1.0
              },
              "function": "minecraft:set_count"
            }
          ],
          "name": "cobblemon:paralyze_heal",
          "weight": 10
        }
      ],
      "rolls": 1.0
    }
  ]
}