{"format_version":"1.8.0","animations":{"animation.mawile_mega.ground_idle":{"loop":true,"bones":{"mouth":{"rotation":[-40,0,0]},"mouth2":{"rotation":[-42.5,0,0]},"mouth3":{"rotation":[-35,0,0]},"arm_right":{"rotation":[9.91615,1.29876,"-45.8893+2*(math.sin(q.anim_time*90*3)*1+1)"]},"arm_right2":{"rotation":[0.02181,"-2.4995-2*math.clamp(math.sin(q.anim_time*90*3/2)*1+1,0,1)+4*math.clamp(-math.sin(q.anim_time*90*3/2)*1+1,0,1)",-2.5001]},"finger_right":{"rotation":[0,0,-27.5]},"finger_right2":{"rotation":[0,0,-17.5]},"finger_right3":{"rotation":[0,0,-27.5]},"arm_left":{"rotation":[9.93367,-3.62651,"46.751+2*(math.sin(q.anim_time*90*3)*1+1)"]},"arm_left2":{"rotation":[0.19669,"2.4957-2*math.clamp(math.sin(q.anim_time*90*3/2)*1+1,0,1)+4*math.clamp(-math.sin(q.anim_time*90*3/2)*1+1,0,1)",2.50772]},"finger_left":{"rotation":[0,0,27.5]},"finger_left2":{"rotation":[0,0,17.5]},"finger_left3":{"rotation":[0,0,27.5]},"hair_right":{"rotation":[0,0,"-45-math.sin(q.anim_time*90*2)*6"]},"hair_right2":{"rotation":[0,0,-37.5]},"hair_left":{"rotation":[0,0,"45-math.sin(q.anim_time*90*2)*6"]},"hair_left2":{"rotation":[0,0,37.5]},"mouth_right":{"rotation":["-27.8767-math.sin(q.anim_time*90*3-45)*3","-25.1489-math.sin(q.anim_time*90*1-45)*2",-11.5782]},"mouth_right2":{"rotation":[-42.5,0,0]},"mouth_right3":{"rotation":[-15,0,0]},"mouth_right4":{"rotation":[0,-45,-30]},"jaw_right":{"rotation":["-10-math.sin(q.anim_time*90*1-45)*4",0,0]},"jaw_right2":{"rotation":[17.5,0,0]},"jaw_right3":{"rotation":[20,0,0]},"mouth_right_top":{"rotation":[12.5,0,0]},"mouth_right_top2":{"rotation":[15,0,0]},"leg_right":{"rotation":[0,5,0]},"leg_left":{"rotation":[0,-5,0]},"mouth_left":{"rotation":["-27.8767-math.sin(q.anim_time*90*3-45)*3","25.1489-math.sin(q.anim_time*90*1-45)*2",-11.57819]},"mouth_left2":{"rotation":[-42.5,0,0]},"mouth_left3":{"rotation":[-32.5,0,0]},"mouth_left4":{"rotation":[0,45,30]},"jaw_left":{"rotation":["-10-math.sin(q.anim_time*90*1-45)*4",0,0]},"jaw_left2":{"rotation":[17.5,0,0]},"jaw_left3":{"rotation":[20,0,0]},"mouth_left_top":{"rotation":[12.5,0,0]},"mouth_left_top2":{"rotation":[15,0,0]},"torso":{"rotation":[2.5,"math.sin(q.anim_time*90*1-135)*8",0],"position":[0,"-0.1*(math.sin(q.anim_time*90*4-90)*1+1)",0]},"head":{"rotation":["5-math.sin(q.anim_time*90*2-45)*3","0-math.sin(q.anim_time*90*1-45)*2",0]},"bone2":{"rotation":[0,0,"math.sin(q.anim_time*90*2)*6"]},"bone":{"rotation":[0,0,"math.sin(q.anim_time*90*2)*6"]}}},"animation.mawile_mega.ground_walk":{"loop":true,"bones":{"mouth":{"rotation":[-40,0,0]},"mouth2":{"rotation":[-42.5,0,0]},"mouth3":{"rotation":[-35,0,0]},"arm_right":{"rotation":[0,"-math.sin(query.anim_time*90*6)*6","-45.88+(math.sin(q.anim_time*90*6*2)*1)"]},"arm_right2":{"rotation":[0.02181,"-2.4995-2*math.clamp(math.sin(q.anim_time*90*3/2)*1+1,0,1)+4*math.clamp(-math.sin(q.anim_time*90*3/2)*1+1,0,1)",-2.5001]},"finger_right":{"rotation":[0,0,-27.5]},"finger_right2":{"rotation":[0,0,-17.5]},"finger_right3":{"rotation":[0,0,-27.5]},"arm_left":{"rotation":[0,"-math.sin(query.anim_time*90*6)*6","45.88+(math.sin(q.anim_time*90*6*2)*1+1)"]},"arm_left2":{"rotation":[0.19669,"2.4957-2*math.clamp(math.sin(q.anim_time*90*3/2)*1+1,0,1)+4*math.clamp(-math.sin(q.anim_time*90*3/2)*1+1,0,1)",2.50772]},"finger_left":{"rotation":[0,0,27.5]},"finger_left2":{"rotation":[0,0,17.5]},"finger_left3":{"rotation":[0,0,27.5]},"hair_right":{"rotation":[0,0,"-45-math.sin(q.anim_time*90*2)*6"]},"hair_right2":{"rotation":[0,0,-37.5]},"hair_left":{"rotation":[0,0,"45-math.sin(q.anim_time*90*2)*6"]},"hair_left2":{"rotation":[0,0,37.5]},"mouth_right":{"rotation":["-27.8767-math.sin(q.anim_time*90*3-45)*3","-25.1489-math.sin(q.anim_time*90*1-45)*2",-11.5782]},"mouth_right2":{"rotation":[-42.5,0,0]},"mouth_right3":{"rotation":[-15,0,0]},"mouth_right4":{"rotation":[0,-45,-30]},"jaw_right":{"rotation":["-10-math.sin(q.anim_time*90*1-45)*4",0,0]},"jaw_right2":{"rotation":[17.5,0,0]},"jaw_right3":{"rotation":[20,0,0]},"mouth_right_top":{"rotation":[12.5,0,0]},"mouth_right_top2":{"rotation":[15,0,0]},"leg_right":{"rotation":["-math.clamp(math.sin(query.anim_time*90*4*1.5+45+180)*10,-15,14)+math.clamp(-math.sin(query.anim_time*90*4*1.5+180*2)*12,5,12)-5","-math.clamp(-math.sin(query.anim_time*90*4*1.5+180*2)*7.5,0,10)-math.clamp(-math.sin(query.anim_time*90*4*1.5+90+180*2)*3,0,10)",0],"position":[0,"-1.25+math.clamp(-math.sin(-query.anim_time*90*4*1.5-20)*0.4,0.2,1)-math.clamp(-math.sin(query.anim_time*90*4*1.5+65)*0.8,0.7,0.9)+math.clamp(-math.sin(query.anim_time*90*4*1.5-25)*1,0.7,1)+math.clamp(-math.sin(query.anim_time*90*4*1.5-35+180)*2,1,2)","-math.clamp(math.sin(query.anim_time*90*4*1.5+180)*0.2,-0.5,1)-math.clamp(math.sin(query.anim_time*90*4*1.5+180)*0.4,-0.8,0)-0.1"]},"leg_left":{"rotation":["-math.clamp(math.sin(query.anim_time*90*4*1.5+45)*10,-15,14)+math.clamp(-math.sin(query.anim_time*90*4*1.5+180)*12,5,12)-5","math.clamp(-math.sin(query.anim_time*90*4*1.5+180*1)*7.5,0,10)+math.clamp(-math.sin(query.anim_time*90*4*1.5+90+180*1)*3,0,10)",0],"position":[0,"-1.25+math.clamp(-math.sin(-query.anim_time*90*4*1.5-20+180)*0.4,0.2,1)-math.clamp(-math.sin(query.anim_time*90*4*1.5+65+180)*0.8,0.7,0.9)+math.clamp(-math.sin(query.anim_time*90*4*1.5-25+180)*1,0.7,1)+math.clamp(-math.sin(query.anim_time*90*4*1.5-35+180*2)*2,1,2)","-math.clamp(math.sin(query.anim_time*90*4*1.5)*0.2,-0.5,1)-math.clamp(math.sin(query.anim_time*90*4*1.5)*0.4,-0.8,0)-0.1"]},"mouth_left":{"rotation":["-27.8767-math.sin(q.anim_time*90*3-45)*3","25.1489-math.sin(q.anim_time*90*1-45)*2",-11.57819]},"mouth_left2":{"rotation":[-42.5,0,0]},"mouth_left3":{"rotation":[-32.5,0,0]},"mouth_left4":{"rotation":[0,45,30]},"jaw_left":{"rotation":["-10-math.sin(q.anim_time*90*1-45)*4",0,0]},"jaw_left2":{"rotation":[17.5,0,0]},"jaw_left3":{"rotation":[20,0,0]},"mouth_left_top":{"rotation":[12.5,0,0]},"mouth_left_top2":{"rotation":[15,0,0]},"torso":{"rotation":[0,"math.sin(q.anim_time*90*1-135)*8",0]},"head":{"rotation":["5-math.sin(q.anim_time*90*2-45)*3","0-math.sin(q.anim_time*90*1-45)*2",0]},"bone2":{"rotation":[0,0,"math.sin(q.anim_time*90*2)*6"]},"bone":{"rotation":[0,0,"math.sin(q.anim_time*90*2)*6"]},"body":{"rotation":["math.clamp(math.sin(query.anim_time*180*4*1.5/2+20)*1,0.2,1)+math.clamp(-math.sin(query.anim_time*180*4*1.5/2)*1,0.2,1)-0.8","-math.clamp(math.sin(query.anim_time*90*4*1.5+90)*0.3,-0.3,0.3)*5",0],"position":[0,"-math.clamp(math.sin(-query.anim_time*90*4*1.5+45/2)*0.6,0,1)-math.clamp(math.sin(-query.anim_time*90*4*1.5+45/2+180)*0.6,0,1)+0.6","-math.clamp(math.sin(query.anim_time*90*4*1.5)*0.3,0,0.3)-math.clamp(math.sin(-query.anim_time*90*4*1.5)*0.3,0,0.3)"]},"leg_right2":{"rotation":[0,0,0]}}}}}