{"format_version":"1.8.0","animations":{"animation.pikipek.faint":{"loop":true},"animation.pikipek.ground_idle":{"loop":true,"animation_length":0.5,"bones":{"body":{"position":{"0.0":[0,0,0],"0.25":[0.5,0,0],"0.5":[0,0,0]}},"tail":{"rotation":{"0.0":[0,0,0],"0.2917":[0,0,-10],"0.5":[0,0,0]}},"left_wing":{"rotation":{"0.0":[0,0,0],"0.1667":[0,0,-7.5],"0.5":[0,0,0]}},"right_wing":{"rotation":{"0.0":[0,0,0],"0.1667":[0,0,-7.5],"0.5":[0,0,0]}},"head":{"rotation":{"0.0":[0,0,0],"0.3333":[0,0,6.5],"0.5":[0,0,0]},"position":{"0.0":[0,0,0],"0.25":[1,0,0],"0.5":[0,0,0]}}}},"animation.pikipek.ground_walk":{"loop":true,"animation_length":0.5,"bones":{"pikipek":{"position":[0.5,0,0]},"full_body":{"position":{"0.0":[0,0,0],"0.25":[-0.17,2.07,-2],"0.375":[0,0.2,0],"0.5":[0,0,0]}},"tail":{"rotation":{"0.0":[0,0,7.5],"0.1667":[0,0,22.5],"0.3333":[0,0,27.5],"0.5":[0,0,7.5]}},"left_wing":{"rotation":{"0.0":[0,0,0],"0.2083":[0,0,7.5],"0.5":[0,0,0]}},"right_wing":{"rotation":{"0.0":[0,0,0],"0.2083":[0,0,7.5],"0.5":[0,0,0]}},"head":{"rotation":{"0.0":[0,0,0],"0.1667":[0,0,20],"0.5":[0,0,0]}},"left_leg":{"rotation":{"0.0":[0,0,0],"0.25":[0,0,-20],"0.5":[0,0,0]}},"foot2":{"rotation":{"0.0":[0,0,2.5],"0.25":[0,0,-25],"0.375":[0,0,6.25],"0.5":[0,0,2.5]}},"right_leg":{"rotation":{"0.0":[0,0,0],"0.25":[0,0,-20],"0.5":[0,0,0]}},"foot3":{"rotation":{"0.0":[0,0,2.5],"0.25":[0,0,-25],"0.375":[0,0,6.25],"0.5":[0,0,2.5]}}}}},"geckolib_format_version":2}