{
  "type": "minecraft:chest",
  "pools": [
    {
      "bonus_rolls": 0.0,
      "entries": [
        {
          "type": "minecraft:item",
          "functions": [
            {
              "add": false,
              "count": {
                "type": "minecraft:uniform",
                "max": 2.0,
                "min": 1.0
              },
              "function": "minecraft:set_count"
            }
          ],
          "name": "cobblemon:sun_stone",
          "weight": 7
        },
        {
          "type": "minecraft:item",
          "functions": [
            {
              "add": false,
              "count": {
                "type": "minecraft:uniform",
                "max": 2.0,
                "min": 1.0
              },
              "function": "minecraft:set_count"
            }
          ],
          "name": "cobblemon:silk_scarf",
          "weight": 7
        },
        {
          "type": "minecraft:item",
          "functions": [
            {
              "add": false,
              "count": {
                "type": "minecraft:uniform",
                "max": 16.0,
                "min": 6.0
              },
              "function": "minecraft:set_count"
            }
          ],
          "name": "cobblemon:razz_berry",
          "weight": 6
        },
        {
          "type": "minecraft:item",
          "functions": [
            {
              "add": false,
              "count": {
                "type": "minecraft:uniform",
                "max": 16.0,
                "min": 6.0
              },
              "function": "minecraft:set_count"
            }
          ],
          "name": "cobblemon:nanab_berry",
          "weight": 6
        },
        {
          "type": "minecraft:item",
          "functions": [
            {
              "add": false,
              "count": {
                "type": "minecraft:uniform",
                "max": 16.0,
                "min": 6.0
              },
              "function": "minecraft:set_count"
            }
          ],
          "name": "cobblemon:pinap_berry",
          "weight": 6
        },
        {
          "type": "minecraft:item",
          "functions": [
            {
              "add": false,
              "count": 1.0,
              "function": "minecraft:set_count"
            }
          ],
          "name": "cobblemon:lucky_egg",
          "weight": 3
        },
        {
          "type": "minecraft:item",
          "functions": [
            {
              "add": false,
              "count": 3.0,
              "function": "minecraft:set_count"
            }
          ],
          "name": "cobblemon:exp_candy_xs",
          "weight": 2
        },
        {
          "type": "minecraft:item",
          "functions": [
            {
              "add": false,
              "count": 1.0,
              "function": "minecraft:set_count"
            }
          ],
          "name": "cobblemon:rare_candy"
        }
      ],
      "rolls": 1.0
    }
  ]
}