{
  "name": "ati_structures:haunted_ruin",
  "fallback": "minecraft:empty",
  "elements": [
    {
      "element": {
        "element_type": "minecraft:single_pool_element",
        "projection": "rigid",
        "processors": "minecraft:mossify_20_percent",
        "location": "ati_structures:haunted_ruin/haunted_ruin"
      },
      "weight": 2
    },
    {
      "element": {
        "element_type": "minecraft:single_pool_element",
        "projection": "rigid",
        "processors": "minecraft:mossify_20_percent",
        "location": "ati_structures:haunted_ruin/haunted_ruin2"
      },
      "weight": 2
    },
    {
      "element": {
        "element_type": "minecraft:single_pool_element",
        "projection": "rigid",
        "processors": "minecraft:mossify_20_percent",
        "location": "ati_structures:haunted_ruin/haunted_ruin3"
      },
      "weight": 2
    }
  ]
}