{
  "type": "loot_table",
  "pools": [
    {
      "bonus_rolls": 0.0,
      "entries": [
        {
          "type": "minecraft:item",
          "name": "myths_and_legends:adamant_orb",
          "weight": 1
        },
        {
          "type": "minecraft:item",
          "name": "myths_and_legends:aurora_ticket",
          "weight": 1
        },
        {
          "type": "minecraft:item",
          "name": "myths_and_legends:azure_flute",
          "weight": 1
        },
        {
          "type": "minecraft:item",
          "name": "myths_and_legends:blue_orb",
          "weight": 1
        },
        {
          "type": "minecraft:item",
          "name": "myths_and_legends:bonus_disk",
          "weight": 1
        },
        {
          "type": "minecraft:item",
          "name": "myths_and_legends:clear_bell",
          "weight": 1
        },
        {
          "type": "minecraft:item",
          "name": "myths_and_legends:dna_splicer",
          "weight": 1
        },
        {
          "type": "minecraft:item",
          "name": "myths_and_legends:eon_ticket",
          "weight": 1
        },
        {
          "type": "minecraft:item",
          "name": "myths_and_legends:griseous_orb",
          "weight": 1
        },
        {
          "type": "minecraft:item",
          "name": "myths_and_legends:gs_ball",
          "weight": 1
        },
        {
          "type": "minecraft:item",
          "name": "myths_and_legends:jade_orb",
          "weight": 1
        },
        {
          "type": "minecraft:item",
          "name": "myths_and_legends:liberty_pass",
          "weight": 1
        },
        {
          "type": "minecraft:item",
          "name": "myths_and_legends:lustrous_orb",
          "weight": 1
        },
        {
          "type": "minecraft:item",
          "name": "myths_and_legends:member_card",
          "weight": 1
        },
        {
          "type": "minecraft:item",
          "name": "myths_and_legends:oaks_letter",
          "weight": 1
        },
        {
          "type": "minecraft:item",
          "name": "myths_and_legends:old_sea_map",
          "weight": 1
        },
        {
          "type": "minecraft:item",
          "name": "myths_and_legends:red_orb",
          "weight": 1
        },
        {
          "type": "minecraft:item",
          "name": "myths_and_legends:rusted_shield",
          "weight": 1
        },
        {
          "type": "minecraft:item",
          "name": "myths_and_legends:rusted_sword",
          "weight": 1
        },
        {
          "type": "minecraft:item",
          "name": "myths_and_legends:tidal_bell",
          "weight": 1
        },
        {
          "type": "minecraft:item",
          "name": "myths_and_legends:dr_fujis_diary",
          "weight": 1
        },
        {
          "type": "minecraft:item",
          "name": "myths_and_legends:rainbow_wing",
          "weight": 1
        },
        {
          "type": "minecraft:item",
          "name": "myths_and_legends:silver_wing",
          "weight": 1
        },
        {
          "type": "minecraft:item",
          "name": "myths_and_legends:violet_book",
          "weight": 1
        },
        {
          "type": "minecraft:item",
          "name": "myths_and_legends:scarlet_book",
          "weight": 1
        },
        {
          "type": "minecraft:item",
          "name": "myths_and_legends:cocoon_of_destruction",
          "weight": 1
        },
        {
          "type": "minecraft:item",
          "name": "myths_and_legends:sapling_of_life",
          "weight": 1
        },
        {
          "type": "minecraft:item",
          "name": "myths_and_legends:zygarde_cell",
          "weight": 1
        },
        {
          "type": "minecraft:item",
          "name": "myths_and_legends:zygarde_core",
          "weight": 1
        },
        {
          "type": "minecraft:item",
          "name": "myths_and_legends:zygarde_cube",
          "weight": 1
        },
        {
          "type": "minecraft:item",
          "name": "myths_and_legends:mystery_box",
          "weight": 1
        },
        {
          "type": "minecraft:item",
          "name": "myths_and_legends:reveal_glass",
          "weight": 1
        },
        {
          "type": "minecraft:item",
          "name": "myths_and_legends:dark_stone",
          "weight": 1
        },
        {
          "type": "minecraft:item",
          "name": "myths_and_legends:light_stone",
          "weight": 1
        },
        {
          "type": "minecraft:item",
          "name": "myths_and_legends:teal_mask",
          "weight": 1
        },
        {
          "type": "minecraft:item",
          "name": "myths_and_legends:sun_flute",
          "weight": 1
        },
        {
          "type": "minecraft:item",
          "name": "myths_and_legends:moon_flute",
          "weight": 1
        },
        {
          "type": "minecraft:item",
          "name": "myths_and_legends:lunar_feather",
          "weight": 1
        },
        {
          "type": "minecraft:item",
          "name": "myths_and_legends:magma_stone",
          "weight": 1
        },
        {
          "type": "minecraft:item",
          "name": "myths_and_legends:diancies_crown",
          "weight": 1
        },
        {
          "type": "minecraft:item",
          "name": "myths_and_legends:fini_totem",
          "weight": 1
        },
        {
          "type": "minecraft:item",
          "name": "myths_and_legends:genesect_drive",
          "weight": 1
        },
        {
          "type": "minecraft:item",
          "name": "myths_and_legends:grassland_blade",
          "weight": 1
        },
        {
          "type": "minecraft:item",
          "name": "myths_and_legends:hoopa_ring",
          "weight": 1
        },
        {
          "type": "minecraft:item",
          "name": "myths_and_legends:ironwill_sword",
          "weight": 1
        },
        {
          "type": "minecraft:item",
          "name": "myths_and_legends:koko_totem",
          "weight": 1
        },
        {
          "type": "minecraft:item",
          "name": "myths_and_legends:lele_totem",
          "weight": 1
        },
        {
          "type": "minecraft:item",
          "name": "myths_and_legends:lillies_bag",
          "weight": 1
        },
        {
          "type": "minecraft:item",
          "name": "myths_and_legends:meloetta_headset",
          "weight": 1
        },
        {
          "type": "minecraft:item",
          "name": "myths_and_legends:necro_prism",
          "weight": 1
        },
        {
          "type": "minecraft:item",
          "name": "myths_and_legends:prism_bottle",
          "weight": 1
        },
        {
          "type": "minecraft:item",
          "name": "myths_and_legends:sacred_sword",
          "weight": 1
        },
        {
          "type": "minecraft:item",
          "name": "myths_and_legends:steam_valve",
          "weight": 1
        },
        {
          "type": "minecraft:item",
          "name": "myths_and_legends:type_null_mask",
          "weight": 1
        },
        {
          "type": "minecraft:item",
          "name": "myths_and_legends:antique_pokeball",
          "weight": 1
        },
        {
          "type": "minecraft:item",
          "name": "myths_and_legends:eternatus_core",
          "weight": 1
        },
        {
          "type": "minecraft:item",
          "name": "myths_and_legends:kubfus_band",
          "weight": 1
        },
        {
          "type": "minecraft:item",
          "name": "myths_and_legends:marshadow_hood",
          "weight": 1
        },
        {
          "type": "minecraft:item",
          "name": "myths_and_legends:plasma_tablet",
          "weight": 1
        },
        {
          "type": "minecraft:item",
          "name": "myths_and_legends:prismatic_shell",
          "weight": 1
        },
        {
          "type": "minecraft:item",
          "name": "myths_and_legends:reins_of_unity",
          "weight": 1
        },
        {
          "type": "minecraft:item",
          "name": "myths_and_legends:scaly_tablet",
          "weight": 1
        },
        {
          "type": "minecraft:item",
          "name": "myths_and_legends:scroll_of_water",
          "weight": 1
        },
        {
          "type": "minecraft:item",
          "name": "myths_and_legends:soul_heart",
          "weight": 1
        },
        {
          "type": "minecraft:item",
          "name": "myths_and_legends:zarudes_cape",
          "weight": 1
        },
        {
          "type": "minecraft:item",
          "name": "myths_and_legends:zeraoras_thunderclaw",
          "weight": 1
        },
        {
          "type": "minecraft:item",
          "name": "myths_and_legends:ancient_tablet",
          "weight": 1
        },
        {
          "type": "minecraft:item",
          "name": "myths_and_legends:mythical_pecha_berry",
          "weight": 1
        },
        {
          "type": "minecraft:item",
          "name": "myths_and_legends:scroll_of_darkness",
          "weight": 1
        },
        {
          "type": "minecraft:item",
          "name": "myths_and_legends:azelf_fang",
          "weight": 1
        },
        {
          "type": "minecraft:item",
          "name": "myths_and_legends:mesprit_plume",
          "weight": 1
        },
        {
          "type": "minecraft:item",
          "name": "myths_and_legends:stone_tablet",
          "weight": 1
        },
        {
          "type": "minecraft:item",
          "name": "myths_and_legends:uxie_claw",
          "weight": 1
        },
        {
          "type": "minecraft:item",
          "name": "myths_and_legends:ice_tablet",
          "weight": 1
        },
        {
          "type": "minecraft:item",
          "name": "myths_and_legends:steel_tablet",
          "weight": 1
        },
        {
          "type": "minecraft:item",
          "name": "myths_and_legends:bulu_totem",
          "weight": 1
        },
        {
          "type": "minecraft:item",
          "name": "myths_and_legends:cavern_shield",
          "weight": 1
        },
        {
          "type": "minecraft:item",
          "name": "myths_and_legends:iceroot_carrot",
          "weight": 1
        },
        {
          "type": "minecraft:item",
          "name": "myths_and_legends:shaderoot_carrot",
          "weight": 1
        }
      ],
      "rolls": 1.0
    }
  ]
}