{"format_version":"1.8.0","animations":{"animation.heatran.ground_walk":{"loop":true,"animation_length":4.125,"bones":{"body":{"position":{"0.0":{"post":[0,0,0],"lerp_mode":"catmullrom"},"0.25":{"post":[0,0.5,-0.2],"lerp_mode":"catmullrom"},"0.5":{"post":[0,1,-1.05],"lerp_mode":"catmullrom"},"0.75":{"post":[0,0.5,-1.8],"lerp_mode":"catmullrom"},"1.0":{"post":[0,0,-2.05],"lerp_mode":"catmullrom"},"1.2917":{"post":[0,0.5,-0.2],"lerp_mode":"catmullrom"},"1.5417":{"post":[0,1,-1.05],"lerp_mode":"catmullrom"},"1.7917":{"post":[0,0.5,-1.8],"lerp_mode":"catmullrom"},"2.0417":{"post":[0,0,-2.05],"lerp_mode":"catmullrom"},"2.3333":{"post":[0,0.5,-0.2],"lerp_mode":"catmullrom"},"2.5833":{"post":[0,1,-1.05],"lerp_mode":"catmullrom"},"2.8333":{"post":[0,0.5,-1.8],"lerp_mode":"catmullrom"},"3.0833":{"post":[0,0,-2.05],"lerp_mode":"catmullrom"},"3.375":{"post":[0,0.5,-0.2],"lerp_mode":"catmullrom"},"3.625":{"post":[0,1,-1.05],"lerp_mode":"catmullrom"},"3.875":{"post":[0,0.5,-1.8],"lerp_mode":"catmullrom"},"4.125":{"post":[0,0,0],"lerp_mode":"catmullrom"}}},"right":{"rotation":{"0.0":{"post":[0,0,0],"lerp_mode":"catmullrom"}},"position":{"0.0":{"post":[0,0,0],"lerp_mode":"catmullrom"},"1.0417":{"post":[0,0,0],"lerp_mode":"catmullrom"},"1.2917":{"post":[0,0.5,-0.2],"lerp_mode":"catmullrom"},"1.5417":{"post":[0,1,-1.05],"lerp_mode":"catmullrom"},"1.7917":{"post":[0,0.5,-1.8],"lerp_mode":"catmullrom"},"2.0417":{"post":[0,0,-2.05],"lerp_mode":"catmullrom"},"3.125":{"post":[0,0,0],"lerp_mode":"catmullrom"},"3.375":{"post":[0,0.5,-0.2],"lerp_mode":"catmullrom"},"3.625":{"post":[0,1,-1.05],"lerp_mode":"catmullrom"},"3.875":{"post":[0,0.5,-1.8],"lerp_mode":"catmullrom"},"4.125":{"post":[0,0,0],"lerp_mode":"catmullrom"}}},"left":{"rotation":{"0.0":{"post":[0,0,0],"lerp_mode":"catmullrom"}},"position":{"0.0":{"post":[0,0,0],"lerp_mode":"catmullrom"},"0.25":{"post":[0,0.5,-0.2],"lerp_mode":"catmullrom"},"0.5":{"post":[0,1,-1.05],"lerp_mode":"catmullrom"},"0.75":{"post":[0,0.5,-1.8],"lerp_mode":"catmullrom"},"1.0":{"post":[0,0,-2.05],"lerp_mode":"catmullrom"},"2.0833":{"post":[0,0,0],"lerp_mode":"catmullrom"},"2.3333":{"post":[0,0.5,-0.2],"lerp_mode":"catmullrom"},"2.5833":{"post":[0,1,-1.05],"lerp_mode":"catmullrom"},"2.8333":{"post":[0,0.5,-1.8],"lerp_mode":"catmullrom"},"3.0833":{"post":[0,0,-2.05],"lerp_mode":"catmullrom"},"4.125":{"post":[0,0,0],"lerp_mode":"catmullrom"}}}}},"animation.heatran.ground_idle":{"loop":true,"animation_length":2.5,"bones":{"body":{"rotation":{"0.0":{"post":[0,0,0],"lerp_mode":"catmullrom"}},"position":{"0.0":{"post":[0,0,0],"lerp_mode":"catmullrom"},"1.25":{"post":[0,-0.5,0],"lerp_mode":"catmullrom"},"2.5":{"post":[0,0,0],"lerp_mode":"catmullrom"}}}}},"animation.heatran.faint":{"loop":true,"animation_length":5,"bones":{"body":{"rotation":{"0.0":{"post":[0,0,0],"lerp_mode":"catmullrom"},"2.5":{"post":[0,0,0],"lerp_mode":"catmullrom"}},"position":{"0.0":{"post":[0,0,0],"lerp_mode":"catmullrom"},"1.25":{"post":[0,-0.5,0],"lerp_mode":"catmullrom"},"2.5":{"post":[0,0,0],"lerp_mode":"catmullrom"},"3.75":{"post":[0,-0.5,0],"lerp_mode":"catmullrom"},"5.0":{"post":[0,0,0],"lerp_mode":"catmullrom"}}}}}}}