{"format_version":"1.8.0","animations":{"animation.avalugg.ground_idle":{"loop":true,"bones":{"leg_front_left":{"rotation":[0,37.5,0]},"leg_front_left1":{"rotation":[-40,0,30],"position":[0,"0.3*math.sin(q.anim_time*90*1)",0]},"leg_front_left2":{"rotation":[0,-15,20]},"leg_front_left3":{"rotation":[-5,-15,20],"position":["0.3*math.sin(q.anim_time*90*1)",0,0]},"leg_front_left4":{"rotation":[0,-7,8],"position":[0,"-0.1*math.sin(q.anim_time*90*1)",0]},"leg_back_left":{"rotation":[0,0,0]},"leg_back_left1":{"rotation":[-8,12.5,35.5],"position":[0,"0.3*math.sin(q.anim_time*90*1)",0]},"leg_back_left2":{"rotation":[1.5,-10,17.5]},"leg_back_left3":{"rotation":[1.5,-17,27.5],"position":["0.3*math.sin(q.anim_time*90*1)",0,0]},"leg_back_left4":{"rotation":[0,12,8.5],"position":[0,"-0.1*math.sin(q.anim_time*90*1)",0]},"leg_front_right4":{"rotation":[0,7,-8],"position":[0,"-0.1*math.sin(q.anim_time*90*1)",0]},"leg_front_right3":{"rotation":[-5,15,-20],"position":["-0.3*math.sin(q.anim_time*90*1)",0,0]},"leg_front_right2":{"rotation":[0,15,-20]},"leg_front_right1":{"rotation":[-40,0,-30],"position":[0,"0.3*math.sin(q.anim_time*90*1)",0]},"leg_front_right":{"rotation":[0,-37.5,0]},"leg_back_right1":{"rotation":[-8,-12.5,-35.5],"position":[0,"0.3*math.sin(q.anim_time*90*1)",0]},"leg_back_right2":{"rotation":[1.5,10,-17.5]},"leg_back_right3":{"rotation":[-1.5,17,-27.5],"position":["-0.3*math.sin(q.anim_time*90*1)",0,0]},"leg_back_right4":{"rotation":[0,-12.5,-8.5],"position":[0,"-0.1*math.sin(q.anim_time*90*1)",0]},"neck":{"rotation":[0,0,0]},"jaw":{"rotation":["-1*math.sin(q.anim_time*90*1-50)",0,0]},"head":{"rotation":["7.5-1*math.sin(q.anim_time*90*1-50)",0,0]},"jaw_spike2":{"rotation":[0,0,0]},"jaw2":{"rotation":[0,0,0]},"jaw3":{"rotation":[0,0,0]},"body":{"position":[0,0,0]},"torso":{"rotation":["1*math.sin(q.anim_time*90*0.5)",0,"0.2*math.sin(q.anim_time*90*1)"],"position":[0,"0.5*math.sin(q.anim_time*90*1)","0.1*math.sin(q.anim_time*90*1)"]}}},"animation.avalugg.water_idle":{"loop":true,"bones":{"leg_front_left":{"rotation":[0,37.5,0]},"leg_front_left1":{"rotation":[-38.32862,3.67034,60.22779],"position":[0,"0.3*math.sin(q.anim_time*90*1)",0]},"leg_front_left2":{"rotation":[0,-15,20]},"leg_front_left3":{"rotation":["12.5428-1*math.sin(q.anim_time*90*2)",-19.85717,16.42188],"position":["0.3*math.sin(q.anim_time*90*1)",0,0]},"leg_front_left4":{"rotation":[0,-7,8],"position":[0,"-0.1*math.sin(q.anim_time*90*1)",0]},"leg_back_left":{"rotation":[0,0,0]},"leg_back_left1":{"rotation":[18.19909,24.4545,68.98167],"position":[0,"0.3*math.sin(q.anim_time*90*1)",0]},"leg_back_left2":{"rotation":[1.5,-10,17.5]},"leg_back_left3":{"rotation":[-5.57404,-31.33512,38.15728],"position":["0.3*math.sin(q.anim_time*90*1)",0,0]},"leg_back_left4":{"rotation":[0,12,8.5],"position":[0,"-0.1*math.sin(q.anim_time*90*1)",0]},"leg_front_right4":{"rotation":[0,7,-8],"position":[0,"-0.1*math.sin(q.anim_time*90*1)",0]},"leg_front_right3":{"rotation":["11.3043+1*math.sin(q.anim_time*90*2)",13.56881,-24.5139],"position":["-0.3*math.sin(q.anim_time*90*1)",0,0]},"leg_front_right2":{"rotation":[0,15,-20]},"leg_front_right1":{"rotation":[-18.02533,-5.72575,-58.19592],"position":[0,"0.3*math.sin(q.anim_time*90*1)",0]},"leg_front_right":{"rotation":[0,-37.5,0]},"leg_back_right1":{"rotation":[23.39953,-26.15817,-71.20613],"position":[0,"0.3*math.sin(q.anim_time*90*1)",0]},"leg_back_right2":{"rotation":[1.5,10,-17.5]},"leg_back_right3":{"rotation":[-8.52752,30.54021,-39.42923],"position":["-0.3*math.sin(q.anim_time*90*1)",0,0]},"leg_back_right4":{"rotation":[0,-12.5,-8.5],"position":[0,"-0.1*math.sin(q.anim_time*90*1)",0]},"neck":{"rotation":[0,0,0]},"head":{"rotation":[0,0,0]},"jaw_spike2":{"rotation":[0,0,0]},"jaw2":{"rotation":[0,0,0]},"jaw3":{"rotation":[0,0,0]},"body":{"rotation":["0.2*math.sin(q.anim_time*90*0.5)",0,"0.2*math.sin(q.anim_time*90*1)"],"position":[0,"-28+0.2*math.sin(q.anim_time*90*1)","0+0.1*math.sin(q.anim_time*90*1)"]}}},"animation.avalugg.water_swim":{"loop":true,"bones":{"leg_front_left":{"rotation":[0,37.5,0]},"leg_front_left1":{"rotation":[-18.02533,"5.725+20*math.sin(q.anim_time*90*1-50)","58.1959-10*math.cos(q.anim_time*90*1-50)"],"position":[0,"0.3*math.sin(q.anim_time*90*1)",0]},"leg_front_left2":{"rotation":[0,-15,20]},"leg_front_left3":{"rotation":["11.3043+1*math.sin(q.anim_time*90*2)",-13.56881,"24.5139-20*math.sin(q.anim_time*90*1)"],"position":["NaN-0.3*math.sin(q.anim_time*90*1)",0,0]},"leg_front_left4":{"rotation":[0,-7,8],"position":[0,"-0.1*math.sin(q.anim_time*90*1)",0]},"leg_back_left":{"rotation":[0,0,0]},"leg_back_left1":{"rotation":[18.19909,"24.4545-20*math.sin(q.anim_time*90*1)","68.9817-10*math.cos(q.anim_time*90*1)"],"position":[0,"0.3*math.sin(q.anim_time*90*1)",0]},"leg_back_left2":{"rotation":[1.5,-10,17.5]},"leg_back_left3":{"rotation":[-5.57404,"-31.3351+20*math.sin(q.anim_time*90*1-40)","38.1573+20*math.sin(q.anim_time*90*1-40)"],"position":["0.3*math.sin(q.anim_time*90*1)",0,0]},"leg_back_left4":{"rotation":[0,12,8.5],"position":[0,"-0.1*math.sin(q.anim_time*90*1)",0]},"leg_front_right4":{"rotation":[0,7,-8],"position":[0,"-0.1*math.sin(q.anim_time*90*1)",0]},"leg_front_right3":{"rotation":["11.3043+1*math.sin(q.anim_time*90*2)",13.56881,"-24.5139-20*math.sin(q.anim_time*90*1)"],"position":["-0.3*math.sin(q.anim_time*90*1)",0,0]},"leg_front_right2":{"rotation":[0,15,-20]},"leg_front_right1":{"rotation":[-18.02533,"-5.725+20*math.sin(q.anim_time*90*1-50)","-58.1959-10*math.cos(q.anim_time*90*1-50)"],"position":[0,"0.3*math.sin(q.anim_time*90*1)",0]},"leg_front_right":{"rotation":[0,-37.5,0]},"leg_back_right1":{"rotation":[18.19909,"-24.4545-20*math.sin(q.anim_time*90*1)","-68.9817-10*math.cos(q.anim_time*90*1)"],"position":[0,"0.3*math.sin(q.anim_time*90*1)",0]},"leg_back_right2":{"rotation":[1.5,10,-17.5]},"leg_back_right3":{"rotation":[-5.57404,"31.3351+20*math.sin(q.anim_time*90*1-40)","-38.1573+20*math.sin(q.anim_time*90*1-40)"],"position":["-(0.3*math.sin(q.anim_time*90*1))",0,0]},"leg_back_right4":{"rotation":[0,-12.5,-8.5],"position":[0,"-0.1*math.sin(q.anim_time*90*1)",0]},"neck":{"rotation":[0,0,0]},"head":{"rotation":[0,0,0]},"jaw_spike2":{"rotation":[0,0,0]},"jaw2":{"rotation":[0,0,0]},"jaw3":{"rotation":[0,0,0]},"body":{"rotation":["1*math.sin(q.anim_time*90*2)",0,"0.2*math.sin(q.anim_time*90*1)"],"position":[0,"-28+0.2*math.sin(q.anim_time*90*1)","2*math.sin(q.anim_time*90*1)"]}}},"animation.avalugg.battle_idle":{"loop":true,"animation_length":1.79167,"bones":{"leg_front_left":{"rotation":[0,37.5,0]},"leg_front_left1":{"rotation":[-39.56869,6.40865,37.69263],"position":[1,"2+0.3*math.sin(q.anim_time*90*1)",0]},"leg_front_left2":{"rotation":[0,-15,20]},"leg_front_left3":{"rotation":[-2.25931,-15.63486,9.65155],"position":["0.3*math.sin(q.anim_time*90*1)",0,0]},"leg_front_left4":{"rotation":[0,-7,8],"position":[0,"-0.1*math.sin(q.anim_time*90*1)",0]},"leg_back_left":{"rotation":[0,0,0]},"leg_back_left1":{"rotation":[-8,12.5,35.5],"position":[0,"0.3*math.sin(q.anim_time*90*1)",0]},"leg_back_left2":{"rotation":[1.5,-10,17.5]},"leg_back_left3":{"rotation":[1.5,-17,27.5],"position":["0.3*math.sin(q.anim_time*90*1)",0,0]},"leg_back_left4":{"rotation":[0,12,8.5],"position":[0,"-0.1*math.sin(q.anim_time*90*1)",0]},"leg_front_right4":{"rotation":[0,7,-8],"position":[0,"-0.1*math.sin(q.anim_time*90*1)",0]},"leg_front_right3":{"rotation":[-2.25931,15.63486,-9.65155],"position":["-0.3*math.sin(q.anim_time*90*1)",0,0]},"leg_front_right2":{"rotation":[0,15,-20]},"leg_front_right1":{"rotation":[-39.56869,-6.40865,-37.69263],"position":[-1,"2+0.3*math.sin(q.anim_time*90*1)",0]},"leg_front_right":{"rotation":[0,-37.5,0]},"leg_back_right1":{"rotation":[-8,-12.5,-35.5],"position":[0,"0.3*math.sin(q.anim_time*90*1)",0]},"leg_back_right2":{"rotation":[1.5,10,-17.5]},"leg_back_right3":{"rotation":[-1.5,17,-27.5],"position":["-0.3*math.sin(q.anim_time*90*1)",0,0]},"leg_back_right4":{"rotation":[0,-12.5,-8.5],"position":[0,"-0.1*math.sin(q.anim_time*90*1)",0]},"neck":{"rotation":[2.5,0,0]},"jaw":{"rotation":["10-1*math.sin(q.anim_time*90*1-50)",0,0]},"head":{"rotation":["15-1*math.sin(q.anim_time*90*1-50)",0,0]},"jaw_spike2":{"rotation":[0,0,0]},"jaw2":{"rotation":[0,0,0]},"jaw3":{"rotation":[0,0,0]},"body":{"position":[0,0,0]},"torso":{"rotation":["-5+1*math.sin(q.anim_time*90*0.5)",0,"0.2*math.sin(q.anim_time*90*1)"],"position":[0,"1+0.5*math.sin(q.anim_time*90*1)","0.1*math.sin(q.anim_time*90*1)"]},"jaw_left":{"rotation":{"0.0":[0,-10,0],"1.0417":[0,-2.5,0],"1.7917":[0,-10,0]}},"jaw_right":{"rotation":{"0.0":[0,7.5,0],"1.0417":[0,2.5,0],"1.7917":[0,7.5,0]}}}},"animation.avalugg.ground_walk":{"loop":true,"animation_length":8,"bones":{"body":{"position":[0,0,0]},"torso":{"rotation":[0,"1*math.sin(q.anim_time*90*2)",0],"position":{"0.0":[0,1.25,0],"0.0417":[0,-0.75,0],"0.0833":[0,0,0],"0.125":[0,-1.3,0],"0.25":[0,-0.44,0],"0.5":[0,-0.13,0],"1.0":[0,1.25,0],"1.0417":[0,-0.75,0],"1.0833":[0,0,0],"1.125":[0,-1.3,0],"1.25":[0,-0.44,0],"1.5":[0,-0.13,0],"2.0":[0,1.25,0],"2.0417":[0,-0.75,0],"2.0833":[0,0,0],"2.125":[0,-1.3,0],"2.25":[0,-0.44,0],"2.5":[0,-0.13,0],"3.0":[0,1.25,0],"3.0417":[0,-0.75,0],"3.0833":[0,0,0],"3.125":[0,-1.3,0],"3.25":[0,-0.44,0],"3.5":[0,-0.13,0],"4.0":[0,1.25,0],"4.0417":[0,-0.75,0],"4.0833":[0,0,0],"4.125":[0,-1.3,0],"4.25":[0,-0.44,0],"4.5":[0,-0.13,0],"5.0":[0,1.25,0],"5.0417":[0,-0.75,0],"5.0833":[0,0,0],"5.125":[0,-1.3,0],"5.25":[0,-0.44,0],"5.5":[0,-0.13,0],"6.0":[0,1.25,0],"6.0417":[0,-0.75,0],"6.0833":[0,0,0],"6.125":[0,-1.3,0],"6.25":[0,-0.44,0],"6.5":[0,-0.13,0],"7.0":[0,1.25,0],"7.0417":[0,-0.75,0],"7.0833":[0,0,0],"7.125":[0,-1.3,0],"7.25":[0,-0.44,0],"7.5":[0,-0.13,0],"8.0":[0,1.75,0]}},"neck":{"rotation":[0,0,0]},"head":{"rotation":{"0.0":["8.266-2*math.sin(q.anim_time*90*4+90)","-2*math.sin(q.anim_time*90*2+90)",0],"1.125":["18.266-2*math.sin(q.anim_time*90*4+90)","-2*math.sin(q.anim_time*90*2+90)",0],"2.0":["5.766-2*math.sin(q.anim_time*90*4+90)","-2*math.sin(q.anim_time*90*2+90)",0],"3.0833":["15.766-2*math.sin(q.anim_time*90*4+90)","0-2*math.sin(q.anim_time*90*2+90)",0],"4.0":["3.266-2*math.sin(q.anim_time*90*4+90)","-2*math.sin(q.anim_time*90*2+90)",0],"5.0":["15.766-2*math.sin(q.anim_time*90*4+90)","-2*math.sin(q.anim_time*90*2+90)",0],"6.0":["0.766-2*math.sin(q.anim_time*90*4+90)","-2*math.sin(q.anim_time*90*2+90)",0],"7.0":["15.766-2*math.sin(q.anim_time*90*4+90)","-2*math.sin(q.anim_time*90*2+90)",0],"8.0":["8.266-2*math.sin(q.anim_time*90*4+90)","-2*math.sin(q.anim_time*90*2+90)",0]}},"jaw":{"rotation":[0.76604,0,0]},"jaw2":{"rotation":[0,0,0]},"jaw_spike2":{"rotation":[0,0,0]},"jaw3":{"rotation":[0,0,0]},"leg_front_left":{"rotation":[0,37.5,0]},"leg_front_left1":{"rotation":{"0.0":{"post":[-19.13795,15.60873,32.46097],"lerp_mode":"catmullrom"},"1.0":{"post":[-58.78,-38.35,43.8],"lerp_mode":"catmullrom"},"1.1667":{"post":[-50.39673,-32.29904,29.03021],"lerp_mode":"catmullrom"},"1.875":{"post":[-37.59452,24.92054,4.9207],"lerp_mode":"catmullrom"},"2.0":{"post":[-19.13795,15.60873,32.46097],"lerp_mode":"catmullrom"},"3.0":{"post":[-58.78,-38.35,43.8],"lerp_mode":"catmullrom"},"3.1667":{"post":[-50.39673,-32.29904,29.03021],"lerp_mode":"catmullrom"},"3.875":{"post":[-37.59452,24.92054,4.9207],"lerp_mode":"catmullrom"},"4.0":{"post":[-19.13795,15.60873,32.46097],"lerp_mode":"catmullrom"},"5.0":{"post":[-58.78,-38.35,43.8],"lerp_mode":"catmullrom"},"5.1667":{"post":[-50.39673,-32.29904,29.03021],"lerp_mode":"catmullrom"},"5.875":{"post":[-37.59452,24.92054,4.9207],"lerp_mode":"catmullrom"},"6.0":{"post":[-19.13795,15.60873,32.46097],"lerp_mode":"catmullrom"},"7.0":{"post":[-58.78,-38.35,43.8],"lerp_mode":"catmullrom"},"7.1667":{"post":[-50.39673,-32.29904,29.03021],"lerp_mode":"catmullrom"},"7.875":{"post":[-37.59452,24.92054,4.9207],"lerp_mode":"catmullrom"},"8.0":{"post":[-19.13795,15.60873,32.46097],"lerp_mode":"catmullrom"}},"position":{"0.0":[0,0,0],"0.0417":[0,-0.97,0],"0.0833":[0,0.06,0],"0.125":[0,-0.15,0],"0.5":[0,0.5,0],"1.0":[0,0,0],"2.0":[0,0,0],"2.0417":[0,-0.97,0],"2.0833":[0,0.06,0],"2.125":[0,-0.15,0],"2.5":[0,0.5,0],"3.0":[0,0,0],"4.0":[0,0,0],"4.0417":[0,-0.97,0],"4.0833":[0,0.06,0],"4.125":[0,-0.15,0],"4.5":[0,0.5,0],"5.0":[0,0,0],"6.0":[0,0,0],"6.0417":[0,-0.97,0],"6.0833":[0,0.06,0],"6.125":[0,-0.15,0],"6.5":[0,0.5,0],"7.0":[0,0,0],"8.0":[0,0,0]}},"leg_front_left2":{"rotation":[0,-15,20]},"leg_front_left3":{"rotation":{"0.0":{"post":[-5.62461,-7.3025,21.81489],"lerp_mode":"catmullrom"},"1.0":{"post":[10.25,-21.66,28.68],"lerp_mode":"catmullrom"},"1.1667":{"post":[7.416,-32.92916,28.86707],"lerp_mode":"catmullrom"},"1.875":{"post":[4.33278,-27.17221,47.04843],"lerp_mode":"catmullrom"},"2.0":{"post":[-5.62461,-7.3025,21.81489],"lerp_mode":"catmullrom"},"3.0":{"post":[10.25,-21.66,28.68],"lerp_mode":"catmullrom"},"3.1667":{"post":[7.416,-32.92916,28.86707],"lerp_mode":"catmullrom"},"3.875":{"post":[4.33278,-27.17221,47.04843],"lerp_mode":"catmullrom"},"4.0":{"post":[-5.62461,-7.3025,21.81489],"lerp_mode":"catmullrom"},"5.0":{"post":[10.25242,-21.66098,28.68215],"lerp_mode":"catmullrom"},"5.1667":{"post":[7.416,-32.92916,28.86707],"lerp_mode":"catmullrom"},"5.875":{"post":[4.33278,-27.17221,47.04843],"lerp_mode":"catmullrom"},"6.0":{"post":[-5.62461,-7.3025,21.81489],"lerp_mode":"catmullrom"},"7.0":{"post":[10.25242,-21.66098,28.68215],"lerp_mode":"catmullrom"},"7.1667":{"post":[7.416,-32.92916,28.86707],"lerp_mode":"catmullrom"},"7.875":{"post":[4.33278,-27.17221,47.04843],"lerp_mode":"catmullrom"},"8.0":{"post":[-5.62461,-7.3025,21.81489],"lerp_mode":"catmullrom"}},"position":{"0.0":{"post":[0,0,0],"lerp_mode":"catmullrom"},"1.0":{"post":[0,0,0],"lerp_mode":"catmullrom"},"1.875":{"post":[0.5,0,-0.25],"lerp_mode":"catmullrom"},"2.0":{"post":[0,0,0],"lerp_mode":"catmullrom"},"3.0":{"post":[0,0,0],"lerp_mode":"catmullrom"},"3.875":{"post":[0.5,0,-0.25],"lerp_mode":"catmullrom"},"4.0":{"post":[0,0,0],"lerp_mode":"catmullrom"},"5.875":{"post":[0.5,0,-0.25],"lerp_mode":"catmullrom"},"6.0":{"post":[0,0,0],"lerp_mode":"catmullrom"},"7.875":{"post":[0.5,0,-0.25],"lerp_mode":"catmullrom"},"8.0":{"post":[0,0,0],"lerp_mode":"catmullrom"}}},"leg_front_left4":{"rotation":{"0.0":{"post":[-5.50993,-4.34129,8.69916],"lerp_mode":"catmullrom"},"1.0":{"post":[15.17084,11.48954,-0.46439],"lerp_mode":"catmullrom"},"1.1667":{"post":[16.18862,-15.71238,-3.59715],"lerp_mode":"catmullrom"},"1.875":{"post":[-10.61616,-10.55204,12.3702],"lerp_mode":"catmullrom"},"2.0":{"post":[-5.50993,-4.34129,8.69916],"lerp_mode":"catmullrom"},"3.0":{"post":[15.17084,11.48954,-0.46439],"lerp_mode":"catmullrom"},"3.1667":{"post":[16.18862,-15.71238,-3.59715],"lerp_mode":"catmullrom"},"3.875":{"post":[-10.61616,-10.55204,12.3702],"lerp_mode":"catmullrom"},"4.0":{"post":[-5.50993,-4.34129,8.69916],"lerp_mode":"catmullrom"},"5.0":{"post":[15.17084,11.48954,-0.46439],"lerp_mode":"catmullrom"},"5.1667":{"post":[16.18862,-15.71238,-3.59715],"lerp_mode":"catmullrom"},"5.875":{"post":[-10.61616,-10.55204,12.3702],"lerp_mode":"catmullrom"},"6.0":{"post":[-5.50993,-4.34129,8.69916],"lerp_mode":"catmullrom"},"7.0":{"post":[15.17084,11.48954,-0.46439],"lerp_mode":"catmullrom"},"7.1667":{"post":[16.18862,-15.71238,-3.59715],"lerp_mode":"catmullrom"},"7.875":{"post":[-10.61616,-10.55204,12.3702],"lerp_mode":"catmullrom"},"8.0":{"post":[-5.50993,-4.34129,8.69916],"lerp_mode":"catmullrom"}},"position":{"0.0":{"post":[0,0,0],"lerp_mode":"catmullrom"},"0.5":{"post":[-0.5,0,0],"lerp_mode":"catmullrom"},"1.0":{"post":[0,0,0],"lerp_mode":"catmullrom"},"2.0":{"post":[0,0,0],"lerp_mode":"catmullrom"},"2.5":{"post":[-0.5,0,0],"lerp_mode":"catmullrom"},"3.0":{"post":[0,0,0],"lerp_mode":"catmullrom"},"4.0":{"post":[0,0,0],"lerp_mode":"catmullrom"},"4.5":{"post":[-0.5,0,0],"lerp_mode":"catmullrom"},"5.0":{"post":[0,0,0],"lerp_mode":"catmullrom"},"6.0":{"post":[0,0,0],"lerp_mode":"catmullrom"},"6.5":{"post":[-0.5,0,0],"lerp_mode":"catmullrom"},"7.0":{"post":[0,0,0],"lerp_mode":"catmullrom"},"8.0":{"post":[0,0,0],"lerp_mode":"catmullrom"}}},"leg_front_right":{"rotation":[0,-37.5,0]},"leg_front_right1":{"rotation":{"0.0":{"post":[-58.78,38.35,-43.8],"lerp_mode":"catmullrom"},"0.1667":{"post":[-50.39673,32.29904,-29.03021],"lerp_mode":"catmullrom"},"0.875":{"post":[-37.59452,-24.92054,-4.9207],"lerp_mode":"catmullrom"},"1.0":{"post":[-19.13795,-15.60873,-32.46097],"lerp_mode":"catmullrom"},"2.0":{"post":[-58.78,38.35,-43.8],"lerp_mode":"catmullrom"},"2.1667":{"post":[-50.39673,32.29904,-29.03021],"lerp_mode":"catmullrom"},"2.875":{"post":[-37.59452,-24.92054,-4.9207],"lerp_mode":"catmullrom"},"3.0":{"post":[-19.13795,-15.60873,-32.46097],"lerp_mode":"catmullrom"},"4.0":{"post":[-58.78,38.35,-43.8],"lerp_mode":"catmullrom"},"4.1667":{"post":[-50.39673,32.29904,-29.03021],"lerp_mode":"catmullrom"},"4.875":{"post":[-37.59452,-24.92054,-4.9207],"lerp_mode":"catmullrom"},"5.0":{"post":[-19.13795,-15.60873,-32.46097],"lerp_mode":"catmullrom"},"6.0":{"post":[-58.78,38.35,-43.8],"lerp_mode":"catmullrom"},"6.1667":{"post":[-50.39673,32.29904,-29.03021],"lerp_mode":"catmullrom"},"6.875":{"post":[-37.59452,-24.92054,-4.9207],"lerp_mode":"catmullrom"},"7.0":{"post":[-19.13795,-15.60873,-32.46097],"lerp_mode":"catmullrom"},"8.0":{"post":[-58.78,38.35,-43.8],"lerp_mode":"catmullrom"}},"position":{"0.0":[0,0,0],"1.0":[0,0,0],"1.0417":[0,-0.97,0],"1.0833":[0,0.06,0],"1.125":[0,-0.15,0],"1.5":[0,0.5,0],"2.0":[0,0,0],"3.0":[0,0,0],"3.0417":[0,-0.97,0],"3.0833":[0,0.06,0],"3.125":[0,-0.15,0],"3.5":[0,0.5,0],"4.0":[0,0,0],"5.0":[0,0,0],"5.0417":[0,-0.97,0],"5.0833":[0,0.06,0],"5.125":[0,-0.15,0],"5.5":[0,0.5,0],"6.0":[0,0,0],"7.0":[0,0,0],"7.0417":[0,-0.97,0],"7.0833":[0,0.06,0],"7.125":[0,-0.15,0],"7.5":[0,0.5,0],"8.0":[0,0,0]}},"leg_front_right2":{"rotation":[0,15,-20]},"leg_front_right3":{"rotation":{"0.0":{"post":[10.25,21.66,-28.68],"lerp_mode":"catmullrom"},"0.1667":{"post":[7.416,32.92916,-28.86707],"lerp_mode":"catmullrom"},"0.875":{"post":[4.33278,27.17221,-47.04843],"lerp_mode":"catmullrom"},"1.0":{"post":[-5.62461,7.3025,-21.81489],"lerp_mode":"catmullrom"},"2.0":{"post":[10.25,21.66,-28.68],"lerp_mode":"catmullrom"},"2.1667":{"post":[7.416,32.92916,-28.86707],"lerp_mode":"catmullrom"},"2.875":{"post":[4.33278,27.17221,-47.04843],"lerp_mode":"catmullrom"},"3.0":{"post":[-5.62461,7.3025,-21.81489],"lerp_mode":"catmullrom"},"4.0":{"post":[10.25,21.66,-28.68],"lerp_mode":"catmullrom"},"4.1667":{"post":[7.416,32.92916,-28.86707],"lerp_mode":"catmullrom"},"4.875":{"post":[4.33278,27.17221,-47.04843],"lerp_mode":"catmullrom"},"5.0":{"post":[-5.62461,7.3025,-21.81489],"lerp_mode":"catmullrom"},"6.0":{"post":[10.25,21.66,-28.68],"lerp_mode":"catmullrom"},"6.1667":{"post":[7.416,32.92916,-28.86707],"lerp_mode":"catmullrom"},"6.875":{"post":[4.33278,27.17221,-47.04843],"lerp_mode":"catmullrom"},"7.0":{"post":[-5.62461,7.3025,-21.81489],"lerp_mode":"catmullrom"},"8.0":{"post":[10.25,21.66,-28.68],"lerp_mode":"catmullrom"}},"position":{"0.0":{"post":[0,0,0],"lerp_mode":"catmullrom"},"0.875":{"post":[-0.5,0,-0.25],"lerp_mode":"catmullrom"},"1.0":{"post":[0,0,0],"lerp_mode":"catmullrom"},"2.0":{"post":[0,0,0],"lerp_mode":"catmullrom"},"2.875":{"post":[-0.5,0,-0.25],"lerp_mode":"catmullrom"},"3.0":{"post":[0,0,0],"lerp_mode":"catmullrom"},"4.0":{"post":[0,0,0],"lerp_mode":"catmullrom"},"4.875":{"post":[-0.5,0,-0.25],"lerp_mode":"catmullrom"},"5.0":{"post":[0,0,0],"lerp_mode":"catmullrom"},"6.0":{"post":[0,0,0],"lerp_mode":"catmullrom"},"6.875":{"post":[-0.5,0,-0.25],"lerp_mode":"catmullrom"},"7.0":{"post":[0,0,0],"lerp_mode":"catmullrom"},"8.0":{"post":[0,0,0],"lerp_mode":"catmullrom"}}},"leg_front_right4":{"rotation":{"0.0":{"post":[15.17084,-11.48954,0.46439],"lerp_mode":"catmullrom"},"0.1667":{"post":[16.18862,15.71238,3.59715],"lerp_mode":"catmullrom"},"0.875":{"post":[-10.61616,10.55204,-12.3702],"lerp_mode":"catmullrom"},"1.0":{"post":[-5.50993,4.34129,-8.69916],"lerp_mode":"catmullrom"},"2.0":{"post":[15.17084,-11.48954,0.46439],"lerp_mode":"catmullrom"},"2.1667":{"post":[16.18862,15.71238,3.59715],"lerp_mode":"catmullrom"},"2.875":{"post":[-10.61616,10.55204,-12.3702],"lerp_mode":"catmullrom"},"3.0":{"post":[-5.50993,4.34129,-8.69916],"lerp_mode":"catmullrom"},"4.0":{"post":[15.17084,-11.48954,0.46439],"lerp_mode":"catmullrom"},"4.1667":{"post":[16.18862,15.71238,3.59715],"lerp_mode":"catmullrom"},"4.875":{"post":[-10.61616,10.55204,-12.3702],"lerp_mode":"catmullrom"},"5.0":{"post":[-5.50993,4.34129,-8.69916],"lerp_mode":"catmullrom"},"6.0":{"post":[15.17084,-11.48954,0.46439],"lerp_mode":"catmullrom"},"6.1667":{"post":[16.18862,15.71238,3.59715],"lerp_mode":"catmullrom"},"6.875":{"post":[-10.61616,10.55204,-12.3702],"lerp_mode":"catmullrom"},"7.0":{"post":[-5.50993,4.34129,-8.69916],"lerp_mode":"catmullrom"},"8.0":{"post":[15.17084,-11.48954,0.46439],"lerp_mode":"catmullrom"}},"position":{"0.0":{"post":[0,0,0],"lerp_mode":"catmullrom"},"1.0":{"post":[0,0,0],"lerp_mode":"catmullrom"},"1.5":{"post":[0.5,0,0],"lerp_mode":"catmullrom"},"2.0":{"post":[0,0,0],"lerp_mode":"catmullrom"},"3.0":{"post":[0,0,0],"lerp_mode":"catmullrom"},"3.5":{"post":[0.5,0,0],"lerp_mode":"catmullrom"},"4.0":{"post":[0,0,0],"lerp_mode":"catmullrom"},"5.0":{"post":[0,0,0],"lerp_mode":"catmullrom"},"5.5":{"post":[0.5,0,0],"lerp_mode":"catmullrom"},"6.0":{"post":[0,0,0],"lerp_mode":"catmullrom"},"7.0":{"post":[0,0,0],"lerp_mode":"catmullrom"},"7.5":{"post":[0.5,0,0],"lerp_mode":"catmullrom"},"8.0":{"post":[0,0,0],"lerp_mode":"catmullrom"}}},"leg_back_left":{"rotation":[0,0,0]},"leg_back_left1":{"rotation":{"0.0":{"post":[-8.2974,-19.68904,40.05529],"lerp_mode":"catmullrom"},"0.2917":{"post":[-7.84005,5.07133,36.54497],"lerp_mode":"catmullrom"},"0.875":{"post":[-35.56529,44.29365,14.81753],"lerp_mode":"catmullrom"},"1.0":{"post":[-9.15,30.72,40.52],"lerp_mode":"catmullrom"},"2.0":{"post":[-8.2974,-19.68904,40.05529],"lerp_mode":"catmullrom"},"2.2917":{"post":[-7.84005,5.07133,36.54497],"lerp_mode":"catmullrom"},"2.875":{"post":[-35.56529,44.29365,14.81753],"lerp_mode":"catmullrom"},"3.0":{"post":[-9.15,30.72,40.52],"lerp_mode":"catmullrom"},"4.0":{"post":[-8.2974,-19.68904,40.05529],"lerp_mode":"catmullrom"},"4.2917":{"post":[-7.84005,5.07133,36.54497],"lerp_mode":"catmullrom"},"4.875":{"post":[-35.56529,44.29365,14.81753],"lerp_mode":"catmullrom"},"5.0":{"post":[-9.15,30.72,40.52],"lerp_mode":"catmullrom"},"6.0":{"post":[-8.2974,-19.68904,40.05529],"lerp_mode":"catmullrom"},"6.2917":{"post":[-7.84005,5.07133,36.54497],"lerp_mode":"catmullrom"},"6.875":{"post":[-35.56529,44.29365,14.81753],"lerp_mode":"catmullrom"},"7.0":{"post":[-9.15,30.72,40.52],"lerp_mode":"catmullrom"},"8.0":{"post":[-8.2974,-19.68904,40.05529],"lerp_mode":"catmullrom"}},"position":{"0.0":[0,0,0],"0.0417":[0,-0.97,0],"0.0833":[0,0.06,0],"0.125":[0,-0.15,0],"0.5":[0,0.5,0],"1.0":[0,0,0],"1.0417":[0,-0.97,0],"1.0833":[0,0.06,0],"1.125":[0,-0.15,0],"1.5":[0,0.5,0],"2.0":[0,0,0],"2.0417":[0,-0.97,0],"2.0833":[0,0.06,0],"2.125":[0,-0.15,0],"2.5":[0,0.5,0],"3.0":[0,0,0],"3.0417":[0,-0.97,0],"3.0833":[0,0.06,0],"3.125":[0,-0.15,0],"3.5":[0,0.5,0],"4.0":[0,0,0],"4.0417":[0,-0.97,0],"4.0833":[0,0.06,0],"4.125":[0,-0.15,0],"4.5":[0,0.5,0],"5.0":[0,0,0],"5.0417":[0,-0.97,0],"5.0833":[0,0.06,0],"5.125":[0,-0.15,0],"5.5":[0,0.5,0],"6.0":[0,0,0],"6.0417":[0,-0.97,0],"6.0833":[0,0.06,0],"6.125":[0,-0.15,0],"6.5":[0,0.5,0],"7.0":[0,0,0],"7.0417":[0,-0.97,0],"7.0833":[0,0.06,0],"7.125":[0,-0.15,0],"7.5":[0,0.5,0],"8.0":[0,0,0]}},"leg_back_left2":{"rotation":[1.5,-10,17.5]},"leg_back_left3":{"rotation":{"0.0":{"post":[1.4364,2.99357,28.01368],"lerp_mode":"catmullrom"},"0.2917":{"post":[1.79603,-36.99196,26.85774],"lerp_mode":"catmullrom"},"0.875":{"post":[-3.71603,-36.7446,36.46939],"lerp_mode":"catmullrom"},"1.0":{"post":[2.76615,-14.31541,22.40865],"lerp_mode":"catmullrom"},"2.0":{"post":[1.4364,2.99357,28.01368],"lerp_mode":"catmullrom"},"2.2917":{"post":[1.79603,-36.99196,26.85774],"lerp_mode":"catmullrom"},"2.875":{"post":[-3.71603,-36.7446,36.46939],"lerp_mode":"catmullrom"},"3.0":{"post":[2.76615,-14.31541,22.40865],"lerp_mode":"catmullrom"},"4.0":{"post":[1.4364,2.99357,28.01368],"lerp_mode":"catmullrom"},"4.2917":{"post":[1.79603,-36.99196,26.85774],"lerp_mode":"catmullrom"},"4.875":{"post":[-3.71603,-36.7446,36.46939],"lerp_mode":"catmullrom"},"5.0":{"post":[2.76615,-14.31541,22.40865],"lerp_mode":"catmullrom"},"6.0":{"post":[1.4364,2.99357,28.01368],"lerp_mode":"catmullrom"},"6.2917":{"post":[1.79603,-36.99196,26.85774],"lerp_mode":"catmullrom"},"6.875":{"post":[-3.71603,-36.7446,36.46939],"lerp_mode":"catmullrom"},"7.0":{"post":[2.76615,-14.31541,22.40865],"lerp_mode":"catmullrom"},"8.0":{"post":[1.4364,2.99357,28.01368],"lerp_mode":"catmullrom"}},"position":{"0.0":{"post":[0,0,0],"lerp_mode":"catmullrom"},"0.2917":{"post":[0,0,0],"lerp_mode":"catmullrom"},"0.875":{"post":[0,0,0],"lerp_mode":"catmullrom"},"1.0":{"post":[0,0,0],"lerp_mode":"catmullrom"},"1.5417":{"post":[-0.5,0.25,0],"lerp_mode":"catmullrom"},"2.0":{"post":[0,0,0],"lerp_mode":"catmullrom"},"2.2917":{"post":[0,0,0],"lerp_mode":"catmullrom"},"2.875":{"post":[0,0,0],"lerp_mode":"catmullrom"},"3.0":{"post":[0,0,0],"lerp_mode":"catmullrom"},"3.5417":{"post":[-0.5,0.25,0],"lerp_mode":"catmullrom"},"4.0":{"post":[0,0,0],"lerp_mode":"catmullrom"},"4.2917":{"post":[0,0,0],"lerp_mode":"catmullrom"},"4.875":{"post":[0,0,0],"lerp_mode":"catmullrom"},"5.0":{"post":[0,0,0],"lerp_mode":"catmullrom"},"5.5417":{"post":[-0.5,0.25,0],"lerp_mode":"catmullrom"},"6.0":{"post":[0,0,0],"lerp_mode":"catmullrom"},"6.2917":{"post":[0,0,0],"lerp_mode":"catmullrom"},"6.875":{"post":[0,0,0],"lerp_mode":"catmullrom"},"7.0":{"post":[0,0,0],"lerp_mode":"catmullrom"},"7.5417":{"post":[-0.5,0.25,0],"lerp_mode":"catmullrom"},"8.0":{"post":[0,0,0],"lerp_mode":"catmullrom"}}},"leg_back_left4":{"rotation":{"0.0":{"post":[17.5,12,8.5],"lerp_mode":"catmullrom"},"0.2917":{"post":[17.5,12,8.5],"lerp_mode":"catmullrom"},"0.875":{"post":[-10.38,0.51,7.23],"lerp_mode":"catmullrom"},"1.0":{"post":[-10.38,0.51,7.23],"lerp_mode":"catmullrom"},"2.0":{"post":[17.5,12,8.5],"lerp_mode":"catmullrom"},"2.2917":{"post":[17.5,12,8.5],"lerp_mode":"catmullrom"},"2.875":{"post":[-10.38,0.51,7.23],"lerp_mode":"catmullrom"},"3.0":{"post":[-10.38,0.51,7.23],"lerp_mode":"catmullrom"},"4.0":{"post":[17.5,12,8.5],"lerp_mode":"catmullrom"},"4.2917":{"post":[17.5,12,8.5],"lerp_mode":"catmullrom"},"4.875":{"post":[-10.38,0.51,7.23],"lerp_mode":"catmullrom"},"5.0":{"post":[-10.38,0.51,7.23],"lerp_mode":"catmullrom"},"6.0":{"post":[17.5,12,8.5],"lerp_mode":"catmullrom"},"6.2917":{"post":[17.5,12,8.5],"lerp_mode":"catmullrom"},"6.875":{"post":[-10.38,0.51,7.23],"lerp_mode":"catmullrom"},"7.0":{"post":[-10.38,0.51,7.23],"lerp_mode":"catmullrom"},"8.0":{"post":[17.5,12,8.5],"lerp_mode":"catmullrom"}},"position":{"0.0":{"post":[0,0,0],"lerp_mode":"catmullrom"},"0.2917":{"post":[0,0,0],"lerp_mode":"catmullrom"},"0.875":{"post":[0,0,0],"lerp_mode":"catmullrom"},"1.0":{"post":[0,0,0],"lerp_mode":"catmullrom"},"2.0":{"post":[0,0,0],"lerp_mode":"catmullrom"},"2.2917":{"post":[0,0,0],"lerp_mode":"catmullrom"},"2.875":{"post":[0,0,0],"lerp_mode":"catmullrom"},"3.0":{"post":[0,0,0],"lerp_mode":"catmullrom"},"4.0":{"post":[0,0,0],"lerp_mode":"catmullrom"},"4.2917":{"post":[0,0,0],"lerp_mode":"catmullrom"},"4.875":{"post":[0,0,0],"lerp_mode":"catmullrom"},"5.0":{"post":[0,0,0],"lerp_mode":"catmullrom"},"6.0":{"post":[0,0,0],"lerp_mode":"catmullrom"},"6.2917":{"post":[0,0,0],"lerp_mode":"catmullrom"},"6.875":{"post":[0,0,0],"lerp_mode":"catmullrom"},"7.0":{"post":[0,0,0],"lerp_mode":"catmullrom"},"8.0":{"post":[0,0,0],"lerp_mode":"catmullrom"}}},"leg_back_right1":{"rotation":{"0.0":{"post":[-9.15,-30.72,-40.52],"lerp_mode":"catmullrom"},"1.0":{"post":[-8.2974,19.68904,-40.05529],"lerp_mode":"catmullrom"},"1.2917":{"post":[-7.84005,-5.07133,-36.54497],"lerp_mode":"catmullrom"},"1.875":{"post":[-35.56529,-44.29365,-14.81753],"lerp_mode":"catmullrom"},"2.0":{"post":[-9.15,-30.72,-40.52],"lerp_mode":"catmullrom"},"3.0":{"post":[-8.2974,19.68904,-40.05529],"lerp_mode":"catmullrom"},"3.2917":{"post":[-7.84005,-5.07133,-36.54497],"lerp_mode":"catmullrom"},"3.875":{"post":[-35.56529,-44.29365,-14.81753],"lerp_mode":"catmullrom"},"4.0":{"post":[-9.15,-30.72,-40.52],"lerp_mode":"catmullrom"},"5.0":{"post":[-8.2974,19.68904,-40.05529],"lerp_mode":"catmullrom"},"5.2917":{"post":[-7.84005,-5.07133,-36.54497],"lerp_mode":"catmullrom"},"5.875":{"post":[-35.56529,-44.29365,-14.81753],"lerp_mode":"catmullrom"},"6.0":{"post":[-9.15,-30.72,-40.52],"lerp_mode":"catmullrom"},"7.0":{"post":[-8.2974,19.68904,-40.05529],"lerp_mode":"catmullrom"},"7.2917":{"post":[-7.84005,-5.07133,-36.54497],"lerp_mode":"catmullrom"},"7.875":{"post":[-35.56529,-44.29365,-14.81753],"lerp_mode":"catmullrom"},"8.0":{"post":[-9.15,-30.72,-40.52],"lerp_mode":"catmullrom"}},"position":{"0.0":[0,0,0],"0.0417":[0,-0.97,0],"0.0833":[0,0.06,0],"0.125":[0,-0.15,0],"0.5":[0,0.5,0],"1.0":[0,0,0],"1.0417":[0,-0.97,0],"1.0833":[0,0.06,0],"1.125":[0,-0.15,0],"1.5":[0,0.5,0],"2.0":[0,0,0],"2.0417":[0,-0.97,0],"2.0833":[0,0.06,0],"2.125":[0,-0.15,0],"2.5":[0,0.5,0],"3.0":[0,0,0],"3.0417":[0,-0.97,0],"3.0833":[0,0.06,0],"3.125":[0,-0.15,0],"3.5":[0,0.5,0],"4.0":[0,0,0],"4.0417":[0,-0.97,0],"4.0833":[0,0.06,0],"4.125":[0,-0.15,0],"4.5":[0,0.5,0],"5.0":[0,0,0],"5.0417":[0,-0.97,0],"5.0833":[0,0.06,0],"5.125":[0,-0.15,0],"5.5":[0,0.5,0],"6.0":[0,0,0],"6.0417":[0,-0.97,0],"6.0833":[0,0.06,0],"6.125":[0,-0.15,0],"6.5":[0,0.5,0],"7.0":[0,0,0],"7.0417":[0,-0.97,0],"7.0833":[0,0.06,0],"7.125":[0,-0.15,0],"7.5":[0,0.5,0],"8.0":[0,0,0]}},"leg_back_right2":{"rotation":[1.5,10,-17.5]},"leg_back_right3":{"rotation":{"0.0":{"post":[2.76615,14.31541,-22.40865],"lerp_mode":"catmullrom"},"1.0":{"post":[1.4364,-2.99357,-28.01368],"lerp_mode":"catmullrom"},"1.2917":{"post":[1.79603,36.99196,-26.85774],"lerp_mode":"catmullrom"},"1.875":{"post":[-1.78105,24.06107,-35.51141],"lerp_mode":"catmullrom"},"2.0":{"post":[2.76615,14.31541,-22.40865],"lerp_mode":"catmullrom"},"3.0":{"post":[1.4364,-2.99357,-28.01368],"lerp_mode":"catmullrom"},"3.2917":{"post":[1.79603,36.99196,-26.85774],"lerp_mode":"catmullrom"},"3.875":{"post":[-1.78105,24.06107,-35.51141],"lerp_mode":"catmullrom"},"4.0":{"post":[2.76615,14.31541,-22.40865],"lerp_mode":"catmullrom"},"5.0":{"post":[1.4364,-2.99357,-28.01368],"lerp_mode":"catmullrom"},"5.2917":{"post":[1.79603,36.99196,-26.85774],"lerp_mode":"catmullrom"},"5.875":{"post":[-1.78105,24.06107,-35.51141],"lerp_mode":"catmullrom"},"6.0":{"post":[2.76615,14.31541,-22.40865],"lerp_mode":"catmullrom"},"7.0":{"post":[1.4364,-2.99357,-28.01368],"lerp_mode":"catmullrom"},"7.2917":{"post":[1.79603,36.99196,-26.85774],"lerp_mode":"catmullrom"},"7.875":{"post":[-1.78105,24.06107,-35.51141],"lerp_mode":"catmullrom"},"8.0":{"post":[2.76615,14.31541,-22.40865],"lerp_mode":"catmullrom"}},"position":{"0.0":{"post":[0,0,0],"lerp_mode":"catmullrom"},"0.5417":{"post":[0.5,0.25,0],"lerp_mode":"catmullrom"},"1.0":{"post":[0,0,0],"lerp_mode":"catmullrom"},"1.2917":{"post":[0,0,0],"lerp_mode":"catmullrom"},"2.0":{"post":[0,0,0],"lerp_mode":"catmullrom"},"2.5417":{"post":[0.5,0.25,0],"lerp_mode":"catmullrom"},"3.0":{"post":[0,0,0],"lerp_mode":"catmullrom"},"3.2917":{"post":[0,0,0],"lerp_mode":"catmullrom"},"4.0":{"post":[0,0,0],"lerp_mode":"catmullrom"},"4.5417":{"post":[0.5,0.25,0],"lerp_mode":"catmullrom"},"5.0":{"post":[0,0,0],"lerp_mode":"catmullrom"},"5.2917":{"post":[0,0,0],"lerp_mode":"catmullrom"},"6.0":{"post":[0,0,0],"lerp_mode":"catmullrom"},"6.5417":{"post":[0.5,0.25,0],"lerp_mode":"catmullrom"},"7.0":{"post":[0,0,0],"lerp_mode":"catmullrom"},"7.2917":{"post":[0,0,0],"lerp_mode":"catmullrom"},"8.0":{"post":[0,0,0],"lerp_mode":"catmullrom"}}},"leg_back_right4":{"rotation":{"0.0":{"post":[-10.38,-0.51,-7.23],"lerp_mode":"catmullrom"},"1.0":{"post":[17.5,-12,-8.5],"lerp_mode":"catmullrom"},"1.2917":{"post":[17.5,-12,-8.5],"lerp_mode":"catmullrom"},"2.0":{"post":[-10.38,-0.51,-7.23],"lerp_mode":"catmullrom"},"3.0":{"post":[17.5,-12,-8.5],"lerp_mode":"catmullrom"},"3.2917":{"post":[17.5,-12,-8.5],"lerp_mode":"catmullrom"},"4.0":{"post":[-10.38,-0.51,-7.23],"lerp_mode":"catmullrom"},"5.0":{"post":[17.5,-12,-8.5],"lerp_mode":"catmullrom"},"5.2917":{"post":[17.5,-12,-8.5],"lerp_mode":"catmullrom"},"6.0":{"post":[-10.38,-0.51,-7.23],"lerp_mode":"catmullrom"},"7.0":{"post":[17.5,-12,-8.5],"lerp_mode":"catmullrom"},"7.2917":{"post":[17.5,-12,-8.5],"lerp_mode":"catmullrom"},"8.0":{"post":[-10.38,-0.51,-7.23],"lerp_mode":"catmullrom"}},"position":{"0.0":{"post":[0,0,0],"lerp_mode":"catmullrom"},"1.0":{"post":[0,0,0],"lerp_mode":"catmullrom"},"1.2917":{"post":[0,0,0],"lerp_mode":"catmullrom"},"2.0":{"post":[0,0,0],"lerp_mode":"catmullrom"},"3.0":{"post":[0,0,0],"lerp_mode":"catmullrom"},"3.2917":{"post":[0,0,0],"lerp_mode":"catmullrom"},"4.0":{"post":[0,0,0],"lerp_mode":"catmullrom"},"5.0":{"post":[0,0,0],"lerp_mode":"catmullrom"},"5.2917":{"post":[0,0,0],"lerp_mode":"catmullrom"},"6.0":{"post":[0,0,0],"lerp_mode":"catmullrom"},"7.0":{"post":[0,0,0],"lerp_mode":"catmullrom"},"7.2917":{"post":[0,0,0],"lerp_mode":"catmullrom"},"8.0":{"post":[0,0,0],"lerp_mode":"catmullrom"}}}}},"animation.avalugg.sleep":{"loop":true,"bones":{"body":{"position":[0,0,0]},"torso":{"rotation":["1*math.sin(q.anim_time*90*0.5)",0,"0.2*math.sin(q.anim_time*90*1)"],"position":[0,"-1.5+0.5*math.sin(q.anim_time*90*1)","0.1*math.sin(q.anim_time*90*1)"]},"neck":{"rotation":[5,0,0]},"head":{"rotation":["12.5-1*math.sin(q.anim_time*90*1-50)",0,0]},"eyelid_left":{"position":[0,0,-0.1]},"eyelid_right":{"position":[0,0,-0.1]},"jaw":{"rotation":["10-1*math.sin(q.anim_time*90*1-50)",0,0]},"jaw2":{"rotation":[0,0,0]},"jaw_spike2":{"rotation":[0,0,0]},"jaw3":{"rotation":[0,0,0]},"leg_front_left":{"rotation":[0,37.5,0]},"leg_front_left1":{"rotation":[-40,0,30],"position":[0,"0.3*math.sin(q.anim_time*90*1)",0]},"leg_front_left2":{"rotation":[0,-15,20]},"leg_front_left3":{"rotation":[-5,-15,20],"position":["0.3*math.sin(q.anim_time*90*1)",0,0]},"leg_front_left4":{"rotation":[0,-7,8],"position":[0,"-0.1*math.sin(q.anim_time*90*1)",0]},"leg_front_right":{"rotation":[0,-37.5,0]},"leg_front_right1":{"rotation":[-40,0,-30],"position":[0,"0.3*math.sin(q.anim_time*90*1)",0]},"leg_front_right2":{"rotation":[0,15,-20]},"leg_front_right3":{"rotation":[-5,15,-20],"position":["-0.3*math.sin(q.anim_time*90*1)",0,0]},"leg_front_right4":{"rotation":[0,7,-8],"position":[0,"-0.1*math.sin(q.anim_time*90*1)",0]},"leg_back_left":{"rotation":[0,0,0]},"leg_back_left1":{"rotation":[-8,12.5,35.5],"position":[0,"0.3*math.sin(q.anim_time*90*1)",0]},"leg_back_left2":{"rotation":[1.5,-10,17.5]},"leg_back_left3":{"rotation":[1.5,-17,27.5],"position":["0.3*math.sin(q.anim_time*90*1)",0,0]},"leg_back_left4":{"rotation":[0,12,8.5],"position":[0,"-0.1*math.sin(q.anim_time*90*1)",0]},"leg_back_right1":{"rotation":[-8,-12.5,-35.5],"position":[0,"0.3*math.sin(q.anim_time*90*1)",0]},"leg_back_right2":{"rotation":[1.5,10,-17.5]},"leg_back_right3":{"rotation":[-1.5,17,-27.5],"position":["-0.3*math.sin(q.anim_time*90*1)",0,0]},"leg_back_right4":{"rotation":[0,-12.5,-8.5],"position":[0,"-0.1*math.sin(q.anim_time*90*1)",0]}}},"animation.avalugg.cry":{"animation_length":1.5,"sound_effects":{"0.042":{"effect":"pokemon.avalugg.cry"}},"bones":{"torso":{"rotation":{"0.0":[0,0,0],"0.25":{"pre":[2.5,0,0],"post":[2.5,0,0],"lerp_mode":"catmullrom"},"0.4583":{"post":[-0.42,0,0],"lerp_mode":"catmullrom"},"0.9167":{"post":[-2.74,0,0],"lerp_mode":"catmullrom"},"1.5":[0,0,0]}},"neck":{"rotation":{"0.0":[0,0,0],"0.3333":{"pre":[12.50474,2.49048,0.21803],"post":[12.50474,2.49048,0.21803],"lerp_mode":"catmullrom"},"0.5833":{"post":[1.17014,1.82635,0.15989],"lerp_mode":"catmullrom"},"1.125":{"post":[0.49987,-16.75223,-0.08492],"lerp_mode":"catmullrom"},"1.2917":{"post":[12.7777,-9.30679,-0.04718],"lerp_mode":"catmullrom"},"1.5":[0,0,0]}},"head":{"rotation":{"0.0":[0,0,0],"0.125":[12.41929,4.92328,0.87689],"0.25":{"pre":[7.65108,9.84655,1.75378],"post":[7.65108,9.84655,1.75378],"lerp_mode":"catmullrom"},"0.5":{"post":[-9.84892,9.84655,1.75378],"lerp_mode":"catmullrom"},"0.5417":{"post":[-18.43472,9.04508,1.63344],"lerp_mode":"catmullrom"},"0.5833":{"post":[-11.39146,8.17219,1.50238],"lerp_mode":"catmullrom"},"0.625":{"post":[-16.80331,7.24808,1.36362],"lerp_mode":"catmullrom"},"0.6667":{"post":[-15.87124,6.20757,1.20738],"lerp_mode":"catmullrom"},"0.75":{"post":[-15.35316,5.03664,1.03157],"lerp_mode":"catmullrom"},"0.8333":{"post":[-21.54083,3.70304,0.83132],"lerp_mode":"catmullrom"},"0.9167":{"post":[-20.91806,1.60131,0.51575],"lerp_mode":"catmullrom"},"1.375":{"post":[-8.41657,-5.71463,-0.58276],"lerp_mode":"catmullrom"},"1.5":[0,0,0]},"position":{"0.0":[0,0,0],"0.5":[0,0,0],"0.5417":[0,0.5,0],"0.5833":[0,0,0],"0.625":[0,0.5,0],"0.6667":[0,0,0],"1.5":[0,0,0]}},"eyelid_left":{"position":{"0.0":[0,0,0],"0.0417":[0,0,-0.1],"0.375":[0,0,-0.1],"0.4167":[0,0,0],"0.9583":[0,0,0],"1.0":[0,0,-0.1],"1.0833":[0,0,-0.1],"1.125":[0,0,0]}},"eyelid_right":{"position":{"0.0":[0,0,0],"0.0417":[0,0,-0.1],"0.375":[0,0,-0.1],"0.4167":[0,0,0],"0.9583":[0,0,0],"1.0":[0,0,-0.1],"1.0833":[0,0,-0.1],"1.125":[0,0,0]}},"jaw":{"rotation":{"0.0":[0,0,0],"0.375":{"pre":[0,0,0],"post":[0,0,0],"lerp_mode":"catmullrom"},"0.5417":{"post":[50,0,0],"lerp_mode":"catmullrom"},"0.5833":{"post":[40,0,0],"lerp_mode":"catmullrom"},"0.625":{"post":[42.29,0,0],"lerp_mode":"catmullrom"},"0.6667":{"post":[42.31,0,0],"lerp_mode":"catmullrom"},"0.7083":{"post":[37.08,0,0],"lerp_mode":"catmullrom"},"0.7917":{"post":[42.17,0,0],"lerp_mode":"catmullrom"},"1.2083":{"post":[37.5,0,0],"lerp_mode":"catmullrom"},"1.3333":{"post":[0,0,0],"lerp_mode":"catmullrom"},"1.5":[0,0,0]}},"jaw2":{"rotation":{"0.0":[0,0,0],"0.3333":[-7.5,0,0],"0.5417":[0,0,0],"1.0833":[7.5,0,0],"1.5":[0,0,0]}},"jaw_left":{"rotation":{"0.0":[0,0,0],"0.7083":[0,-17.5,0],"1.5":[0,-2.5,0]}},"jaw_right":{"rotation":{"0.0":[0,0,0],"0.7083":[0,20,0],"1.5":[0,2.5,0]}}}},"animation.avalugg.blink":{"animation_length":0.08333,"bones":{"eyelid_left":{"position":{"0.0":[0,0,-0.1],"0.0833":[0,0,0]}},"eyelid_right":{"position":{"0.0":[0,0,-0.1],"0.0833":[0,0,0]}}}},"animation.avalugg.faint":{"animation_length":3,"bones":{"body":{"rotation":[0,0,0],"position":{"0.0":[0,0,0],"2.0":{"pre":[0,0,0],"post":[0,0,0],"lerp_mode":"catmullrom"},"2.0417":{"post":[0,1.5,0],"lerp_mode":"catmullrom"},"2.0833":{"post":[0,0.5,0],"lerp_mode":"catmullrom"},"2.1667":{"post":[0,2,0],"lerp_mode":"catmullrom"},"2.2083":{"post":[0,0.75,0],"lerp_mode":"catmullrom"},"2.2917":{"post":[0,2.25,0],"lerp_mode":"catmullrom"},"2.375":[0,1,0]}},"torso":{"rotation":{"0.0":[0,0,0],"0.375":{"pre":[5.00474,2.49048,-4.78197],"post":[5.00474,2.49048,-4.78197],"lerp_mode":"catmullrom"},"0.7083":{"post":[-2.38428,-2.59692,-2.71822],"lerp_mode":"catmullrom"},"0.75":{"post":[-2.58137,-2.74446,-2.49605],"lerp_mode":"catmullrom"},"0.7917":{"post":[-2.58408,-2.75922,-2.34117],"lerp_mode":"catmullrom"},"0.875":{"post":[-2.56495,-2.78809,0.45218],"lerp_mode":"catmullrom"},"1.0833":{"post":[-2.43545,-2.90495,-1.23005],"lerp_mode":"catmullrom"},"1.25":{"post":[-2.31747,-3.01327,2.8657],"lerp_mode":"catmullrom"},"1.4167":{"post":[-0.19938,-3.07978,2.04843],"lerp_mode":"catmullrom"},"1.7917":{"post":[-6.58519,-2.03187,2.25382],"lerp_mode":"catmullrom"},"2.0":{"post":[8.06122,-2.52642,-0.73726],"lerp_mode":"catmullrom"},"2.0417":[25.11572,-2.59692,-0.21822],"2.125":[20.11527,-2.82387,-4.98161],"2.25":[25.11572,-2.59692,-2.71822],"2.5417":[25.11572,-2.59692,-0.21822]},"position":{"0.0":[0,0,0],"0.375":{"pre":[0,-3.25,0],"post":[0,-3.25,0],"lerp_mode":"catmullrom"},"0.7083":{"post":[-0.75,1.25,0],"lerp_mode":"catmullrom"},"0.75":{"post":[-0.77,2.37,0],"lerp_mode":"catmullrom"},"0.7917":{"post":[-0.77,1.37,0],"lerp_mode":"catmullrom"},"0.8333":{"post":[-0.77,2.34,-0.01],"lerp_mode":"catmullrom"},"0.9167":{"post":[-0.77,1.33,-0.02],"lerp_mode":"catmullrom"},"1.0":{"post":[-0.77,2.3,-0.03],"lerp_mode":"catmullrom"},"1.4167":{"post":[-0.75,1.25,0],"lerp_mode":"catmullrom"},"1.5417":{"post":[-0.75,-2.83,2.62],"lerp_mode":"catmullrom"},"1.7917":{"post":[-0.75,-0.2,-7.65],"lerp_mode":"catmullrom"},"2.0":[-0.75,-3.92,-10.39],"2.0417":[-0.75,-8,-11],"2.125":[-0.75,-5.75,-11],"2.1667":[-0.75,-7.5,-11],"2.2083":[-0.75,-6.25,-11],"2.25":[-0.75,-7.75,-11]}},"neck":{"rotation":{"0.0":[0,0,0],"0.4167":{"pre":[5.00474,2.49048,0.21803],"post":[5.00474,2.49048,0.21803],"lerp_mode":"catmullrom"},"0.9583":{"post":[-16.21077,-10.92406,7.76648],"lerp_mode":"catmullrom"},"1.4167":{"post":[-16.21077,-10.92406,7.76648],"lerp_mode":"catmullrom"},"1.625":[6.28923,-10.92406,7.76648]}},"head":{"rotation":{"0.0":[8.26604,0,0],"0.4583":{"pre":[13.31889,4.86617,1.15047],"post":[13.31889,4.86617,1.15047],"lerp_mode":"catmullrom"},"1.0417":{"post":[8.29597,2.39239,0.78856],"lerp_mode":"catmullrom"},"1.375":{"post":[8.29597,2.39239,0.78856],"lerp_mode":"catmullrom"},"1.5833":{"post":[21.55942,5.91394,3.83385],"lerp_mode":"catmullrom"},"1.7083":{"post":[-22.22713,2.04995,-18.94114],"lerp_mode":"catmullrom"},"2.0":{"post":[-24.139,3.90951,-2.46006],"lerp_mode":"catmullrom"},"2.0417":{"post":[0.71239,1.21036,-2.16182],"lerp_mode":"catmullrom"},"2.0833":{"post":[-20.74721,6.52354,4.4281],"lerp_mode":"catmullrom"},"2.125":{"post":[-1.3991,3.07085,2.53285],"lerp_mode":"catmullrom"},"2.1667":{"post":[-4.00478,2.944,1.88473],"lerp_mode":"catmullrom"},"2.2083":[-1.40016,3.44038,2.30113],"2.625":[4.9026,5.229,5.46312]},"position":{"0.0":[0,0,0],"0.875":[-1.23571,-1.69667,-5.62089],"1.7917":[-1.62284,0.26214,-5.5614],"2.9583":[-1.65604,1.10422,-5.02522]}},"jaw":{"rotation":{"0.0":[0.76604,0,0],"0.6667":[0.77,0,0],"0.875":[42.61908,-0.94489,-6.23544],"1.375":[25.77,0,0],"1.7083":[5.77,0,0]}},"jaw2":{"rotation":[0,0,0]},"jaw_spike2":{"rotation":[0,0,0]},"jaw3":{"rotation":[0,0,0]},"leg_front_left":{"rotation":[0,37.5,0]},"leg_front_left1":{"rotation":{"0.0":[-40,0,30],"0.375":[-38.95619,-2.02479,15.59006],"0.7917":[-40,0,30],"1.5417":{"pre":[-40,0,30],"post":[-40,0,30],"lerp_mode":"catmullrom"},"1.875":{"post":[-15.78918,-4.98893,29.20195],"lerp_mode":"catmullrom"},"2.0417":[19.14171,-52.31531,40.96871],"2.2083":[24.94821,-50.4352,33.54145],"2.375":[22.12366,-51.43395,37.17871]},"position":{"0.0":[0,0,0],"0.375":[0,-6.5,0],"0.7917":[0,-1,0],"0.8333":[-0.01,-1.11,0.01],"0.875":[-0.02,-0.61,0.02],"1.5417":{"pre":[0,-1,0],"post":[0,-1,0],"lerp_mode":"catmullrom"},"1.875":{"post":[5.47885,-1,-7.14018],"lerp_mode":"catmullrom"},"2.0417":[6.66,-16.94,-12.38]}},"leg_front_left2":{"rotation":[0,-15,20]},"leg_front_left3":{"rotation":{"0.0":[-5,-15,20],"0.375":[-16.52323,-24.78483,47.8035],"0.7917":[-5,-15,20],"1.5417":[-5,-15,20],"1.8333":[-1.64138,-42.20982,21.10931],"2.0417":[-1.64,-42.21,21.11],"2.125":[0.91258,-39.90169,15.27129],"2.25":[-2.58473,-39.82385,21.95027]},"position":{"0.0":[0,0,0],"0.7917":[0,0,0],"1.5417":[0,0,0]}},"leg_front_left4":{"rotation":{"0.0":[0,-7,8],"0.375":[0.22527,-6.09864,-4.49128],"0.7917":[0,-7,8],"1.5417":[0,-7,8],"1.7083":[-1.04463,17.94774,9.15146],"2.125":[2.09853,-15.37386,-1.17537],"2.5":[1.13894,-10.73095,0.64515]},"position":[0,0,0]},"leg_front_right":{"rotation":[0,-37.5,0]},"leg_front_right1":{"rotation":{"0.0":[-40,0,-30],"0.2917":[-40,0,-30],"0.5417":[-41.56418,41.70232,-11.46005],"0.625":[-49.18067,47.51838,-8.1233],"0.7083":[-73.08878,43.39816,-43.48302],"1.1667":[-71.08818,44.76565,-43.61117],"1.625":[-73.09,43.4,-43.48],"1.9167":[-20.09284,53.85581,-52.15347],"2.0833":[31.72238,70.52684,6.82955],"2.1667":[63.37967,66.90928,27.27569],"2.2917":[43.21987,69.78571,14.60372],"2.3333":[48.65624,69.22549,18.17447],"2.375":[43.21987,69.78571,14.60372]},"position":{"0.0":[0,0,0],"0.2917":[0,0,0],"0.5417":[-2.28286,2.25,-2.97508],"0.7083":[0,0,0],"0.75":[0,1,0],"0.7917":[0,-0.05,0],"1.1667":[-0.60876,-0.03,-0.79335],"1.625":[0,0,0],"1.9583":[-9.28361,-0.5,-12.09864],"2.0833":[-8.21628,-18.5,-10.71006],"2.1667":[-8.22,-19.5,-10.71],"2.2083":[-8.22,-19,-10.71],"2.2917":[-8.22,-21.5,-10.71]}},"leg_front_right2":{"rotation":[0,15,-20]},"leg_front_right3":{"rotation":{"0.0":[-5,15,-20],"0.3333":[-5,15,-20],"0.5":[-17.0654,20.96598,-56.33777],"0.625":[-15.84246,26.53255,-47.31236],"0.7083":[-6.85951,22.44447,-27.04379],"1.2083":[-6.85951,22.44447,-27.04379],"1.625":{"pre":[-3.79504,20.60482,-25.22724],"post":[-3.79504,20.60482,-25.22724],"lerp_mode":"catmullrom"},"1.9167":{"post":[-16.80547,34.71752,-44.59319],"lerp_mode":"catmullrom"},"2.0833":[-63.2654,11.01179,-2.00976]},"position":{"0.0":[0,0,0],"0.3333":[0,0,0],"0.6667":[2.19626,1.81771,-1.56041],"0.7083":[0,0,0],"1.625":[0,0,0],"2.0833":[0.71644,-3.40857,5.86778]}},"leg_front_right4":{"rotation":{"0.0":[0,7,-8],"0.3333":[0,7,-8],"0.5417":[-2.48635,16.73783,-6.16411],"0.7083":[0.25204,-3.10835,-0.63284],"1.1667":[-0.07,-0.84,-1.65],"1.5833":[-0.50247,7.26092,-7.02499],"1.6667":[-0.4116,1.62494,-2.76302],"1.7917":[-0.41587,-8.3748,-2.69078],"2.5":[-0.55778,-4.0716,-0.13263]},"position":{"0.0":[0,0,0],"0.7083":[0,0,0],"0.75":[-0.999,-0.03754,-0.02443],"0.7917":[-0.00119,0.00076,0.00674],"1.1667":[0,0,0.01]}},"leg_back_left":{"rotation":[0,0,0]},"leg_back_left1":{"rotation":{"0.0":[-8,12.5,35.5],"0.625":[-4.8023,16.78052,36.30301],"1.375":[-4.8023,16.78052,36.30301],"1.5417":{"pre":[-10.93267,8.41506,34.96725],"post":[-10.93267,8.41506,34.96725],"lerp_mode":"catmullrom"},"1.6667":{"post":[-3.29219,-16.17618,36.1789],"lerp_mode":"catmullrom"},"2.125":[25.7013,5.52653,65.62587]},"position":{"0.0":[0,0,0],"0.5":{"pre":[-0.5,0,1.25],"post":[-0.5,0,1.25],"lerp_mode":"catmullrom"},"1.0417":{"post":[-1.5,0,1.25],"lerp_mode":"catmullrom"},"1.4167":{"post":[-1.5,0,1.25],"lerp_mode":"catmullrom"},"1.5417":{"post":[0,-4.5,1],"lerp_mode":"catmullrom"},"1.9167":{"post":[0,-1,-10.25],"lerp_mode":"catmullrom"},"2.125":[-2.5,0.5,-12.75]}},"leg_back_left2":{"rotation":[1.5,-10,17.5]},"leg_back_left3":{"rotation":{"0.0":[1.5,-17,27.5],"0.9583":{"pre":[1.99907,-16.29458,25.57867],"post":[1.99907,-16.29458,25.57867],"lerp_mode":"catmullrom"},"1.875":{"post":[1.5,-17,27.5],"lerp_mode":"catmullrom"},"1.9583":{"post":[5.1525,-26.93105,16.80852],"lerp_mode":"catmullrom"},"2.0833":[3.76719,-24.1819,20.06871]},"position":{"0.0":[0,0,0],"1.4167":[-0.6,0.43,-0.06],"1.5833":[-3.52865,2.30231,-2.25113],"1.8333":[-0.81,0.58,-0.08]}},"leg_back_left4":{"rotation":{"0.0":[0,12,8.5],"0.5833":[-5.52403,11.77069,5.95599],"1.5":[0,12,8.5],"1.9167":[17.05614,32.22425,13.51989],"2.0417":[14.33215,-5.99227,-8.77502]},"position":[0,0,0]},"leg_back_right1":{"rotation":{"0.0":[-8,-12.5,-35.5],"0.3333":[-1.83861,-8.08185,-36.60256],"0.9167":[-8,-12.5,-35.5],"1.375":[-8,-12.5,-35.5],"1.5":[-16.55604,-18.15563,-30.73161],"1.6667":[25.38712,9.88553,-33.99511],"2.1667":[33.99544,-1.4903,-57.09471]},"position":{"0.0":[0,0,0],"1.375":[0,0,0],"1.5":[0,-1,3],"2.1667":[0,-1,-15]}},"leg_back_right2":{"rotation":[1.5,10,-17.5]},"leg_back_right3":{"rotation":{"0.0":[-1.5,17,-27.5],"0.2917":{"pre":[-3.22278,5.60735,-27.66962],"post":[-3.22278,5.60735,-27.66962],"lerp_mode":"catmullrom"},"0.6667":{"post":[-3.30095,5.46497,-27.6733],"lerp_mode":"catmullrom"},"1.3333":{"post":[-2.71403,10.15949,-27.64471],"lerp_mode":"catmullrom"},"1.5":{"post":[0.55403,26.8144,-26.97427],"lerp_mode":"catmullrom"},"2.125":[-2.92518,9.63139,-27.6465]},"position":[0,0,0]},"leg_back_right4":{"rotation":{"0.0":[0,-12.5,-8.5],"0.9167":{"pre":[0,-1.51163,-8.5],"post":[0,-1.51163,-8.5],"lerp_mode":"catmullrom"},"1.2917":{"post":[0,-5.94961,-8.5],"lerp_mode":"catmullrom"},"1.7917":{"post":[0,-30,-8.5],"lerp_mode":"catmullrom"},"1.9583":[0.73355,14.8182,-8.26525],"2.25":[0.74359,9.9414,-7.15972]},"position":[0,0,0]},"eyelid_left":{"position":{"0.0":[0,0,0],"0.0417":[0,0,-0.1],"0.5":[0,0,-0.1],"0.5417":[0,0,0],"0.8333":[0,0,0],"0.875":[0,0,-0.1],"1.125":[0,0,-0.1],"1.1667":[0,0,0],"1.4167":[0,0,0],"1.4583":[0,0,-0.1]}},"eyelid_right":{"position":{"0.0":[0,0,0],"0.0417":[0,0,-0.1],"0.5":[0,0,-0.1],"0.5417":[0,0,0],"0.8333":[0,0,0],"0.875":[0,0,-0.1],"1.125":[0,0,-0.1],"1.1667":[0,0,0],"1.4167":[0,0,0],"1.4583":[0,0,-0.1]}},"jaw_left":{"rotation":{"0.0":[0,-7.5,0],"0.8333":[0,-30,0]},"position":{"0.0":[0,0,0],"0.8333":[-2.10786,1.10281,0.17529]}},"jaw_right":{"rotation":{"0.0":[0,5,0],"0.8333":[0,40,0]},"position":{"0.0":[0,0,0],"0.8333":[1.97265,0.18654,-0.27177]}}}}}}