{
  "type": "minecraft:chest",
  "pools": [
    {
      "bonus_rolls": 0.0,
      "entries": [
        {
          "type": "loot_table",
          "weight": 1,
          "value": "minecraft:cobblemon/cobblefood_loot_tier1"
        },
        {
          "type": "minecraft:item",
          "weight": 3,
          "name": "minecraft:air"
        }
      ],
      "rolls": {
        "type": "minecraft:uniform",
        "max": 4.0,
        "min": 1.0
      }
    },
    {
      "bonus_rolls": 0.0,
      "entries": [
        {
          "type": "minecraft:item",
          "weight": 1,
          "name": "sophisticatedstorage:packing_tape"
        },
        {
          "type": "minecraft:item",
          "weight": 1,
          "name": "minecraft:air"
        }
      ],
      "rolls": {
        "type": "minecraft:uniform",
        "max": 6.0,
        "min": 1.0
      }
    },
    {
      "bonus_rolls": 0.0,
      "entries": [
        {
          "type": "minecraft:item",
          "weight": 1,
          "name": "minecraft:dirt"
        },
        {
          "type": "minecraft:item",
          "weight": 1,
          "name": "minecraft:air"
        }
      ],
      "rolls": {
        "type": "minecraft:uniform",
        "max": 12.0,
        "min": 4.0
      }
    },
    {
      "bonus_rolls": 0.0,
      "entries": [
        {
          "type": "minecraft:item",
          "weight": 1,
          "name": "minecraft:paper"
        },
        {
          "type": "minecraft:item",
          "weight": 1,
          "name": "minecraft:air"
        }
      ],
      "rolls": {
        "type": "minecraft:uniform",
        "max": 12.0,
        "min": 2.0
      }
    },
    {
      "bonus_rolls": 0.0,
      "entries": [
        {
          "type": "minecraft:item",
          "weight": 1,
          "name": "minecraft:candle"
        },
        {
          "type": "minecraft:item",
          "weight": 1,
          "name": "minecraft:air"
        }
      ],
      "rolls": {
        "type": "minecraft:uniform",
        "max": 2.0,
        "min": 1.0
      }
    },
    {
      "bonus_rolls": 0.0,
      "entries": [
        {
          "type": "minecraft:item",
          "weight": 1,
          "name": "minecraft:pointed_dripstone"
        },
        {
          "type": "minecraft:item",
          "weight": 1,
          "name": "minecraft:air"
        }
      ],
      "rolls": {
        "type": "minecraft:uniform",
        "max": 4.0,
        "min": 1.0
      }
    },
    {
      "bonus_rolls": 0.0,
      "entries": [
        {
          "type": "loot_table",
          "weight": 1,
          "value": "minecraft:cobblemon/pokeblocks_tier1"
        },
        {
          "type": "minecraft:item",
          "weight": 100,
          "name": "minecraft:air"
        }
      ],
      "rolls": {
        "type": "minecraft:uniform",
        "max": 1.0,
        "min": 1.0
      }
    }
  ],
  "random_sequence": "minecraft:chests/abandoned_mineshaft"
}