{"format_version":"1.8.0","animations":{"animation.dolliv.ground_idle":{"loop":true,"bones":{"torso":{"rotation":["math.cos(query.anim_time*180)*1",0,-5]},"dress_right2":{"rotation":[0,0,10]},"dress_left2":{"rotation":[0,0,7.5]},"head":{"rotation":["math.sin(query.anim_time*180)*1",0,5]},"arm_left":{"rotation":[0,0,45]},"hand_left":{"rotation":[90,22.5,102.5]},"finger_left":{"rotation":[0,0,0]},"finger_left2":{"rotation":[110.94102,-8.42106,110.94102]},"arm_right":{"rotation":[0,0,-67.5]}}},"animation.dolliv.ground_walk":{"loop":true,"animation_length":1,"bones":{"body":{"position":{"0.0":[0,-0.75,0],"0.25":[0,0,0],"0.5":[0,-0.75,0],"0.75":[0,0,0],"1.0":[0,-0.75,0]}},"dress_back":{"rotation":{"0.0":{"post":[22.5,0,0],"lerp_mode":"catmullrom"},"0.25":{"post":[0,0,0],"lerp_mode":"catmullrom"},"0.5":{"post":[22.5,0,0],"lerp_mode":"catmullrom"},"0.75":{"post":[0,0,0],"lerp_mode":"catmullrom"},"1.0":{"post":[22.5,0,0],"lerp_mode":"catmullrom"}}},"dress_right2":{"rotation":[0,0,"10+math.cos(query.anim_time*720)*10"]},"dress_left2":{"rotation":{"0.0":{"post":[0,0,0],"lerp_mode":"catmullrom"},"0.125":{"post":[27.5,0,0],"lerp_mode":"catmullrom"},"0.25":{"post":[0,0,0],"lerp_mode":"catmullrom"},"0.5":{"post":[0,0,0],"lerp_mode":"catmullrom"},"0.625":{"post":[45,0,0],"lerp_mode":"catmullrom"},"0.875":{"post":[45,0,0],"lerp_mode":"catmullrom"},"1.0":{"post":[0,0,0],"lerp_mode":"catmullrom"}}},"arm_left":{"rotation":[0,"math.cos(query.anim_time*360)*10",67.5]},"arm_right":{"rotation":[0,"math.cos(query.anim_time*360)*10",-67.5]},"leg_left":{"rotation":["math.cos(query.anim_time*360)*40",0,0]},"leg_right":{"rotation":["-math.cos(query.anim_time*360)*40",0,0]},"leg_left2":{"rotation":{"0.0":{"post":[0,0,0],"lerp_mode":"catmullrom"},"0.125":{"post":[45,0,0],"lerp_mode":"catmullrom"},"0.375":{"post":[45,0,0],"lerp_mode":"catmullrom"},"0.5":{"post":[0,0,0],"lerp_mode":"catmullrom"},"0.625":{"post":[27.5,0,0],"lerp_mode":"catmullrom"},"0.75":{"post":[0,0,0],"lerp_mode":"catmullrom"},"1.0":{"post":[0,0,0],"lerp_mode":"catmullrom"}}},"leg_right2":{"rotation":["math.clamp(-math.sin(query.anim_time*360)*40,0,40)",0,0]},"dress_front":{"rotation":{"0.0":{"post":[-45,0,0],"lerp_mode":"catmullrom"},"0.0833":{"post":[-32.5,0,0],"lerp_mode":"catmullrom"},"0.25":{"post":[0,0,0],"lerp_mode":"catmullrom"},"0.5":{"post":[-45,0,0],"lerp_mode":"catmullrom"},"0.75":{"post":[0,0,0],"lerp_mode":"catmullrom"},"0.875":{"post":[-32.5,0,0],"lerp_mode":"catmullrom"},"1.0":{"post":[-45,0,0],"lerp_mode":"catmullrom"}}}}},"animation.dolliv.ground_run":{"loop":true,"bones":{"body":{"position":[0,"math.abs(math.cos(query.anim_time*720)*1)",0]},"torso":{"rotation":["5+math.cos(query.anim_time*1440-45)*2",0,0]},"dress_back2":{"rotation":["20+math.cos((query.anim_time-0.3)*1440)*10",0,0]},"dress_right2":{"rotation":[0,0,"20+math.cos((query.anim_time-0.3)*1440)*10"]},"dress_left2":{"rotation":[0,0,"-20-math.cos((query.anim_time-0.3)*1440)*10"]},"head":{"rotation":["math.cos((query.anim_time-0.3)*1440-45)*2",0,0]},"olive_right":{"rotation":[0,0,"-10-math.cos(query.anim_time*1440)*5"]},"olive_left":{"rotation":[0,0,"10+math.cos(query.anim_time*1440)*5"]},"arm_left":{"rotation":[0,"math.cos(query.anim_time*720)*30",67.5]},"hand_left":{"rotation":[0,0,-22.5]},"arm_right":{"rotation":[0,"math.cos(query.anim_time*720)*30",-67.5]},"hand_right":{"rotation":[0,0,22.5]},"leg_left":{"rotation":["math.cos(query.anim_time*720)*35",0,0]},"leg_right":{"rotation":["-math.cos(query.anim_time*720)*35",0,0]},"leg_left2":{"rotation":["math.clamp(math.sin(query.anim_time*720)*40,0,40)",0,0]},"leg_right2":{"rotation":["math.clamp(-math.sin(query.anim_time*720)*40,0,40)",0,0]},"dress_front":{"rotation":["-35-math.cos(query.anim_time*1440)*20",0,0]}}},"animation.dolliv.blink":{"animation_length":0.20833,"bones":{"eyelid_right":{"position":{"0.0":[0,0,-0.2],"0.1667":[0,0,-0.2],"0.2083":[0,0,0]}},"eyelid_left":{"position":{"0.0":[0,0,-0.2],"0.1667":[0,0,-0.2],"0.2083":[0,0,0]}}}}}}