{"format_version":"1.8.0","animations":{"animation.ashgreninja.ground_idle":{"loop":true,"bones":{"bone5":{"scale":1},"bone12":{"scale":0},"bone15":{"scale":0},"bone17":{"scale":0},"bone19":{"rotation":[0,"0+3*math.cos(q.anim_time*90*1-60)+q.anim_time*90*1",0]},"torso":{"rotation":[-17.89807,11.91276,-3.81397]},"waist":{"rotation":["15+Math.cos((query.anim_time-0.2) * 90 * 1) * 3",0,0]},"chest":{"rotation":["17.3269+Math.cos((query.anim_time-0.6) * 90 * 1) * 2",-11.03477,1.7917],"position":[-1,0,0]},"neck":{"rotation":["-2.5+Math.cos((query.anim_time-0.6) * 90 * 1) * -6",0,0]},"inner_eyelid_right":{"position":[0.9,0,0]},"inner_eyelid_cover_right":{"position":[0.075,0,0]},"inner_eyelid_left":{"position":[-0.85,0,0]},"inner_eyelid_cover_left":{"position":[-0.05,0,0]},"tongue":{"rotation":["-44.143+Math.cos((query.anim_time-0.8) * 90 * 1) * -1","2.7938+Math.cos((query.anim_time-1.4) * 90 * 2-60) * -5",2.96806],"position":[0,-1,0]},"tongue2":{"rotation":["-12.7296+Math.cos((query.anim_time-0.8) * 90 * 1+50) * -12","-15.578+Math.cos((query.anim_time-1.4) * 90 * 1) * -10",-6.31342]},"tongue3":{"rotation":["-18.9943+Math.cos((query.anim_time-1) * 90 * 1) * -3",-19.2862,1.93639]},"tongue4":{"rotation":["-9.1493+Math.cos((query.anim_time-1.4) * 90 * 1) * -8","-36.3231+Math.cos((query.anim_time-1.4) * 90 * 1-60) * -5",-9.78189]},"tongue5":{"rotation":["5.7195+Math.cos((query.anim_time-1.4) * 90 * 1-60) * -5","-37.1248+Math.cos((query.anim_time-1.4) * 90 * 2-120) * -10",-9.42205]},"tongue6":{"rotation":["Math.cos((query.anim_time-1.6) * 90 * 2) * -5.0091",-21.35812,-10.70506]},"tongue7":{"rotation":["Math.cos((query.anim_time-1.9) * 90 * 2) * -5",-31.21837,-11.66151]},"arm_right":{"rotation":[0,"Math.cos((query.anim_time-0.6) * 90 * 1) * -6",-65]},"arm_right2":{"rotation":[0,"-27.5+Math.cos((query.anim_time-1.0) * 90 * 1) * -2",0]},"hand_right":{"rotation":[0,0,-22.5]},"arm_left":{"rotation":[0,"Math.cos((query.anim_time-0.6) * 90 * 1) * 6",65]},"arm_left2":{"rotation":[0,"27.5+Math.cos((query.anim_time-0.9) * 90 * 1) * 3",0]},"hand_left":{"rotation":[0,0,22.5]},"leg_right":{"rotation":[-3.2799,25.22132,7.85322]},"leg_right2":{"rotation":[29.99294,0.32621,-2.47864]},"foot_right":{"rotation":[10,0,0]},"toe_right":{"rotation":[-17.43745,-1.50179,-4.76968]},"toe_back_right":{"rotation":[17.5,0,0]},"leg_left":{"rotation":[-8.68155,-9.91358,-7.61435]},"leg_left2":{"rotation":[17.41096,-1.61702,7.30994]},"foot_left":{"rotation":[10,0,0]},"toe_back_left":{"rotation":[17.5,0,0]},"toe_left":{"rotation":[-10,0,0]}}},"animation.ashgreninja.ground_walk":{"loop":true,"animation_length":2,"bones":{"torso":{"rotation":["-5+Math.cos((query.anim_time-0.2) * 90 * 2) * 2",0,0],"position":[0,"-0.25+Math.cos((query.anim_time+0.1) * 90 * 4) * 0.5",0]},"waist":{"rotation":[10,0,0]},"chest":{"rotation":["12.5+Math.cos((query.anim_time-0.3) * 90 * 2) * 2",0,0]},"neck":{"rotation":["-7.5+Math.cos((query.anim_time-0.3) * 90 * 2) * -2",0,0]},"inner_eyelid_right":{"position":[-0.125,0,0]},"inner_eyelid_cover_right":{"position":[0.125,0,0]},"inner_eyelid_left":{"position":[0.1,0,0]},"inner_eyelid_cover_left":{"position":[-0.075,0,0]},"tongue":{"rotation":["-35.7672+Math.cos((query.anim_time-0.3) * 90 * 4) * 2",13.3795,-6.8583]},"tongue2":{"rotation":[-12.79362,-12.19908,2.74715]},"tongue3":{"rotation":["7.4527+Math.cos((query.anim_time-0.5) * 90 * 4) * 4",-29.4425,-4.28256]},"tongue4":{"rotation":[2.88066,-29.8742,-5.76863]},"tongue5":{"rotation":["5.1652+Math.cos((query.anim_time-0.7) * 90 * 4) * 5",-27.0478,-11.24314]},"tongue6":{"rotation":["Math.cos((query.anim_time-0.8) * 90 * 4) * 3",-25,0]},"tongue7":{"rotation":["Math.cos((query.anim_time-1) * 90 * 4) * 6",-27.5,0]},"arm_right":{"rotation":[0,"-(Math.cos((query.anim_time) * 90 * 2) * 10)",-70]},"arm_right2":{"rotation":[0,"-22.5+Math.cos((query.anim_time-0.3) * 90 * 2) * -10",0]},"hand_right":{"rotation":[0,0,-15]},"arm_left":{"rotation":[0,"Math.cos((query.anim_time) * 90 * 2) * -10",70]},"arm_left2":{"rotation":[0,"22.5+Math.cos((query.anim_time-0.3) * 90 * 2) * -10",0]},"hand_left":{"rotation":[0,0,15]},"leg_right":{"rotation":{"0.0":[35.67,2.6,3.58],"0.0833":[38.42186,2.60422,3.5755],"0.25":[34.22275,3.21529,3.44376],"0.5417":[0.02365,3.82637,3.31201],"0.7083":[-15.37456,5.04852,3.04852],"0.875":[-23.72774,6.89541,2.65034],"1.0":[-25.17098,7.49282,2.52154],"1.125":[-23.72774,6.89541,2.65034],"1.2917":[-16.49242,5.27073,3.00062],"1.625":[0.92186,2.60422,3.5755],"1.9167":[32.92186,2.60422,3.5755],"2.0":[35.67,2.6,3.58]}},"leg_right2":{"rotation":{"0.0":[18.82,0,0],"0.125":[24,0,0],"0.375":[64.33,0,0],"0.5417":[57.75,0,0],"0.75":[17.13,0,0],"1.0":[2.75,0,0],"1.2917":[-3,0,0],"1.6667":[5,0,0],"2.0":[18.82,0,0]}},"foot_right":{"rotation":{"0.0":[2.5,0,0],"0.3333":[-7.5,0,0],"0.5417":[-36.5,0,0],"0.6667":[-29.5,0,0],"0.8333":[-0.67,0,0],"0.875":[2,0,0],"1.0":[7.5,0,0],"1.1667":[10,0,0],"1.6667":[12.5,0,0],"2.0":[2.5,0,0]}},"toe_right":{"rotation":{"0.0":[-29.5,0,0],"0.25":[-7,0,0],"0.5":[22,0,0],"0.625":[15.82,0,0],"0.75":[4.68,0,0],"0.875":[-13.09,0,0],"1.0":[-19.5,0,0],"1.1667":[-18.53,0,0],"1.2917":[-15.87,0,0],"1.4583":[2.54,0,0],"1.5":[-7,0,0],"1.6667":[-25.13,0,0],"1.7083":[-32,0,0],"2.0":[-29.5,0,0]}},"toe_back_right":{"rotation":[25,0,0]},"leg_left":{"rotation":{"0.0":[-25.17098,-7.49282,-2.52154],"0.125":[-23.72774,-6.89541,-2.65034],"0.2917":[-16.49242,-5.27073,-3.00062],"0.625":[0.92186,-2.60422,-3.5755],"0.9167":[32.92186,-2.60422,-3.5755],"1.0833":[38.42186,-2.60422,-3.5755],"1.25":[34.22275,-3.21529,-3.44376],"1.5417":[0.02365,-3.82637,-3.31201],"1.7083":[-15.37456,-5.04852,-3.04852],"1.875":[-23.72774,-6.89541,-2.65034],"2.0":[-25.17098,-7.49282,-2.52154]}},"leg_left2":{"rotation":{"0.0":[2.75,0,0],"0.2917":[-3,0,0],"0.6667":[5,0,0],"1.125":[24,0,0],"1.375":[64.33,0,0],"1.5417":[57.75,0,0],"1.75":[17.13,0,0],"2.0":[2.75,0,0]}},"foot_left":{"rotation":{"0.0":[7.5,0,0],"0.1667":[10,0,0],"0.6667":[12.5,0,0],"1.3333":[-7.5,0,0],"1.5417":[-36.5,0,0],"1.6667":[-29.5,0,0],"1.8333":[-0.67,0,0],"1.875":[2,0,0],"2.0":[7.5,0,0]}},"toe_back_left":{"rotation":[25,0,0]},"toe_left":{"rotation":{"0.0":[-19.5,0,0],"0.1667":[-18.53,0,0],"0.2917":[-15.87,0,0],"0.4583":[2.54,0,0],"0.5":[-7,0,0],"0.6667":[-25.13,0,0],"0.7083":[-32,0,0],"1.0":[-29.5,0,0],"1.25":[-7,0,0],"1.5":[22,0,0],"1.625":[15.82,0,0],"1.75":[4.68,0,0],"1.875":[-13.09,0,0],"2.0":[-19.5,0,0]}}}},"animation.ashgreninja.water_idle":{"loop":true,"bones":{"body":{"rotation":["55+Math.cos((query.anim_time) * 90 * 1) * 2",0,0],"position":[0,"-16+Math.cos((query.anim_time-0.4) * 90 * 1) * 0.5",-2]},"torso":{"rotation":[0,0,0]},"waist":{"rotation":[12.5,0,0]},"chest":{"rotation":["Math.cos((query.anim_time-0.3) * 90 * 1) * 2",0,0]},"neck":{"rotation":["-30+Math.cos((query.anim_time-0.5) * 90 * 1) * -3",0,0]},"head":{"rotation":[-5,0,0]},"inner_eyelid_right":{"position":[-0.15,0,0]},"inner_eyelid_cover_right":{"position":[0.025,0,0]},"inner_eyelid_left":{"position":[0.1,0,0]},"inner_eyelid_cover_left":{"position":[-0.05,0,0]},"tongue":{"rotation":["-17.5+Math.cos((query.anim_time-0.3) * 90 * 1) * 2",30,0]},"tongue2":{"rotation":[-22.57734,4.61854,-1.91757]},"tongue3":{"rotation":["-10+Math.cos((query.anim_time-0.5) * 90 * 1) * 5",-20,0]},"tongue4":{"rotation":[-8.23353,-34.93529,1.57675]},"tongue5":{"rotation":["-10.3453+Math.cos((query.anim_time-0.7) * 90 * 1) * 4",-14.76689,2.66399]},"tongue6":{"rotation":["-8.11+Math.cos((query.anim_time-0.9) * 90 * 1) * 5",22.29711,-3.09472]},"tongue7":{"rotation":["Math.cos((query.anim_time-1) * 90 * 1) * 7",12.5,0]},"arm_right":{"rotation":[-48.08351,"-29.3034+Math.cos((query.anim_time-0.6) * 90 * 1) * -5",7.60913]},"arm_right2":{"rotation":[0,-22.5,10]},"hand_right":{"rotation":[0,-17.5,0]},"arm_left":{"rotation":[-48.08351,"29.3034+Math.cos((query.anim_time-0.6) * 90 * 1) * 5",-7.60913]},"arm_left2":{"rotation":[0,22.5,-10]},"hand_left":{"rotation":[0,17.5,0]},"leg_right":{"rotation":["7.8509+Math.cos((query.anim_time) * 90 * 1) * 5",31.63886,29.72765]},"leg_right2":{"rotation":[27.5,0,0]},"toe_back_right":{"rotation":[20,0,0]},"leg_left":{"rotation":["7.8509+Math.cos((query.anim_time) * 90 * 1) * 5",-31.63886,-29.72765]},"leg_left2":{"rotation":[27.5,0,0]},"foot_left":{"rotation":[27.5,0,0]},"toe_back_left":{"rotation":[20,0,0]}}},"animation.ashgreninja.water_swim":{"loop":true,"animation_length":1,"bones":{"body":{"rotation":[55,0,0],"position":[0,-16,"-2+Math.cos((query.anim_time-0.2) * 90 * 4) * -3"]},"torso":{"rotation":["Math.cos((query.anim_time-0.4) * 90 * 4) * 3",0,0]},"waist":{"rotation":[12.5,0,0]},"chest":{"rotation":[0,0,0]},"neck":{"rotation":["-30+Math.cos((query.anim_time-0.5) * 90 * 4) * -4",0,0]},"head":{"rotation":[-5,0,0]},"inner_eyelid_right":{"position":[-0.15,0,0]},"inner_eyelid_cover_right":{"position":[0.025,0,0]},"inner_eyelid_left":{"position":[0.1,0,0]},"inner_eyelid_cover_left":{"position":[-0.05,0,0]},"tongue":{"rotation":["-20.5153+Math.cos((query.anim_time-0.5) * 90 * 4) * -2","Math.cos((query.anim_time) * 90 * 8) * 4",5.32938]},"tongue2":{"rotation":[-22.57734,"Math.cos((query.anim_time-0.1) * 90 * 8) * 2",-1.91757]},"tongue3":{"rotation":["-10+Math.cos((query.anim_time-0.6) * 90 * 4) * -4","Math.cos((query.anim_time-0.2) * 90 * 8) * 3",0]},"tongue4":{"rotation":[-7.07446,"Math.cos((query.anim_time-0.3) * 90 * 8) * 4",-1.01249]},"tongue5":{"rotation":["2.5+Math.cos((query.anim_time-0.7) * 90 * 4) * -4","Math.cos((query.anim_time-0.4) * 90 * 8) * 4",-0.00001]},"tongue6":{"rotation":["6.3562+Math.cos((query.anim_time-0.9) * 90 * 4) * -8","Math.cos((query.anim_time-0.5) * 90 * 8) * 5",-4.30962]},"tongue7":{"rotation":["10+Math.cos((query.anim_time-1) * 90 * 4) * -10","Math.cos((query.anim_time-0.6) * 90 * 8) * 8",0]},"arm_right":{"rotation":[-10.30059,"15.4855+Math.cos((query.anim_time-0.25) * 90 * 4) * 5","-51.51+Math.cos((query.anim_time) * 90 * 4) * -10"]},"arm_right2":{"rotation":[5.123,-21.93857,"-3.4936+Math.cos((query.anim_time-0.2) * 90 * 4) * -15"]},"hand_right":{"rotation":[0,-17.5,0]},"arm_left":{"rotation":[-10.30059,"-15.4855+Math.cos((query.anim_time-0.25) * 90 * 4) * -5","51.51+Math.cos((query.anim_time) * 90 * 4) * 10"]},"arm_left2":{"rotation":[5.123,21.93857,"3.4936+Math.cos((query.anim_time-0.2) * 90 * 4) * 15"]},"hand_left":{"rotation":[0,17.5,0]},"leg_right":{"rotation":{"0.0":[15.8509,31.63886,29.72765],"0.125":[12.41181,35.7519,33.47638],"0.25":[0.06352,38.49392,35.97553],"0.5":[-49.90548,48.091,44.72257],"0.6667":[-55.39787,38.24952,35.75278],"0.75":[-47.32679,36.36076,34.03131],"0.9167":[8.81536,32.58324,30.58838],"1.0":[15.8509,31.63886,29.72765]}},"leg_right2":{"rotation":{"0.0":[27.5,0,0],"0.1667":[38.33,0,0],"0.375":[81.46,0,0],"0.5":[90,0,0],"0.625":[76.57,0,0],"0.7917":[32.5,0,0],"1.0":[27.5,0,0]}},"toe_back_right":{"rotation":[20,0,0]},"leg_left":{"rotation":{"0.0":[15.8509,-31.63886,-29.72765],"0.125":[12.41181,-35.7519,-33.47638],"0.25":[0.06352,-38.49392,-35.97553],"0.5":[-49.90548,-48.091,-44.72257],"0.6667":[-55.39787,-38.24952,-35.75278],"0.75":[-47.32679,-36.36076,-34.03131],"0.9167":[8.81536,-32.58324,-30.58838],"1.0":[15.8509,-31.63886,-29.72765]}},"leg_left2":{"rotation":{"0.0":[27.5,0,0],"0.1667":[38.33,0,0],"0.375":[81.46,0,0],"0.5":[90,0,0],"0.625":[76.57,0,0],"0.7917":[32.5,0,0],"1.0":[27.5,0,0]}},"foot_left":{"rotation":{"0.0":[21.5,0,0],"0.5":[45,0,0],"0.7083":[15.21,0,0],"1.0":[21.5,0,0]}},"toe_back_left":{"rotation":[20,0,0]},"foot_right":{"rotation":{"0.0":[21.5,0,0],"0.5":[45,0,0],"0.7083":[15.21,0,0],"1.0":[21.5,0,0]}}}},"animation.ashgreninja.battle_idle":{"loop":true,"animation_length":195.6,"bones":{"torso":{"rotation":[-17.89807,11.91276,-3.81397]},"waist":{"rotation":["25+Math.cos((query.anim_time-0.2) * 90 * 1) * 3",0,0]},"chest":{"rotation":["17.3269+Math.cos((query.anim_time-0.6) * 90 * 1) * 2",-11.03477,1.7917],"position":[-1,0,0]},"neck":{"rotation":["-2.5+Math.cos((query.anim_time-0.6) * 90 * 1) * -6",0,0]},"inner_eyelid_right":{"position":[0.9,0,0]},"inner_eyelid_cover_right":{"position":[0.075,0,0]},"inner_eyelid_left":{"position":[-0.85,0,0]},"inner_eyelid_cover_left":{"position":[-0.05,0,0]},"tongue":{"rotation":["-29.7109+Math.cos((query.anim_time-0.8) * 90 * 1) * -1",-7.41273,7.2607],"position":[0,-1,0]},"tongue2":{"rotation":["7.9333+Math.cos((query.anim_time-0.8) * 90 * 1) * -5",11.34808,-6.3885]},"tongue3":{"rotation":["16.9379+Math.cos((query.anim_time-1) * 90 * 1) * -3",4.39121,5.65575],"position":[0,0,0]},"tongue4":{"rotation":["-8.0556+Math.cos((query.anim_time-1.4) * 90 * 1) * -6",-1.45048,-13.00441]},"tongue5":{"rotation":[4.62417,-9.73135,-6.74602]},"tongue6":{"rotation":["Math.cos((query.anim_time-1.6) * 90 * 1) * -5.0091",-21.35812,-10.70506]},"tongue7":{"rotation":["Math.cos((query.anim_time-1.9) * 90 * 1) * -2.8581",-31.21837,-11.66151]},"arm_right":{"rotation":[-4.72608,"27.42+Math.cos((query.anim_time-0.6) * 90 * 1)",3.26039]},"arm_right2":{"rotation":[10,"-27.5+Math.cos((query.anim_time-1.0) * 90 * 1) * -2",0]},"hand_right":{"rotation":[0,0,-22.5]},"arm_left":{"rotation":[-9.20958,"49.0678+Math.cos((query.anim_time-0.6) * 90 * 1) * 6",31.591],"position":[0,0,-1]},"arm_left2":{"rotation":[76.14424,"58.7927+Math.cos((query.anim_time-0.9) * 90 * 1) * 3",78.0303]},"hand_left":{"rotation":[0,0,22.5]},"leg_right":{"rotation":[19.30349,46.13116,63.07035]},"leg_right2":{"rotation":[61.55405,-11.00274,-19.0607],"position":[0,0,-1]},"foot_right":{"rotation":[-14.34837,-2.19386,-24.93554],"position":[0,-1,0]},"toe_right":{"rotation":[-17.43745,-1.50179,-4.76968]},"toe_back_right":{"rotation":[17.5,0,0]},"leg_left":{"rotation":[-53.71564,-9.91,-7.61],"position":[0,-1,0]},"leg_left2":{"rotation":[23.57098,11.77475,-7.63854],"position":[0,2,0]},"foot_left":{"rotation":[38.77783,-6.71196,21.52313],"position":[0,1,-0.1]},"toe_back_left":{"rotation":[17.5,0,0]},"toe_left":{"rotation":[-10,0,0]},"body":{"position":[0,-6,0]},"shuriken_back2":{"rotation":[2.65304,-17.47541,-0.902],"position":[-1.25,0.5,-0.5]}},"sound_effects":{"1.1":{"effect":"pokemon.ashgreninja.music"}}},"animation.ashgreninja.faint":{"loop":true,"animation_length":3,"bones":{"body":{"rotation":{"0.0":[0,0,2.5],"0.5417":[0,0,0],"1.375":[0,0,0],"1.5833":[-8.85,0,0],"1.75":[-30.13,0,0],"1.875":[-92.5,0,0],"1.9167":[-106.75,0,0],"2.0":[-95.88,0,0]},"position":{"0.0":[0,-9,0],"0.0833":[0,-9.26,0.16],"0.1667":[0,-8.02,0.31],"0.375":[0,-3.75,1],"0.4583":[0,-5.08,1.33],"0.5":[0,-4.5,1.5],"0.5833":[0,1.19,8.25],"0.6667":[0,2.9,11.5],"0.7917":[0,2.25,13.5],"0.875":[0,-2.75,13.5],"1.0":[0,-1,13.5],"1.125":[0,-0.75,13.5],"1.375":[0,-1,13.5],"1.5833":[0,-2.4,14.62],"1.7917":[0,-7.53,18.73],"1.9167":[0,-17,23],"1.9583":[0,-18.25,24.12],"2.0":[0,-15.5,25.25],"2.0833":[0,-15,27],"2.1667":[0,-16.25,27.25],"2.2083":[0,-17.5,27.5]}},"torso":{"rotation":{"0.0":[39.07823,9.31667,3.4085],"0.25":[11.50131,9.31667,3.4085],"0.5":[1.57823,9.31667,3.4085],"0.5833":[14.02835,9.31667,3.4085],"0.7083":[-2.22165,9.31667,3.4085],"0.8333":[-8.47165,9.31667,5.1585],"1.0":[-20.76398,11.18637,18.53511],"1.125":[-25.36678,11.38035,20.56492],"1.9167":[-25.36678,11.38035,20.56492],"1.9583":[-15.36678,11.38035,20.56492],"2.1667":[-11.86678,11.38035,20.56492],"2.2917":[-16.63345,11.38035,20.56492],"2.3333":[-21.63345,11.38035,20.56492],"2.4583":[-19.13345,11.38035,20.56492]}},"waist":{"rotation":[12.5,0,0]},"chest":{"rotation":{"0.0":[0,-7.5,0],"0.7917":[0,-6.5,0],"0.9167":[3.57558,-6.23943,-14.93284],"1.0417":[14.15168,-5.54657,-21.08238],"1.125":[15.51688,-5.53432,-23.7699],"1.5417":[15.51688,-5.53432,-23.7699],"1.875":[13.20028,-9.90697,-6.66443]}},"arm_left":{"rotation":{"0.0":[-12.40933,-39.5865,4.94661],"0.125":[-26.41653,-6.00621,19.98644],"0.2917":[-36.47079,17.24117,25.56798],"0.4167":[-38.06879,12.69485,19.39133],"0.5":[-35.52503,15.36423,24.44936],"0.5417":[-28.90906,27.14781,49.19541],"0.5833":[-28.48872,27.93706,52.76736],"0.625":[-29.36225,28.20877,51.00427],"0.75":[3.95711,24.34576,41.58149],"0.8333":[39.68445,25.71586,43.69044],"0.9583":[57.05707,38.13208,56.98801],"1.625":[57.05707,38.13208,56.98801],"1.7917":[18.05755,32.2563,-3.72039],"1.9167":[15.37415,-8.60926,-15.94829],"2.0417":[15.20119,-1.37393,-13.96458],"2.1667":[15.19927,1.03864,-13.30915],"2.2917":[15.63457,-13.42754,-17.30955],"2.4167":[15.28825,-6.1982,-16.28178]}},"arm_left2":{"rotation":{"0.0":[0,20,0],"0.1667":[0,5,0],"0.4167":[0,17.5,0],"0.5833":[0,37.5,0],"0.7083":[0,57,0],"0.8333":[0,65.5,0],"0.9167":[0,52,0],"1.0":[0,76.5,0],"1.0833":[0,81.5,0],"1.75":[0,81.5,0],"1.875":[0,49,0],"1.9583":[0,-1,0],"2.0417":[0,14,6],"2.1667":[0,19,30],"2.2917":[0,7.75,39],"2.4167":[6.64329,16.0663,42.95368]}},"arm_right":{"rotation":{"0.0":[-3.57866,-73.06965,-2.76217],"0.125":[-26.41653,-56.99379,-19.98644],"0.2917":[-36.47079,-40.24117,-30.56798],"0.4167":[-38.06879,-32.69485,-33.39133],"0.5417":[-20.38326,-39.08957,-52.3379],"0.625":[-24.88047,-40.57951,-59.82581],"0.75":[3.95711,-24.34576,-32.83149],"0.8333":[-24.31555,-15.46586,-3.94044],"0.9583":[-42.94293,-5.63208,52.26199],"1.0833":[-62.38737,-1.80325,71.7312],"1.1667":[-62.2627,0.35803,78.76374],"1.5833":[-62.2627,0.35803,78.76374],"1.7083":[-43.17195,-21.36891,66.15167],"1.875":[-4.96989,-44.39066,-12.93724],"1.9583":[31.44414,-10.94556,-30.03207],"2.0417":[32.44447,-28.31257,-34.12201],"2.125":[34.6245,-36.65607,-40.05403],"2.25":[31.72274,-13.07536,-31.37064],"2.2917":[31.0104,6.20353,-19.69309],"2.3333":[30.89492,4.05946,-20.98401]},"position":[0,0,0]},"arm_right2":{"rotation":{"0.0":[0,-20,0],"0.1667":[0,-5,0],"0.4167":[0,-17.5,0],"0.5833":[0,-37.5,0],"0.7083":[0,-42,0],"0.8333":[0,-43.5,0],"0.9167":[0,-37,0],"1.0":[0,-26.75,0],"1.0833":[0,-18.5,0],"1.1667":[0,-15.25,0],"1.7083":[0,-15.25,0],"1.8333":[0,-40.25,0],"1.9583":[0,-5.25,0],"2.0833":[0,-17.75,0],"2.1667":[0,-22.75,0],"2.25":[0,-20.75,0],"2.3333":[0,-15.75,0],"2.375":[0,-15.25,0]}},"hand_right":{"rotation":{"0.0":[0,0,0],"0.125":[0,0,15.5],"0.2083":[0,0,17.5],"0.4167":[0,0,-23.06],"0.5417":[0,0,-32.5],"0.6667":[-5.35922,-6.21589,-32.11336],"0.7917":[-59.2984,-9.02693,-11.33872],"0.9167":[-86.97462,-10.24254,21.14031],"1.0833":[-99.0547,-9.97077,20.65502],"1.7917":[-99.0547,-9.97077,20.65502],"1.9583":[-99.04955,9.78508,17.52392],"2.375":[-107.13181,22.12078,15.41791]}},"finger_index_right_end":{"rotation":[0,0,7.5]},"finger_middle_right_end":{"rotation":{"0.0":[0,0,5],"0.875":[0,0,0],"1.125":[0,0,-35]}},"finger_pinky_right_end":{"rotation":{"0.0":[-5,0,-5],"0.9167":[0,0,0],"1.125":[0,0,-25]}},"neck":{"rotation":{"0.0":[-12.5,0,0],"0.375":[12.5,0,0],"0.625":[27.5,0,0],"0.75":[17.3,0,0],"0.7917":[18.37,0,0],"0.875":[28,0,0],"0.9583":[16.75,0,0],"1.0833":[15,0,0],"1.4583":[15,0,0],"1.6667":[22.5,0,0],"1.8333":[32.5,0,0],"1.9167":[12.5,0,0],"2.0417":[25,0,0],"2.1667":[17.5,0,0],"2.3333":[15,0,0]}},"tongue":{"rotation":{"0.0":[-10,-62.5,0],"0.1667":[-20,-62.5,0],"0.3333":[-27.13125,-62.5,0],"0.4583":[-14.63125,-62.5,0],"0.5833":[-37.13125,-62.5,0],"0.7083":[-50.63125,-62.5,0],"0.875":[-57.13125,-62.5,0],"1.0":[-39.63125,-62.5,0],"1.125":[-34.63125,-62.5,0],"1.5833":[-34.63125,-62.5,0],"1.7917":[49.01437,-66.04195,-43.59641],"1.9167":[114.88197,10.12541,-72.82552]}},"tongue2":{"rotation":{"0.0":[0.2225,-21.7092,9.0128],"1.8333":[0.2225,-21.7092,9.0128],"2.0833":[-34.71729,-10.54118,35.24249]}},"tongue3":{"rotation":{"0.0":[-8.52,-4.03529,13.06193],"0.25":[-23.52,-4.03529,13.06193],"0.4583":[1.48,-4.03529,13.06193],"0.625":[-27.64533,-4.03529,13.06193],"0.8333":[-32.64533,-4.03529,13.06193],"1.0417":[2.45007,-16.52439,12.53047],"1.5833":[8.45007,-16.52439,12.53047],"1.75":[28.45007,-16.52439,12.53047],"1.9167":[-13.02921,-16.52439,12.53047],"2.0417":[13.31392,-16.31338,9.50653],"2.125":[15.9724,-16.07799,6.13321],"2.25":[6.28119,-15.4382,-3.03554]}},"head":{"rotation":{"0.0":[-20,0,0],"0.1667":[-2.5,0,0]}},"head_fin_left":{"rotation":[0,0,0]},"head_fin_right":{"rotation":[0,0,0]},"leg_left":{"rotation":{"0.0":[-36.1105,-45.64546,-35.76508],"0.125":[-39.35847,-43.80812,-28.91892],"0.2917":[-28.93995,-41.21525,-19.25748],"0.4167":[-9.27039,-39.52101,-12.94454],"0.4583":[-7.10373,-39.52101,-12.94454],"0.5417":[-36.5345,-27.66449,-8.25968],"0.625":[-38.78339,-14.52977,-1.84291],"0.7083":[-13.27039,-10.52101,0.05546],"0.8333":[-3.27039,-10.52101,0.05546],"0.9167":[-13.27039,-10.52101,0.05546],"1.0":[-7.02039,-10.52101,0.05546],"1.0833":[-5.77039,-10.52101,0.05546],"1.5":[-13.27039,-10.52101,0.05546],"1.75":[-37.27039,-10.52101,0.05546],"1.8333":[-40.77039,-10.52101,0.05546],"1.9167":[10.97961,-10.52101,0.05546],"1.9583":[21.22961,-10.52101,0.05546],"2.0417":[-3.77039,-10.52101,0.05546],"2.1667":[-13.77039,-10.52101,0.05546],"2.2917":[-10.27039,-0.52101,0.05546],"2.4167":[16.70867,3.24664,-4.66187],"2.5":[13.70867,3.24664,-4.66187]},"position":{"0.0":[0,0,0],"0.125":[0,0.75,0],"0.3333":[0,0.75,0],"0.4583":[0,2.25,0],"0.9583":[0,0,0]}},"leg_left2":{"rotation":{"0.0":[98.84392,-4.86875,1.61455],"0.1667":[89.07469,-4.86875,1.61455],"0.375":[38.50204,-4.86875,1.61455],"0.4583":[45.84392,-4.86875,1.61455],"0.5417":[87.34392,-4.86875,1.61455],"0.625":[95.84392,-4.86875,1.61455],"0.6667":[91.67725,-4.86875,1.61455],"0.75":[41.95503,-4.86875,1.61455],"0.7917":[28.34392,-4.86875,1.61455],"0.875":[45.84392,-4.86875,1.61455],"0.9583":[21.68625,-4.86875,1.61455],"1.0833":[15.21985,-4.86875,1.61455],"1.5":[27.71985,-4.86875,1.61455],"1.7917":[33.21985,-4.86875,1.61455],"1.9167":[0.21985,-4.86875,1.61455]}},"foot_left":{"rotation":{"0.0":[-40.34821,-0.65007,-1.10653],"0.3333":[-19.51488,-0.65007,-1.10653],"0.5":[-27.84821,-0.65007,-1.10653],"0.7917":[-10.34821,-0.65007,-1.10653],"0.875":[-27.71785,-2.58733,-5.71805],"0.9583":[-12.2822,-4.21286,-13.05295]}},"toe_left":{"rotation":{"0.0":[0,0,10],"1.9583":[0,0,10],"2.0417":[50,0,10]}},"toe_inner_left":{"rotation":{"0.0":[2.5,0,7.5],"0.5417":[-0.24439,0.14787,-0.4843]}},"toe_outer_left":{"rotation":{"0.0":[7.5,0,5],"0.5417":[0,0,5]}},"toe_outer_left_end":{"rotation":[-2.5,0,0]},"leg_right":{"rotation":{"0.0":[-16.90939,6.67821,58.11965],"0.0417":[-31.09642,17.63227,54.19681],"0.125":[-36.97047,39.5404,46.35114],"0.25":[-34.87619,38.11799,37.05334],"0.375":[-22.7819,36.69558,27.75555],"0.4583":[-28.98522,34.81475,16.83539],"0.5833":[-66.48522,37.31475,16.83539],"0.75":[-93.67203,48.16437,-62.91591],"0.8333":[-104.71675,64.38101,-76.29057],"0.875":[-101.22621,67.79676,-65.67787],"0.9583":[-123.73751,78.79395,-88.60497],"1.3333":[-123.73751,78.79395,-88.60497],"1.5417":[-40.53194,69.17058,10.1482],"1.6667":[-90.00286,56.02327,-20.27298],"1.7917":[-69.04856,27.38458,-11.56502],"1.9167":[18.1833,-0.75005,13.32167],"2.0833":[-10.5667,-0.75005,13.32167],"2.2083":[-16.5667,-0.75005,13.32167],"2.3333":[-9.90401,-1.12368,16.28674],"2.4167":[16.03778,-1.37276,18.26345],"2.4583":[13.53778,-1.37276,18.26345]},"position":{"0.0":[0,0,0],"0.375":[0,0,0],"0.5":[0,1,0],"0.875":[0,0,0]}},"leg_right2":{"rotation":{"0.0":[66.38899,5.02896,6.37755],"0.125":[73.59764,0.21089,1.68164],"0.25":[62.80629,-4.60717,-3.01427],"0.2917":[50.80629,-4.60717,-3.01427],"0.375":[38.30629,-4.60717,-3.01427],"0.4583":[60.80629,-4.60717,-3.01427],"0.5417":[109.80629,-4.60717,-3.01427],"0.625":[111.30629,-4.60717,-3.01427],"0.75":[82.30629,-4.60717,-3.01427],"0.875":[99.80629,-4.60717,-3.01427],"1.0":[107.30629,-4.60717,-3.01427],"1.4583":[107.30629,-4.60717,-3.01427],"1.625":[89.05629,-4.60717,-3.01427],"1.75":[59.55629,-4.60717,-3.01427],"1.8333":[12.30629,-4.60717,-3.01427],"1.875":[4.80629,-4.60717,-3.01427]}},"foot_right":{"rotation":{"0.0":[2.5,0,-47.5],"0.125":[10,0,-23.75],"0.25":[12.43656,0.9762,-7.43656],"0.375":[12.5,0,0],"0.4583":[-10,0,0],"0.5833":[12.5,0,0]}},"toe_right":{"rotation":{"0.0":[-12.0623,-4.2453,-11.76782],"1.9583":[-12.0623,-4.2453,-11.76782],"2.0417":[22.9377,-4.2453,-11.76782]}},"toe_inner_right_end":{"rotation":[-2.5,0,-2.5]},"toe_outer_right":{"rotation":[2.5,0,0]},"toe_outer_right_end":{"rotation":[-2.5,0,0]},"tongue4":{"rotation":{"0.0":[4.2532,-29.98426,2.78816],"0.2917":[-15.7468,-29.98426,2.78816],"0.9583":[-8.2468,-29.98426,2.78816],"1.75":[4.2532,-29.98426,2.78816],"1.9167":[10.7532,-29.98426,2.78816],"2.0":[29.0032,-29.98426,2.78816],"2.0833":[31.7532,-29.98426,2.78816],"2.1667":[29.0032,-29.98426,2.78816],"2.2917":[4.69346,-29.98426,2.78816]}},"tongue5":{"rotation":{"0.0":[0,-22.5,0],"0.25":[-35,-22.5,0],"0.5":[7.5,-22.5,0],"0.7083":[-30,-22.5,0],"0.9167":[-32.5,-22.5,0],"1.125":[-7.08049,-31.63548,1.96659],"1.3333":[-0.33049,-31.63548,1.96659],"1.75":[-0.40979,-46.63518,2.09116],"1.9167":[-25.40979,-46.63518,2.09116],"2.0":[-6.60215,-46.63518,2.09116],"2.1667":[-14.0274,-46.63518,2.09116]}},"tongue6":{"rotation":{"0.0":[15,-15,0],"0.125":[32.5,-15,0],"0.375":[-24.09254,-15,0],"0.5417":[0.90746,-15,0],"0.6667":[20.90746,-15,0],"0.9583":[-29.09254,-15,0],"1.3333":[-16.59254,-15,0],"1.4583":[-9.09254,-15,0],"1.8333":[28.40746,-15,0],"1.9167":[-1.59254,-15,0],"2.0417":[22.37144,-15,0],"2.1667":[4.52699,-15,0]}},"tongue7":{"rotation":{"0.0":[7.5,-20,0],"0.2083":[36.52482,-20,0],"0.375":[-18.11823,-20,0],"0.5417":[31.88177,-20,0],"0.875":[-15.61823,-20,0],"1.375":[10.7101,-20,0],"1.875":[45.63359,-20,0],"1.9167":[8.13359,-20,0],"2.375":[-9.36641,-20,0]}},"hand_shuriken_right":{"rotation":[0,0,0],"position":[0,1,0]},"hand_left":{"rotation":{"0.0":[0,0,0],"0.125":[0,0,-15.5],"0.2083":[0,0,-17.5],"0.4167":[0,0,23.06],"0.5417":[0,0,32.5],"0.6667":[-5.35922,9.21589,32.11336],"0.7917":[-16.2984,0.02693,11.33872],"0.9167":[-24.97462,-21.75746,-57.14031],"1.0833":[-27.5,0,-80],"1.75":[-35.5,0,-80],"1.875":[-55,0,0],"2.25":[-79.52521,-17.22575,-2.13388],"2.4167":[-82.9117,-53.77546,-15.92809]}},"hand_shuriken_left":{"rotation":[0,0,0]},"inner_eyelid_right":{"position":{"0.0417":[0,0,0],"0.0833":[-0.15,0,0],"0.875":[-0.15,0,0],"0.9167":[0,0,0],"1.0417":[0,0,0],"1.0833":[-0.15,0,0],"1.125":[-0.15,0,0],"1.1667":[0,0,0],"1.6667":[0,0,0],"1.7083":[-0.15,0,0]}},"inner_eyelid_left":{"position":{"0.0417":[0,0,0],"0.0833":[0.15,0,0],"0.875":[0.15,0,0],"0.9167":[0,0,0],"1.0417":[0,0,0],"1.0833":[0.15,0,0],"1.125":[0.15,0,0],"1.1667":[0,0,0],"1.6667":[0,0,0],"1.7083":[0.15,0,0]}},"finger_index_left":{"rotation":{"0.75":[0,0,0],"1.0":[-27.94378,-4.37564,3.17554]}},"finger_middle_left":{"rotation":{"0.7917":[0,0,0],"1.0417":[0,0,27.5]}},"finger_middle_left_end":{"rotation":{"0.7917":[0,0,0],"1.0417":[0,0,92.5],"1.5833":[0,0,92.5],"1.75":[0,0,0]}},"finger_pinky_left":{"rotation":{"0.75":[0,0,0],"1.0417":[0,0,22.5]}},"finger_pinky_left_end":{"rotation":{"0.7917":[0,0,0],"1.0833":[0,0,112.5],"1.625":[0,0,112.5],"1.75":[0,0,0]}}}},"animation.ashgreninja.blink":{"animation_length":0.1667,"bones":{"inner_eyelid_left":{"position":{"0.0":[0.1,0,0],"0.125":[0.1,0,0],"0.1667":[0,0,0]}},"inner_eyelid_right":{"position":{"0.0":[-0.1,0,0],"0.125":[-0.1,0,0],"0.1667":[0,0,0]}}}},"animation.ashgreninja.sleep":{"loop":true,"bones":{"body":{"position":[0,-14,0]},"torso":{"rotation":[7.5,0,0]},"waist":{"rotation":["7.5+Math.cos((query.anim_time-0.2) * 90 * 1) * 1",0,0]},"chest":{"rotation":[10,0,0]},"neck":{"rotation":["17.2718+Math.cos((query.anim_time-0.5) * 90 * 1) * 3",2.37715,0.55455]},"inner_eyelid_right":{"position":[-0.15,0,0]},"inner_eyelid_left":{"position":[0.125,0,0]},"tongue":{"rotation":["-74.5902+Math.cos((query.anim_time-0.5) * 90 * 1) * -4",10.28859,-22.90981]},"tongue2":{"rotation":[-12.51153,2.4407,-0.54143]},"tongue3":{"rotation":[-10.23772,-12.3071,2.20462]},"tongue4":{"rotation":[9.8491,-28.48042,-20.00533]},"tongue5":{"rotation":[37.5625,-9.75001,-16.37938]},"tongue6":{"rotation":[0,-40,0]},"tongue7":{"rotation":[0,-40,0]},"arm_right":{"rotation":[23.58893,-46.25567,-44.04774]},"arm_right2":{"rotation":[1.81016,-61.10513,37.62478]},"hand_right":{"rotation":[12.24721,1.93597,-14.87739]},"arm_left":{"rotation":[23.58893,46.25567,44.04774]},"arm_left2":{"rotation":[15,60,-22.5]},"hand_left":{"rotation":[7.38733,-1.29876,9.91615]},"leg_right":{"rotation":[-125.67466,11.66174,-101.64416]},"leg_right2":{"rotation":[85,0,0]},"foot_right":{"rotation":[0,0,-37.5]},"toe_right":{"rotation":[21.26765,7.52076,-18.58597]},"leg_left":{"rotation":[-127.77918,-17.30312,90.11668]},"leg_left2":{"rotation":[85,0,0]},"foot_left":{"rotation":[19.95744,-0.65182,52.47178]},"toe_left":{"rotation":[-5,0,22.5]}}},"animation.ashgreninja.cry":{"animation_length":1.25,"bones":{"head":{"rotation":{"0.0":[0,0,0],"0.125":[-9.83,0,0],"0.25":[-12.5,0,0],"0.625":[-14,0,0],"1.0":[-12.5,0,0],"1.125":[-9.83,0,0],"1.25":[0,0,0]}},"jaw":{"rotation":{"0.0":[0,0,0],"0.125":[25,0,0],"0.625":[25,0,0],"1.125":[25,0,0],"1.25":[0,0,0]}}}}}}