{"format_version":"1.8.0","animations":{"animation.arcanine_animeallstars.ground_idle":{"loop":true,"bones":{"body":{"position":[0,-0.5,0]},"upper_torso":{"rotation":[-2.5,0,0]},"neck":{"rotation":[5,0,0]},"left_thigh":{"rotation":[-5,0,0]},"left_knee":{"rotation":[5,0,0]},"right_thigh":{"rotation":[-5,0,0]},"right_knee":{"rotation":[5,0,0]},"left_shoulder":{"rotation":[5,0,0]},"left_elbow":{"rotation":[-10,0,0]},"left_frontpaw":{"rotation":[5,0,0]},"right_shoulder":{"rotation":[5,0,0]},"right_elbow":{"rotation":[-10,0,0]},"right_frontpaw":{"rotation":[5,0,0]},"hair_back2":{"rotation":[12.5,0,0]},"hair_back3_left":{"rotation":[22.10335,9.91895,-11.99156]},"hair_back3_left2":{"rotation":[-12.5,0,0]},"hair_back3_right":{"rotation":[22.10335,-9.91895,11.99156]},"hair_back3_right2":{"rotation":[-12.5,0,0]},"hair3_mid":{"rotation":[32.5,0,0]}}},"animation.arcanine_animeallstars.blink":{"animation_length":0.1667,"bones":{"left_eyelid":{"position":{"0.0":[0.1,0,-0.1],"0.125":[0.1,0,-0.1],"0.1667":[0,0,0]}},"right_eyelid":{"position":{"0.0":[-0.1,0,-0.1],"0.125":[-0.1,0,-0.1],"0.1667":[0,0,0]}}}},"animation.arcanine_animeallstars.ground_walk":{"loop":true,"animation_length":1,"bones":{"chest":{"rotation":["-2.5+Math.cos((query.anim_time) * 90 * 4*2) * 2",0,"0+Math.cos((query.anim_time) * 90 * 4) * -6"],"position":[0,0.3,0]},"leg_front_left":{"rotation":{"0.0":[-21,0,0],"0.0833":[-18.08,0,0],"0.4167":[26.21,0,0],"0.5":[30,0,0],"0.6667":[26.21,0,0],"0.9167":[-18.08,0,0],"1.0":[-21,0,0]},"position":{"0.0":[0,0,0],"0.2083":[0,1.25,0],"0.4167":[0,0,0],"0.625":{"pre":[0,1.25,0],"post":[0,1.25,0],"lerp_mode":"catmullrom"},"0.7083":{"post":[0,1.5,0],"lerp_mode":"catmullrom"},"0.7917":{"post":[0,1.25,0],"lerp_mode":"catmullrom"},"0.9167":{"post":[0,0.21,0],"lerp_mode":"catmullrom"},"1.0":[0,0,0]}},"leg_front_left2":{"rotation":{"0.0":[-12.5,0,0],"0.2083":[-3.12,0,0],"0.5":[-17,0,0],"0.5833":[-18.75,0,0],"0.7917":[-40,0,0],"1.0":[-12.5,0,0]}},"foot_front_left":{"rotation":{"0.0":[22.5,0,0],"0.0417":[35,0,0],"0.2083":[10,0,0],"0.375":[-5,0,0],"0.5417":[7.5,0,0],"0.75":[55,0,0],"0.9167":[15.42,0,0],"1.0":[22.5,0,0]}},"leg_front_right":{"rotation":{"0.0":[30,0,0],"0.1667":[26.21,0,0],"0.4167":[-18.08,0,0],"0.5":[-21,0,0],"0.5833":[-18.08,0,0],"0.9167":[26.21,0,0],"1.0":[30,0,0]},"position":{"0.0":{"post":[0,0.21,0],"lerp_mode":"catmullrom"},"0.125":{"post":[0,1.25,0],"lerp_mode":"catmullrom"},"0.2083":{"post":[0,1.5,0],"lerp_mode":"catmullrom"},"0.2917":{"post":[0,1.25,0],"lerp_mode":"catmullrom"},"0.4167":{"post":[0,0.21,0],"lerp_mode":"catmullrom"},"0.5":[0,0,0],"0.7083":[0,1.25,0],"0.9167":[0,0,0],"1.0":[0,0.21,0]}},"leg_front_right2":{"rotation":{"0.0":[-17,0,0],"0.0833":[-18.75,0,0],"0.2917":[-40,0,0],"0.5":[-12.5,0,0],"0.7083":[-3.12,0,0],"1.0":[-17,0,0]}},"foot_front_right":{"rotation":{"0.0":[4.38,0,0],"0.0417":[7.5,0,0],"0.25":[55,0,0],"0.5":[22.5,0,0],"0.5417":[35,0,0],"0.7083":[10,0,0],"0.875":[-5,0,0],"1.0":[4.38,0,0]}},"ear_left":{"rotation":["15+Math.cos((query.anim_time) * 90 * 4*2) * 4",12.5,0]},"ear_right":{"rotation":["15+Math.cos((query.anim_time) * 90 * 4*2) * 4",-12.5,0]},"body_fur_left":{"rotation":[15,0,0]},"body_fur_right":{"rotation":[15,0,0]},"leg_back_left":{"rotation":{"0.0":[26.5,0,0],"0.1667":[22.71,0,0],"0.4167":[-15.08,0,0],"0.5":[-18,0,0],"0.5833":[-15.08,0,0],"0.9167":[22.71,0,0],"1.0":[26.5,0,0]},"position":{"0.0":{"post":[0,0.21,0],"lerp_mode":"catmullrom"},"0.125":{"post":[0,0.55,0],"lerp_mode":"catmullrom"},"0.2083":{"post":[0,0.6,0],"lerp_mode":"catmullrom"},"0.2917":{"post":[0,0.75,0],"lerp_mode":"catmullrom"},"0.4167":{"post":[0,0.21,0],"lerp_mode":"catmullrom"},"0.5":[0,0,0],"0.7083":[0,0.2,0],"0.9167":[0,0,0],"1.0":[0,0.21,0]}},"leg_back_left2":{"rotation":{"0.0":{"post":[-9.5,0,0],"lerp_mode":"catmullrom"},"0.125":{"post":[-35.75,0,0],"lerp_mode":"catmullrom"},"0.25":[-48.75,0,0],"0.4167":[-21,0,0],"0.5":[-12.5,0,0],"0.7083":[-15.62,0,0],"1.0":[-9.5,0,0]}},"foot_back_left":{"rotation":{"0.0":[4.38,0,0],"0.0417":[7.5,0,0],"0.25":[55,0,0],"0.375":[13.75,0,0],"0.5":[35,0,0],"0.7083":[10,0,0],"0.875":[-5,0,0],"1.0":[4.38,0,0]}},"leg_back_right":{"rotation":{"0.0":[-18,0,0],"0.0833":[-15.08,0,0],"0.4167":[22.71,0,0],"0.5":[26.5,0,0],"0.6667":[22.71,0,0],"0.9167":[-15.08,0,0],"1.0":[-18,0,0]},"position":{"0.0":[0,0,0],"0.4167":[0,0,0],"0.5":{"pre":[0,0.21,0],"post":[0,0.21,0],"lerp_mode":"catmullrom"},"0.625":{"post":[0,0.65,0],"lerp_mode":"catmullrom"},"0.7083":{"post":[0,0.6,0],"lerp_mode":"catmullrom"},"0.7917":{"post":[0,0.65,0],"lerp_mode":"catmullrom"},"0.9167":{"post":[0,0.21,0],"lerp_mode":"catmullrom"},"1.0":[0,0,0]}},"leg_back_right2":{"rotation":{"0.0":[-12.5,0,0],"0.2083":[-15.62,0,0],"0.5":{"pre":[-9.5,0,0],"post":[-9.5,0,0],"lerp_mode":"catmullrom"},"0.625":{"post":[-35.75,0,0],"lerp_mode":"catmullrom"},"0.75":[-48.75,0,0],"0.9167":[-21,0,0],"1.0":[-12.5,0,0]}},"foot_back_right":{"rotation":{"0.0":[35,0,0],"0.2083":[10,0,0],"0.375":[-5,0,0],"0.5417":[7.5,0,0],"0.75":[55,0,0],"0.875":[13.75,0,0],"1.0":[35,0,0]}},"body":{"position":[0,-0.75,0]},"torso":{"rotation":["2.5+Math.cos((query.anim_time) * 90 * 4*2 - 90) * 2",0,0],"position":[0,"0+Math.cos((query.anim_time) * 90 * 4*2) * 0.5",0]},"neck":{"rotation":["27.5+Math.cos((query.anim_time) * 90 * 4*2) * -5",0,"Math.cos((query.anim_time) * 90 * 4 - 30) * 2"],"position":[0,-0.6,-0.5]},"head":{"rotation":["-20+Math.cos((query.anim_time) * 90 * 4*2) * 2",0,0]},"tail3":{"rotation":["30+Math.cos((query.anim_time) * 90 * 4*2 - 60) * -15","0+Math.cos((query.anim_time) * 90 * 4 - 150) * 15",0]},"tail4":{"rotation":["20+Math.cos((query.anim_time) * 90 * 4*2 - 120) * -5","0+Math.cos((query.anim_time) * 90 * 4 - 210) * 30",0]},"left_thigh":{"rotation":{"0.0":[26.5,0,0],"0.1667":[22.71,0,0],"0.4167":[-15.08,0,0],"0.5":[-18,0,0],"0.5833":[-15.08,0,0],"0.9167":[22.71,0,0],"1.0":[26.5,0,0]},"position":{"0.0":{"post":[0,2.21,0],"lerp_mode":"catmullrom"},"0.125":{"post":[0,0.55,0],"lerp_mode":"catmullrom"},"0.2083":{"post":[0,0.6,0],"lerp_mode":"catmullrom"},"0.2917":{"post":[0,0.75,0],"lerp_mode":"catmullrom"},"0.4167":{"post":[0,0.21,0],"lerp_mode":"catmullrom"},"0.5":[0,0,0],"0.7083":[0,0.2,0],"0.9167":{"pre":[0,2.21,0],"post":[0,2.21,0],"lerp_mode":"catmullrom"},"1.0":{"post":[0,2.21,0],"lerp_mode":"catmullrom"}}},"left_backpaw":{"rotation":{"0.0":[4.38,0,0],"0.0417":[7.5,0,0],"0.25":[55,0,0],"0.375":[13.75,0,0],"0.5":[35,0,0],"0.7083":[10,0,0],"0.875":[-5,0,0],"1.0":[4.38,0,0]}},"right_thigh":{"rotation":{"0.0":[-18,0,0],"0.0833":[-15.08,0,0],"0.4167":[22.71,0,0],"0.5":[26.5,0,0],"0.6667":[22.71,0,0],"0.9167":[-15.08,0,0],"1.0":[-18,0,0]},"position":{"0.0":[0,2,0],"0.4167":[0,0,0],"0.5":{"pre":[0,0.21,0],"post":[0,0.21,0],"lerp_mode":"catmullrom"},"0.625":{"post":[0,0.65,0],"lerp_mode":"catmullrom"},"0.7083":{"post":[0,0.6,0],"lerp_mode":"catmullrom"},"0.7917":{"post":[0,0.65,0],"lerp_mode":"catmullrom"},"0.9167":[0,2,0],"1.0":[0,2,0]}},"right_backpaw":{"rotation":{"0.0":[35,0,0],"0.2083":[10,0,0],"0.375":[-5,0,0],"0.5417":[7.5,0,0],"0.75":[55,0,0],"0.875":[13.75,0,0],"1.0":[35,0,0]}},"left_shoulder":{"rotation":{"0.0":[-21,0,0],"0.0833":[-18.08,0,0],"0.4167":[26.21,0,0],"0.5":[30,0,0],"0.6667":[26.21,0,0],"0.9167":[-18.08,0,0],"1.0":[-21,0,0]},"position":{"0.0":[0,-1,0],"0.2083":[0,0.25,0],"0.4167":[0,-1,0],"0.625":{"pre":[0,0.25,0],"post":[0,0.25,0],"lerp_mode":"catmullrom"},"0.7083":{"post":[0,0.5,0],"lerp_mode":"catmullrom"},"0.7917":{"post":[0,0.25,0],"lerp_mode":"catmullrom"},"0.9167":{"post":[0,-0.79,0],"lerp_mode":"catmullrom"},"1.0":[0,-1,0]}},"left_elbow":{"rotation":{"0.0":[-12.5,0,0],"0.2083":[-3.12,0,0],"0.5":[-17,0,0],"0.5833":[-18.75,0,0],"0.7917":[-40,0,0],"1.0":[-12.5,0,0]}},"left_frontpaw":{"rotation":{"0.0":[22.5,0,0],"0.0417":[35,0,0],"0.2083":[10,0,0],"0.375":[-5,0,0],"0.5417":[7.5,0,0],"0.75":[55,0,0],"0.9167":[15.42,0,0],"1.0":[22.5,0,0]}},"right_shoulder":{"rotation":{"0.0":[30,0,0],"0.1667":[26.21,0,0],"0.4167":[-18.08,0,0],"0.5":[-21,0,0],"0.5833":[-18.08,0,0],"0.9167":[26.21,0,0],"1.0":[30,0,0]},"position":{"0.0":{"post":[0,-0.79,0],"lerp_mode":"catmullrom"},"0.125":{"post":[0,0.25,0],"lerp_mode":"catmullrom"},"0.2083":{"post":[0,0.5,0],"lerp_mode":"catmullrom"},"0.2917":{"post":[0,0.25,0],"lerp_mode":"catmullrom"},"0.4167":{"post":[0,-0.79,0],"lerp_mode":"catmullrom"},"0.5":[0,-1,0],"0.7083":[0,0.25,0],"0.9167":[0,-1,0],"1.0":{"pre":[0,-0.79,0],"post":[0,-0.79,0],"lerp_mode":"catmullrom"}}},"right_elbow":{"rotation":{"0.0":[-17,0,0],"0.0833":[-18.75,0,0],"0.2917":[-40,0,0],"0.5":[-12.5,0,0],"0.7083":[-3.12,0,0],"1.0":[-17,0,0]}},"right_frontpaw":{"rotation":{"0.0":[4.38,0,0],"0.0417":[7.5,0,0],"0.25":[55,0,0],"0.5":[22.5,0,0],"0.5417":[35,0,0],"0.7083":[10,0,0],"0.875":[-5,0,0],"1.0":[4.38,0,0]}}}}}}