{"format_version":"1.8.0","animations":{"animation.ceruledge_chainsawdevil.ground_idle":{"loop":true,"bones":{"body":{"position":[0,"-2.5+Math.cos((query.anim_time) * 90 * 1 - 35) * -0.1","0+Math.cos((query.anim_time) * 90 * 1 - 35) * 0.1"]},"chest":{"rotation":["-2.5+Math.cos((query.anim_time) * 90 * 1 - 75) * 2",0,0]},"arm_left":{"rotation":[9.06159,"-23.399+Math.cos((query.anim_time) * 90 * 1 - 105) * 5",38.11977],"position":[0,-0.5,0]},"arm_left2":{"rotation":[0,37.5,0]},"neck":{"rotation":[2.5,0,0]},"head":{"rotation":["5+Math.cos((query.anim_time) * 90 * 1 - 105) * -3",0,0]},"leg_left":{"rotation":[-10,0,0]},"leg_left2":{"rotation":["-7.5625+Math.cos((query.anim_time) * 90 * 1 - 35) * -1",-7.76176,-18.99433]},"leg_right":{"rotation":[-15,0,0]},"leg_right2":{"rotation":["4.7806+Math.cos((query.anim_time) * 90 * 1 - 35) * -1",12.78033,20.94359]},"arm_right":{"rotation":[9.06159,"23.399+Math.cos((query.anim_time) * 90 * 1 - 105) * -5",-38.11977],"position":[0,-0.5,0]},"arm_right2":{"rotation":[0,-37.5,0]},"leg_left3":{"rotation":["35+Math.cos((query.anim_time) * 90 * 1 - 35) * 1",0,0]},"leg_right3":{"rotation":["35+Math.cos((query.anim_time) * 90 * 1 - 35) * 1",0,0]},"foot_left_pivot":{"rotation":[-12.5,0,"-10-Math.cos((query.anim_time) * 90 * 1) * 1"]},"foot_right_pivot":{"rotation":[-12.39638,-1.61888,"7.6758+Math.cos((query.anim_time) * 90 * 1) * 1"]},"arm_left3":{"rotation":[-15,0,0]},"arm_right3":{"rotation":[-15,0,0]},"torso":{"rotation":["0+Math.cos((query.anim_time) * 90 * 1 - 45) * 2",0,0],"position":[0,"0+Math.cos((query.anim_time) * 90 * 1) * 0.3",0]},"lower_jaw":{"rotation":["17.5+Math.cos((query.anim_time) * 90 * 1 + 75) * -4",0,0]},"necktie":{"rotation":["10+Math.cos((query.anim_time) * 90 * 1 - 75) * 4",0,0]},"necktie2":{"rotation":["0+Math.cos((query.anim_time) * 90 * 1 - 95) * 4",0,0]}}},"animation.ceruledge_chainsawdevil.ground_walk":{"loop":true,"animation_length":1,"bones":{"body":{"position":[0,-2.25,0]},"torso":{"rotation":["12.5+Math.cos((query.anim_time) * 90 * 8 - 80) * 1",17.5,0],"position":[0,"1+Math.cos((query.anim_time) * 90 * 4*2 - 25) * 0.6",0]},"waist":{"rotation":[32.5,-5,0],"position":[0,0.5,0.5]},"chest":{"rotation":["-5+Math.cos((query.anim_time) * 90 * 8 - 130) * 1",-5,5],"position":[0,0,-1]},"arm_left":{"rotation":[-12.5,35,"10+Math.cos((query.anim_time) * 90 * 8 - 70) * -2"]},"arm_left2":{"rotation":[0,"30+Math.cos((query.anim_time) * 90 * 8 - 100) * -3",0]},"arm_right":{"rotation":[-40,27.5,"-40+Math.cos((query.anim_time) * 90 * 8 - 70) * 2"]},"arm_right2":{"rotation":[0,"-37.5+Math.cos((query.anim_time) * 90 * 8 - 100) * 3",0]},"arm_right3":{"rotation":[-15,0,0]},"neck":{"rotation":[-2.5,0,0]},"head":{"rotation":["-30+Math.cos((query.anim_time) * 90 * 8 - 130) * -2",-5,5]},"leg_left":{"rotation":["0+Math.cos((query.anim_time) * 90 * 4 - 25) * -5",0,0],"position":[0,"0+Math.cos((query.anim_time) * 90 * 4) * -0.5",0]},"leg_left2":{"rotation":{"0.0":[-54.25,-10,-18],"0.0833":[-50.67,-10,-18],"0.25":[-29.5,-10,-18],"0.5":[-14.5,-10,-18],"0.625":[-22.17,-10,-18],"0.75":[-49.5,-10,-18],"0.875":[-56.25,-10,-18],"1.0":[-54.25,-10,-18]},"position":[0,-0.5,0]},"leg_left3":{"rotation":{"0.0":[45,0,6],"0.25":[25,0,6],"0.5":[45,0,6],"0.75":[77.5,0,6],"1.0":[45,0,6]}},"leg_right":{"rotation":["0+Math.cos((query.anim_time) * 90 * 4 - 25) * 5",0,0],"position":[0,"0+Math.cos((query.anim_time) * 90 * 4) * 0.5",0]},"leg_right2":{"rotation":{"0.0":[-14.5,10,18],"0.125":[-22.17,10,18],"0.25":[-49.5,10,18],"0.375":[-56.25,10,18],"0.5":[-54.25,10,18],"0.5833":[-50.67,10,18],"0.75":[-29.5,10,18],"1.0":[-14.5,10,18]},"position":[0,-0.5,0]},"leg_right3":{"rotation":{"0.0":[45,0,-6],"0.25":[77.5,0,-6],"0.5":[45,0,-6],"0.75":[22.5,0,-6],"1.0":[45,0,-6]}},"hips_armor_front":{"rotation":["-18.5329+Math.cos((query.anim_time) * 90 * 8 - 130) * -5",-12.40483,-0.69581]},"hips_armor_back":{"rotation":["10+Math.cos((query.anim_time) * 90 * 8 - 130) *10",0,0]},"shoulder_left":{"rotation":[0,0,"4*Math.cos((query.anim_time) * 90 * 8 + 50)"]},"shoulder_right":{"rotation":[0,0,"-2*Math.cos((query.anim_time) * 90 * 8 + 50)"]},"necktie":{"rotation":[-30,0,"0+Math.cos((query.anim_time) * 90 * 8 - 160) * 5"]},"necktie2":{"rotation":[0,0,"0+Math.cos((query.anim_time) * 90 * 8 - 200) * 5"]}}},"animation.ceruledge_chainsawdevil.battle_idle":{"loop":true,"bones":{"body":{"rotation":[0,2.5,0],"position":[0,"-2.375+Math.cos((query.anim_time) * 90 * 2) * -0.15","3+Math.cos((query.anim_time) * 90 * 2) * 0.1"]},"torso":{"rotation":["15+Math.cos((query.anim_time) * 90 * 2 + 60) * 2",0,0],"position":[0,"0+Math.cos((query.anim_time) * 90 * 4) * 0.15",0]},"waist":{"rotation":[12.5,-12.5,-2.5]},"chest":{"rotation":["17.5+Math.cos((query.anim_time) * 90 * 2 - 20) * 3",0,0]},"arm_left":{"rotation":[0,"-17.5+Math.cos((query.anim_time) * 90 * 2) * 6","27.5+Math.cos((query.anim_time) * 90 * 4 - 50) * -2"]},"arm_left2":{"rotation":[0,35,0]},"arm_left3":{"rotation":[-35,0,"0+Math.cos((query.anim_time) * 90 * 4 - 100) * 2"]},"arm_right":{"rotation":[0,"17.5+Math.cos((query.anim_time) * 90 * 2) * -6","-27.5+Math.cos((query.anim_time) * 90 * 4 - 50) * 2"]},"arm_right2":{"rotation":[0,-47.5,0]},"arm_right3":{"rotation":[-35,0,"10+Math.cos((query.anim_time) * 90 * 4 - 100) * 2"]},"neck":{"rotation":["-17.5+Math.cos((query.anim_time) * 90 * 2 + 40) * -4",0,0]},"head":{"rotation":[-15,10,0]},"leg_left2":{"rotation":["-30+Math.cos((query.anim_time) * 90 * 2) * -1.5",-12.5,-20]},"leg_left3":{"rotation":["27.5+Math.cos((query.anim_time) * 90 * 2) * 1.5",0,2.5]},"foot_left_pivot":{"rotation":["-17.4375+Math.cos((query.anim_time) * 90 * 2) * 0.8",1.50179,"7.2697-Math.cos((query.anim_time) * 90 * 2) * 0.2"],"position":[0,0.25,0]},"leg_right2":{"rotation":["-12.5+Math.cos((query.anim_time) * 90 * 2) * -1.5",12.5,20]},"leg_right3":{"rotation":["27.5+Math.cos((query.anim_time) * 90 * 2) * 2",0,0]},"foot_right_pivot":{"rotation":["-20-Math.cos((query.anim_time) * 90 * 2) * 0.5",0,5],"position":[0,0.25,0]},"lower_jaw":{"rotation":["17.5+Math.cos((query.anim_time) * 90 * 2 + 40) * -4",0,0]},"necktie":{"rotation":[-42.39121,3.37562,"3.6906+Math.cos((query.anim_time) * 90 * 2 - 20) * 4"]},"necktie2":{"rotation":[0,0,"3.6906+Math.cos((query.anim_time) * 90 * 2 - 40) * 4"]}}},"animation.ceruledge_chainsawdevil.sleep":{"loop":true,"bones":{"body":{"position":[0,-19,3]},"torso":{"rotation":[-22.5,0,0],"position":[0,1.75,0]},"waist":{"rotation":["1+Math.cos((query.anim_time) * 90 * 1) * 1",0,0]},"chest":{"rotation":[17.5,-10,0]},"arm_left":{"rotation":[-50,-10,"65+Math.cos((query.anim_time) * 90 * 1) * 1"]},"arm_left2":{"rotation":[22.5,32.5,-35]},"arm_left3":{"rotation":[5,0,"-5+Math.cos((query.anim_time) * 90 * 1) * -1"]},"arm_right":{"rotation":[-32.5,"-47.5+Math.cos((query.anim_time) * 90 * 1) * -1",0]},"shoulder_right":{"rotation":[-17.5,0,0]},"arm_right2":{"rotation":[10,-17.5,0]},"arm_right3":{"rotation":[23.07002,3.89501,"-11.0637+Math.cos((query.anim_time) * 90 * 1) * 2"]},"neck":{"rotation":[15,0,0]},"head":{"rotation":["12.5+Math.cos((query.anim_time) * 90 * 1 - 90) * 1",0,5]},"leg_left":{"rotation":[-47.5,0,-12.5]},"leg_left2":{"rotation":[-47.5,-42.5,12.5],"position":[0,-0.75,1]},"leg_left3":{"rotation":[10,0,10]},"leg_right":{"rotation":[-60,0,0]},"leg_right2":{"rotation":[-62.5,27.5,10],"position":[0,-0.5,0.75]},"leg_right3":{"rotation":[60,0,0]},"necktie":{"rotation":[15,0,0]},"necktie2":{"rotation":[-30,0,0]}}},"animation.ceruledge_chainsawdevil.faint":{"loop":true,"animation_length":3,"bones":{"body":{"position":{"0.0":[0,-1.75,0],"0.0833":[0,-2.275,0.34],"0.2083":[0,-5,2.65],"0.4583":[0,-3.5,3.35],"0.75":[0,-2.85,3.5],"1.0":[0,-2.1,3.5],"1.1667":[0,-0.6,4.975],"1.375":[0,-0.35,5.5],"1.5417":[0,-1.18,5.1],"1.6667":[0,-9.525,-0.1],"1.75":[0,-10.275,-0.45],"1.8333":[0,-10.025,-0.25],"2.0417":[0,-9.675,-0.25]}},"torso":{"rotation":{"0.0":[-10,0,0],"0.125":[-8.25,0,0],"0.25":[8.5,0,0],"0.3333":[6.7,0,0],"0.4583":[-1,0,0],"0.6667":[-5,0,0],"0.9167":[-6,2.25,0],"1.0833":[9,0,0],"1.125":[7.14,-4.275,0],"1.25":[-7.67,-34.825,-6.25],"1.4167":[-11,-45,-7.5],"1.5833":[-7.67,-34.825,-6.25],"1.6667":[3.14,5.225,-1.2],"1.7917":[7.14,15.725,0],"1.9167":[8.24,18.23,0.425]}},"waist":{"rotation":[7.5,0,0]},"chest":{"rotation":{"0.0":[7.5,0,0],"0.1667":[9.35,0,0],"0.3333":[17.5,0,0],"0.4167":[18.63,0,0],"0.6667":[10.09,0,0],"0.9167":[12.38,0,0],"1.0833":[18.91,-1.925,0],"1.2083":[11.1,-5.995,0],"1.375":[5.25,-13.75,0],"1.5":[7.5,-15.25,0],"1.5833":[11.25,-27.09,0],"1.6667":[22.5,-14.575,0],"1.75":[23.7,-12.5,0],"1.9583":["23.7+Math.cos((query.anim_time) * 90 * 6) * 4",-12.5,0],"3.0":[24.85,-12.5,0]}},"arm_left":{"rotation":{"0.0":[0,0,37.5],"0.1667":[0,0,15],"0.3333":[0,0,42.5],"0.5833":[0,0,47.5],"0.875":[0,-2.5,42],"0.9583":[0,-5.67,36.08],"1.0833":[0,-28.56,9.71],"1.25":[20,-31.55,0],"1.5":[22.5,-27.5,-2.5],"1.625":[22.5,-22.025,-2.5],"1.75":[22.5,8,37.5],"1.875":[22.5,14.2,44.25],"2.0833":[22.5,"15.5+Math.cos((query.anim_time) * 90 * 6) * 4",45.7],"3.0":[22.5,14.2,44.25]}},"arm_left2":{"rotation":{"0.0":[0,0,0],"0.2083":[0,0,-15],"0.4167":[0,0,-2.5],"0.5833":[0,0,0],"0.7917":[0,0,-0.83],"0.9583":[0,5,7.5],"1.0417":[0,11,37],"1.1667":[0,20,-27.5],"1.5417":[0,17,-17.45],"1.6667":[0,-50.5,18.15],"1.75":[-22.5,15,20]}},"arm_left3":{"rotation":{"0.0":[0,27.5,0],"1.8333":[0,27.5,0],"1.9167":[0,26.75,-0.5],"1.9583":[0,"28.425+Math.cos((query.anim_time) * 90 * 6) * -3","1.25+Math.cos((query.anim_time) * 90 * 6) * -3"],"3.0":[0,27.5,0]}},"arm_right":{"rotation":{"0.0":[0,0,-37.5],"0.2083":[0,12.5,-19.44],"0.375":[0,22.5,-45],"0.5417":[0,22.5,-50],"0.9167":[0,19.825,-52.5],"1.1667":[7.75,15.25,-46.25],"1.375":[25,2.5,-30],"1.5":[25,-12.5,-17.5],"1.5833":[21.75,-9.1,-14.5],"1.6667":[-5,7.5,10],"1.75":[-5,12.5,13.275],"1.875":[-5,14.5,5.075],"2.0":[-5,14.5,-7.325],"2.1667":[-5,14.5,-27.5],"2.3333":[-5,14.5,-36],"2.5":[-5,14.5,-39]}},"arm_right2":{"rotation":{"0.0":[0,0,0],"0.0833":[0,0,-12.5],"0.25":[0,0,15],"0.4583":[0,0,5],"0.9583":[0,4,5],"1.125":[0,19.75,5],"1.2083":[0,40.75,5],"1.25":[0,7.5,5],"1.2917":[0,-12.5,5],"1.4167":[0,-25,5],"1.5833":[0,-31,5],"1.6667":[0,-56,5],"1.75":[0,-1.25,5],"1.8333":[0,11.5,5],"1.9583":[0,17.5,5]}},"arm_right3":{"rotation":[0,-27.5,0]},"head":{"rotation":{"0.0":[0,0,0],"0.2083":[-19.5,0,0],"0.375":[-22.5,0,0],"0.625":[-9.5,0,0],"0.875":[-5.5,0,0],"1.0833":[4.5,17.5,0],"1.2917":[2.3,17.5,0],"1.4583":[-11.9,27.5,0],"1.5833":[-25.525,46.5,0],"1.6667":[-27.25,7.5,0],"1.75":[-14.25,-1.27,3.33],"1.7917":[-0.5,-2.5,5],"1.875":[9,-2.5,5],"1.9583":[10.9,-2.5,5],"2.0417":[9.805,-2.5,5],"2.125":["5.5+Math.cos((query.anim_time-0.15) * 90 * 6) * 3",-2.5,5],"2.5833":["-0.5+Math.cos((query.anim_time-0.15) * 90 * 6) * 3",-2.5,5],"3.0":[-1.5,-2.5,5]}},"leg_left2":{"rotation":{"0.0":[-12.5,-12.5,-17.5],"0.125":[-19.04,-12.5,-18.57],"0.2083":[-37.2,-12.5,-19.23],"0.3333":[-43.77,-12.5,-20.38],"0.5417":[-20.75,-12.5,-25],"0.6667":[-16.88,-12.5,-24.62],"0.9167":[-14.9,-12.5,-23.875],"1.3333":[-5,-12.5,-17.5],"1.5417":[-6.95,-12.5,-17.5],"1.7083":[-15,-5,-17.5]}},"leg_left3":{"rotation":{"0.0":[27.5,0,0],"0.125":[30.56,0,1.15],"0.2083":[51.495,0,1.92],"0.3333":[55.47,0,3.08],"0.5417":[42.5,0,5],"0.9583":[36.75,0,5],"1.3333":[10,0,5],"1.5417":[18.175,0,5],"1.6667":[73.65,0,5],"1.75":[78.65,0,5],"1.875":[73.65,0,5],"2.0":[72.65,0,5]},"position":{"0.0":[0,0,0],"0.2083":[0,1.5,0],"0.625":[0,0,0]}},"leg_right2":{"rotation":{"0.0":[-12.5,12.5,17.5],"0.125":[-2.15,12.5,19.23],"0.2917":[4.98,12.5,20.38],"0.4583":[-3.525,12.5,25],"0.6667":[-9.38,12.5,24.62],"0.9167":[-11.15,12.5,23.875],"1.3333":[-5,12.5,17.5],"1.5417":[-13.475,12.5,17.5],"1.625":[-74.12,12.5,10.83],"1.6667":[-81.95,12.5,7.5],"1.75":[-85.2,12.5,7.25],"1.875":[-82.475,12.5,7.25]}},"leg_right3":{"rotation":{"0.0":[27.5,0,0],"0.2083":[43.27,0,-1.92],"0.5417":[37.625,0,-5],"0.9583":[36.75,0,-5],"1.3333":[10,0,-5],"1.5417":[18.175,0,-5],"1.6667":[70.68,0,-5],"1.75":[74.73,0,-5],"1.875":[76.68,0,-5]},"position":{"0.0":[0,0,0],"1.625":[0,0,0],"1.7917":[0,0,-1.25]}}}},"animation.ceruledge_chainsawdevil.faint2":{"loop":true,"animation_length":3,"bones":{"body":{"position":{"0.0":[0,-1.75,0],"0.0833":[0,-2.275,0.34],"0.2083":[0,-5,2.65],"0.4583":[0,-3.5,3.35],"0.75":[0,-2.85,3.5],"1.0":[0,-2.1,3.5],"1.1667":[0,-0.6,4.975],"1.375":[0,-0.35,5.5],"1.5417":[0,-1.18,5.1],"1.6667":[0,-9.525,-0.1],"1.75":[0,-10.275,-0.45],"1.8333":[0,-10.025,-0.25],"2.0417":[0,-9.675,-0.25]}},"torso":{"rotation":{"0.0":[-10,0,0],"0.125":[-8.25,0,0],"0.25":[8.5,0,0],"0.3333":[6.7,0,0],"0.4583":[-1,0,0],"0.6667":[-5,0,0],"0.9167":[-6,2.25,0],"1.0833":[9,0,0],"1.125":[7.14,-4.275,0],"1.25":[-7.67,-34.825,-6.25],"1.4167":[-11,-45,-7.5],"1.5833":[-7.67,-34.825,-6.25],"1.6667":[3.14,5.225,-1.2],"1.7917":[7.14,15.725,0],"1.9167":[8.24,18.23,0.425]}},"waist":{"rotation":[7.5,0,0]},"chest":{"rotation":{"0.0":[7.5,0,0],"0.1667":[9.35,0,0],"0.3333":[17.5,0,0],"0.4167":[18.63,0,0],"0.6667":[10.09,0,0],"0.9167":[12.38,0,0],"1.0833":[18.91,-1.925,0],"1.2083":[11.1,-5.995,0],"1.375":[5.25,-13.75,0],"1.5":[7.5,-15.25,0],"1.5833":[11.25,-27.09,0],"1.6667":[22.5,-14.575,0],"1.75":[23.7,-12.5,0],"1.9583":["23.7+Math.cos((query.anim_time) * 90 * 6) * 4",-12.5,0],"3.0":[24.85,-12.5,0]}},"arm_left":{"rotation":{"0.0":[0,0,37.5],"0.1667":[0,0,15],"0.3333":[0,0,32.5],"0.5833":[0,0,38.75],"0.875":[0,-2.5,36.75],"0.9583":[0,-5.67,30.83],"1.0833":[0,-28.56,9.71],"1.25":[20,-31.55,0],"1.5":[22.5,-27.5,-2.5],"1.625":[22.5,-22.025,-2.5],"1.75":[22.5,8,0],"1.875":[22.5,14.2,0.75],"2.0833":[22.5,"15.5+Math.cos((query.anim_time) * 90 * 6) * 4",2.2],"3.0":[22.5,14.2,0.75]}},"arm_left2":{"rotation":{"0.0":[0,0,0],"0.2083":[0,0,-15],"0.4167":[0,0,-2.5],"0.5833":[0,0,0],"0.7917":[0,0,-0.83],"0.9583":[0,5,7.5],"1.0417":[0,11,37],"1.1667":[0,20,-27.5],"1.5417":[0,17,-17.45],"1.6667":[0,-50.5,45.4],"1.75":[-22.5,45,52.5]}},"arm_left3":{"rotation":{"0.0":[0,27.5,0],"1.75":[0,27.5,0],"1.8333":[0,27.5,0],"1.9167":[0,30.15,-0.5],"1.9583":[0,"28.425+Math.cos((query.anim_time) * 90 * 6) * 3","1.25+Math.cos((query.anim_time) * 90 * 6) * -3"],"3.0":[0,27.5,0]}},"arm_right":{"rotation":{"0.0":[0,0,-37.5],"0.2083":[0,12.5,-19.44],"0.375":[0,22.5,-40.75],"0.5417":[0,22.5,-45.75],"0.9167":[0,19.825,-48.25],"1.1667":[7.75,15.25,-42],"1.375":[25,2.5,-30],"1.5":[25,-12.5,-17.5],"1.5833":[21.75,-9.1,-14.5],"1.6667":[-5,7.5,10],"1.75":[-5,12.5,13.275],"1.875":[-5,14.5,5.075],"2.0":[-5,14.5,-7.325],"2.1667":[-5,14.5,-27.5],"2.3333":[-5,14.5,-36],"2.5":[-5,14.5,-39]}},"arm_right2":{"rotation":{"0.0":[0,0,0],"0.0833":[0,0,-12.5],"0.25":[0,0,15],"0.4583":[0,0,5],"0.9583":[0,4,5],"1.125":[0,19.75,5],"1.2083":[0,40.75,5],"1.25":[0,7.5,5],"1.2917":[0,-12.5,5],"1.4167":[0,-25,5],"1.5833":[0,-31,5],"1.6667":[0,-56,5],"1.75":[0,-1.25,5],"1.8333":[0,11.5,5],"1.9583":[0,17.5,5]}},"arm_right3":{"rotation":[0,-27.5,0]},"head":{"rotation":{"0.0":[0,0,0],"0.2083":[-19.5,0,0],"0.375":[-22.5,0,0],"0.625":[-9.5,0,0],"0.875":[-5.5,0,0],"1.0833":[4.5,17.5,0],"1.2917":[2.3,17.5,0],"1.4583":[-11.9,27.5,0],"1.5833":[-25.525,46.5,0],"1.6667":[-27.25,7.5,0],"1.75":[-14.25,-1.27,3.33],"1.7917":[-0.5,-2.5,5],"1.875":[9,-2.5,5],"1.9583":[10.9,-2.5,5],"2.0417":[9.805,-2.5,5],"2.125":["5.5+Math.cos((query.anim_time-0.15) * 90 * 6) * 3",-2.5,5],"2.5833":["-0.5+Math.cos((query.anim_time-0.15) * 90 * 6) * 3",-2.5,5],"3.0":[-1.5,-2.5,5]}},"leg_left2":{"rotation":{"0.0":[-12.5,-12.5,-17.5],"0.125":[-19.04,-12.5,-18.57],"0.2083":[-37.2,-12.5,-19.23],"0.3333":[-43.77,-12.5,-20.38],"0.5417":[-28.25,-12.5,-25],"0.6667":[-16.88,-12.5,-24.62],"0.9167":[-14.9,-12.5,-23.875],"1.3333":[-5,-12.5,-17.5],"1.5417":[-6.95,-12.5,-17.5],"1.7083":[-15,-5,-17.5]}},"leg_left3":{"rotation":{"0.0":[27.5,0,0],"0.125":[30.56,0,1.15],"0.2083":[51.495,0,1.92],"0.3333":[55.47,0,3.08],"0.5417":[42.5,0,5],"0.9583":[36.75,0,5],"1.3333":[10,0,5],"1.5417":[18.175,0,5],"1.6667":[73.65,0,5],"1.75":[78.65,0,5],"1.875":[73.65,0,5],"2.0":[72.65,0,5]},"position":{"0.0":[0,0,0],"0.2083":[0,1.5,0],"0.625":[0,0,0]}},"leg_right2":{"rotation":{"0.0":[-12.5,12.5,17.5],"0.125":[-2.15,12.5,19.23],"0.2917":[4.98,12.5,20.38],"0.4583":[-3.525,12.5,25],"0.6667":[-9.38,12.5,24.62],"0.9167":[-11.15,12.5,23.875],"1.3333":[-5,12.5,17.5],"1.5417":[-13.475,12.5,17.5],"1.625":[-74.12,12.5,10.83],"1.6667":[-81.95,12.5,7.5],"1.75":[-85.2,12.5,7.25],"1.875":[-82.475,12.5,7.25]}},"leg_right3":{"rotation":{"0.0":[27.5,0,0],"0.2083":[43.27,0,-1.92],"0.5417":[37.625,0,-5],"0.9583":[36.75,0,-5],"1.3333":[10,0,-5],"1.5417":[18.175,0,-5],"1.6667":[70.68,0,-5],"1.75":[74.73,0,-5],"1.875":[76.68,0,-5]},"position":{"0.0":[0,0,0],"1.625":[0,0,0],"1.7917":[0,0,-1.25]}}}},"animation.ceruledge_chainsawdevil.blink":{"animation_length":0.1667},"animation.ceruledge_chainsawdevil.cry":{"animation_length":1.25,"bones":{"head":{"rotation":{"0.0":{"post":[0,0,0],"lerp_mode":"catmullrom"},"0.125":{"post":[12.5,0,0],"lerp_mode":"catmullrom"},"0.25":{"post":[-17.5,0,0],"lerp_mode":"catmullrom"},"0.9583":{"post":[-20.5,0,0],"lerp_mode":"catmullrom"},"1.125":{"post":[3.81,0,0],"lerp_mode":"catmullrom"},"1.25":{"post":[0,0,0],"lerp_mode":"catmullrom"}}}}}}}