{"format_version":"1.8.0","animations":{"animation.cyndaquil_animeallstars.ground_idle":{"loop":true,"bones":{"torso":{"rotation":["20+math.cos(q.anim_time*90*3)*1",0,0],"position":[0,"0+math.sin(q.anim_time*90*3)*0.2",0]},"arm_right":{"rotation":[24.67,1.37,"-48.8+math.cos(q.anim_time*90*3-90)*2"]},"arm_left":{"rotation":[24.67,-1.37,"48.8-math.cos(q.anim_time*90*3-90)*2"]},"head":{"rotation":["-12.5-math.cos(q.anim_time*90*3-120)*2",0,0]},"leg_right":{"rotation":[0,10,0],"position":[-0.25,0,0]},"leg_left":{"rotation":[0,-10,0],"position":[0.25,0,0]},"fire":{"rotation":["math.sin(q.anim_time*90*3*2-90)*1-1*6",0,"math.sin(q.anim_time*90*3-150)*1-1)+6*(math.sin(q.anim_time*90*3/2-90)*10"],"position":[0,-2.75,0]},"torso2":{"rotation":["-7.5+math.cos(q.anim_time*90*3-60)*1",0,0]},"muzzle":{"rotation":["0-math.cos(q.anim_time*90*3-140)*1",0,0]},"muzzle2":{"rotation":["0-math.cos(q.anim_time*90*3-160)*1",0,0]}}},"animation.cyndaquil_animeallstars.battle_idle":{"loop":true,"bones":{"torso":{"rotation":["22.6451+math.cos(q.anim_time*90*4)*1",-5.53939,-0.74231],"position":[0,"0+math.sin(q.anim_time*90*4)*0.2",0]},"arm_right":{"rotation":[24.67,1.37,"-48.8+math.cos(q.anim_time*90*4-90)*2"]},"arm_left":{"rotation":[24.67,-1.37,"48.8-math.cos(q.anim_time*90*4-90)*2"]},"head":{"rotation":["-15.2233-math.cos(q.anim_time*90*4-120)*2",-1.58146,-1.93647]},"leg_right":{"rotation":[0,12.5,0],"position":[-0.5,0,0]},"leg_left":{"rotation":[0,-20,0],"position":[0.5,0,0]},"fire":{"rotation":["-7.5171+math.sin(q.anim_time*90*3*2-90)*1-1*6",-4.98455,"0.3933+math.sin(q.anim_time*90*3-150)*1-1)+6*(math.sin(q.anim_time*90*3/2-90)*10"],"position":[0.25,0,0.75],"scale":[1.1,"2.1-math.sin(q.anim_time*90*4*2-90)*0.02-1","2-math.sin(q.anim_time*90*4*2)*0.02-1"]},"torso2":{"rotation":["-12.5+math.cos(q.anim_time*90*4-60)*1",0,0]},"muzzle":{"rotation":["0-math.cos(q.anim_time*90*4-140)*1",0,0]},"muzzle2":{"rotation":["0-math.cos(q.anim_time*90*4-160)*1",0,0]},"body":{"rotation":[0,8,0]}}},"animation.cyndaquil_animeallstars.ground_run":{"loop":true,"bones":{"torso":{"rotation":["7.5+math.sin(q.anim_time*90*4*2-90)*6+5 ",0,0],"position":[0,"0+math.sin(q.anim_time*90*4)*0.2",0]},"arm_right":{"rotation":["0+math.clamp(math.sin(-q.anim_time*90*8+10)*40,-50,5)-math.clamp(math.sin(q.anim_time*90*8+10)*20,-50,5)",0,"-10+math.cos(q.anim_time*90*8)*10"],"position":[0,"-0.5+math.clamp(math.sin(q.anim_time*90*4*2+50-180)*0.5,0,1)+math.clamp(math.sin(q.anim_time*90*4*2+50)*0.8,0,1)","-math.sin(math.sin(q.anim_time*90*8)*5)"]},"arm_left":{"rotation":["0+math.clamp(math.sin(-q.anim_time*90*8+10)*40,-50,5)-math.clamp(math.sin(q.anim_time*90*8+10)*20,-50,5)",0,"10-math.cos(q.anim_time*90*8)*10"],"position":[0,"-0.5+math.clamp(math.sin(q.anim_time*90*4*2+50-180)*0.5,0,1)+math.clamp(math.sin(q.anim_time*90*4*2+50)*0.8,0,1)","-math.sin(math.sin(q.anim_time*90*8)*5)"]},"head":{"rotation":["-27.5+math.sin(q.anim_time*90*4*2-120)*-14",0,0],"position":[0,-1,0]},"leg_right":{"rotation":["-27.5+math.clamp(math.sin(-q.anim_time*90*8+120)*30,-50,5)-math.clamp(math.sin(q.anim_time*90*8-120)*40,-50,5)",0,0],"position":[-0.75,"math.clamp(math.sin(q.anim_time*90*4*2+50-180)*-0.2,-1,0)+math.clamp(math.sin(q.anim_time*90*4*2+50)*-0.3,-1,0)","math.sin(math.sin(q.anim_time*90*8)*20)+0.3"]},"leg_left":{"rotation":["-27.5+math.clamp(math.sin(-q.anim_time*90*8+120)*30,-50,5)-math.clamp(math.sin(q.anim_time*90*8-120)*40,-50,5)",0,0],"position":[0.75,"math.clamp(math.sin(q.anim_time*90*4*2+50-180)*-0.2,-1,0)+math.clamp(math.sin(q.anim_time*90*4*2+50)*-0.3,-1,0)","math.sin(math.sin(q.anim_time*90*8)*20)+0.3"]},"fire":{"rotation":["math.sin(q.anim_time*90*3*2-90)*1-1*6",0,"math.sin(q.anim_time*90*3-150)*1-1)+6*(math.sin(q.anim_time*90*3/2-90)*10"],"position":[0,-2.75,0]},"torso2":{"rotation":["-15+math.sin(q.anim_time*90*4*2-60)*-5",0,0]},"muzzle":{"rotation":["0-math.cos(q.anim_time*90*4*2-140)*1",0,0]},"muzzle2":{"rotation":["0-math.cos(q.anim_time*90*4*2-160)*1",0,0]},"body":{"rotation":["math.sin(q.anim_time*90*4*2-90)*10+32.5",0,0],"position":[0,"-2+math.clamp(math.sin(q.anim_time*90*8+30)*3,0,5)+math.clamp(math.sin(q.anim_time*90*8+30)*0.2,-1,0)","-math.sin(q.anim_time*90*8+math.sin(q.anim_time*90*8+60)*-40)"]},"foot_right":{"rotation":["-math.clamp(math.sin(-q.anim_time*90*8+120)*20,-20,5)-math.clamp(math.sin(q.anim_time*90*8-120)*40,-50,5)0",0,0]},"foot_left":{"rotation":["-math.clamp(math.sin(-q.anim_time*90*8+120)*20,-20,5)-math.clamp(math.sin(q.anim_time*90*8-120)*40,-50,5)0",0,0]}}},"animation.cyndaquil_animeallstars.battle_entrance":{"loop":"hold_on_last_frame","animation_length":2.5,"bones":{"torso":{"rotation":{"0.0":["20+math.cos(q.anim_time*90*4)*1",0,0],"0.4167":[8.6,-2.31,-0.31],"0.7083":[7.35,-2.31,-0.31],"0.9583":[10.85,-2.31,-0.31],"1.125":["30.6451+math.cos(q.anim_time*90*4*10)*0.3",-5.53939,-0.74231],"1.5":["31.26+math.cos(q.anim_time*90*4*10)*0.3",-5.54,-0.74],"2.5":["22.6451+math.cos(q.anim_time*90*4)*1",-5.53939,-0.74231]},"position":{"0.0":[0,"0+math.sin(q.anim_time*90*4)*0.2",0],"2.0":[0,"0+math.sin(q.anim_time*90*4)*0.2",0],"2.5":[0,"0+math.sin(q.anim_time*90*4)*0.2",0]}},"arm_right":{"rotation":{"0.0":{"post":[24.67,1.37,-48.8],"lerp_mode":"catmullrom"},"0.7917":{"post":[6.03244,-24.0028,11.6167],"lerp_mode":"catmullrom"},"1.0833":[24.67,1.37,-48.8],"2.5":[24.67,1.37,-48.8]}},"arm_left":{"rotation":{"0.0":{"post":[24.67,-1.37,48.8],"lerp_mode":"catmullrom"},"0.7917":{"post":[6.03244,24.00282,-11.61669],"lerp_mode":"catmullrom"},"1.0833":[24.67,-1.37,48.8],"2.5":[24.67,-1.37,48.8]}},"head":{"rotation":{"0.0":["-10-math.cos(q.anim_time*90*4-120)*2",0,0],"0.375":[-12.34,-0.53,-0.65],"0.6667":[-10.02,-0.94,-1.15],"0.9583":[0.33,-1.23,-1.51],"1.125":["15.7767-math.cos(q.anim_time*90*4-120)*2",-1.58146,-1.93647],"1.5":["21.2767-math.cos(q.anim_time*90*4-120)*2",-1.58146,-1.93647],"2.0417":["10.2767-math.cos(q.anim_time*90*4-120)*2",-1.58146,-1.93647],"2.5":["-15.2233-math.cos(q.anim_time*90*4-120)*2",-1.58146,-1.93647]}},"leg_right":{"rotation":{"0.0":[0,10,0],"0.2917":[-37.5,11.88,0],"0.4583":[-43.58,13.09,0],"0.75":[-40.74,13.86,0],"0.9167":[-27.92,13.33,0],"1.0417":[0,12.5,0],"2.5":[0,12.5,0]},"position":{"0.0":[-0.25,0,0],"0.2917":[-0.31,0.875,0],"0.5833":[-0.31,1.38,0],"0.9583":[-0.31,1.5,0],"1.0417":[-0.31,-0.2,0],"1.1667":[-0.31,0,0],"2.5":[-0.5,0,0]}},"leg_left":{"rotation":{"0.0":[0,-10,0],"1.0":[0,-10,0],"1.125":[0,-20,0],"2.5":[0,-20,0]},"position":{"0.0":[0.25,0,0],"2.0":[0.5,0,0],"2.5":[0.5,0,0]}},"fire":{"rotation":{"0.0":["math.sin(q.anim_time*90*3*2-90)*1-1*6",0,"math.sin(q.anim_time*90*3-150)*1-1)+6*(math.sin(q.anim_time*90*3/2-90)*10"],"0.9583":["math.sin(q.anim_time*90*3*2-90)*1-1*6",0,"math.sin(q.anim_time*90*3-150)*1-1)+6*(math.sin(q.anim_time*90*3/2-90)*10"],"1.0833":["-7.5171+math.sin(q.anim_time*90*3*2-90)*1-1*6",-4.98455,"0.3933+math.sin(q.anim_time*90*3-150)*1-1)+6*(math.sin(q.anim_time*90*3/2-90)*10"],"2.5":["-7.5171+math.sin(q.anim_time*90*3*2-90)*1-1*6",-4.98455,"0.3933+math.sin(q.anim_time*90*3-150)*1-1)+6*(math.sin(q.anim_time*90*3/2-90)*10"]},"position":{"0.0":[0,-2.75,0],"0.9583":[0,-2.75,0],"1.0833":[0.25,0,0.75],"2.5":[0.25,0,0.75]},"scale":{"0.0":[1,1,1],"0.9583":[0.3,0.2,0.6],"1.0833":[1,"1.3+math.cos(q.anim_time*90*4*20)*0.1","1.9-math.sin(q.anim_time*90*4*15-120)*0.01-1"],"2.5":[1,1,1]}},"torso2":{"rotation":{"0.0":["-7.5+math.cos(q.anim_time*90*4-60)*1",0,0],"0.2917":[-12.39,0,0],"0.7083":[-14.99,0,0],"0.9167":[-13.36,0,0],"1.0417":["-12.5+math.cos(q.anim_time*90*4-60)*1",0,0],"2.5":["-12.5+math.cos(q.anim_time*90*4-60)*1",0,0]}},"muzzle":{"rotation":{"0.0":["0-math.cos(q.anim_time*90*4-140)*1",0,0],"2.0":["0-math.cos(q.anim_time*90*4-140)*1",0,0],"2.5":["0-math.cos(q.anim_time*90*4-140)*1",0,0]}},"muzzle2":{"rotation":{"0.0":["0-math.cos(q.anim_time*90*4-160)*1",0,0],"2.0":["0-math.cos(q.anim_time*90*4-160)*1",0,0],"2.5":["0-math.cos(q.anim_time*90*4-160)*1",0,0]}},"body":{"rotation":{"0.0":[0,0,0],"0.7917":[0,-0.17,0],"1.0":[0,3.08,0],"1.0833":[0,8,0],"2.5":[0,8,0]}},"mouth":{"position":{"0.0":[0,0,0],"0.0833":[0,0,0],"0.125":[0,0,0.1],"0.9583":[0,0,0.1],"1.0":[0,0,0]}}}},"animation.cyndaquil_animeallstars.cry":{"animation_length":1.375,"bones":{"torso":{"rotation":{"0.0":[0,0,0],"0.1667":{"pre":[-5,0,0],"post":[-5,0,0],"lerp_mode":"catmullrom"},"0.4583":{"post":[7,0,0],"lerp_mode":"catmullrom"},"1.125":{"post":[5,0,0],"lerp_mode":"catmullrom"},"1.375":[0,0,0]}},"arm_right":{"rotation":{"0.0":[0,0,0],"0.1667":{"pre":[0,0,15],"post":[0,0,15],"lerp_mode":"catmullrom"},"0.3333":{"post":[0,0,-17.5],"lerp_mode":"catmullrom"},"1.125":[0,0,-17.5],"1.375":[0,0,0]}},"arm_left":{"rotation":{"0.0":[0,0,0],"0.1667":{"pre":[0,0,-15],"post":[0,0,-15],"lerp_mode":"catmullrom"},"0.3333":{"post":[0,0,17.5],"lerp_mode":"catmullrom"},"1.125":{"post":[0,0,17.5],"lerp_mode":"catmullrom"},"1.375":[0,0,0]}},"head":{"rotation":{"0.0":[0,0,0],"0.2083":{"pre":[20.5,0,0],"post":[20.5,0,0],"lerp_mode":"catmullrom"},"0.375":{"post":[-26.5,0,0],"lerp_mode":"catmullrom"},"0.5833":{"post":[-28.37,0,0],"lerp_mode":"catmullrom"},"0.7917":{"post":[-25.5,0,0],"lerp_mode":"catmullrom"},"1.125":{"post":[-2.56,0,0],"lerp_mode":"catmullrom"},"1.375":[0,0,0]},"position":{"0.0":[0,0,0],"0.375":[0,-1,0],"0.9167":[0,-1,0],"1.1667":[0,0,0]}},"mouth":{"position":{"0.0":[0,0,0],"0.375":[0,0,0.1],"1.125":[0,0,0.1],"1.375":[0,0,0]}},"muzzle":{"rotation":{"0.0":[0,0,0],"0.2917":{"pre":[3,0,0],"post":[3,0,0],"lerp_mode":"catmullrom"},"0.5":{"post":[-2,0,0],"lerp_mode":"catmullrom"},"1.125":{"post":[-2,0,0],"lerp_mode":"catmullrom"},"1.375":[0,0,0]}},"muzzle2":{"rotation":{"0.0":[0,0,0],"0.2917":{"pre":[3,0,0],"post":[3,0,0],"lerp_mode":"catmullrom"},"0.5":{"post":[-4.5,0,0],"lerp_mode":"catmullrom"},"1.125":{"post":[-4.5,0,0],"lerp_mode":"catmullrom"},"1.375":[0,0,0]}}},"sound_effects":{"0.25":{"effect":"pokemon.cyndaquil_animeallstars.cry"}}},"animation.cyndaquil_animeallstars.battle_cry":{"animation_length":2,"bones":{"torso":{"rotation":{"0.0":[0,0,0],"0.1667":[-5,0,0],"0.3333":{"pre":[13,0,0],"post":[13,0,0],"lerp_mode":"catmullrom"},"1.5833":{"post":[17,0,0],"lerp_mode":"catmullrom"},"1.9583":[0,0,0]}},"fire":{"scale":{"0.0":[1,1,1],"0.3333":[1,1,1],"0.5":[1,"1.2+math.cos(q.anim_time*90*4*20)*0.1",1],"1.5417":[1,1.2,1],"1.5833":[1,1,1],"2.0":[1,1,1]}},"arm_right":{"rotation":{"0.0":[0,0,0],"0.1667":{"pre":[0,0,15],"post":[0,0,15],"lerp_mode":"catmullrom"},"0.3333":{"post":[0,0,-17.5],"lerp_mode":"catmullrom"},"1.5833":[0,0,-17.5],"1.9583":[0,0,0]}},"arm_left":{"rotation":{"0.0":[0,0,0],"0.1667":{"pre":[0,0,-15],"post":[0,0,-15],"lerp_mode":"catmullrom"},"0.3333":{"post":[0,0,17.5],"lerp_mode":"catmullrom"},"1.5833":{"post":[0,0,17.5],"lerp_mode":"catmullrom"},"1.9583":[0,0,0]}},"head":{"rotation":{"0.0":[0,0,0],"0.2917":{"pre":[-17.5,0,0],"post":[-17.5,0,0],"lerp_mode":"catmullrom"},"0.4167":{"post":[-8.03719,1.40811,0.36158],"lerp_mode":"catmullrom"},"1.5833":{"post":[-8.03719,1.40811,0.36158],"lerp_mode":"catmullrom"},"1.9583":[0,0,0]},"position":{"0.0":[0,0,0],"0.375":[0,-1,0],"1.5833":[0,-1,0],"1.9583":[0,0,0]}},"mouth":{"position":{"0.0":[0,0,0],"0.375":[0,0,0.1],"1.5833":[0,0,0.1],"1.9583":[0,0,0]}},"eyelid_right_angry":{"position":{"0.0":[0,0,0],"0.1667":[0,0,0],"0.25":[-0.1,0,0],"1.5":[-0.1,0,0],"1.5833":[0,0,0]}},"eyelid_left_angry":{"position":{"0.0":[0,0,0],"0.1667":[0,0,0],"0.25":[0.1,0,0],"1.5":[0.1,0,0],"1.5833":[0,0,0]}}}},"animation.cyndaquil_animeallstars.sleep":{"loop":true,"bones":{"torso":{"rotation":["10+math.cos(q.anim_time*90*1)*1/2",0,0],"position":[0,0,0]},"arm_right":{"rotation":[-60.1033,-23.2351,"86.4764-math.cos(q.anim_time*90*1-90)*1"]},"arm_left":{"rotation":[-60.1033,23.2351,"-86.4764-math.cos(q.anim_time*90*1-90)*1"]},"head":{"rotation":["-30-math.cos(q.anim_time*90*1-120)*1",0,0]},"leg_right":{"rotation":[46.37,-11.31,10.34],"position":[-0.25,0,0]},"leg_left":{"rotation":[46.37,11.31,-10.34],"position":[0.25,0,0]},"body":{"rotation":[32.5,0,0],"position":[0,-5,0]},"fire":{"rotation":["math.sin(q.anim_time*90*3*2-90)*1-1*6",0,"math.sin(q.anim_time*90*3-150)*1-1)+6*(math.sin(q.anim_time*90*3/2-90)*10"],"position":[0,-2.75,0],"scale":[0.3,0.2,0.6]},"torso2":{"rotation":["-7.5+math.cos(q.anim_time*90*1-60)*1/2",0,0]},"eyelid_right_sleep":{"position":[-0.1,0,0]},"eyelid_left_sleep":{"position":[0.1,0,0]},"muzzle":{"rotation":["0-math.cos(q.anim_time*90*2-140)*1",0,0]},"muzzle2":{"rotation":["5-math.cos(q.anim_time*90*2-160)*1",0,0]},"foot_right":{"rotation":[40,0,0]},"foot_left":{"rotation":[40,0,0]}}},"animation.cyndaquil_animeallstars.render":{"loop":true,"bones":{"torso":{"rotation":[7.5,0,0]},"fire":{"position":[0,-3,0],"scale":[0.3,0.2,0.6]},"torso2":{"rotation":[-12.5,0,0]},"arm_right":{"rotation":[0,0,-50]},"arm_left":{"rotation":[0,0,52.5]},"head":{"rotation":[-17.8073,-4.21413,-13.93544]},"leg_right":{"rotation":[0,12.5,0],"position":[-1,0,0]},"leg_left":{"rotation":[0,-12.5,0],"position":[1,0,0]}}},"animation.cyndaquil_animeallstars.sneeze_quirk":{"animation_length":5.4167,"bones":{"body":{"rotation":{"0.0":[0,0,0],"2.125":[0,0,0],"2.2917":[-15,0,0],"2.4583":[0,0,0]},"position":{"0.0":[0,0,0],"2.125":[0,0,0],"2.2917":[0,2,1.5],"2.5":[0,0,3]}},"torso":{"rotation":{"0.0":[0,0,0],"0.1667":{"pre":[2,0,0],"post":[2,0,0],"lerp_mode":"catmullrom"},"0.2917":{"post":[-5,0,0],"lerp_mode":"catmullrom"},"0.5417":[-2,0,0],"0.75":[-2,0,0],"0.9167":{"pre":[2,0,0],"post":[2,0,0],"lerp_mode":"catmullrom"},"1.0417":{"post":[-10,0,0],"lerp_mode":"catmullrom"},"1.2917":[-5,0,0],"1.5":[-5,0,0],"1.6667":{"pre":[2,0,0],"post":[2,0,0],"lerp_mode":"catmullrom"},"1.7917":{"post":[-17.5,0,0],"lerp_mode":"catmullrom"},"2.125":{"post":[-23.5,0,0],"lerp_mode":"catmullrom"},"2.2917":[27.5,0,0]}},"torso2":{"rotation":{"0.0":[0,0,0],"0.1667":{"pre":[2,0,0],"post":[2,0,0],"lerp_mode":"catmullrom"},"0.2917":{"post":[-5,0,0],"lerp_mode":"catmullrom"},"0.5833":[-2,0,0],"0.7917":[-2,0,0],"0.9583":{"pre":[2,0,0],"post":[2,0,0],"lerp_mode":"catmullrom"},"1.125":{"post":[-10,0,0],"lerp_mode":"catmullrom"},"1.375":[-5,0,0],"1.5833":[-5,0,0],"1.75":{"pre":[2,0,0],"post":[2,0,0],"lerp_mode":"catmullrom"},"1.9167":{"post":[0,0,0],"lerp_mode":"catmullrom"},"2.25":{"post":[-10,0,0],"lerp_mode":"catmullrom"},"2.4167":[15,0,0]}},"arm_right":{"rotation":{"0.0":[0,0,0],"0.125":{"pre":[0,0,-22.5],"post":[0,0,-22.5],"lerp_mode":"catmullrom"},"0.2917":{"post":[0,0,15],"lerp_mode":"catmullrom"},"0.5":[0,0,0],"0.75":[0,0,0],"0.875":{"pre":[0,0,-22.5],"post":[0,0,-22.5],"lerp_mode":"catmullrom"},"1.0417":{"post":[0,0,15],"lerp_mode":"catmullrom"},"1.25":[0,0,0],"1.5833":[0,0,0],"1.7083":{"pre":[0,0,-22.5],"post":[0,0,-22.5],"lerp_mode":"catmullrom"},"1.875":{"post":[0,0,15],"lerp_mode":"catmullrom"},"2.1667":{"post":[0,0,15],"lerp_mode":"catmullrom"},"2.4167":{"post":[0,0,-21],"lerp_mode":"catmullrom"},"2.7083":[0,0,-17],"3.0":[0,0,0],"5.4167":[0,0,-21]}},"arm_left":{"rotation":{"0.0":[0,0,0],"0.125":{"pre":[0,0,22.5],"post":[0,0,22.5],"lerp_mode":"catmullrom"},"0.2917":{"post":[0,0,-15],"lerp_mode":"catmullrom"},"0.5":[0,0,0],"0.75":[0,0,0],"0.875":{"pre":[0,0,22.5],"post":[0,0,22.5],"lerp_mode":"catmullrom"},"1.0417":{"post":[0,0,-15],"lerp_mode":"catmullrom"},"1.25":[0,0,0],"1.5833":[0,0,0],"1.7083":{"pre":[0,0,22.5],"post":[0,0,22.5],"lerp_mode":"catmullrom"},"1.875":{"post":[0,0,-15],"lerp_mode":"catmullrom"},"2.1667":{"post":[0,0,-15],"lerp_mode":"catmullrom"},"2.4167":{"post":[0,0,22.5],"lerp_mode":"catmullrom"},"2.7083":[0,0,17],"3.0":[0,0,0]}}}},"animation.cyndaquil_animeallstars.faint":{"animation_length":3,"bones":{"torso":{"rotation":{"0.0":["20+math.cos(q.anim_time*90*4)*1",0,0],"0.0417":[26.7,0,0],"0.125":[34.5,0,0],"0.375":[0.92,3.14,-2.77],"0.5833":[17.4033,7.40409,-3.73567],"0.875":["15.4033+math.cos(q.anim_time*90*4*10)*0.3",7.40409,-3.73567],"1.3333":[20.9033,7.4,-3.74]},"position":{"0.0":[0,"0+math.sin(q.anim_time*90*4)*0.2",0],"0.2083":[0,"1+math.sin(q.anim_time*90*4)*0.2",0],"0.25":[0,"1+math.sin(q.anim_time*90*4)*0.2",0],"0.4583":[0,"1+math.sin(q.anim_time*90*4)*0.2",0],"0.5417":[0,"-0.75+math.sin(q.anim_time*90*4)*0.2",0]}},"arm_right":{"rotation":{"0.0":[24.67,1.37,-48.8],"0.1667":{"pre":[19.61719,-15.32403,-16.2645],"post":[19.61719,-15.32403,-16.2645],"lerp_mode":"catmullrom"},"0.5833":{"post":[19.61719,-15.32403,-9.2645],"lerp_mode":"catmullrom"},"0.6667":[24.59429,2.41694,-48.8]}},"arm_left":{"rotation":{"0.0":[24.67,-1.37,48.8],"0.1667":{"pre":[19.61719,15.324,16.2645],"post":[19.61719,15.324,16.2645],"lerp_mode":"catmullrom"},"0.5833":{"post":[19.61719,15.324,16.2645],"lerp_mode":"catmullrom"},"0.6667":[22.59429,-1.37,48.8]}},"head":{"rotation":{"0.0":{"post":[-10,0,0],"lerp_mode":"catmullrom"},"0.3333":{"post":[20.31778,-11.54268,3.24884],"lerp_mode":"catmullrom"},"0.5417":[-10.28,-10.2,2.89],"0.6667":[9.04,-8.82,2.48],"0.7083":["9.7896-math.cos(q.anim_time*90*4-120)*2",-9.69,2.48],"1.4583":["5.7896-math.cos(q.anim_time*90*4-120)*2",-9.69,2.48]}},"leg_right":{"rotation":{"0.0":[0,10,0],"0.125":[10,10,0],"0.75":[-10,10,0],"1.25":[-11.5,10,0]},"position":{"0.0":[-0.25,0,0],"0.375":[-0.25,-0.25,0],"0.75":[-0.5,-0.75,0.5],"1.25":[-0.5,-1,0.5]}},"leg_left":{"rotation":{"0.0":[0,-10,0],"0.0417":[-19.75,-10,-3],"0.1667":[-40.61,-14.06,-6.77],"0.375":[-58.2143,-23.11648,-9.5349],"0.5833":[-49.7143,-23.11648,-8.7849],"0.625":[-32.61,-16.56,-6.52],"0.6667":[-8.5,-10,0],"1.3333":[-13.5,-10,0]},"position":{"0.0":[0.25,0,0],"0.125":[0.25,0.75,-0.5],"0.25":[0.25,1,-1],"0.4583":[0.25,1,-1],"0.5833":[0,0.5,-1],"0.625":[0,-0.5,-2],"0.7083":[0,-0.75,-2],"1.3333":[0,-0.5,-2.5]}},"fire":{"rotation":["math.sin(q.anim_time*90*3*2-90)*1-1*6",0,"math.sin(q.anim_time*90*3-150)*1-1)+6*(math.sin(q.anim_time*90*3/2-90)*10"],"position":{"0.0":[0,-2.75,0],"0.5833":[0,-2.75,0.75],"0.6667":[0,-1.71,0.93],"0.75":[0,0.25,1],"1.4167":[0,0.25,1.25]},"scale":{"0.0":[0.3,0.2,0.6],"0.5833":[0.3,0.2,0.525],"0.6667":[0.5,0.825,0.625],"0.75":[0.7,"1.7+math.cos(q.anim_time*90*4*20)*0.1",0.825],"1.5":[0.9,1.1,0.8]}},"torso2":{"rotation":{"0.0":["-7.5+math.cos(q.anim_time*90*4-60)*1",0,0],"0.125":["-15+math.cos(q.anim_time*90*4-60)*1",0,0],"0.4583":["-22.5+math.cos(q.anim_time*90*4-60)*1",0,0],"0.7083":["-10+math.cos(q.anim_time*90*4-60)*1",0,0],"1.5833":["-15+math.cos(q.anim_time*90*4-60)*1",0,0]}},"muzzle":{"rotation":["0-math.cos(q.anim_time*90*4-140)*1",0,0]},"muzzle2":{"rotation":["0-math.cos(q.anim_time*90*4-160)*1",0,0]},"body":{"rotation":{"0.0":[0,0,0],"0.0417":[2.5,0,0],"0.125":[0,0,0],"0.1667":[0,0,0],"0.25":[2.5,0,0],"0.3333":[1,0,0],"0.4583":[2,0,0],"0.625":[8.4,0,0],"0.6667":[10,0,0],"1.4583":[16,0,0],"1.6667":[45,0,0],"1.9167":[45,0,0]},"position":{"0.0":[0,0,0],"0.0417":[0,0.24,0.2],"0.125":[0,-0.22,1.59],"0.1667":[0,-0.22,1.85],"0.25":[0,0.24,3.2],"0.3333":[0,-0.01,3.2],"0.4583":[0,-0.08,2.17],"0.7083":[0,0,1.5],"1.4167":[0,0,1.5],"1.5833":{"pre":[0,0,-2.5],"post":[0,0,-2.5],"lerp_mode":"catmullrom"},"1.875":{"post":[0,0,-3.5],"lerp_mode":"catmullrom"},"2.0833":[0,-2,-3.5]}},"eyelid_right":{"rotation":{"0.0":[0,0,0],"0.125":[-5.25,0,0],"0.2917":[-25,0,0],"0.5":[-20.5,0,0],"0.625":[0,0,0]}},"eyelid_left":{"rotation":{"0.0":[0,0,0],"0.125":[-5.25,0,0],"0.2917":[-25,0,0],"0.5":[-20.5,0,0],"0.625":[0,0,0]}},"foot_right":{"rotation":{"0.0":[0,0,0],"0.125":[-10,0,0],"0.5":[0,0,0],"0.75":[0,0,0]}},"foot_left":{"rotation":{"0.0":[0,0,0],"0.125":[-10,0,0],"0.2917":[-5.17,4.47,0.41],"0.4167":[9.12651,6.70447,0.62002],"0.625":[13.12651,6.70447,0.62002],"0.7083":[-2,0,0]}}}}}}