{"format_version":"1.8.0","animations":{"animation.darkrai_hauntedhalloween.pose":{"loop":true,"bones":{"head":{"rotation":[-0.18418,-17.39133,1.67394]},"upper":{"rotation":[7.49294,-0.0214,-0.32621]},"chest":{"rotation":[-12.4876,0.12928,0.52858]},"shoulder_left":{"rotation":[-8.5385,26.52988,-10.18339]},"arm_left":{"rotation":[-0.64348,-2.60299,-4.89059]},"hand_left":{"rotation":[-21.56098,13.01155,-4.07155]},"finger_left":{"rotation":[0,0,-55]},"shoulderthing_left":{"rotation":[-29.40332,-25.2076,2.34323]},"shoulderthing_left2":{"rotation":[-17.5,0,25]},"shoulderthing_left3":{"rotation":[-10,0,-42.5]},"shoulderthing_left4":{"rotation":[11.76782,-4.2453,19.5623]},"body":{"rotation":[12.50474,-2.49048,-0.21803]},"tail":{"rotation":[-19.16346,3.08247,1.15345]},"tail2":{"rotation":[32.21337,19.99879,-4.81368]},"tail3":{"rotation":[-32.5,0,0]},"tail4":{"rotation":[42.53828,12.16526,-2.87451]},"finger_left3":{"rotation":[0,0,32.5]},"finger_left2":{"rotation":[-38.44861,-31.47392,-28.26783]},"shoulder_right":{"rotation":[-0.69352,-19.97044,-44.80569]},"arm_right":{"rotation":[-5.37077,-4.58369,-8.61092]},"hand_right":{"rotation":[56.52438,-36.60192,-24.60681]},"finger_right":{"rotation":[0,-10,-25]},"finger_right3":{"rotation":[6.05935,18.77694,-54.98398]},"finger_right2":{"rotation":[-4.3361,11.73507,-45.44582]},"shoulderthing_right":{"rotation":[34.18823,7.63298,-3.09022]},"shoulderthing_right2":{"rotation":[-17.5,0,-25]},"shoulderthing_right3":{"rotation":[-10,0,42.5]},"shoulderthing_right4":{"rotation":[11.76782,4.2453,-19.5623]},"hair":{"rotation":[42.46451,2.47852,-0.32589]},"hair2":{"rotation":[-47.4735,14.2084,-17.62785]},"hair3":{"rotation":[47.15096,14.93926,-1.35308]},"hair4":{"rotation":[-41.50237,10.52976,-14.05605]}}},"animation.darkrai_hauntedhalloween.texture":{"loop":true,"bones":{"tail":{"position":[0,0,4]},"tail2":{"position":[0,6,0]},"tail3":{"position":[0,6,0]},"tail4":{"position":[0,3,0]},"upper":{"position":[0,3,0]},"chest":{"position":[0,4,0]},"shoulder_left":{"position":[3,0,0]},"arm_left":{"position":[3,0,0]},"hand_left":{"position":[3,0,0]},"finger_left":{"position":[1,0,-3]},"finger_left3":{"position":[0,-3,0]},"finger_left2":{"position":[1,0,3]},"shoulderthing_left":{"position":[0,3,0]},"shoulderthing_left2":{"position":[-0.52937,2.9088,-0.5086]},"shoulderthing_left3":{"position":[-0.35292,1.9392,-0.33906]},"shoulderthing_left4":{"position":[-0.35292,1.9392,-0.33906]},"shoulder_right":{"position":[-12,0,0]},"head":{"position":[0,4,0]},"hair":{"position":[0,0,6]},"hair2":{"position":[0,0,3]},"hair3":{"position":[0,0,2]},"hair4":{"position":[0,0,3]}}},"animation.darkrai_hauntedhalloween.ground_idle":{"loop":true,"bones":{"body":{"position":["0+math.sin(query.anim_time*90*1-60)*0.2","0+math.sin(query.anim_time*90*2)*0.3",0]},"tail":{"rotation":["27.5-math.sin(query.anim_time*90*3)*5","0-math.sin(query.anim_time*90*4)*5",0]},"tail2":{"rotation":["-35-math.sin(query.anim_time*90*3-60)*10","0-math.sin(query.anim_time*90*4-60)*10",0]},"tail3":{"rotation":["50-math.sin(query.anim_time*90*3-120)*15","0-math.sin(query.anim_time*90*4-120)*15",0]},"tail4":{"rotation":["-37.5-math.sin(query.anim_time*90*3-180)*20","0-math.sin(query.anim_time*90*4-180)*20",0]},"chest":{"rotation":["7.5+math.sin(query.anim_time*90*2)",0,0]},"shoulder_left":{"rotation":[0,"0+math.sin(query.anim_time*90*2-120)*2","45-math.sin(query.anim_time*90*2-60)*2"]},"arm_left":{"rotation":[0,45,0]},"hand_left":{"rotation":[0,52.5,"0-math.sin(query.anim_time*90*2-60)*4"]},"finger_left":{"rotation":[0,0,"12.5+math.sin(query.anim_time*90*2)*5"]},"finger_left3":{"rotation":[0,"0+math.sin(query.anim_time*90*2)*5",17.5]},"finger_left2":{"rotation":[0,0,"10-math.sin(query.anim_time*90*2)*5"]},"shoulderthing_left":{"rotation":["0+math.sin(query.anim_time*90*4)*5",0,"0+math.sin(query.anim_time*90*3)*5"]},"shoulderthing_left2":{"rotation":[0,0,"30+math.sin(query.anim_time*90*3-60)*10"]},"shoulderthing_left3":{"rotation":[0,0,"-45+math.sin(query.anim_time*90*3-120)*15"]},"shoulderthing_left4":{"rotation":[0,0,"47.5+math.sin(query.anim_time*90*3-180)*20"]},"shoulder_right":{"rotation":[0,"0+math.sin(query.anim_time*90*2-120)*2","-40+math.sin(query.anim_time*90*2-60)*2"]},"arm_right":{"rotation":[0,-42.5,0]},"hand_right":{"rotation":[0,-47.5,"0+math.sin(query.anim_time*90*2-180)*4"]},"finger_right":{"rotation":[0,0,"-7.5+math.sin(query.anim_time*90*2)*5"]},"finger_right3":{"rotation":[0,"0+math.sin(query.anim_time*90*2)*5",-12.5]},"finger_right2":{"rotation":[0,0,"-5-math.sin(query.anim_time*90*2)*5"]},"shoulderthing_right":{"rotation":["0.4665+math.sin(query.anim_time*90*4)*5",0.26176,"-2.7107+math.sin(query.anim_time*90*3)*5"]},"shoulderthing_right2":{"rotation":[0,0,"-45+math.sin(query.anim_time*90*3-120)*10"]},"shoulderthing_right3":{"rotation":[0,0,"47.5+math.sin(query.anim_time*90*3-120)*15"]},"shoulderthing_right4":{"rotation":[0,0,"-32.5+math.sin(query.anim_time*90*3-180)*20"]},"hair":{"rotation":["20+math.sin(query.anim_time*90*3)*5","0+math.sin(query.anim_time*90*4)*5",0]},"hair2":{"rotation":["-22.5+math.sin(query.anim_time*90*3-60)*10","0+math.sin(query.anim_time*90*4-60)*10",0]},"hair3":{"rotation":["-30+math.sin(query.anim_time*90*3-120)*15","0+math.sin(query.anim_time*90*4-120)*15",0]},"hair4":{"rotation":["45+math.sin(query.anim_time*90*3-180)*20",0,0]}}},"animation.darkrai_hauntedhalloween.ground_walk":{"loop":true,"animation_length":2,"bones":{"body":{"rotation":["7.5+math.sin(query.anim_time*90*2)*2",0,0],"position":[0,"0+math.sin(query.anim_time*90*2)","0+math.sin(query.anim_time*90*2-60)"]},"tail":{"rotation":["15+math.sin(query.anim_time*90*2)*5",0,0]},"tail2":{"rotation":["37.5+math.sin(query.anim_time*90*2-60)*10",0,0]},"tail3":{"rotation":["-27.5+math.sin(query.anim_time*90*2-180)*5",0,0]},"tail4":{"rotation":["-35+math.sin(query.anim_time*90*2-60)*5",0,0]},"chest":{"rotation":[10,0,0]},"shoulder_left":{"rotation":[0,"0+math.sin(query.anim_time*90*2)*5",25]},"arm_left":{"rotation":[0,25,0]},"hand_left":{"rotation":[38.2097,70.58426,"17.3347+math.sin(query.anim_time*90*2-60)*5"]},"finger_left":{"rotation":[0,0,"27.5+math.sin(query.anim_time*90*2)*5"]},"finger_left2":{"rotation":[0,0,"27.5+math.sin(query.anim_time*90*2)*5"]},"shoulderthing_left":{"rotation":["-12.5+math.sin(query.anim_time*90*4)*5",0,0]},"shoulderthing_left2":{"rotation":[0,0,"20+math.sin(query.anim_time*90*4-60)*5"]},"shoulderthing_left3":{"rotation":[0,0,"-40+math.sin(query.anim_time*90*4-120)*10"]},"shoulderthing_left4":{"rotation":[4.26535,6.07755,"37.011+math.sin(query.anim_time*90*4-180)*20"]},"shoulder_right":{"rotation":[0,"0-math.sin(query.anim_time*90*2)*5",-25]},"arm_right":{"rotation":[0,-57.5,0]},"hand_right":{"rotation":[0,-27.5,"0+math.sin(query.anim_time*90*2-60)*5"]},"finger_right":{"rotation":[0,0,"-37.5+math.sin(query.anim_time*90*2)*5"]},"finger_right2":{"rotation":[0,0,"-27.5+math.sin(query.anim_time*90*2)*5"]},"shoulderthing_right":{"rotation":["-15+math.sin(query.anim_time*90*4)*5",0,0]},"shoulderthing_right2":{"rotation":[0,0,"-22.5+math.sin(query.anim_time*90*4-60)*10"]},"shoulderthing_right3":{"rotation":[0,0,"40+math.sin(query.anim_time*90*4-120)*10"]},"shoulderthing_right4":{"rotation":[-2.11306,-13.59069,"-42.7+math.sin(query.anim_time*90*4-120)*10"]},"head":{"rotation":["-7.5+math.sin(query.anim_time*90*2-60)*5",0,0]},"hair":{"rotation":["17.5+math.sin(query.anim_time*90*4)*5","0+math.sin(query.anim_time*90*4)*5",0]},"hair2":{"rotation":["-22.5+math.sin(query.anim_time*90*4-60)*10","0+math.sin(query.anim_time*90*4-60)*10",0]},"hair3":{"rotation":["30+math.sin(query.anim_time*90*4-120)*15","0+math.sin(query.anim_time*90*4-120)*15",0]},"hair4":{"rotation":["-35+math.sin(query.anim_time*90*4-180)*20","0+math.sin(query.anim_time*90*4-180)*20",0]}}},"animation.darkrai_hauntedhalloween.battle_idle":{"loop":true,"animation_length":2,"bones":{"body":{"rotation":[0,35,0],"position":[0,"0+math.sin(query.anim_time*90*2)*0.5",0]},"tail":{"rotation":["25+math.sin(query.anim_time*90*4)*5","0+math.sin(query.anim_time*90*2)*5",0]},"tail2":{"rotation":["37.5+math.sin(query.anim_time*90*4-60)*10",0,0]},"tail3":{"rotation":["-65+math.sin(query.anim_time*90*4-120)*15",0,0]},"tail4":{"rotation":["47.5+math.sin(query.anim_time*90*4-180)*20",0,0]},"chest":{"rotation":["12.7747+math.sin(query.anim_time*90*2-60)",-12.23918,-2.55978]},"shoulder_left":{"rotation":[0,27.5,"0-math.sin(query.anim_time*90*2-60)*5"]},"arm_left":{"rotation":[0,40,"0-math.sin(query.anim_time*90*2-120)*5"]},"hand_left":{"rotation":[0,0,-15]},"finger_left":{"rotation":[0,15,"-42.5+math.sin(query.anim_time*90*2-120)*10"]},"finger_left3":{"rotation":[44.71854,"53.5046+math.sin(query.anim_time*90*2-180)*15",50.92885]},"finger_left2":{"rotation":[0,-20,"-40+math.sin(query.anim_time*90*2-180)*15"]},"shoulderthing_left":{"rotation":[-15,0,"-7.5+math.sin(query.anim_time*90*4)*5"]},"shoulderthing_left2":{"rotation":[0,0,"35-math.sin(query.anim_time*90*4-60)*10"]},"shoulderthing_left3":{"rotation":[0,0,"-40+math.sin(query.anim_time*90*4-120)*15"]},"shoulderthing_left4":{"rotation":[0,0,"40-math.sin(query.anim_time*90*4-180)*25"]},"shoulder_right":{"rotation":[0,0,"-45+math.sin(query.anim_time*90*2-60)*5"]},"arm_right":{"rotation":[0,-35,0]},"hand_right":{"rotation":[0,"-55+math.sin(query.anim_time*90*2-120)*5",0]},"finger_right":{"rotation":[0,0,"-35+math.sin(query.anim_time*90*2-180)*15"]},"finger_right3":{"rotation":[40.144,-45.34153,"-49.856+math.sin(query.anim_time*90*2-180)*15"]},"finger_right2":{"rotation":[0,0,"-47.5+math.sin(query.anim_time*90*2-180)*15"]},"shoulderthing_right":{"rotation":[0,0,"22.5+math.sin(query.anim_time*90*4)*5"]},"shoulderthing_right2":{"rotation":[14.01907,1.02168,"-34.7288-math.sin(query.anim_time*90*4-60)*10"]},"shoulderthing_right3":{"rotation":[0,0,"40+math.sin(query.anim_time*90*4-120)*20"]},"shoulderthing_right4":{"rotation":[0,0,"-62.5-math.sin(query.anim_time*90*4-180)*25"]},"hair":{"rotation":[0,"0+math.sin(query.anim_time*90*2)*5",0]},"hair2":{"rotation":["17.5+math.sin(query.anim_time*90*4-60)*10",0,0]},"hair3":{"rotation":["-37.5+math.sin(query.anim_time*90*4-120)*15",0,0]},"hair4":{"rotation":["52.5+math.sin(query.anim_time*90*4-180)*30",0,0]}}},"animation.darkrai_hauntedhalloween.sleep":{"loop":true,"animation_length":4,"bones":{"body":{"rotation":[17.5,0,0],"position":[0,"0+math.sin(query.anim_time*90*1)",0]},"tail":{"rotation":["27.5+math.sin(query.anim_time*90*1-60)*5",0,0]},"tail2":{"rotation":["-40+math.sin(query.anim_time*90*1-120)*5",0,0]},"tail3":{"rotation":["47.5+math.sin(query.anim_time*90*1-180)*5",0,0]},"tail4":{"rotation":[-57.5,0,0]},"chest":{"rotation":["20+math.sin(query.anim_time*90*1-60)*2",0,0]},"shoulder_left":{"rotation":[0,0,"57.5-math.sin(query.anim_time*90*1-60)*2"]},"arm_left":{"rotation":[0,52.5,0]},"hand_left":{"rotation":[0,45,"0-math.sin(query.anim_time*90*1-120)*5"]},"finger_left":{"rotation":[0,0,42.5]},"finger_left2":{"rotation":[0,0,35]},"shoulderthing_left":{"rotation":[0,0,"-20+math.sin(query.anim_time*90*2)*10"]},"shoulderthing_left2":{"rotation":[0,0,"25-math.sin(query.anim_time*90*2-60)*15"]},"shoulderthing_left3":{"rotation":[0,0,"-37.5+math.sin(query.anim_time*90*2-120)*20"]},"shoulderthing_left4":{"rotation":[0,0,"47.5-math.sin(query.anim_time*90*2)*10"]},"shoulder_right":{"rotation":[0,0,"-55+math.sin(query.anim_time*90*1-60)*2"]},"arm_right":{"rotation":[0,-62.5,0]},"hand_right":{"rotation":[0,-40,"0+math.sin(query.anim_time*90*1-120)*5"]},"finger_right":{"rotation":[0,0,-35]},"finger_right2":{"rotation":[0,0,-30]},"shoulderthing_right":{"rotation":[0,0,"22.5-math.sin(query.anim_time*90*2)*10"]},"shoulderthing_right2":{"rotation":[0,0,"-37.5+math.sin(query.anim_time*90*2-60)*10"]},"shoulderthing_right3":{"rotation":[0,0,"37.5-math.sin(query.anim_time*90*2-120)*20"]},"shoulderthing_right4":{"rotation":[0,0,"-52.5-math.sin(query.anim_time*90*2-180)*25"]},"hair2":{"rotation":["-30+math.sin(query.anim_time*90*1-60)*5",0,0]},"hair3":{"rotation":["-40+math.sin(query.anim_time*90*1-120)*10",0,0]},"hair4":{"rotation":["47.5+math.sin(query.anim_time*90*1-180)*25",0,0]}}},"animation.darkrai_hauntedhalloween.special":{"animation_length":2,"bones":{"body":{"rotation":{"0.0":[0,35,0],"1.9583":[0,35,0]},"position":{"0.0":[0,"0+math.sin(query.anim_time*90*2)*0.5",0],"2.0":[0,"0+math.sin(query.anim_time*90*2)*0.5",0]}},"tail":{"rotation":{"0.0":["25+math.sin(query.anim_time*90*4)*5","0+math.sin(query.anim_time*90*2)*5",0],"2.0":["25+math.sin(query.anim_time*90*4)*5","0+math.sin(query.anim_time*90*2)*5",0]}},"tail2":{"rotation":{"0.0":["37.5+math.sin(query.anim_time*90*4-60)*10",0,0],"2.0":["37.5+math.sin(query.anim_time*90*4-60)*10",0,0]}},"tail3":{"rotation":{"0.0":["-65+math.sin(query.anim_time*90*4-120)*15",0,0],"2.0":["-65+math.sin(query.anim_time*90*4-120)*15",0,0]}},"tail4":{"rotation":{"0.0":["47.5+math.sin(query.anim_time*90*4-180)*20",0,0],"2.0":["47.5+math.sin(query.anim_time*90*4-180)*20",0,0]}},"chest":{"rotation":{"0.0":[12.7747,-12.23918,-2.55978],"0.5833":[18.09823,-16.99753,-4.14732],"1.1667":[19.94809,-21.6394,-6.02444],"1.25":[31.00693,-2.27771,-0.30416],"1.2917":[27.40893,-0.84659,0.77498],"1.3333":[28.98445,0.62823,1.77814],"1.375":[25.41298,-2.27066,0.35813],"1.4167":[27.09168,-5.20928,-0.99009],"1.4583":[23.41521,-3.69474,-0.05871],"1.5":[24.96806,-2.14091,0.791],"1.5417":[21.41452,-5.11881,-0.47556],"1.5833":[23.1707,-8.13028,-1.67251],"1.625":[19.40878,-6.54289,-0.8924],"1.6667":[23.4727,-4.96267,-0.09727],"1.9583":[12.7747,-12.23918,-2.55978]}},"shoulder_left":{"rotation":{"0.0":{"post":[0,27.5,0],"lerp_mode":"catmullrom"},"1.0":{"post":[-56.49059,5.82067,-59.02631],"lerp_mode":"catmullrom"},"1.25":{"post":[-27.07023,30.35261,-3.64693],"lerp_mode":"catmullrom"},"1.9583":{"post":[0,27.5,0],"lerp_mode":"catmullrom"}}},"arm_left":{"rotation":{"0.0":{"post":[0,40,0],"lerp_mode":"catmullrom"},"1.125":{"post":[0,30,0],"lerp_mode":"catmullrom"},"1.625":{"post":[-2.88066,29.8742,-5.76863],"lerp_mode":"catmullrom"},"1.9583":{"post":[0,40,0],"lerp_mode":"catmullrom"}}},"hand_left":{"rotation":{"0.0":{"post":[0,0,-15],"lerp_mode":"catmullrom"},"0.25":{"post":[0,0,20.4],"lerp_mode":"catmullrom"},"0.5833":{"post":[0,0,0],"lerp_mode":"catmullrom"},"1.0833":{"post":[0,0,-10],"lerp_mode":"catmullrom"},"1.2083":{"post":[0,0,-29.62],"lerp_mode":"catmullrom"},"1.3333":{"post":[0,0,7.5],"lerp_mode":"catmullrom"},"1.5417":{"post":[0,0,7.5],"lerp_mode":"catmullrom"},"1.9583":{"post":[0,0,-15],"lerp_mode":"catmullrom"}}},"finger_left":{"rotation":{"0.0":[0,15,-42.5],"0.4583":[14.13272,5.07855,28.12994],"0.9167":[14.65548,3.23009,35.34091],"1.25":[-4.62538,14.28423,-60.65446],"1.9583":[0,15,-42.5]}},"finger_left3":{"rotation":{"0.0":[44.71854,53.5046,50.92885],"1.0":[61.69993,-26.94623,103.71218],"1.2083":[-15.63765,63.96866,-17.30263],"1.9583":[44.71854,53.5046,50.92885]}},"finger_left2":{"rotation":{"0.0":[0,-20,-40],"0.9167":[-19.71975,-3.40487,40.59196],"1.25":[10.3141,-17.2294,-71.5667],"1.9583":[0,-20,-40]}},"shoulderthing_left":{"rotation":{"0.0":[-15,0,"-7.5+math.sin(query.anim_time*90*4)*5"],"2.0":[-15,0,"-7.5+math.sin(query.anim_time*90*4)*5"]}},"shoulderthing_left2":{"rotation":{"0.0":[0,0,"35-math.sin(query.anim_time*90*4-60)*10"],"2.0":[0,0,"35-math.sin(query.anim_time*90*4-60)*10"]}},"shoulderthing_left3":{"rotation":{"0.0":[0,0,"-40+math.sin(query.anim_time*90*4-120)*15"],"2.0":[0,0,"-40+math.sin(query.anim_time*90*4-120)*15"]}},"shoulderthing_left4":{"rotation":{"0.0":[0,0,"40-math.sin(query.anim_time*90*4-180)*25"],"2.0":[0,0,"40-math.sin(query.anim_time*90*4-180)*25"]}},"shoulder_right":{"rotation":{"0.0":{"post":[0,0,-45],"lerp_mode":"catmullrom"},"0.5":{"post":[0,0,-37.5],"lerp_mode":"catmullrom"},"1.25":{"post":[0,12.5,-45],"lerp_mode":"catmullrom"},"1.625":{"post":[0,36.67565,-45],"lerp_mode":"catmullrom"},"2.0":{"post":[0,0,-45],"lerp_mode":"catmullrom"}}},"arm_right":{"rotation":{"0.0":[0,-35,0],"2.0":[0,-35,0]}},"hand_right":{"rotation":{"0.0":[0,"-55+math.sin(query.anim_time*90*2-120)*5",0],"2.0":[0,"-55+math.sin(query.anim_time*90*2-120)*5",0]}},"finger_right":{"rotation":{"0.0":[0,0,"-35+math.sin(query.anim_time*90*2-180)*15"],"2.0":[0,0,-35]}},"finger_right3":{"rotation":{"0.0":[40.144,-45.34153,"-49.856+math.sin(query.anim_time*90*2-180)*15"],"2.0":[40.144,-45.34153,-49.856]}},"finger_right2":{"rotation":{"0.0":[0,0,"-47.5+math.sin(query.anim_time*90*2-180)*15"],"2.0":[0,0,-47.5]}},"shoulderthing_right":{"rotation":{"0.0":[0,0,"22.5+math.sin(query.anim_time*90*4)*5"],"2.0":[0,0,"22.5+math.sin(query.anim_time*90*4)*5"]}},"shoulderthing_right2":{"rotation":{"0.0":[14.01907,1.02168,"-34.7288-math.sin(query.anim_time*90*4-60)*10"],"2.0":[14.01907,1.02168,"-34.7288-math.sin(query.anim_time*90*4-60)*10"]}},"shoulderthing_right3":{"rotation":{"0.0":[0,0,"40+math.sin(query.anim_time*90*4-120)*20"],"2.0":[0,0,"40+math.sin(query.anim_time*90*4-120)*20"]}},"shoulderthing_right4":{"rotation":{"0.0":[0,0,"-62.5-math.sin(query.anim_time*90*4-180)*25"],"2.0":[0,0,"-62.5-math.sin(query.anim_time*90*4-180)*25"]}},"hair":{"rotation":{"0.0":[0,"0+math.sin(query.anim_time*90*2)*5",0],"2.0":[0,"0+math.sin(query.anim_time*90*2)*5",0]}},"hair2":{"rotation":{"0.0":["17.5+math.sin(query.anim_time*90*4-60)*10",0,0],"2.0":["17.5+math.sin(query.anim_time*90*4-60)*10",0,0]}},"hair3":{"rotation":{"0.0":["-37.5+math.sin(query.anim_time*90*4-120)*15",0,0],"2.0":["-37.5+math.sin(query.anim_time*90*4-120)*15",0,0]}},"hair4":{"rotation":{"0.0":["52.5+math.sin(query.anim_time*90*4-180)*30",0,0],"2.0":["52.5+math.sin(query.anim_time*90*4-180)*30",0,0]}}}},"animation.darkrai_hauntedhalloween.status":{"animation_length":2,"bones":{"body":{"rotation":{"0.0":[0,35,0],"0.75":[0,10,0],"1.7917":[0,10,0],"2.0":[0,35,0]},"position":{"0.0":[0,"0+math.sin(query.anim_time*90*2)*0.5",0],"0.3333":[0,"-2+math.sin(query.anim_time*90*2)*0.5",0],"0.7083":[0,0.36,4.9],"1.0833":[0,"1+math.sin(query.anim_time*90*2)*0.5",4],"2.0":[0,"0+math.sin(query.anim_time*90*2)*0.5",0]}},"tail":{"rotation":["25+math.sin(query.anim_time*90*4)*5","0+math.sin(query.anim_time*90*2)*5",0]},"tail2":{"rotation":["37.5+math.sin(query.anim_time*90*4-60)*10",0,0]},"tail3":{"rotation":["-65+math.sin(query.anim_time*90*4-120)*15",0,0]},"tail4":{"rotation":["47.5+math.sin(query.anim_time*90*4-180)*20",0,0]},"chest":{"rotation":{"0.0":["12.7747+math.sin(query.anim_time*90*2-60)",-12.23918,-2.55978],"0.1667":["10.2747+math.sin(query.anim_time*90*2-60)",-12.23918,-2.55978],"0.2917":["22.7747+math.sin(query.anim_time*90*2-60)",-12.23918,-2.55978],"0.6667":["32.7747+math.sin(query.anim_time*90*2-60)",-12.23918,-2.55978],"1.0833":["27.8367+math.sin(query.anim_time*90*2-60)",-12.23918,-2.55978],"1.375":["3.3461+math.sin(query.anim_time*90*2-60)",-12.23918,-2.55978],"1.4167":[0.08728,-12.23918,-2.55978],"1.4583":[2.3513,-12.23918,-2.55978],"1.5":[0.08728,-12.23918,-2.55978],"1.5417":[2.3513,-12.23918,-2.55978],"1.5833":[0.08728,-12.23918,-2.55978],"1.625":[2.3513,-12.23918,-2.55978],"1.6667":[0.08728,-12.23918,-2.55978],"1.7083":["-1.6539+math.sin(query.anim_time*90*2-60)",-12.23918,-2.55978],"1.875":["12.7747+math.sin(query.anim_time*90*2-60)",-12.23918,-2.55978]}},"shoulder_left":{"rotation":{"0.0":[0,27.5,"0-math.sin(query.anim_time*90*2-60)*5"],"0.1667":[8.89674,26.12797,"19.5685-math.sin(query.anim_time*90*2-60)*5"],"0.5":[15.92857,22.63017,"36.5545-math.sin(query.anim_time*90*2-60)*5"],"1.0833":[17.84001,21.18703,"41.6745-math.sin(query.anim_time*90*2-60)*5"],"1.4167":[2.87024,26.79455,"6.4475-math.sin(query.anim_time*90*2-60)*5"],"1.8333":[2.87024,26.79455,"6.4475-math.sin(query.anim_time*90*2-60)*5"],"2.0":[0,27.5,"0-math.sin(query.anim_time*90*2-60)*5"]}},"arm_left":{"rotation":[0,40,"0-math.sin(query.anim_time*90*2-120)*5"]},"hand_left":{"rotation":{"0.0":[0,0,-15],"0.25":[0,0,5],"1.25":[0,0,5],"1.5417":[-120,0,-30],"1.875":[-120,0,-30],"2.0":[0,0,-15]}},"finger_left":{"rotation":[0,15,"-42.5+math.sin(query.anim_time*90*2-120)*10"]},"finger_left3":{"rotation":[44.71854,"53.5046+math.sin(query.anim_time*90*2-180)*15",50.92885]},"finger_left2":{"rotation":[0,-20,"-40+math.sin(query.anim_time*90*2-180)*15"]},"shoulderthing_left":{"rotation":[-15,0,"-7.5+math.sin(query.anim_time*90*4)*5"]},"shoulderthing_left2":{"rotation":[0,0,"35-math.sin(query.anim_time*90*4-60)*10"]},"shoulderthing_left3":{"rotation":[0,0,"-40+math.sin(query.anim_time*90*4-120)*15"]},"shoulderthing_left4":{"rotation":[0,0,"40-math.sin(query.anim_time*90*4-180)*25"]},"shoulder_right":{"rotation":{"0.0":[0,0,"-45+math.sin(query.anim_time*90*2-60)*5"],"0.3333":[0,0,"-35+math.sin(query.anim_time*90*2-60)*5"],"1.0":[0,0,"-45+math.sin(query.anim_time*90*2-60)*5"],"1.375":[-22.35298,0,"-45+math.sin(query.anim_time*90*2-60)*5"],"1.8333":[-27.35298,0,"-45+math.sin(query.anim_time*90*2-60)*5"],"2.0":[0,0,"-45+math.sin(query.anim_time*90*2-60)*5"]}},"arm_right":{"rotation":[0,-35,0]},"hand_right":{"rotation":{"0.0":[0,"-55+math.sin(query.anim_time*90*2-120)*5",0],"0.2083":[0,"-60+math.sin(query.anim_time*90*2-120)*5",0],"0.5":[0,"-45+math.sin(query.anim_time*90*2-120)*5",0],"0.8333":[0,"-40+math.sin(query.anim_time*90*2-120)*5",0],"1.2917":[-88.71937,"-40+math.sin(query.anim_time*90*2-120)*5",0],"1.5833":[-86.95846,"-70.6728+math.sin(query.anim_time*90*2-120)*5",-2.06388],"1.8333":[-85.67467,"-75.6628+math.sin(query.anim_time*90*2-120)*5",-3.38603],"2.0":[0,"-55+math.sin(query.anim_time*90*2-120)*5",0]}},"finger_right":{"rotation":[0,0,"-35+math.sin(query.anim_time*90*2-180)*15"]},"finger_right3":{"rotation":[40.144,-45.34153,"-49.856+math.sin(query.anim_time*90*2-180)*15"]},"finger_right2":{"rotation":[0,0,"-47.5+math.sin(query.anim_time*90*2-180)*15"]},"shoulderthing_right":{"rotation":[0,0,"22.5+math.sin(query.anim_time*90*4)*5"]},"shoulderthing_right2":{"rotation":[14.01907,1.02168,"-34.7288-math.sin(query.anim_time*90*4-60)*10"]},"shoulderthing_right3":{"rotation":[0,0,"40+math.sin(query.anim_time*90*4-120)*20"]},"shoulderthing_right4":{"rotation":[0,0,"-62.5-math.sin(query.anim_time*90*4-180)*25"]},"hair":{"rotation":[0,"0+math.sin(query.anim_time*90*2)*5",0]},"hair2":{"rotation":["17.5+math.sin(query.anim_time*90*4-60)*10",0,0]},"hair3":{"rotation":["-37.5+math.sin(query.anim_time*90*4-120)*15",0,0]},"hair4":{"rotation":["52.5+math.sin(query.anim_time*90*4-180)*30",0,0]}}},"animation.darkrai_hauntedhalloween.physical":{"animation_length":2,"bones":{"body":{"rotation":[0,35,0],"position":{"0.0":[0,"0+math.sin(query.anim_time*90*2)*0.5",0],"0.375":[0,"-2+math.sin(query.anim_time*90*2)*0.5",0],"1.0417":[0,"-3+math.sin(query.anim_time*90*2)*0.5",0],"1.25":[0,"math.sin(query.anim_time*90*2)*0.5",-4],"1.375":[0,"-1+math.sin(query.anim_time*90*2)*0.5",-5],"1.75":[0,"-2+math.sin(query.anim_time*90*2)*0.5",-6],"2.0":[0,"0+math.sin(query.anim_time*90*2)*0.5",0]}},"tail":{"rotation":["25+math.sin(query.anim_time*90*4)*5","0+math.sin(query.anim_time*90*2)*5",0]},"tail2":{"rotation":["37.5+math.sin(query.anim_time*90*4-60)*10",0,0]},"tail3":{"rotation":["-65+math.sin(query.anim_time*90*4-120)*15",0,0]},"tail4":{"rotation":["47.5+math.sin(query.anim_time*90*4-180)*20",0,0]},"chest":{"rotation":{"0.0":["12.7747+math.sin(query.anim_time*90*2-60)",-12.23918,-2.55978],"0.7083":["12.4722+math.sin(query.anim_time*90*2-60)",-2.58427,-0.21789],"1.0417":["12.5511+math.sin(query.anim_time*90*2-60)",6.40045,1.9112],"1.25":["0.8259+math.sin(query.anim_time*90*2-60)",6.40045,1.9112],"1.375":["23.463+math.sin(query.anim_time*90*2-60)",-41.09798,1.49073],"1.7083":["27.7328+math.sin(query.anim_time*90*2-60)",-50.20078,-4.45888],"1.875":["12.7747+math.sin(query.anim_time*90*2-60)",-12.23918,-2.55978]}},"shoulder_left":{"rotation":{"0.0":[0,27.5,"0-math.sin(query.anim_time*90*2-60)*5"],"0.5833":[0,32.44286,"0-math.sin(query.anim_time*90*2-60)*5"],"1.0833":[0,17.44286,"0-math.sin(query.anim_time*90*2-60)*5"],"1.4167":[4.69961,7.41922,"41.8276-math.sin(query.anim_time*90*2-60)*5"],"1.7917":[4.69961,7.41922,"41.8276-math.sin(query.anim_time*90*2-60)*5"],"2.0":[0,27.5,"0-math.sin(query.anim_time*90*2-60)*5"]}},"arm_left":{"rotation":[0,40,"0-math.sin(query.anim_time*90*2-120)*5"]},"hand_left":{"rotation":[0,0,-15]},"finger_left":{"rotation":[0,15,"-42.5+math.sin(query.anim_time*90*2-120)*10"]},"finger_left3":{"rotation":[44.71854,"53.5046+math.sin(query.anim_time*90*2-180)*15",50.92885]},"finger_left2":{"rotation":[0,-20,"-40+math.sin(query.anim_time*90*2-180)*15"]},"shoulderthing_left":{"rotation":[-15,0,"-7.5+math.sin(query.anim_time*90*4)*5"]},"shoulderthing_left2":{"rotation":[0,0,"35-math.sin(query.anim_time*90*4-60)*10"]},"shoulderthing_left3":{"rotation":[0,0,"-40+math.sin(query.anim_time*90*4-120)*15"]},"shoulderthing_left4":{"rotation":[0,0,"40-math.sin(query.anim_time*90*4-180)*25"]},"shoulder_right":{"rotation":{"0.0":[0,0,"-45+math.sin(query.anim_time*90*2-60)*5"],"0.2083":[0,0,"-40+math.sin(query.anim_time*90*2-60)*5"],"0.5":[0,0,"-50+math.sin(query.anim_time*90*2-60)*5"],"1.0":[0,27.5,"-50+math.sin(query.anim_time*90*2-60)*5"],"1.375":[-61.48416,24.1782,"-19.5924+math.sin(query.anim_time*90*2-60)*5"],"1.5417":[-5.69916,-46.27786,"-28.0037+math.sin(query.anim_time*90*2-60)*5"],"1.7917":[-5.69916,-46.27786,"-28.0037+math.sin(query.anim_time*90*2-60)*5"],"2.0":[0,0,"-45+math.sin(query.anim_time*90*2-60)*5"]}},"arm_right":{"rotation":[0,-35,0]},"hand_right":{"rotation":[0,"-55+math.sin(query.anim_time*90*2-120)*5",0]},"finger_right":{"rotation":[0,0,"-35+math.sin(query.anim_time*90*2-180)*15"]},"finger_right3":{"rotation":[40.144,-45.34153,"-49.856+math.sin(query.anim_time*90*2-180)*15"]},"finger_right2":{"rotation":[0,0,"-47.5+math.sin(query.anim_time*90*2-180)*15"]},"shoulderthing_right":{"rotation":[0,0,"22.5+math.sin(query.anim_time*90*4)*5"]},"shoulderthing_right2":{"rotation":[14.01907,1.02168,"-34.7288-math.sin(query.anim_time*90*4-60)*10"]},"shoulderthing_right3":{"rotation":[0,0,"40+math.sin(query.anim_time*90*4-120)*20"]},"shoulderthing_right4":{"rotation":[0,0,"-62.5-math.sin(query.anim_time*90*4-180)*25"]},"hair":{"rotation":[0,"0+math.sin(query.anim_time*90*2)*5",0]},"hair2":{"rotation":["17.5+math.sin(query.anim_time*90*4-60)*10",0,0]},"hair3":{"rotation":["-37.5+math.sin(query.anim_time*90*4-120)*15",0,0]},"hair4":{"rotation":["52.5+math.sin(query.anim_time*90*4-180)*30",0,0]}}},"animation.darkrai_hauntedhalloween.recoil":{"animation_length":0.3333,"bones":{"body":{"position":{"0.0":[0,0,0],"0.125":[0,-0.2,0],"0.2083":[0,0.3,0],"0.3333":[0,0,0]}},"chest":{"rotation":{"0.0":[0,0,0],"0.125":[5,0,0],"0.1667":[0,0,0],"0.3333":[0,0,0]}}}},"animation.darkrai_hauntedhalloween.faint":{"animation_length":2.2083,"bones":{"body":{"position":{"0.0":{"post":[0,0,0],"lerp_mode":"catmullrom"},"0.0833":{"post":[0,-1,0],"lerp_mode":"catmullrom"},"0.2917":{"post":[0,-2,-1],"lerp_mode":"catmullrom"},"0.4167":{"post":[0,4,-3],"lerp_mode":"catmullrom"},"0.5417":{"post":[0,11,0],"lerp_mode":"catmullrom"},"1.1667":{"post":[0,12,1],"lerp_mode":"catmullrom"},"1.5":{"post":[0,2,1],"lerp_mode":"catmullrom"},"1.7917":{"post":[0,-5,0],"lerp_mode":"catmullrom"}}},"tail":{"rotation":{"0.0":[0,0,0],"0.1667":[15,0,0],"0.375":[-15,0,0],"0.625":[2.5,0,0],"1.25":[7.5,0,0],"1.5833":[2.5,0,0],"1.9167":[-7.5,0,0]}},"tail2":{"rotation":{"0.0":[0,0,0],"0.125":[42.5,0,0],"0.2917":[-12.5,0,0],"0.5":[-25,0,0],"0.6667":[-37.5,0,0],"0.7917":[-7.5,0,0],"0.9167":[10,0,0],"1.375":[15,0,0],"1.7917":[5,0,0],"2.0":[0,0,0]}},"tail3":{"rotation":{"0.0":[0,0,0],"0.1667":[-15,0,0],"0.2917":[20,0,0],"0.4583":[-10,0,0],"0.5833":[-15,0,0],"0.75":[-20,0,0],"0.9167":[-5,0,0],"1.2917":[20,0,0],"1.5833":[27.5,0,0],"1.9583":[10,0,0],"2.2083":[2.5,0,0]}},"tail4":{"rotation":{"0.0":[0,0,0],"0.0833":[-15,0,0],"0.2083":[30,0,0],"0.4167":[7.5,0,0],"0.5833":[-15,0,0],"0.7083":[-22.5,0,0],"0.875":[-2.5,0,0],"1.2083":[25,0,0],"1.375":[35,0,0],"1.9583":[40,0,0],"2.2083":[-2.5,0,0]}},"upper":{"rotation":[15,0,0]},"chest":{"rotation":{"0.0":{"post":[0,20,0],"lerp_mode":"catmullrom"},"0.125":{"post":[22.5,0,0],"lerp_mode":"catmullrom"},"0.3333":{"post":[30,0,0],"lerp_mode":"catmullrom"},"0.5":{"post":[25,0,0],"lerp_mode":"catmullrom"},"0.625":{"post":[-17.5,0,0],"lerp_mode":"catmullrom"},"0.75":{"post":[-15,0,0],"lerp_mode":"catmullrom"},"0.875":{"post":[-17.5,0,0],"lerp_mode":"catmullrom"},"1.2083":{"post":[-15,0,0],"lerp_mode":"catmullrom"},"1.7083":{"post":[-3.87,0,0],"lerp_mode":"catmullrom"},"2.0":{"post":[20,0,0],"lerp_mode":"catmullrom"}}},"shoulder_left":{"rotation":{"0.0":{"post":[0,60,0],"lerp_mode":"catmullrom"},"0.25":{"post":[25.66082,56.09259,30.0508],"lerp_mode":"catmullrom"},"0.5":{"post":[14.9589,20.62991,13.69015],"lerp_mode":"catmullrom"},"0.75":{"post":[12.27643,22.27486,6.37533],"lerp_mode":"catmullrom"},"1.375":{"post":[10.21731,23.2508,1.05692],"lerp_mode":"catmullrom"},"2.1667":{"post":[21.33422,26.53638,34.65486],"lerp_mode":"catmullrom"}}},"hand_left":{"rotation":{"0.0":{"post":[-4.6653,16.88547,-15.69284],"lerp_mode":"catmullrom"},"0.25":{"post":[1.5741,17.43127,5.24133],"lerp_mode":"catmullrom"},"0.5833":{"post":[-187.44353,55.94407,-81.1388],"lerp_mode":"catmullrom"},"1.625":{"post":[-197.44353,55.94407,-81.1388],"lerp_mode":"catmullrom"},"2.125":{"post":[-138.73384,43.75234,-8.74492],"lerp_mode":"catmullrom"}}},"finger_left":{"rotation":{"0.0":[0,0,0],"0.5":[0,37.30544,-22.23135]}},"finger_left3":{"rotation":{"0.0":[0,0,0],"0.5":[0,0,107.5]}},"finger_left2":{"rotation":{"0.0":[0,0,0],"0.5":[0,-25,0]}},"shoulderthing_left":{"rotation":{"0.0":{"post":[-32.5,0,0],"lerp_mode":"catmullrom"},"0.1667":{"post":[-55,0,0],"lerp_mode":"catmullrom"}}},"shoulderthing_left2":{"rotation":{"0.0":{"post":[0,0,0],"lerp_mode":"catmullrom"},"0.1667":{"post":[-52.5,0,0],"lerp_mode":"catmullrom"}}},"shoulderthing_left3":{"rotation":{"0.0":{"post":[0,0,0],"lerp_mode":"catmullrom"},"0.1667":{"post":[-34.27111,-0.65093,0.77289],"lerp_mode":"catmullrom"}}},"shoulderthing_left4":{"rotation":{"0.0":{"post":[0,0,0],"lerp_mode":"catmullrom"},"0.1667":{"post":[-42.5,0,0],"lerp_mode":"catmullrom"}}},"shoulder_right":{"rotation":{"0.0":{"post":[0,0,-42.5],"lerp_mode":"catmullrom"},"0.1667":{"post":[0,0,-40],"lerp_mode":"catmullrom"},"0.4167":{"post":[0,-22.16888,-40],"lerp_mode":"catmullrom"},"0.625":{"post":[-6.02006,-21.37561,-23.86282],"lerp_mode":"catmullrom"},"1.7083":{"post":[-6.02006,-21.37561,-23.86282],"lerp_mode":"catmullrom"},"2.0":{"post":[0,0,-45],"lerp_mode":"catmullrom"}}},"arm_right":{"rotation":{"0.0":{"post":[0,0,0],"lerp_mode":"catmullrom"},"0.1667":{"post":[0,-27.5,0],"lerp_mode":"catmullrom"},"1.5833":{"post":[-7.5,-27.5,0],"lerp_mode":"catmullrom"},"1.8333":{"post":[-0.74674,-14.29243,-27.6443],"lerp_mode":"catmullrom"}}},"hand_right":{"rotation":{"0.0":{"post":[0,0,0],"lerp_mode":"catmullrom"},"0.3333":{"post":[0,-35,0],"lerp_mode":"catmullrom"},"0.6667":{"post":[-122.5,-35,0],"lerp_mode":"catmullrom"},"1.8333":{"post":[-132.14034,-49.00588,14.25875],"lerp_mode":"catmullrom"}}},"finger_right":{"rotation":{"0.0":[0,0,0],"0.5":[0,-32.5,0]}},"finger_right3":{"rotation":{"0.0":[0,0,0],"0.5":[0,0,-62.5]}},"finger_right2":{"rotation":{"0.0":[0,0,0],"0.5":[0,15,0]}},"shoulderthing_right":{"rotation":{"0.0":{"post":[0,0,0],"lerp_mode":"catmullrom"},"0.1667":{"post":[0,0,-17.5],"lerp_mode":"catmullrom"},"0.4583":{"post":[-46.28816,14.50895,-47.38536],"lerp_mode":"catmullrom"}}},"shoulderthing_right2":{"rotation":{"0.0":{"post":[0,0,0],"lerp_mode":"catmullrom"},"0.4583":{"post":[-2.5,0,-31.90909],"lerp_mode":"catmullrom"}}},"shoulderthing_right3":{"rotation":{"0.0":{"post":[0,0,0],"lerp_mode":"catmullrom"},"0.4583":{"post":[0,0,-22.5],"lerp_mode":"catmullrom"}}},"shoulderthing_right4":{"rotation":{"0.0":{"post":[0,0,0],"lerp_mode":"catmullrom"},"0.4583":{"post":[0,0,-30],"lerp_mode":"catmullrom"}}},"hair2":{"rotation":{"0.0":[0,0,0],"0.1667":[-25,0,0],"0.3333":[-35,0,0]}},"hair3":{"rotation":{"0.0":[0,0,0],"0.3333":[-22.5,0,0]}},"hair4":{"rotation":{"0.0":[0,0,0],"0.3333":[-27.5,0,0]}}}},"animation.darkrai_hauntedhalloween.cry":{"animation_length":1.2917,"bones":{"chest":{"rotation":{"0.0":["12.5002+math.sin(query.anim_time*90*2-60)",-0.00001,0.00006],"0.2083":["27.1352+math.sin(query.anim_time*90*2-60)",0,4.54534],"0.5":["3.273+math.sin(query.anim_time*90*2-60)",0,-1.86414],"0.5417":[0.08728,0,-2.55978],"0.5833":[2.3513,0,-2.55978],"0.625":[0.08728,0,-2.55978],"0.6667":[2.3513,0,-2.55978],"0.7083":[0.08728,0,-2.55978],"0.75":[2.3513,0,-2.55978],"0.7917":[0.08728,0,-2.55978],"0.8333":["-1.6539+math.sin(query.anim_time*90*2-60)",0,-2.55978],"1.25":["12.7747+math.sin(query.anim_time*90*2-60)",0,-2.55978]}}}},"animation.darkrai_hauntedhalloween.particle":{"loop":true,"particle_effects":{"0.0":[{"effect":"cobblemon:shadow_souls"},{"effect":"cobblemon:shadow_fog"}]}}}}