{"format_version":"1.8.0","animations":{"animation.empoleon_frostbound.blink":{"animation_length":0.1667,"bones":{"eyelid_left":{"position":{"0.0":[0,0,-0.1],"0.125":[0,0,-0.1],"0.1667":[0,0,0]}},"eyelid_right":{"position":{"0.0":[0,0,-0.1],"0.125":[0,0,-0.1],"0.1667":[0,0,0]}}}},"animation.empoleon_frostbound.angry":{"loop":true,"bones":{"eye_angry_left":{"position":[0,0,-0.1]},"eye_angry_right":{"position":[0,0,-0.1]}}},"animation.empoleon_frostbound.recoil":{"loop":true,"bones":{"eyelid_recoil_left":{"position":[0,0,-0.1]},"eyelid_recoil_right":{"position":[0,0,-0.1]}}},"animation.empoleon_frostbound.cry_old":{"animation_length":1.75,"bones":{"head":{"rotation":{"0.0":[0,0,0],"0.1667":{"pre":[3.5,0,0],"post":[3.5,0,0],"lerp_mode":"catmullrom"},"0.4167":{"post":[-15,0,0],"lerp_mode":"catmullrom"},"1.0":{"post":[-15,0,0],"lerp_mode":"catmullrom"},"1.75":[0,0,0]}},"jaw":{"rotation":{"0.0":[0,0,0],"0.0833":[50,0,0],"0.1667":[50,0,0],"0.25":[25,0,0],"0.3333":[50,0,0],"1.25":[50,0,0],"1.5":[0,0,0]}},"torso":{"rotation":{"0.0":[0,0,0],"0.3333":{"pre":[3.5,0,0],"post":[3.5,0,0],"lerp_mode":"catmullrom"},"0.5833":{"post":[-2.5,0,0],"lerp_mode":"catmullrom"},"1.0":{"post":[-2.5,0,0],"lerp_mode":"catmullrom"},"1.4167":{"post":[1,0,0],"lerp_mode":"catmullrom"},"1.75":[0,0,0]}},"wing_left":{"rotation":{"0.0":{"post":[0,0,0],"lerp_mode":"catmullrom"},"0.1667":{"post":[0,10,0],"lerp_mode":"catmullrom"},"0.4167":{"post":[0,-20,0],"lerp_mode":"catmullrom"},"1.0":{"post":[0,-20,0],"lerp_mode":"catmullrom"},"1.5833":[0,0,0]}},"wing_right":{"rotation":{"0.0":{"post":[0,0,0],"lerp_mode":"catmullrom"},"0.1667":{"post":[0,-10,0],"lerp_mode":"catmullrom"},"0.4167":{"post":[0,20,0],"lerp_mode":"catmullrom"},"1.0":{"post":[0,20,0],"lerp_mode":"catmullrom"},"1.5833":[0,0,0]}},"leg_right":{"rotation":[0,0,0]},"neck":{"rotation":{"0.0":[0,0,0],"0.1667":{"pre":[2.5,0,0],"post":[2.5,0,0],"lerp_mode":"catmullrom"},"0.8333":{"post":[10,0,0],"lerp_mode":"catmullrom"},"1.5":[0,0,0]}}},"sound_effects":{"0.0":{"effect":"pokemon.cry.empoleon"}}},"animation.empoleon_frostbound.ground_idle_old":{"loop":true,"bones":{"torso":{"rotation":["2.5+math.cos(q.anim_time*90*1.5)*1",0,0],"position":[0,"0+math.sin(q.anim_time*90*1.5)*0.2",0]},"wing_left":{"rotation":[0,0,"55-math.cos(q.anim_time*90*1.5-60)*5"]},"wing_left2":{"rotation":[0,0,"0-math.cos(q.anim_time*90*1.5-120)*6"]},"wing_right":{"rotation":[0,0,"-55+math.cos(q.anim_time*90*1.5-60)*5"]},"wing_right2":{"rotation":[0,0,"0+math.cos(q.anim_time*90*1.5-120)*6"]},"leg_left":{"rotation":[0,-17.5,0]},"leg_right":{"rotation":[0,17.5,0],"position":[0,0,0]},"neck":{"rotation":["0+math.cos(q.anim_time*90*1.5-30)*2",0,0]}}},"animation.empoleon_frostbound.ground_walk_old":{"loop":true,"animation_length":1.3333,"bones":{"torso":{"rotation":["2.5+math.sin(q.anim_time*90*3*2)*1","-math.sin(q.anim_time*90*3)*3","math.cos(q.anim_time*90*3)*2"],"position":{"0.0":[0,"0+math.cos(q.anim_time*90*3*2+90)*0.2",0],"0.0417":[0,"0+math.cos(q.anim_time*90*3*12+90)*0.06",0],"0.5417":[0,"0+math.cos(q.anim_time*90*3*2+90)*0.2",0],"0.7083":[0,"0+math.cos(q.anim_time*90*3*2+90)*0.2",0],"0.75":[0,"0+math.cos(q.anim_time*90*3*12+90)*0.06",0],"1.0833":[0,"0+math.cos(q.anim_time*90*3*2+90)*0.2",0]}},"head":{"rotation":[-5,0,0]},"wing_left":{"rotation":[0,5,"55+math.sin(q.anim_time*90*3)*4"]},"wing_left2":{"rotation":[0,0,"2.5+math.sin(q.anim_time*90*3-30)*2"]},"wing_right":{"rotation":[0,-5,"-55-math.sin(q.anim_time*90*3)*4"]},"wing_right2":{"rotation":[0,0,"-2.5-math.sin(q.anim_time*90*3-30)*2"]},"leg_left":{"rotation":["0+math.cos(q.anim_time*90*3+180)*9",-14,0],"position":{"0.0":[0,"0+math.clamp(math.sin(q.anim_time*90*3+180)*2.3,0,5)","0+math.cos(q.anim_time*90*3+180)*1"],"1.25":[0,"0+math.clamp(math.sin(q.anim_time*90*3+180)*2.3,0,5)","0+math.cos(q.anim_time*90*3+180)*1"],"1.2917":[0,0,"0+math.cos(q.anim_time*90*3+180)*1"]}},"leg_left2":{"rotation":["0+math.cos(q.anim_time*90*3+30)*4",0,0]},"foot_left":{"rotation":{"0.0":["7.5+math.clamp(math.sin(q.anim_time*90*3+180)*15,0,20)-math.clamp(math.sin(q.anim_time*90*3)*3,0,20)",0,0],"0.125":[5.99,0,0],"0.5":[-3.59,0,0],"0.6667":["-5+math.clamp(math.sin(q.anim_time*90*3+180)*15,0,20)-math.clamp(math.sin(q.anim_time*90*3)*3,0,20)",0,0],"1.25":[-0.82,0,0],"1.3333":["7.5+math.clamp(math.sin(q.anim_time*90*3+180)*15,0,20)-math.clamp(math.sin(q.anim_time*90*3)*3,0,20)",0,0]}},"leg_right":{"rotation":["0+math.cos(q.anim_time*90*3)*9",14,0],"position":{"0.0":[0,"0+math.clamp(math.sin(q.anim_time*90*3)*2.3,0,5)","0+math.cos(q.anim_time*90*3)*1"],"0.5833":[0,"0+math.clamp(math.sin(q.anim_time*90*3)*2.3,0,5)","0+math.cos(q.anim_time*90*3)*1"],"0.625":[0,0,"0+math.cos(q.anim_time*90*3)*1"],"1.3333":[0,"0+math.clamp(math.sin(q.anim_time*90*3)*2.3,0,5)","0+math.cos(q.anim_time*90*3)*1"]}},"leg_right2":{"rotation":["0-math.cos(q.anim_time*90*3+30)*5",0,0]},"foot_right":{"rotation":{"0.0":["-5+math.clamp(math.sin(q.anim_time*90*3)*15,0,20)-math.clamp(math.sin(q.anim_time*90*3+180)*3,0,20)",0,0],"0.5833":[-0.82,0,0],"0.6667":["7.5+math.clamp(math.sin(q.anim_time*90*3)*15,0,20)-math.clamp(math.sin(q.anim_time*90*3+180)*3,0,20)",0,0],"0.75":[6.04,0,0],"0.8333":[5.73,0,0],"1.0":[1.12,0,0],"1.3333":["-5+math.clamp(math.sin(q.anim_time*90*3)*15,0,20)-math.clamp(math.sin(q.anim_time*90*3+180)*3,0,20)",0,0]}},"neck":{"rotation":["0-math.sin(q.anim_time*90*3*2-30)*2",0,0]}}},"animation.empoleon_frostbound.battle_idle_old":{"loop":true,"bones":{"torso":{"rotation":["2.5+math.cos(q.anim_time*90*1.5)*1",0,0],"position":[0,"0+math.sin(q.anim_time*90*1.5)*0.2",0]},"wing_left":{"rotation":[-19.37331,22.65757,"43.6141-math.cos(q.anim_time*90*1.5-60)*5"]},"wing_right":{"rotation":[0,17.5,"-40+math.cos(q.anim_time*90*1.5-60)*5"]},"wing_right2":{"rotation":[0.42445,"-19.9963+math.cos(q.anim_time*90*1.5-120)*3",-1.08634]},"leg_left":{"rotation":[-48.26771,-35.43091,-1.22369]},"leg_right":{"rotation":[-38.22062,43.16059,9.21387],"position":[0,0,0]},"neck":{"rotation":["0+math.cos(q.anim_time*90*1.5-30)*2",0,0]},"body":{"rotation":[0,30,0],"position":[0,-2,0]},"head":{"rotation":[-1.0224,-21.95632,2.6344]},"leg_left2":{"rotation":[42.5,0,0]},"foot_left":{"rotation":[7.5,0,0]},"leg_right2":{"rotation":[59.75346,1.34508,-2.09579]},"foot_right":{"rotation":[-14.94548,-1.29256,-4.83045]}}},"animation.empoleon_frostbound.water_idle_old":{"loop":true,"bones":{"front_cape":{"rotation":["0+math.sin(q.anim_time*90*2-30)*3",0,0]},"back_cape":{"rotation":["0-math.sin(q.anim_time*90*2-30)*3",0,0]},"foot_right1":{"rotation":["30+math.cos(q.anim_time*90*2-60)*4",0,0]},"foot_left1":{"rotation":["30+math.cos(q.anim_time*90*2-60)*4",0,0]},"body":{"rotation":["10-math.sin(q.anim_time*90*1)*1",0,0],"position":[0,"0-math.sin(q.anim_time*90*1-20)*0.4",0]},"torso":{"rotation":["0+math.sin(q.anim_time*90*1)*2",0,0]},"head":{"rotation":["-7.5-math.sin(q.anim_time*90*1+90)*1",0,0]},"wing_left":{"rotation":[0,0,"60-math.cos(q.anim_time*90*1-30)*5"]},"wing_left2":{"rotation":[0,0,"0-math.cos(q.anim_time*90*1-60)*5"]},"wing_right":{"rotation":[0,0,"-60+math.cos(q.anim_time*90*1-30)*5"]},"wing_right2":{"rotation":[0,0,"0+math.cos(q.anim_time*90*1-60)*5"]},"leg_left":{"rotation":["17.5-math.sin(q.anim_time*90*1+150)*5",-10,0]},"foot_left":{"rotation":["0-math.sin(q.anim_time*90*1+120)*3",0,0]},"leg_right":{"rotation":["17.5-math.sin(q.anim_time*90*1-30)*5",10,0]},"foot_right":{"rotation":["0-math.sin(q.anim_time*90*1-60)*3",0,0]}}},"animation.empoleon_frostbound.water_swim_old":{"loop":true,"bones":{"front_cape":{"rotation":["0-math.cos(q.anim_time*90*4*2)*2",0,0]},"back_cape":{"rotation":["0-math.cos(q.anim_time*90*4*2+30)*1",0,0]},"foot_right1":{"rotation":["30+math.cos(q.anim_time*90*2-60)*4",0,0]},"foot_left1":{"rotation":["30+math.cos(q.anim_time*90*2-60)*4",0,0]},"body":{"rotation":["57-math.sin(q.anim_time*90*2)*3","0+math.cos(q.anim_time*90*2)*1","0-math.sin(q.anim_time*90*3)*1"],"position":[0,"0-math.sin(q.anim_time*90*4)*0.5","0+math.cos(q.anim_time*90*4-30)*0.5"]},"head":{"rotation":["-32.5-math.sin(q.anim_time*90*2*2+90)*2",0,0]},"wing_left":{"rotation":["0-math.sin(q.anim_time*90*4)*15","0+math.clamp(math.cos(q.anim_time*90*4)*30,0,30)-math.clamp(math.cos(q.anim_time*90*4+180)*10,0,10)","55-math.clamp(math.cos(q.anim_time*90*4)*30,0,30)+math.clamp(math.cos(q.anim_time*90*4+180)*15,0,20)"]},"wing_left2":{"rotation":[0,0,"0-math.cos(q.anim_time*90*4-30)*15"]},"wing_right":{"rotation":["0-math.sin(q.anim_time*90*4)*15","0-math.clamp(math.cos(q.anim_time*90*4)*30,0,30)+math.clamp(math.cos(q.anim_time*90*4+180)*10,0,10)","-55+math.clamp(math.cos(q.anim_time*90*4)*30,0,30)-math.clamp(math.cos(q.anim_time*90*4+180)*15,0,20)"]},"wing_right2":{"rotation":[0,0,"0+math.cos(q.anim_time*90*4-30)*10"]},"leg_left":{"rotation":["17.5-(math.sin(q.anim_time*90*2+180)*1-1)*5",0,0],"position":[0,0,0]},"foot_left":{"rotation":["0-(math.sin(q.anim_time*90*2+150)*1-1)*5",0,0]},"leg_right":{"rotation":["17.5-(math.sin(q.anim_time*90*2)*1-1)*5",0,0]},"foot_right":{"rotation":["0-(math.sin(q.anim_time*90*2-30)*1-1)*5",0,0]}}},"animation.empoleon_frostbound.sleep_old":{"loop":true,"bones":{"body":{"position":[0,-6,0]},"torso":{"rotation":["5+math.sin(q.anim_time*90*0.7)*2",0,0]},"head":{"rotation":["5+math.sin(q.anim_time*90*0.7-30)*2",0,0]},"eyelid_left":{"position":[0.1,0,-0.1]},"eyelid_right":{"position":[-0.1,0,-0.1]},"wing_left":{"rotation":["37.5+math.sin(q.anim_time*90*0.7-30)*2","0-math.sin(q.anim_time*90*0.7-60)*2","52.5+math.sin(q.anim_time*90*0.7-30)*2"]},"wing_right":{"rotation":["37.5+math.sin(q.anim_time*90*0.7-30)*2","0+math.sin(q.anim_time*90*0.7-60)*2","-52.5-math.sin(q.anim_time*90*0.7-30)*2"]},"leg_left":{"rotation":[-78.53,-23.02,0.16]},"leg_right":{"rotation":[-78.53,23.02,-0.16]}}},"animation.empoleon_frostbound.idk":{"loop":true,"bones":{"body":{"rotation":[0,0,87.5],"position":[-13,0,0]},"waist":{"rotation":[0,0,-5]},"chest":{"rotation":[-15,0,-7.5]},"arm_left":{"rotation":[-172.59298,6.73717,-42.06341]},"arm_left2":{"rotation":[0,0,100]},"hand_left":{"rotation":[-5.66149,2.82225,-52.15675]},"finger_front_left":{"rotation":[-20,0,0]},"finger_middle_left":{"rotation":[0,0,-27.5]},"finger_back_left":{"rotation":[23.60442,5.90237,-13.83995]},"arm_right":{"rotation":[12.5,30,-47.5]},"arm_right2":{"rotation":[0,-52.5,0]},"hand_right":{"rotation":[0,-20,0]},"head":{"rotation":[0,0,-10]},"leg_left":{"rotation":[20,0,10]},"leg_left2":{"rotation":[20,0,0]},"foot_left":{"rotation":[22.5,0,0]},"leg_right":{"rotation":[-9.91615,-1.29876,-22.38733]},"leg_right2":{"rotation":[25,0,0]},"foot_right":{"rotation":[27.5,0,0]}}},"animation.empoleon_frostbound.shock":{"loop":true,"bones":{"pupil_left2":{"scale":[0.7,0.7,1]},"jaw":{"rotation":[20,0,0]},"pupil_right2":{"scale":[0.7,0.7,1]}}},"animation.empoleon_frostbound.sad":{"loop":true,"bones":{"eye_sad_left":{"position":[0,0,-0.1]},"eye_sad_right":{"position":[0,0,-0.1]}}},"animation.empoleon_frostbound.happy":{"loop":true,"bones":{"jaw":{"rotation":[20,0,0]},"eyelid_happy_left":{"position":[0,0,-0.1]},"eyelid_happy_right":{"position":[0,0,-0.1]}}}}}