{"format_version":"1.8.0","animations":{"animation.finizen_animeallstars.ground_idle":{"loop":true,"bones":{"body":{"rotation":[-7.5,0,0],"position":[0,4.45223,4.35736]},"fin_left":{"rotation":[0,-7.5,32.5]},"fin_right":{"rotation":[0,7.5,-32.5]},"head":{"rotation":[0,0,0]},"tail":{"rotation":[-12.5,0,0]},"tail2":{"rotation":[-15,0,0]},"tail3":{"rotation":[-7.5,0,0]},"tail4":{"rotation":[-10,0,0]},"tail_end":{"rotation":[-5,0,0]},"finizen":{"rotation":[15,0,0],"position":[0,4,0]}}},"animation.finizen_animeallstars.blink":{"animation_length":0.1667,"bones":{"eyelid_left":{"position":{"0.0":[0.1,0,-0.1],"0.125":[0.1,0,-0.1],"0.1667":[0,0,0]}},"eyelid_right":{"position":{"0.0":[0.1,0,-0.1],"0.125":[0.1,0,-0.1],"0.1667":[0,0,0]}}}}}}