{"format_version":"1.8.0","animations":{"animation.groudon_corruptedboss.tentacles_animation":{"loop":true,"animation_length":4,"bones":{"tentacle_left25":{"rotation":[-15.7395,-48.37657,"30.6068+math.sin(q.anim_time*90*2)"]},"tentacle_left26":{"rotation":[9.54013,-17.66046,"-71.4853+math.sin(q.anim_time*90*2-45)*2"]},"tentacle_left27":{"rotation":[0,-7.5,"-47.5+math.sin(q.anim_time*90*2-90)*4"]},"tentacle_left28":{"rotation":[0,22.5,"40+math.sin(q.anim_time*90*2-135)*6"]},"tentacle_left29":{"rotation":[-0.44067,-9.99038,"65.0385+math.sin(q.anim_time*90*2-180)*8"]},"tentacle_left30":{"rotation":[0,"-12.5+math.sin(q.anim_time*90-180-45)*10","27.5+math.sin(q.anim_time*90*2-180-45)*10"]},"tentacle_left31":{"rotation":[0,"-20+math.sin(q.anim_time*90-180-90)*12","32.5+math.sin(q.anim_time*90*2-180-90)*12"]},"tentacle_left32":{"rotation":[-19.97587,"19.6211+math.sin(q.anim_time*90-180-135)*18","-14.034+math.sin(q.anim_time*90*2-180-135)*18"]},"tentacle_right25":{"rotation":[20.90351,41.00108,"42.365+math.sin(q.anim_time*90*2-80)*5"]},"tentacle_right26":{"rotation":[0,-20,"-42.5+math.sin(q.anim_time*90*2-45-35)*2"]},"tentacle_right27":{"rotation":[0,-7.5,"-47.5+math.sin(q.anim_time*90*2-90-35)*4"]},"tentacle_right28":{"rotation":[0,22.5,"40+math.sin(q.anim_time*90*2-135-35)*6"]},"tentacle_right29":{"rotation":[-0.44067,-9.99038,"65.0385+math.sin(q.anim_time*90*2-180-35)*8"]},"tentacle_right30":{"rotation":[0,"-12.5+math.sin(q.anim_time*90-180-45-35)*10","27.5+math.sin(q.anim_time*90*2-180-45-35)*10"]},"tentacle_right31":{"rotation":[0,"-20+math.sin(q.anim_time*90-180-90-35)*12","32.5+math.sin(q.anim_time*90*2-180-90-35)*12"]},"tentacle_right32":{"rotation":[-22.29499,"11.0953+math.sin(q.anim_time*90-180-135-35)*18","-11.5151+math.sin(q.anim_time*90*2-180-135-35)*18"]},"tentacle_left17":{"rotation":[-30.514,-9.60664,"2.4805+math.sin(q.anim_time*90*2)*10"]},"tentacle_left18":{"rotation":[0,15,"-55+math.sin(q.anim_time*90*2-45)*2"]},"tentacle_left19":{"rotation":[0,-25,"-62.5+math.sin(q.anim_time*90*2-90)*4"]},"tentacle_left20":{"rotation":[2.5,-5,"60+math.sin(q.anim_time*90*2-135)*6"]},"tentacle_left21":{"rotation":[0,-7.5,"75+math.sin(q.anim_time*90*2-180)*8"]},"tentacle_left22":{"rotation":[0,"-20+math.sin(q.anim_time*90-180-45)*10","45+math.sin(q.anim_time*90*2-180-45)*10"]},"tentacle_left23":{"rotation":[0,"30+math.sin(q.anim_time*90-180-90)*12","-35+math.sin(q.anim_time*90*2-180-90)*12"]},"tentacle_left24":{"rotation":[22.69369,"-18.6236+math.sin(q.anim_time*90-180-90)*18","-12.7554+math.sin(q.anim_time*90*2-180-135)*18"]},"tentacle_right17":{"rotation":[-24.27241,24.60175,"15.8237+math.sin(q.anim_time*90*2-35)*5"]},"tentacle_right18":{"rotation":[0,15,"-55+math.sin(q.anim_time*90*2-45-35)*2"]},"tentacle_right19":{"rotation":[0,-25,"-62.5+math.sin(q.anim_time*90*2-90-35)*4"]},"tentacle_right20":{"rotation":[2.5,-5,"60+math.sin(q.anim_time*90*2-135-35)*6"]},"tentacle_right21":{"rotation":[0,-7.5,"75+math.sin(q.anim_time*90*2-180-35)*8"]},"tentacle_right22":{"rotation":[0,"-20+math.sin(q.anim_time*90-180-45-35)*10","45+math.sin(q.anim_time*90*2-180-45-35)*10"]},"tentacle_right23":{"rotation":[0,"30+math.sin(q.anim_time*90-180-90-35)*12","-35+math.sin(q.anim_time*90*2-180-90-35)*12"]},"tentacle_right24":{"rotation":[-1.56785,"-4.5431+math.sin(q.anim_time*90-180-135-35)*18","-17.4663+math.sin(q.anim_time*90*2-180-135-35)*18"]},"tentacle_left9":{"rotation":[-34.95695,-12.63511,"-34.5514+math.sin(q.anim_time*90*2)"]},"tentacle_left10":{"rotation":[17.5,15,"57.5+math.sin(q.anim_time*90*2-45)*2"]},"tentacle_left11":{"rotation":[-1.16524,-24.97457,"27.7581+math.sin(q.anim_time*90*2-90)*4"]},"tentacle_left12":{"rotation":[-4.50432,19.50645,"-58.2746+math.sin(q.anim_time*90*2-135)*6"]},"tentacle_left13":{"rotation":[0,0,"math.sin(q.anim_time*90*2-180)*8"]},"tentacle_left14":{"rotation":[-5,"math.sin(q.anim_time*90-180-45)*10","-67.5+math.sin(q.anim_time*90*2-180-45)*10"]},"tentacle_left15":{"rotation":[0,"-2.5+math.sin(q.anim_time*90-180-90)*12","-70+math.sin(q.anim_time*90*2-180-90)*12"]},"tentacle_left16":{"rotation":[-9.87717,"-0.1509+math.sin(q.anim_time*90-180-90)*18","1.9076+math.sin(q.anim_time*90*2-180-135)*18"]},"tentacle_right9":{"rotation":[-40.07092,-40.76224,"26.9705+math.sin(q.anim_time*90*2-35)"]},"tentacle_right10":{"rotation":[17.5,15,"57.5+math.sin(q.anim_time*90*2-45-35)*2"]},"tentacle_right11":{"rotation":[-9.06559,-4.11458,"-16.948+math.sin(q.anim_time*90*2-90-35)*4"]},"tentacle_right12":{"rotation":[-4.50432,19.50645,"-58.2746+math.sin(q.anim_time*90*2-135-35)*6"]},"tentacle_right13":{"rotation":[0,7.5,"62.5+math.sin(q.anim_time*90*2-180-35)*8"]},"tentacle_right14":{"rotation":[-5,"0+math.sin(q.anim_time*90-180-45-35)*8","-67.5+math.sin(q.anim_time*90*2-180-45-35)*8"]},"tentacle_right15":{"rotation":[0,"-2.5+math.sin(q.anim_time*90-180-90-35)*10","-70+math.sin(q.anim_time*90*2-180-90-35)*10"]},"tentacle_right16":{"rotation":[-6.14252,"1.4514+math.sin(q.anim_time*90-180-135-35)*18","-2.6897+math.sin(q.anim_time*90*2-180-135-35)*18"]},"neck":{"rotation":[0,0,0]},"tentacle_left":{"rotation":[-4.69986,-1.70818,"-34.9299+math.sin(q.anim_time*90*2)"]},"tentacle_left2":{"rotation":[-15.29435,16.88494,"68.214+math.sin(q.anim_time*90*2-45)*2"]},"tentacle_left3":{"rotation":[0.61533,10.28649,"47.3366+math.sin(q.anim_time*90*2-90)*4"]},"tentacle_left4":{"rotation":[27.23403,14.0009,"-42.7519+math.sin(q.anim_time*90*2-135)*6"]},"tentacle_left5":{"rotation":[6.49965,10.67342,"-43.7351+math.sin(q.anim_time*90*2-180)*8"]},"tentacle_left6":{"rotation":[5,"math.sin(q.anim_time*90-180-45)*10","45+math.sin(q.anim_time*90*2-180-45)*10"]},"tentacle_left7":{"rotation":[0,"12.5+math.sin(q.anim_time*90-180-90)*12","52.5+math.sin(q.anim_time*90*2-180-90)*12"]},"tentacle_left8":{"rotation":[-14.64896,"12.8584+math.sin(q.anim_time*90-180-90)*18","2.4222+math.sin(q.anim_time*90*2-180-135)*18"]},"tentacle_right":{"rotation":[-1.29507,-33.39125,"-28.5768+math.sin(q.anim_time*90*2-35)"]},"tentacle_right2":{"rotation":[-15.29435,16.88494,"68.214+math.sin(q.anim_time*90*2-45-35)*2"]},"tentacle_right3":{"rotation":[0.61533,-10.28649,"-47.3366+math.sin(q.anim_time*90*2-90-35)*4"]},"tentacle_right4":{"rotation":[27.23403,14.0009,"-42.7519+math.sin(q.anim_time*90*2-135-35)*6"]},"tentacle_right5":{"rotation":[6.49965,10.67342,"-43.7351+math.sin(q.anim_time*90*2-180-35)*8"]},"tentacle_right6":{"rotation":[5,"0+math.sin(q.anim_time*90-180-45-35)*10","45+math.sin(q.anim_time*90*2-180-45-35)*10"]},"tentacle_right7":{"rotation":[0,"12.5+math.sin(q.anim_time*90-180-90-35)*12","52.5+math.sin(q.anim_time*90*2-180-90-35)*12"]},"tentacle_right8":{"rotation":[-12.88103,"12.7946+math.sin(q.anim_time*90-180-135-35)*18","-1.6889+math.sin(q.anim_time*90*2-180-135-35)*18"]}}}}}