{"format_version":"1.8.0","animations":{"animation.gyarados_hauntedhalloween.ground_idle":{"loop":true,"bones":{"body":{"rotation":[0,0,0],"position":[0,20.75,0]},"neck":{"rotation":[10,0,0]},"head":{"rotation":[-7.5,0,0]},"segment1":{"rotation":[-70,0,0]},"segment2":{"rotation":[-7.5,0,0]},"segment3":{"rotation":[-10,0,0]},"segment4":{"rotation":[30,0,0]},"segment5":{"rotation":[30,0,0]},"segment6":{"rotation":[27.5,0,0]},"segment9":{"rotation":[-5,0,0]},"segment_10":{"rotation":[-2.5,0,0]},"segment_11":{"rotation":[0,0,0]},"segment_12":{"rotation":[-2.5,0,0]}}},"animation.gyarados_hauntedhalloween.water_idle":{"loop":true,"bones":{"body":{"rotation":[0,0,0],"position":[0,16.5,0]},"neck":{"rotation":[10,0,0]},"head":{"rotation":[-7.5,0,0]},"jaw_lower":{"rotation":[-15,0,0]},"segment1":{"rotation":[-30,0,0]},"segment2":{"rotation":[15,0,0]},"segment3":{"rotation":[15,0,0]}}},"animation.gyarados_hauntedhalloween.water_swim":{"loop":true,"bones":{"body":{"rotation":[-2.5,0,0],"position":[0,5,-6]},"neck":{"rotation":[10,0,0]},"head":{"rotation":[-7.5,0,0]},"segment1":{"rotation":[-30,0,0]},"segment2":{"rotation":[15,0,0]},"segment3":{"rotation":[17.5,0,0]},"jaw_upper":{"rotation":[15,0,0]},"jaw_lower":{"rotation":[-40,0,0]},"jaw_lower2":{"rotation":[-67.5,0,0]},"whisker_left":{"rotation":[-15,-25,-15]},"whisker_left2":{"rotation":[0,-15,-15]},"whisker_left3":{"rotation":[0,-15,-20]},"whisker_left4":{"rotation":[0,-15,0]},"whisker_right":{"rotation":[-15,25,15]},"whisker_right2":{"rotation":[0,15,15]},"whisker_right3":{"rotation":[0,17.5,20]},"whisker_right4":{"rotation":[0,15,0]},"fin_right":{"rotation":[0,15,0]},"fin_left":{"rotation":[0,-15,0]}}},"animation.gyarados_hauntedhalloween.surface_idle":{"loop":true,"bones":{"body":{"rotation":[0,0,0],"position":[0,9,0]},"neck":{"rotation":[10,0,0]},"head":{"rotation":[-7.5,0,0]},"segment1":{"rotation":[-70,0,0]},"segment2":{"rotation":[-7.5,0,0]},"segment3":{"rotation":[-10,0,0]},"segment4":{"rotation":[30,0,0]},"segment5":{"rotation":[30,0,0]},"segment6":{"rotation":[27.5,0,0]}}},"animation.gyarados_hauntedhalloween.blink":{"animation_length":0.1667,"bones":{"eyelid_right":{"position":{"0.0":[-0.1,0,-0.1],"0.125":[-0.1,0,-0.1],"0.1667":[0,0,0]}},"eyelid_left":{"position":{"0.0":[0.1,0,-0.1],"0.125":[0.1,0,-0.1],"0.1667":[0,0,0]}}}}}}