{"format_version":"1.8.0","animations":{"animation.hitmonchan_animeallstars.ground_idle":{"loop":true,"bones":{"body":{"position":[0,-1,0]},"shoulder_right":{"rotation":[2,2,-16]},"head":{"rotation":["4.7042+2*math.sin(q.anim_time*90*1-60)",15.19032,"-2.1294+2*math.sin(q.anim_time*90*1-60)"],"position":[-0.08461,0.00881,-0.73508]},"arm_left":{"rotation":[34.57947,0.70182,60.57381]},"arm_left2":{"rotation":[2,"15.3961+5*math.sin(q.anim_time*90*1-30)",1]},"hand_left":{"rotation":[0,15,0]},"arm_right":{"rotation":[2.64491,14.83504,-68.98588]},"arm_right2":{"rotation":[-1.56083,"-17.8701-5*math.sin(q.anim_time*90*1)",-1.56583]},"hand_right":{"rotation":[2.44941,-14.04761,-2.30929]},"leg_left":{"rotation":[-10.13466,-25.06832,-9.39829],"position":[-0.5,0,1.25]},"leg_left2":{"rotation":[22.5,0,0]},"foot_left":{"rotation":[-9.81412,-1.92678,7.91621]},"leg_right":{"rotation":[-20.9515,19.352,4.89576],"position":[0.75,0,-0.5]},"leg_right2":{"rotation":[27.5,0,0]},"foot_right":{"rotation":[-2.5095,0.21782,-4.99527]},"shoulder_left":{"rotation":[2,-2,16]},"skirt_right":{"rotation":[0,0,15]},"skirt_left":{"rotation":[0.11801,-0.30484,-17.40866]},"skirt_front":{"rotation":[0,0,0]},"skirt_back":{"rotation":[0,0,0]},"crown":{"rotation":[2.5,0,0]},"torso":{"rotation":["-0.3453+2*math.sin(q.anim_time*90*1)","-14.783+1*math.sin(q.anim_time*90*1)",2.14071],"position":[0,"-0.2-0.2*math.sin(q.anim_time*90*1+30)",0]}}},"animation.hitmonchan_animeallstars.ground_walk":{"loop":true,"animation_length":4,"bones":{"body":{"position":{"0.0":[0,-1.25,0],"0.4167":[0,-1.25,0],"0.4583":[0,-1,0],"1.0417":[0,-1.25,0],"1.125":[0,-1,0],"1.3333":[0,-1.25,0],"1.75":[0,-1.25,0],"1.8333":[0,-1,0],"2.4167":[0,-1.25,0],"2.4583":[0,-1,0],"2.6667":[0,-1.25,0],"3.0833":[0,-1.25,0],"3.1667":[0,-1,0],"3.75":[0,-1.25,0],"3.7917":[0,-1,0],"4.0":[0,-1.25,0]}},"torso2":{"rotation":["-2*math.sin(q.anim_time*90*6+50)","-10*math.sin(q.anim_time*90*3)","-2*math.cos(q.anim_time*90*3+90)"],"position":[0,"0.1*math.sin(q.anim_time*90*6)","-0.3*math.sin(q.anim_time*90*6)"]},"shoulder_right":{"rotation":[2,"-5*math.sin(q.anim_time*90*3)","-20+3*math.sin(q.anim_time*90*6)"]},"head":{"rotation":["3*math.sin(q.anim_time*90*6)","3*math.sin(q.anim_time*90*3)","-3*math.sin(q.anim_time*90*3)"]},"arm_left":{"rotation":["2.644-10*math.sin(q.anim_time*90*3)","-14.835-20*math.sin(q.anim_time*90*3)",68.99]},"arm_left2":{"rotation":[-1.72083,"30-10*math.sin(q.anim_time*90*3)",1.17872]},"hand_left":{"rotation":["-10*math.sin(q.anim_time*90*3)",0,0]},"arm_right":{"rotation":["2.644+10*math.sin(q.anim_time*90*3)","14.835-20*math.sin(q.anim_time*90*3)",-68.99]},"arm_right2":{"rotation":[-1.72083,"-30-10*math.sin(q.anim_time*90*3)",-1.17872]},"hand_right":{"rotation":["10*math.sin(q.anim_time*90*3)",0,0]},"leg_left":{"rotation":["-30*math.sin(q.anim_time*90*3)",0,0],"position":[0,0.5,0]},"leg_left2":{"rotation":["20-20*math.sin(q.anim_time*90*3-90)",0,0]},"foot_left":{"rotation":{"0.0":[3.96,0,0],"0.4583":[-15,0,0],"0.5417":[15,0,0],"0.7917":[-17.5,0,0],"1.0417":[20,0,0],"1.3333":[3.96,0,0],"1.7917":[-15,0,0],"1.875":[15,0,0],"2.1667":[-17.5,0,0],"2.375":[20,0,0],"2.6667":[3.96,0,0],"3.125":[-15,0,0],"3.2083":[15,0,0],"3.5":[-17.5,0,0],"3.7083":[20,0,0],"4.0":[3.96,0,0]}},"leg_right":{"rotation":["30*math.sin(q.anim_time*90*3)",0,0],"position":[0,0.5,0]},"leg_right2":{"rotation":["20+20*math.sin(q.anim_time*90*3-90)",0,0]},"foot_right":{"rotation":{"0.0":[-1.25,0,0],"0.125":[-17.5,0,0],"0.375":[20,0,0],"0.6667":[3.96,0,0],"1.125":[-15,0,0],"1.2083":[15,0,0],"1.3333":[-1.25,0,0],"1.5":[-17.5,0,0],"1.7083":[20,0,0],"2.0":[3.96,0,0],"2.4583":[-15,0,0],"2.5417":[15,0,0],"2.6667":[-1.25,0,0],"2.8333":[-17.5,0,0],"3.0417":[20,0,0],"3.3333":[3.96,0,0],"3.7917":[-15,0,0],"3.875":[15,0,0],"4.0":[-1.25,0,0]}},"shoulder_left":{"rotation":[2,"-5*math.sin(q.anim_time*90*3)","20-3*math.sin(q.anim_time*90*6)"]},"skirt_right":{"rotation":[0,0,15]},"skirt_left":{"rotation":[0.11801,-0.30484,-17.40866]},"skirt_front":{"rotation":["-7.5+10*math.sin(q.anim_time*90*6)",0,0]},"skirt_back":{"rotation":[0,0,0]},"crown":{"rotation":[2.5,0,0]},"torso":{"rotation":["-2*math.sin(q.anim_time*90*6+50)","10*math.sin(q.anim_time*90*3)","-2*math.cos(q.anim_time*90*3+90)"],"position":[0,"0.3*math.sin(q.anim_time*90*6)","-0.3*math.sin(q.anim_time*90*6)"]}}},"animation.hitmonchan_animeallstars.battle_idle":{"loop":true,"bones":{"body":{"position":[0,-1,0]},"shoulder_right":{"rotation":[-7.56397,-7.43547,"0.9844-2*math.sin(q.anim_time*90*6)"]},"head":{"rotation":["11.6225+2*math.sin(q.anim_time*90*5)","39.7831-5*math.sin(q.anim_time*90*3+90)",4.42197],"position":[-0.28692,-0.00015,-0.40949]},"arm_left":{"rotation":[15.83939,49.94389,66.20334]},"arm_left2":{"rotation":["6-4*math.sin(q.anim_time*90*3)","63.4955-6*math.sin(q.anim_time*90*3)",4]},"hand_left":{"rotation":[-15,15,0]},"arm_right":{"rotation":[-42.55525,-8.31516,-40.76501]},"arm_right2":{"rotation":[18.56277,"-61.2143-6*math.sin(q.anim_time*90*3-45)","-23.5958-10*math.sin(q.anim_time*90*1)"]},"hand_right":{"rotation":[7.44941,-14.04761,-2.30929]},"leg_left":{"rotation":[0.61693,-41.3705,-16.72349],"position":[0,"0.2*math.sin(q.anim_time*90*6)",0]},"leg_left2":{"rotation":[27.5,0,0]},"foot_left":{"rotation":["-10.5049+5*math.sin(q.anim_time*90*6)",1.1234,12.37248],"position":[0,0,"-0.2*math.sin(q.anim_time*90*6)"]},"leg_right":{"rotation":[-21.29854,15.52701,6.38237],"position":[0,"0.2*math.sin(q.anim_time*90*6)",0]},"leg_right2":{"rotation":[14.89167,-0.44049,0.5705]},"foot_right":{"rotation":["7+5*math.sin(q.anim_time*90*6)",0.28116,-6.07462],"position":[0,0,"-0.2*math.sin(q.anim_time*90*6)"]},"shoulder_left":{"rotation":[-12.57401,19.29016,"7.6764+2*math.sin(q.anim_time*90*6)"]},"skirt_right":{"rotation":[0,0,"25-5*math.sin(q.anim_time*90*6)"]},"skirt_left":{"rotation":[0.06376,-0.32063,"-7.4931+5*math.sin(q.anim_time*90*6)"]},"torso":{"rotation":[-0.02047,"-40.0178+5*math.sin(q.anim_time*90*3+90)","0.0323+math.sin(q.anim_time*90*2)"],"position":["0.3*math.sin(q.anim_time*90*2)","-0.6+0.2*math.sin(q.anim_time*90*6)",0]}}},"animation.hitmonchan_animeallstars.sleep":{"loop":true,"bones":{"shoulder_right":{"rotation":[-10.77491,"-64.8476+2*math.sin(q.anim_time*90*2)",3.81119]},"shoulder_left":{"rotation":[-16.79287,"69.762+2*math.sin(q.anim_time*90*2)",-4.68452]},"skirt_right":{"rotation":[0,0,25]},"skirt_left":{"rotation":[0,0,-17.5]},"skirt_front":{"rotation":[-22.5,0,0]},"skirt_back":{"rotation":[0,0,0]},"head":{"rotation":[30,0,0],"position":[0,-0.06139,-0.34818]},"crown":{"rotation":[7.5,0,0]},"eyelid_left":{"position":[0.1,0,-0.1]},"eyelid_right":{"position":[-0.1,0,-0.1]},"arm_left":{"rotation":[81.83662,"34.2913+math.sin(q.anim_time*90*1+90)","77.9724+2*math.sin(q.anim_time*90*2+90)"],"position":[0,1.00376,-1.43352]},"arm_left2":{"rotation":[0,"10+3*math.sin(q.anim_time*90*2)",0]},"arm_right":{"rotation":[78.48217,"-35.29-math.sin(q.anim_time*90*1+90)","-80.2764+2*math.sin(q.anim_time*90*2+90)"],"position":[0,0.71697,-1.02394]},"arm_right2":{"rotation":[0,"-10+3*math.sin(q.anim_time*90*2)",0]},"leg_left":{"rotation":[-27.5,-25,0],"position":[0,-2.25,0]},"leg_left2":{"rotation":[52.5,0,0]},"foot_left":{"rotation":[-22.5,0,0]},"leg_right":{"rotation":[-30,30,0],"position":[0,-2.25,0]},"leg_right2":{"rotation":[50,0,0]},"foot_right":{"rotation":[-17.5,0,0]},"body":{"position":[0,0,2]},"torso":{"rotation":["35+1*math.sin(q.anim_time*90*1+90)",0,"2*math.sin(q.anim_time*90*2+30)"],"position":[0,"-2.25-0.2*math.sin(q.anim_time*90*1+90)",-1.25]}}},"animation.hitmonchan_animeallstars.faint":{"animation_length":3,"bones":{"body":{"rotation":{"0.0":[0,0,0],"0.7083":{"pre":[5,0,0],"post":[5,0,0],"lerp_mode":"catmullrom"},"0.9167":{"post":[8.50561,-0.9164,-5.04764],"lerp_mode":"catmullrom"},"1.125":{"post":[18.78854,-4.52687,-0.39843],"lerp_mode":"catmullrom"},"1.4167":{"post":[5.04292,-7.4713,-0.6574],"lerp_mode":"catmullrom"},"1.875":{"post":[-40.77,-7.86,-0.69],"lerp_mode":"catmullrom"},"2.0":{"post":[-72.42796,-9.97113,-0.66181],"lerp_mode":"catmullrom"},"2.0417":{"post":[-79.95708,-7.4713,-0.6574],"lerp_mode":"catmullrom"},"2.0833":[-72.45708,-7.4713,-0.6574],"2.125":[-74.95708,-7.4713,-0.6574],"2.2083":[-72.45708,-7.4713,-0.6574]},"position":{"0.0":[0,-1,0],"0.7083":{"pre":[0,-1,-1.5],"post":[0,-1,-1.5],"lerp_mode":"catmullrom"},"0.75":{"post":[-0.09,-1,-1.1],"lerp_mode":"catmullrom"},"0.9167":{"post":[-0.44,-1,-1.1],"lerp_mode":"catmullrom"},"1.125":{"post":[1,-1,-1.96],"lerp_mode":"catmullrom"},"1.4167":{"post":[0,-1,1.25],"lerp_mode":"catmullrom"},"1.625":{"post":[0,-1,1.25],"lerp_mode":"catmullrom"},"1.9167":{"post":[-0.75,-5.15,10.68],"lerp_mode":"catmullrom"},"2.0":{"post":[-3,-14,17.75],"lerp_mode":"catmullrom"},"2.0417":{"post":[-3.18,-14.81,18.34],"lerp_mode":"catmullrom"},"2.0833":{"post":[-3.22,-14.34,18.52],"lerp_mode":"catmullrom"},"2.125":{"post":[-3.26,-14.54,18.68],"lerp_mode":"catmullrom"},"2.25":[-3.4,-14,19.25]}},"torso2":{"rotation":{"0.0":[0,0,0],"0.5":{"pre":[-19.07429,52.02126,-14.44756],"post":[-19.07429,52.02126,-14.44756],"lerp_mode":"catmullrom"},"0.5833":{"post":[-17.85546,-26.38681,12.90672],"lerp_mode":"catmullrom"},"0.7083":{"post":[-47.70283,-47.36341,33.62013],"lerp_mode":"catmullrom"},"0.7917":{"post":[-71.13948,-26.6881,20.87557],"lerp_mode":"catmullrom"},"0.9167":{"post":[-41.30759,-41.85025,0.62535],"lerp_mode":"catmullrom"},"1.1667":{"post":[-13.45728,-22.95108,-3.18644],"lerp_mode":"catmullrom"},"1.375":{"post":[-7.04011,8.54754,-9.53944],"lerp_mode":"catmullrom"},"1.5417":{"post":[8.97059,13.99304,-9.45485],"lerp_mode":"catmullrom"},"1.7083":{"post":[21.94644,-1.16301,-5.56385],"lerp_mode":"catmullrom"},"2.0":{"post":[-2.16,-9.66,-2.09],"lerp_mode":"catmullrom"},"2.0833":{"post":[10.95152,-12.08755,-1.09451],"lerp_mode":"catmullrom"},"2.2083":{"post":[-22.82543,-16.94265,0.89647],"lerp_mode":"catmullrom"},"2.3333":{"post":[-17.82543,-16.94265,0.89647],"lerp_mode":"catmullrom"},"2.4167":[-20.32543,-16.94265,0.89647]}},"shoulder_right":{"rotation":{"0.0":[-7.5,0,0],"0.0833":[-8.26511,-24.77164,3.48303],"0.4167":[27.18745,10.29093,-1.36241],"0.625":[7.93813,8.97976,4.80908],"0.875":[-29.80437,2.89022,-3.12076],"1.5417":[-2.11771,-13.34855,-24.26701],"1.9583":[-5.00032,-12.56927,-11.46382]}},"shoulder_left":{"rotation":{"0.0":[0,0,0],"0.125":[0,25,0],"0.5":[0,15,0],"1.4583":[0,-2.5,0],"2.0":[0.43439,-2.462,-10.00933]}},"skirt_right":{"rotation":{"0.0":[0,0,25],"0.75":{"pre":[0,0,22.5],"post":[0,0,22.5],"lerp_mode":"catmullrom"},"0.7917":{"post":[0,0,43.49],"lerp_mode":"catmullrom"},"1.0":{"post":[0,0,30],"lerp_mode":"catmullrom"},"1.25":{"post":[0,0,15],"lerp_mode":"catmullrom"},"1.75":[0,0,27.5]}},"skirt_left":{"rotation":{"0.0":[0.06376,-0.32063,-7.4931],"0.7917":[0.07,-0.32,-8.57],"0.9167":[0.17599,-0.27617,-28.741],"1.6667":[0.14794,-0.28872,-23.40195],"1.8333":[0.07768,-0.31755,-9.99314]}},"skirt_front":{"rotation":{"0.0":[0,0,0],"1.0833":{"pre":[-16.4,0,0],"post":[-16.4,0,0],"lerp_mode":"catmullrom"},"1.4583":{"post":[-42.48,0,0],"lerp_mode":"catmullrom"},"1.875":[5,0,0]}},"skirt_back":{"rotation":[0,0,0]},"head":{"rotation":{"0.0":[11.293,32.3329,3.82607],"0.25":{"pre":[23.08338,32.94426,16.34488],"post":[23.08338,32.94426,16.34488],"lerp_mode":"catmullrom"},"0.5":{"post":[21.43884,-28.40354,4.61067],"lerp_mode":"catmullrom"},"0.625":{"post":[22.58898,30.11056,27.32071],"lerp_mode":"catmullrom"},"0.75":{"post":[9.22109,35.53052,24.66916],"lerp_mode":"catmullrom"},"0.7917":{"post":[-30.16978,36.73044,0.61635],"lerp_mode":"catmullrom"},"1.0":{"post":[-45.09029,-28.43808,27.20342],"lerp_mode":"catmullrom"},"1.7083":{"post":[15.15863,11.68639,0.83681],"lerp_mode":"catmullrom"},"1.9583":{"post":[11.14538,-4.64808,-6.16338],"lerp_mode":"catmullrom"},"2.0417":{"post":[-31.56796,-7.35248,-6.02313],"lerp_mode":"catmullrom"},"2.0833":[-17.69,-7.85,-5.51],"2.3333":[9.03,-8.02,-5.01]},"position":{"0.0":[0,0,0],"0.4167":[0,0,-1],"0.6667":[0,0,0]}},"crown":{"rotation":[0,0,0]},"jaw":{"rotation":{"0.0":[0,0,0],"0.125":[50,0,0],"0.8333":[0,0,0],"0.9167":[24.77,0,0],"1.2917":[12.5,0,0],"1.625":[45,0,0]}},"eyelid_left":{"position":{"0.0":[0,0,0],"0.2083":[0,0,0],"0.25":[0.1,0,-0.1],"0.3333":[0.1,0,-0.1],"0.375":[0,0,0],"0.875":[0,0,0],"0.9167":[0.1,0,-0.1]}},"eyelid_right":{"position":{"0.0":[0,0,0],"0.2083":[0,0,0],"0.25":[-0.1,0,-0.1],"0.3333":[-0.1,0,-0.1],"0.375":[0,0,0],"0.875":[0,0,0],"0.9167":[-0.1,0,-0.1]}},"arm_left":{"rotation":{"0.0":[12.84861,37.82653,61.91411],"0.0833":[11.47995,28.04926,59.40637],"0.5":[4.4542,12.42944,20.27184],"0.6667":[-4.25952,7.25955,-16.05016],"0.7917":[10.31,-6.66,52.78],"0.8333":[32.44194,-22.45367,33.22604],"0.9583":[0.63995,-10.59813,47.13956],"1.875":[-72.992,-2.51152,7.33328],"2.125":[-73.04,-2.8,8.29],"2.1667":[-72.94641,6.72823,11.33245],"2.2917":[-72.95204,-5.55417,7.9695],"2.7083":[-73.11215,-3.24038,9.72771]}},"arm_left2":{"rotation":{"0.0":[48,85.3501,42],"0.5":[20,48.61,16],"0.625":[121.9941,74.9196,123.8971],"0.9167":[8.8223,17.99049,2.5021],"1.6667":[3.2603,38.56429,0.308],"2.7083":[3.5179,43.55557,0.6999]}},"hand_left":{"rotation":[-15,15,0]},"arm_right":{"rotation":{"0.0":[-42.55525,-8.31516,-40.76501],"0.625":[-11.96021,49.3836,-11.33408],"0.7083":{"pre":[-30.6289,-31.56598,3.03789],"post":[-30.6289,-31.56598,3.03789],"lerp_mode":"catmullrom"},"0.875":{"post":[-13.38566,-65.45168,-5.39065],"lerp_mode":"catmullrom"},"1.2917":{"post":[-8.40627,-46.17495,-26.31015],"lerp_mode":"catmullrom"},"1.9583":[-90.55173,8.8177,-32.84697],"2.0417":[-90.55,8.82,-32.85],"2.0833":[-85.54364,1.32034,-32.77819],"2.3333":[-93.07919,8.80967,-33.18002]}},"arm_right2":{"rotation":{"0.0":[21.4483,-61.67186,-26.9478],"0.5":{"pre":[7.86885,-66.50922,-7.63674],"post":[7.86885,-66.50922,-7.63674],"lerp_mode":"catmullrom"},"0.625":{"post":[2.24218,-10.91053,4.72331],"lerp_mode":"catmullrom"},"0.6667":{"post":[1.21805,-49.37812,-21.49842],"lerp_mode":"catmullrom"},"0.7083":{"post":[55.19392,-87.84572,-47.72014],"lerp_mode":"catmullrom"},"0.75":{"post":[2.01264,-56.59286,7.82155],"lerp_mode":"catmullrom"},"0.9583":{"post":[-0.60785,-3.16035,9.52086],"lerp_mode":"catmullrom"},"1.125":[2.97618,-52.13402,5.00696],"1.5":[5.90053,-40.19643,-1.58172],"2.5417":[23.30268,-63.98399,-29.03175]}},"hand_right":{"rotation":{"0.0":[7.44941,-14.04761,-2.30929],"0.4583":[7.27403,-6.60925,-1.33315],"0.6667":[7.26269,5.79109,0.24526],"0.7083":[9.28635,-38.79278,-6.3405],"0.8333":[7.24433,-4.12928,-1.01589]}},"leg_left":{"rotation":{"0.0":[0.61693,-41.3705,-16.72349],"0.6667":[-4.1,-40.3,-13.32],"1.0":[-15.53099,-34.07705,-1.77474],"1.1667":[-23.74516,-36.96873,-6.81566],"1.5417":[3.44475,-36.30696,-25.50575],"1.9583":[-17.39869,-37.8418,-7.51518],"2.0417":[-22.39869,-37.8418,-7.51518],"2.0833":[-17.39869,-37.8418,-7.51518],"2.1667":[-19.49315,-39.30846,-12.53774],"2.25":[-16.72464,-40.02987,-15.09388]},"position":{"0.0":[0,0,0],"1.0417":[-1,0,0.75],"1.5417":[-2,0,2.5],"1.9167":[-1,0,2.5]}},"leg_left2":{"rotation":{"0.0":[27.5,0,0],"1.0417":[20,0,0],"1.2917":[15,0,0],"1.7083":[56.87402,10.51794,-6.79286],"1.8333":[73.45901,11.40303,-4.85256],"1.9167":[85,0,0],"2.0417":[10,0,0]}},"foot_left":{"rotation":{"0.0":[-10.5049,1.1234,12.37248],"1.0":[-9.11993,0.0605,6.66384],"1.1667":[-38.05576,-0.11666,5.7124],"1.2917":[-10.56121,-0.24952,4.99882],"1.5":[6.92409,3.75685,15.21273],"1.6667":[-1.64506,3.47434,-22.36382],"2.25":[-20.57591,3.75685,15.21273]}},"leg_right":{"rotation":{"0.0":[-21.29854,15.52701,6.38237],"0.6667":[-21.3,15.53,6.38],"0.8333":{"pre":[-51.60183,12.30446,-9.72681],"post":[-51.60183,12.30446,-9.72681],"lerp_mode":"catmullrom"},"0.9583":{"post":[-21.3,15.53,6.38],"lerp_mode":"catmullrom"},"1.2917":[-23.8,15.53,6.38],"1.9583":{"pre":[-23.8,15.53,6.38],"post":[-23.8,15.53,6.38],"lerp_mode":"catmullrom"},"2.0417":{"post":[-31.3,15.53,6.38],"lerp_mode":"catmullrom"},"2.3333":{"post":[-18.34,14.08,11.52],"lerp_mode":"catmullrom"},"2.625":[-14.42295,13.36238,14.06956]},"position":{"0.0":[0,0,0],"1.125":[0,0,0],"1.4583":[0.75,0,0.75],"2.0833":[-0.5,0,1.75]}},"leg_right2":{"rotation":{"0.0":[14.89167,-0.44049,0.5705],"0.6667":[15.55,-0.44,0.57],"0.8333":{"pre":[33.65177,-0.4403,0.5703],"post":[33.65177,-0.4403,0.5703],"lerp_mode":"catmullrom"},"1.125":{"post":[4.89167,-0.44049,0.5705],"lerp_mode":"catmullrom"},"1.375":{"post":[4.89,-0.44,0.57],"lerp_mode":"catmullrom"},"1.5417":{"post":[42.39,-0.44,0.57],"lerp_mode":"catmullrom"},"1.7917":{"post":[57.39,-0.44,0.57],"lerp_mode":"catmullrom"},"2.0":{"post":[7.61597,0.33746,-5.69299],"lerp_mode":"catmullrom"},"2.3333":{"post":[7.36,0.31,-6.34],"lerp_mode":"catmullrom"},"2.5":[12.18407,0.26333,-6.28068]}},"foot_right":{"rotation":{"0.0":[7,0.28116,-6.07462],"0.625":[7,0.28116,-6.07462],"0.8333":[13.21893,3.89618,-8.47099],"0.9167":[-7.04143,5.10119,-9.26978],"1.375":[10.45857,5.10119,-9.26978],"1.875":{"pre":[35.45857,5.10119,-9.26978],"post":[35.45857,5.10119,-9.26978],"lerp_mode":"catmullrom"},"2.0417":{"post":[-12.04143,5.10119,-9.26978],"lerp_mode":"catmullrom"},"2.4167":{"post":[13.85,5.1,-9.27],"lerp_mode":"catmullrom"},"2.7917":[20.45857,5.10119,-9.26978]}},"torso":{"rotation":{"0.0":[-0.02047,-35.0178,0.0323],"0.4167":{"pre":[8.26,-42.71,-4.88],"post":[8.26,-42.71,-4.88],"lerp_mode":"catmullrom"},"0.5":{"post":[33.405,-40.51403,-21.98867],"lerp_mode":"catmullrom"},"0.5833":{"post":[9.91946,-42.47741,-5.13409],"lerp_mode":"catmullrom"},"0.75":{"post":[-0.29191,-14.46141,8.50609],"lerp_mode":"catmullrom"},"0.875":{"post":[-21.10758,-33.6117,10.29446],"lerp_mode":"catmullrom"},"1.0833":{"post":[-11.50496,-16.99092,7.65582],"lerp_mode":"catmullrom"},"1.4583":{"post":[34.8118,-26.57587,18.22642],"lerp_mode":"catmullrom"},"1.875":{"post":[-4.17,-6.43,6.08],"lerp_mode":"catmullrom"},"2.0":{"post":[-11.44,3.4,-0.05],"lerp_mode":"catmullrom"},"2.1667":[-15.21067,14.05391,-6.76161]},"position":{"0.0":[0,-0.6,0],"0.5833":{"pre":[0,0.1,0.27],"post":[0,0.1,0.27],"lerp_mode":"catmullrom"},"0.9583":{"post":[0,0.32,-1.39],"lerp_mode":"catmullrom"},"1.3333":[0,-0.6,1.75]}}}},"animation.hitmonchan_animeallstars.ground_run":{"loop":true,"animation_length":4,"bones":{"body":{"position":[0,-1,0]},"shoulder_right":{"rotation":[-7.97532,"-19.8217+5*math.sin(q.anim_time*90*5+20)","2.7199-2*math.sin(q.anim_time*90*10+20)"]},"shoulder_left":{"rotation":[-0.64996,"34.1256-5*math.sin(q.anim_time*90*5+20)","10.1409+2*math.sin(q.anim_time*90*10+20)"]},"skirt_right":{"rotation":[0,0,"25+5*math.sin(q.anim_time*90*10)"]},"skirt_left":{"rotation":[0.10506,-0.30957,"-14.9931-5*math.sin(q.anim_time*90*10+90)"]},"skirt_front":{"rotation":["-35-20*math.sin(q.anim_time*90*10+90)",0,0]},"skirt_back":{"rotation":["27.5+20*math.sin(q.anim_time*90*10)",0,0]},"head":{"rotation":["9.9959-math.sin(q.anim_time*90*10)","17.5872-5*math.sin(q.anim_time*90*5+90)",0.77829],"position":[-0.28692,0,-0.40949]},"crown":{"rotation":[0,0,0]},"jaw":{"rotation":[0,0,0]},"arm_left":{"rotation":[6.97526,"21.6715+10*math.sin(q.anim_time*90*5)",55.41271]},"arm_left2":{"rotation":[-338.20253,"83.122+math.sin(q.anim_time*90*10+20)","-340.0706-2*math.sin(q.anim_time*90*5)"]},"hand_left":{"rotation":["-15+2*math.sin(q.anim_time*90*10+20)",15,0]},"arm_right":{"rotation":[-40.67592,"-27.9+5*math.sin(q.anim_time*90*5+20)","-28.3175-5*math.sin(q.anim_time*90*5+20)"]},"arm_right2":{"rotation":[32.49615,"-60.1692+math.sin(q.anim_time*90*10)",-41.68041]},"hand_right":{"rotation":["7.4494-math.sin(q.anim_time*90*10+20)",-14.04761,-2.30929]},"leg_left":{"rotation":["-7.2865+50*math.sin(q.anim_time*90*5+90)","-6.4905-5*math.sin(q.anim_time*90*5+90)",-3.76613],"position":[0,0,"0.2*math.sin(q.anim_time*90*5+90)"]},"leg_left2":{"rotation":["30+30*math.sin(q.anim_time*90*5-10)",0,0]},"foot_left":{"rotation":["12.5+20*math.sin(q.anim_time*90*5+90)",0,0]},"leg_right":{"rotation":["-7.1132-40*math.sin(q.anim_time*90*5+90)","6.3958-5*math.sin(q.anim_time*90*5+90)",3.01119],"position":[0,0,"-1*math.sin(q.anim_time*90*5+90)"]},"leg_right2":{"rotation":["30-30*math.sin(q.anim_time*90*5-10)",0,0]},"foot_right":{"rotation":["12.5-20*math.sin(q.anim_time*90*5+90)",0,0]},"torso":{"rotation":["-0.0176-2*math.sin(q.anim_time*90*5+90)","-17.5178+5*math.sin(q.anim_time*90*5+90)",0.02585],"position":[0,"-0.6*math.sin(q.anim_time*90*10+90)","0.6*math.sin(q.anim_time*90*10+90)"]}}},"animation.hitmonchan_animeallstars.physical_attack":{"loop":true,"animation_length":2,"bones":{"body":{"position":{"0.0":[0,-1,0],"2.0":[0,-1,0]}},"shoulder_right":{"rotation":{"0.0":[-7.5,0,0],"0.2083":{"pre":[-7.43656,-0.9762,-7.43656],"post":[-7.43656,-0.9762,-7.43656],"lerp_mode":"catmullrom"},"0.2917":{"post":[-8.59794,-29.34683,7.11968],"lerp_mode":"catmullrom"},"0.5":[-7.5,0,0],"2.0":[-7.5,0,0]}},"shoulder_left":{"rotation":{"0.0":[0,0,0],"0.2917":{"pre":[0,7.5,0],"post":[0,7.5,0],"lerp_mode":"catmullrom"},"0.4167":{"post":[0,31.92,0],"lerp_mode":"catmullrom"},"2.0":[0,0,0]}},"skirt_right":{"rotation":{"0.0":[0,0,25],"0.1667":[0,0,30],"2.0":[0,0,25]}},"skirt_left":{"rotation":{"0.0":[0.06376,-0.32063,-7.4931],"0.2917":[0.14457,-0.29321,-22.49329],"0.4167":[0.22101,-0.23986,-38.89582],"0.875":[0.10138,-0.29969,-14.80542],"1.1667":[0.11787,-0.29597,-17.9097],"2.0":[0.06376,-0.32063,-7.4931]}},"skirt_front":{"rotation":{"0.0":[0,0,0],"0.25":{"pre":[-17.5,0,0],"post":[-17.5,0,0],"lerp_mode":"catmullrom"},"0.5":{"post":[-37.5,0,0],"lerp_mode":"catmullrom"},"0.7083":{"post":[-12.29,0,0],"lerp_mode":"catmullrom"},"1.125":{"post":[-13.33,0,0],"lerp_mode":"catmullrom"},"2.0":[0,0,0]}},"skirt_back":{"rotation":{"0.0":[0,0,0],"0.2917":{"pre":[32.5,0,0],"post":[32.5,0,0],"lerp_mode":"catmullrom"},"0.7083":{"post":[9.57,0,0],"lerp_mode":"catmullrom"},"1.0833":{"post":[24.72,0,0],"lerp_mode":"catmullrom"},"1.5833":{"post":[15.25,0,0],"lerp_mode":"catmullrom"},"2.0":[0,0,0]}},"head":{"rotation":{"0.0":[11.293,32.3329,3.82607],"0.2083":[19.6586,-9.52438,-3.88326],"0.2917":[29.95875,48.36493,22.80549],"0.375":{"pre":[21.64651,-25.91799,-10.34124],"post":[21.64651,-25.91799,-10.34124],"lerp_mode":"catmullrom"},"0.625":{"post":[36.48815,-42.68867,-23.33279],"lerp_mode":"catmullrom"},"1.125":{"post":[17.32627,-15.4081,-13.45684],"lerp_mode":"catmullrom"},"2.0":[11.293,32.3329,3.82607]},"position":{"0.0":[-0.28692,-0.00015,-0.40949],"2.0":[-0.28692,-0.00015,-0.40949]}},"crown":{"rotation":{"0.0":[0,0,0],"0.125":[17.5,0,0],"0.5417":[-3.89,0,0],"2.0":[0,0,0]}},"jaw":{"rotation":{"0.0":[0,0,0],"0.25":[2.5,0,0],"0.875":[17.26,0,0],"2.0":[0,0,0]}},"arm_left":{"rotation":{"0.0":[12.84861,37.82653,61.91411],"0.2917":{"pre":[-11.36805,30.63464,16.14351],"post":[-11.36805,30.63464,16.14351],"lerp_mode":"catmullrom"},"0.375":{"post":[-4.26888,30.45133,1.55519],"lerp_mode":"catmullrom"},"0.7917":{"post":[-15.63085,21.70098,30.03684],"lerp_mode":"catmullrom"},"1.375":{"post":[-1.59368,-12.59951,46.88712],"lerp_mode":"catmullrom"},"2.0":[12.84861,37.82653,61.91411]}},"arm_left2":{"rotation":{"0.0":[-326.7331,85.3501,-328.54544],"0.2917":{"pre":[-343.93247,80.75425,-345.8564],"post":[-343.93247,80.75425,-345.8564],"lerp_mode":"catmullrom"},"0.375":{"post":[-357.3244,1.62597,-361.64101],"lerp_mode":"catmullrom"},"0.5":[-326.7331,85.3501,-328.54544],"0.6667":{"pre":[-331.95593,73.91031,-331.12031],"post":[-331.95593,73.91031,-331.12031],"lerp_mode":"catmullrom"},"0.9583":{"post":[-261.84666,85.80109,-261.00382],"lerp_mode":"catmullrom"},"2.0":[-326.7331,85.3501,-328.54544]}},"hand_left":{"rotation":{"0.0":[-15,15,0],"0.25":{"pre":[-9.61387,7.74834,1.95382],"post":[-9.61387,7.74834,1.95382],"lerp_mode":"catmullrom"},"0.375":{"post":[-0.15248,8.47351,1.75844],"lerp_mode":"catmullrom"},"0.5":[-15,15,0],"2.0":[-15,15,0]}},"arm_right":{"rotation":{"0.0":[-42.55525,-8.31516,-40.76501],"0.1667":[-11.96667,49.51879,-16.13124],"0.25":{"pre":[-61.15928,-34.36371,1.28141],"post":[-61.15928,-34.36371,1.28141],"lerp_mode":"catmullrom"},"0.2917":{"post":[-86.24268,-39.51217,-4.33214],"lerp_mode":"catmullrom"},"0.375":{"post":[-64.45437,-19.79214,-51.54197],"lerp_mode":"catmullrom"},"0.7083":{"post":[-60.50594,-0.4261,-43.74882],"lerp_mode":"catmullrom"},"1.0":{"post":[-52.47485,-27.52511,-56.75898],"lerp_mode":"catmullrom"},"2.0":[-42.55525,-8.31516,-40.76501]}},"arm_right2":{"rotation":{"0.0":[21.4483,-61.67186,-26.9478],"0.1667":[136.90711,-75.28693,-145.73026],"0.2917":{"pre":[-1.64624,2.1309,-0.70882],"post":[-1.64624,2.1309,-0.70882],"lerp_mode":"catmullrom"},"0.375":{"post":[-2.46231,-0.74457,-113.0795],"lerp_mode":"catmullrom"},"0.5833":{"post":[22.16101,-5.33172,-102.19371],"lerp_mode":"catmullrom"},"1.0":{"post":[11.61598,-20.20013,-98.60254],"lerp_mode":"catmullrom"},"2.0":[21.4483,-61.67186,-26.9478]}},"hand_right":{"rotation":{"0.0":[7.44941,-14.04761,-2.30929],"0.2917":[72.44941,-14.04761,-2.30929],"0.8333":[50.94435,-17.95586,0.93581],"1.2917":{"pre":[-22.36598,-15.21865,-3.17011],"post":[-22.36598,-15.21865,-3.17011],"lerp_mode":"catmullrom"},"1.375":{"post":[-19.58881,-19.69008,-15.44086],"lerp_mode":"catmullrom"},"1.4583":{"post":[-21.52791,-16.1005,-5.50199],"lerp_mode":"catmullrom"},"1.5417":{"post":[-19.69622,-16.82227,-7.67854],"lerp_mode":"catmullrom"},"1.625":{"post":[-19.16554,-15.9186,-5.04894],"lerp_mode":"catmullrom"},"2.0":[7.44941,-14.04761,-2.30929]}},"leg_left":{"rotation":{"0.0":[0.61693,-41.3705,-16.72349],"2.0":[0.61693,-41.3705,-16.72349]},"position":{"0.0":[0,0,0],"2.0":[0,0,0]}},"leg_left2":{"rotation":{"0.0":[27.5,0,0],"2.0":[27.5,0,0]}},"foot_left":{"rotation":{"0.0":[-10.5049,1.1234,12.37248],"2.0":[-10.5049,1.1234,12.37248]}},"leg_right":{"rotation":{"0.0":[-21.29854,15.52701,6.38237],"2.0":[-21.29854,15.52701,6.38237]},"position":{"0.0":[0,0,0],"2.0":[0,0,0]}},"leg_right2":{"rotation":{"0.0":[14.89167,-0.44049,0.5705],"2.0":[14.89167,-0.44049,0.5705]}},"foot_right":{"rotation":{"0.0":[7,0.28116,-6.07462],"2.0":[7,0.28116,-6.07462]}},"torso":{"rotation":{"0.0":[-0.02047,-35.0178,0.0323],"0.2083":[-0.01784,19.9822,0.01446],"0.2917":[12.47076,-55.0178,0.04451],"0.3333":[7.47133,-19.18447,0.02925],"0.375":{"pre":[9.97247,52.4822,-0.00128],"post":[9.97247,52.4822,-0.00128],"lerp_mode":"catmullrom"},"0.5":{"post":[-0.02892,54.82509,-0.00339],"lerp_mode":"catmullrom"},"0.9167":{"post":[-0.02592,42.92855,0.00266],"lerp_mode":"catmullrom"},"1.4167":[-10.02261,-2.75558,0.02012],"2.0":[-0.02047,-35.0178,0.0323]},"position":{"0.0":[0,-0.6,0],"0.2083":[0,-0.6,0],"0.2917":[0,-0.6,-0.5],"0.3333":[0,-0.6,0],"0.375":[0,-0.6,-0.75],"0.5":[0,-0.6,0],"1.0417":{"pre":[0,-0.85,0],"post":[0,-0.85,0],"lerp_mode":"catmullrom"},"1.4583":{"post":[0,-0.49,0],"lerp_mode":"catmullrom"},"1.7083":{"post":[0,-0.79,0],"lerp_mode":"catmullrom"},"2.0":[0,-0.6,0]}}}},"animation.hitmonchan_animeallstars.blink":{"animation_length":0.1667,"bones":{"eyelid_left":{"position":{"0.0":[0.1,0,-0.1],"0.125":[0.1,0,-0.1],"0.1667":[0,0,0]}},"eyelid_right":{"position":{"0.0":[-0.1,0,-0.1],"0.125":[-0.1,0,-0.1],"0.1667":[0,0,0]}}}},"animation.hitmonchan_animeallstars.cry":{"animation_length":2.5,"bones":{"torso":{"rotation":{"0.0":[0,0,0],"0.25":{"pre":[-7.5,0,0],"post":[-7.5,0,0],"lerp_mode":"catmullrom"},"0.4167":{"post":[-3.41,0,0],"lerp_mode":"catmullrom"},"0.6667":{"post":[-3.28,0,0],"lerp_mode":"catmullrom"},"1.1667":{"post":[-0.71,0,0],"lerp_mode":"catmullrom"},"1.5":[0,0,0]}},"torso2":{"rotation":{"0.0":[0,0,0],"0.25":{"pre":[7.5,0,0],"post":[7.5,0,0],"lerp_mode":"catmullrom"},"0.4167":{"post":[6.81,0,0],"lerp_mode":"catmullrom"},"0.6667":{"post":[1.42,0,0],"lerp_mode":"catmullrom"},"1.5":[0,0,0]}},"shoulder_right":{"rotation":{"0.0833":[0,0,0],"0.25":{"pre":[0,0,8.5],"post":[0,0,8.5],"lerp_mode":"catmullrom"},"0.5417":{"post":[0,0,8.5],"lerp_mode":"catmullrom"},"0.7917":{"post":[0,0,-3.88],"lerp_mode":"catmullrom"},"1.0833":{"post":[0,0,-5.33],"lerp_mode":"catmullrom"},"1.5833":{"post":[0,0,-1.33],"lerp_mode":"catmullrom"},"2.2083":[0,0,0]}},"shoulder_left":{"rotation":{"0.0":[0,0,0],"0.1667":{"pre":[0,0,-8.5],"post":[0,0,-8.5],"lerp_mode":"catmullrom"},"0.4167":{"post":[0,0,-8.5],"lerp_mode":"catmullrom"},"0.6667":{"post":[0,0,3.88],"lerp_mode":"catmullrom"},"0.9167":{"post":[0,0,5.33],"lerp_mode":"catmullrom"},"1.4167":{"post":[0,0,1.33],"lerp_mode":"catmullrom"},"2.0":[0,0,0]}},"head":{"rotation":{"0.0":[0,0,0],"0.25":{"pre":[-7.5,0,0],"post":[-7.5,0,0],"lerp_mode":"catmullrom"},"0.5417":{"post":[-2.94,0,0],"lerp_mode":"catmullrom"},"0.7083":{"post":[-3.04674,-0.45787,-2.45774],"lerp_mode":"catmullrom"},"0.9583":{"post":[-2.77981,0.85021,3.4934],"lerp_mode":"catmullrom"},"1.2083":{"post":[-0.6,0,0],"lerp_mode":"catmullrom"},"2.0":[0,0,0]}},"jaw":{"rotation":{"0.0":[0,0,0],"0.25":{"pre":[34,0,0],"post":[34,0,0],"lerp_mode":"catmullrom"},"0.4583":{"post":[25.86,0,0],"lerp_mode":"catmullrom"},"0.625":{"post":[13.44,0,0],"lerp_mode":"catmullrom"},"1.0833":{"post":[8.72,0,0],"lerp_mode":"catmullrom"},"1.4583":{"post":[3.72,0,0],"lerp_mode":"catmullrom"},"2.0":[0,0,0]}},"body":{"rotation":{"0.0":[0,0,0],"0.25":{"pre":[2.5,0,0],"post":[2.5,0,0],"lerp_mode":"catmullrom"},"0.4167":{"post":[1.6,0,0],"lerp_mode":"catmullrom"},"0.6667":{"post":[1.85,0,0],"lerp_mode":"catmullrom"},"1.1667":{"post":[0.41,0,0],"lerp_mode":"catmullrom"},"1.5":[0,0,0]},"position":{"0.0":[0,0,0],"0.25":{"pre":[0,0.3,-0.8],"post":[0,0.3,-0.8],"lerp_mode":"catmullrom"},"0.4167":{"post":[0,0.1,-0.4],"lerp_mode":"catmullrom"},"0.6667":{"post":[0,0.4,-0.5],"lerp_mode":"catmullrom"},"1.1667":{"post":[0,0.1,-0.1],"lerp_mode":"catmullrom"},"1.5":[0,0,0]}},"arm_left":{"rotation":{"0.0":[0,0,0],"0.2083":{"pre":[0,-3,2],"post":[0,-3,2],"lerp_mode":"catmullrom"},"0.4583":{"post":[0,-7,-1.3],"lerp_mode":"catmullrom"},"0.6667":{"post":[0,-5,-0.4],"lerp_mode":"catmullrom"},"0.8333":{"post":[0,3,1.4],"lerp_mode":"catmullrom"},"1.0417":{"post":[0,6,0.48],"lerp_mode":"catmullrom"},"1.3333":{"post":[0,2,0.08],"lerp_mode":"catmullrom"},"1.6667":[0,0,0]},"position":{"0.0":[0,0,0],"0.25":{"pre":[0,0.7,0],"post":[0,0.7,0],"lerp_mode":"catmullrom"},"0.4583":{"post":[0,0.6,0],"lerp_mode":"catmullrom"},"0.5833":{"post":[0,-0.2,0],"lerp_mode":"catmullrom"},"0.7917":{"post":[0,-0.43,0],"lerp_mode":"catmullrom"},"1.2083":{"post":[0,-0.1,0],"lerp_mode":"catmullrom"},"1.4583":[0,0,0]}},"arm_left2":{"rotation":{"0.0":[0,0,0],"0.25":{"pre":[0,11,0],"post":[0,11,0],"lerp_mode":"catmullrom"},"0.5417":{"post":[0,-7.5,0],"lerp_mode":"catmullrom"},"0.8333":{"post":[0,18,0],"lerp_mode":"catmullrom"},"1.0417":{"post":[0,6.3,0],"lerp_mode":"catmullrom"},"1.2917":{"post":[0,1.1,0],"lerp_mode":"catmullrom"},"1.625":[0,0,0]}},"hand_left":{"rotation":{"0.0":[0,0,0],"0.25":{"pre":[0,5,0],"post":[0,5,0],"lerp_mode":"catmullrom"},"0.5417":{"post":[0,-5,0],"lerp_mode":"catmullrom"},"0.8333":{"post":[0,-22.5,0],"lerp_mode":"catmullrom"},"1.0417":{"post":[0,-5,0],"lerp_mode":"catmullrom"},"1.625":[0,0,0]}},"arm_right":{"rotation":{"0.0833":[0,0,0],"0.2917":{"pre":[0,3,-2],"post":[0,3,-2],"lerp_mode":"catmullrom"},"0.5833":{"post":[0,7,1.3],"lerp_mode":"catmullrom"},"0.7917":{"post":[0,5,0.4],"lerp_mode":"catmullrom"},"0.9583":{"post":[0,-3,-1.4],"lerp_mode":"catmullrom"},"1.2083":{"post":[0,-6,-0.48],"lerp_mode":"catmullrom"},"1.5":{"post":[0,-2,-0.08],"lerp_mode":"catmullrom"},"1.875":[0,0,0]},"position":{"0.0833":[0,0,0],"0.3333":{"pre":[0,0.7,0],"post":[0,0.7,0],"lerp_mode":"catmullrom"},"0.5833":{"post":[0,0.6,0],"lerp_mode":"catmullrom"},"0.7083":{"post":[0,-0.2,0],"lerp_mode":"catmullrom"},"0.9167":{"post":[0,-0.43,0],"lerp_mode":"catmullrom"},"1.375":{"post":[0,-0.1,0],"lerp_mode":"catmullrom"},"1.625":[0,0,0]}},"arm_right2":{"rotation":{"0.0833":[0,0,0],"0.3333":{"pre":[0,-11,0],"post":[0,-11,0],"lerp_mode":"catmullrom"},"0.6667":{"post":[0,7.5,0],"lerp_mode":"catmullrom"},"0.9583":{"post":[0,-18,0],"lerp_mode":"catmullrom"},"1.2083":{"post":[0,-6.3,0],"lerp_mode":"catmullrom"},"1.4583":{"post":[0,-1.1,0],"lerp_mode":"catmullrom"},"1.8333":[0,0,0]}},"hand_right":{"rotation":{"0.0833":[0,0,0],"0.3333":{"pre":[0,-5,0],"post":[0,-5,0],"lerp_mode":"catmullrom"},"0.625":{"post":[0,5,0],"lerp_mode":"catmullrom"},"0.9167":{"post":[0,22.5,0],"lerp_mode":"catmullrom"},"1.125":{"post":[0,5,0],"lerp_mode":"catmullrom"},"1.7083":[0,0,0]}},"leg_left":{"rotation":{"0.0":[0,0,0],"0.25":{"pre":[-5,0,0],"post":[-5,0,0],"lerp_mode":"catmullrom"},"0.4167":{"post":[-3.63,0,0],"lerp_mode":"catmullrom"},"0.6667":{"post":[-3.88,0,0],"lerp_mode":"catmullrom"},"0.8333":{"post":[-5.44,0,0],"lerp_mode":"catmullrom"},"1.125":{"post":[-0.88,0,0],"lerp_mode":"catmullrom"},"1.5":[0,0,0]}},"leg_left2":{"rotation":{"0.0":[0,0,0],"0.25":{"pre":[7.5,0,0],"post":[7.5,0,0],"lerp_mode":"catmullrom"},"0.4167":{"post":[2.5,0,0],"lerp_mode":"catmullrom"},"0.6667":{"post":[5,0,0],"lerp_mode":"catmullrom"},"1.125":{"post":[1,0,0],"lerp_mode":"catmullrom"},"1.5":[0,0,0]}},"foot_left":{"rotation":{"0.0":[0,0,0],"0.2083":{"pre":[20,0,0],"post":[20,0,0],"lerp_mode":"catmullrom"},"0.4167":{"post":[9.52,0,0],"lerp_mode":"catmullrom"},"0.6667":{"post":[13.15,0,0],"lerp_mode":"catmullrom"},"1.125":{"post":[2.23,0,0],"lerp_mode":"catmullrom"},"1.5":[0,0,0]}},"leg_right":{"rotation":{"0.0":[0,0,0],"0.25":{"pre":[-5,0,0],"post":[-5,0,0],"lerp_mode":"catmullrom"},"0.4167":{"post":[-3.63,0,0],"lerp_mode":"catmullrom"},"0.6667":{"post":[-3.88,0,0],"lerp_mode":"catmullrom"},"1.125":{"post":[-0.88,0,0],"lerp_mode":"catmullrom"},"1.5":[0,0,0]}},"leg_right2":{"rotation":{"0.0":[0,0,0],"0.25":{"pre":[7.5,0,0],"post":[7.5,0,0],"lerp_mode":"catmullrom"},"0.4167":{"post":[2.5,0,0],"lerp_mode":"catmullrom"},"0.6667":{"post":[5,0,0],"lerp_mode":"catmullrom"},"1.125":{"post":[1,0,0],"lerp_mode":"catmullrom"},"1.5":[0,0,0]}},"foot_right":{"rotation":{"0.0":[0,0,0],"0.2083":{"pre":[20,0,0],"post":[20,0,0],"lerp_mode":"catmullrom"},"0.4167":{"post":[9.52,0,0],"lerp_mode":"catmullrom"},"0.6667":{"post":[13.15,0,0],"lerp_mode":"catmullrom"},"1.125":{"post":[2.23,0,0],"lerp_mode":"catmullrom"},"1.5":[0,0,0]}}},"sound_effects":{"0.125":{"effect":"pokemon.hitmonchan_animeallstars.cry"}}},"animation.hitmonchan_animeallstars.cape":{"loop":true,"bones":{"cape":{"rotation":["-77.5+math.cos((q.anim_time)*360*0.5)*4",0,0]},"cape2":{"rotation":["25+math.cos((q.anim_time)*360*0.5)*4",0,0]}}}}}