{"format_version":"1.8.0","animations":{"animation.ironbundle_blackfriday2024.pose":{"loop":true,"animation_length":2,"bones":{"head":{"rotation":[-2.5,0,0]},"open_eye_right":{"position":[0,0,0]},"arm_left_node":{"rotation":[6,0,-12]},"arm_left":{"rotation":[0.08748,-4.99924,7.99618]},"arm_right_node":{"rotation":[0,0,-35]},"arm_right":{"rotation":[0,0,-17.5]},"string6":{"rotation":[7.5,-22.5,0]},"string5":{"rotation":[5,-30,0]},"string4":{"rotation":[0.5,-37.5,0]},"string3":{"rotation":[-2.5,-27.5,0]},"string2":{"rotation":[-5.12646,-25.42273,-4.3966]},"string":{"rotation":[9.31228,-22.19033,-2.13632]},"bundle":{"rotation":[2.47988,-3.34502,10.36274]}}},"animation.ironbundle_blackfriday2024.ground_idle":{"loop":true,"animation_length":2,"bones":{"torso":{"rotation":[0,"-2.5+((Math.cos((q.anim_time-0.5) * 180) * 2))","((Math.cos((q.anim_time-0.4) * 180) * 1))"],"position":[0,"((Math.cos((q.anim_time) * 180) * 0.35))",0]},"head":{"rotation":[0,"-5+((Math.cos((q.anim_time-0.6) * 180) * -2))","((Math.cos((q.anim_time-0.5) * 180) * -1))"],"position":[0.2,0,0.5]},"open_eye_right":{"position":[0,0,0]},"arm_left_node":{"rotation":[6,0,"-12+((Math.cos((q.anim_time-0.6) * 180) * -1))"]},"arm_left":{"rotation":[0,-5,"8+((Math.cos((q.anim_time-0.7) * 180) * 2))"]},"arm_right_node":{"rotation":[0,0,"-47.5+((Math.cos((q.anim_time-0.6) * 180) * -3))"]},"arm_right":{"rotation":[0,0,"-12.5+((Math.cos((q.anim_time-0.7) * 180) * -3))"]},"string6":{"rotation":["12.5+((Math.cos((q.anim_time-0.6) * 180) * -3))",-22.5,0]},"string5":{"rotation":[5,-30,0]},"string4":{"rotation":[2.5,-37.5,0]},"string3":{"rotation":[-2.5,-27.5,0]},"string2":{"rotation":[-7,-25,0]},"string":{"rotation":[9.5,-22.5,0]},"bundle":{"rotation":[2.47988,-3.34502,10.36274]},"leg_right":{"rotation":[0,-5,0]},"feet_right":{"rotation":[0,-2.5,0]},"feet_left":{"rotation":[0,5,0]}}},"animation.ironbundle_blackfriday2024.ground_walk":{"loop":true,"animation_length":1.5,"bones":{"arm_left_node":{"rotation":[6,0,"-12+((Math.cos((q.anim_time-0.35) * 240) * -3))"]},"arm_left":{"rotation":[0,"-12+((Math.cos((q.anim_time-0.45) * 240) * -6))","5+((Math.cos((q.anim_time-0.45) * 240) * 1))"]},"arm_right_node":{"rotation":["((Math.cos((q.anim_time-0.1) * 240) * -5))",0,"-35+((Math.cos((q.anim_time-0.25) * 240) * -3))"]},"arm_right":{"rotation":[0,"((Math.cos((q.anim_time-0.2) * 240) * -5))","-17.5+((Math.cos((q.anim_time-0.35) * 240) * -3))"]},"string6":{"rotation":[7.5,"-22.5+((Math.cos((q.anim_time) * 240) * -0.5))","((Math.cos((q.anim_time-0.25) * 240) * -1))"]},"string5":{"rotation":[5,"-30+((Math.cos((q.anim_time-0.1) * 240) * -0.6))",0]},"string4":{"rotation":[0.5,"-37.5+((Math.cos((q.anim_time-0.2) * 240) * -0.7))",0]},"string3":{"rotation":[-2.5,"-27.5+((Math.cos((q.anim_time-0.3) * 240) * -0.8))",0]},"string2":{"rotation":[-5.12646,"-25+((Math.cos((q.anim_time-0.4) * 240) * -0.9))","-4+((Math.cos((q.anim_time-0.55) * 240) * -0.5))"]},"string":{"rotation":[9.31228,"-22+((Math.cos((q.anim_time-0.5) * 240) * -0.9))",-2.13632]},"bundle":{"rotation":[3,"-3.0429+((Math.cos((q.anim_time-0.6) * 240) * -1))",11]},"leg_right":{"rotation":{"0.0":{"post":[15,0,0],"lerp_mode":"catmullrom"},"0.75":{"post":[-10,0,0],"lerp_mode":"catmullrom"},"1.125":{"post":[0,0,23],"lerp_mode":"catmullrom"},"1.5":{"post":[15,0,0],"lerp_mode":"catmullrom"}},"position":{"0.0":[0,-0.1,1.6],"0.75":[0,0,-2.6],"1.125":[-0.3,0.8,0],"1.5":[0,-0.1,1.6]}},"feet_right":{"rotation":{"0.0":[-15,0,0],"0.375":[-0.5,0,0],"0.75":[10,0,0],"1.125":[0,0,-10],"1.5":[-15,0,0]}},"torso":{"rotation":[0,"((Math.cos((q.anim_time) * 240) * 3))","((Math.cos((q.anim_time-0.15) * 240) * -5))"]},"head":{"rotation":[0,"((Math.cos((q.anim_time-0.1) * 240) * -2))","((Math.cos((q.anim_time-0.25) * 240) * 5))"]},"leg_left":{"rotation":{"0.0":{"post":[-10,0,0],"lerp_mode":"catmullrom"},"0.375":{"post":[0,0,-23],"lerp_mode":"catmullrom"},"0.75":{"post":[15,0,0],"lerp_mode":"catmullrom"},"1.5":{"post":[-10,0,0],"lerp_mode":"catmullrom"}},"position":{"0.0":[0,0,-2.6],"0.375":[-0.3,0.8,0],"0.75":[0,-0.1,1.6],"1.5":[0,0,-2.6]}},"feet_left":{"rotation":{"0.0":[10,0,0],"0.375":[0,0,10],"0.75":[-15,0,0],"1.125":[-0.5,0,0],"1.5":[10,0,0]}}}},"animation.ironbundle_blackfriday2024.water_idle":{"loop":true,"animation_length":2,"bones":{"head":{"rotation":[-2.5,0,"1+((Math.cos((q.anim_time-0.35) * 180) * -1))"]},"open_eye_right":{"position":[0,0,0]},"arm_left_node":{"rotation":[14.16105,-18,"-46+((Math.cos((q.anim_time-0.25) * 180) * -1))"],"position":[0,0.6,0]},"arm_left":{"rotation":[5.41567,-4.56328,"40+((Math.cos((q.anim_time-0.35) * 180) * -2))"]},"arm_right_node":{"rotation":[0,0,"-32.5+((Math.sin((q.anim_time-0.1) * 180) * -3))"]},"arm_right":{"rotation":[0,0,"7+((Math.sin((q.anim_time-0.2) * 180) * -3))"]},"string6":{"rotation":[0,-40,"((Math.cos((q.anim_time-0.25) * 180) * -2))"]},"string5":{"rotation":[-1,-30,0]},"string4":{"rotation":[-2,-40,0]},"string3":{"rotation":[-2,-17.5,0]},"string2":{"rotation":[-2.55531,-12.59693,-2.04654]},"string":{"rotation":[0,-19,-4]},"bundle":{"rotation":[5.79053,-24.85373,-6.61502]},"leg_right":{"rotation":[0,0,"5+((Math.sin((q.anim_time-0.25) * 180) * -5))"]},"feet_right":{"rotation":[-10,0,"((Math.sin((q.anim_time-0.35) * 180) * -3))"]},"leg_left":{"rotation":[0,0,"5+((Math.sin((q.anim_time-0.15) * 180) * 3))"]},"feet_left":{"rotation":[-10,0,"((Math.sin((q.anim_time-0.25) * 180) * 3))"]},"body":{"rotation":[0,0,"-6+((Math.cos((q.anim_time-0.25) * 180) * 1))"],"position":[0,"((Math.sin((q.anim_time) * 180) * 0.6))",0]}}},"animation.ironbundle_blackfriday2024.water_swim":{"loop":true,"animation_length":2,"bones":{"head":{"rotation":[6,0,"1+((Math.cos((q.anim_time-0.35) * 180) * -1))"],"position":[0,0,0.3]},"open_eye_right":{"position":[0,0,0]},"arm_left_node":{"rotation":[14.16105,-18,"-46+((Math.cos((q.anim_time-0.25) * 180) * -1))"],"position":[0,0.6,0]},"arm_left":{"rotation":{"0.0":[7.53437,-7.40779,"38.6111+((Math.cos((q.anim_time-0.35) * 180) * -2))"],"0.0417":[7.51849,-6.4164,"38.743+((Math.cos((q.anim_time-0.35) * 180) * -2))"]}},"arm_right_node":{"rotation":[0,"((Math.cos((q.anim_time-0.1) * 180) * 12))","-25+((Math.sin((q.anim_time-0.1) * 180) * -5))"]},"arm_right":{"rotation":[0,"0+((Math.cos((q.anim_time-0.2) * 180) * 8))","12+((Math.sin((q.anim_time-0.2) * 180) * -5))"]},"string6":{"rotation":[0,-40,"((Math.cos((q.anim_time-0.25) * 180) * -2))"]},"string5":{"rotation":[-1,-30,0]},"string4":{"rotation":[-2,-40,0]},"string3":{"rotation":[-2,-17.5,0]},"string2":{"rotation":[-5.05531,-12.59693,-2.04654]},"string":{"rotation":[0,-19,-4]},"bundle":{"rotation":[5.7,-22.8,-6.3]},"leg_right":{"rotation":["-30+((Math.cos((q.anim_time) * 360) * 15))",0,"5+((Math.sin((q.anim_time-0.25) * 180) * -3))"]},"feet_right":{"rotation":["-10+((Math.cos((q.anim_time-0.2) * 360) * 10))",0,"((Math.sin((q.anim_time-0.35) * 180) * -2))"]},"leg_left":{"rotation":["-25+(-(Math.cos((q.anim_time) * 360) * 15))",0,"5+((Math.sin((q.anim_time-0.15) * 180) * 3))"]},"feet_left":{"rotation":["-10+(-(Math.cos((q.anim_time-0.2) * 360) * 10))",0,"((Math.sin((q.anim_time-0.25) * 180) * 2))"]},"body":{"rotation":[-10,0,"-6+((Math.cos((q.anim_time-0.25) * 180) * 1))"],"position":[0,"((Math.sin((q.anim_time) * 180) * 0.6))",0]}}},"animation.ironbundle_blackfriday2024.sleep":{"loop":true,"animation_length":2,"bones":{"torso":{"position":[0,-2.7,0]},"head":{"rotation":[-2.5,0,0]},"open_eye_right":{"position":[0,0,0]},"arm_left_node":{"rotation":[6,0,-12]},"arm_left":{"rotation":[0.08748,-4.99924,7.99618]},"arm_right_node":{"rotation":[0,0,-55],"position":[0,0,0.1]},"arm_right":{"rotation":[0,0,-35]},"string6":{"rotation":[7.5,-22.5,0]},"string5":{"rotation":[5,-30,0]},"string4":{"rotation":[0.5,-37.5,0]},"string3":{"rotation":[-2.5,-27.5,0]},"string2":{"rotation":[-5.12646,-25.42273,-4.3966]},"string":{"rotation":[9.31228,-22.19033,-2.13632]},"bundle":{"rotation":[2.47988,-3.34502,10.36274]},"close_eye_left2":{"position":[0,0,1]},"close_eye_right2":{"position":[0,0,1]}}},"animation.ironbundle_blackfriday2024.sleepalt":{"loop":true,"animation_length":6,"bones":{"torso":{"position":[0,-2.7,0]},"head":{"rotation":["-2.5+((Math.sin((q.anim_time) * 60) * 2))",0,0]},"open_eye_right":{"position":[0,0,0]},"arm_left_node":{"rotation":[0,0,37.5],"position":[0,0,0.1]},"arm_left":{"rotation":[0,0,52.5]},"arm_right_node":{"rotation":[0,0,-37.5],"position":[0,0,0.1]},"arm_right":{"rotation":[0,0,-52.5]},"string6":{"rotation":[0,-20,0]},"string5":{"rotation":[0,-24,0]},"string4":{"rotation":[0,-28.5,0]},"string3":{"rotation":[0,-25.5,0]},"string2":{"rotation":[0,-22.5,0]},"string":{"rotation":[0,-22,0]},"bundle":{"rotation":[0,"-7.5+((Math.sin((q.anim_time) * 60) * 3))",0]},"close_eye_left2":{"position":[0,0,1]},"close_eye_right2":{"position":[0,0,1]}}},"animation.ironbundle_blackfriday2024.sleepaltalt":{"loop":true,"animation_length":6,"bones":{"torso":{"position":[0,-2.7,0]},"head":{"rotation":["-2.5+((Math.sin((q.anim_time) * 60) * 2))",0,0]},"open_eye_right":{"position":[0,0,0]},"arm_left_node":{"rotation":[0,0,37.5],"position":[0,0,0.1]},"arm_left":{"rotation":[0,0,52.5]},"arm_right_node":{"rotation":[0,0,-37.5],"position":[0,0,0.1]},"arm_right":{"rotation":[0,0,-52.5]},"string6":{"position":[0,0,12]},"string2":{"position":[0,0,5.1]},"close_eye_left2":{"position":[0,0,1]},"close_eye_right2":{"position":[0,0,1]}}},"animation.ironbundle_blackfriday2024.faint":{"loop":"hold_on_last_frame","animation_length":1,"bones":{"head":{"position":{"0.9167":[0,0,0],"0.9583":[0,-0.3,0],"1.0":[0,0,0]}},"open_eye_right":{"position":[0,0,0]},"arm_left_node":{"rotation":{"0.0":[6,0,-12],"0.2083":[5.97733,0.52199,-37.59775],"0.3333":[6,0,-45],"0.75":[6,0,-45],"0.9167":[0,0,67.5],"0.9583":[0,0,70],"1.0":[0,0,67.5]},"position":{"0.75":[0,0,0],"0.9167":[0,0,0.05]}},"arm_left":{"rotation":{"0.0":[0.08748,-4.99924,7.99618],"0.25":[0.35796,-1.84053,5.49335],"0.3333":[0,0,20],"0.75":[0,0,20]}},"arm_right_node":{"rotation":{"0.0":[0,0,-35],"0.2083":[0,0,57.5],"0.3333":[0,0,45],"0.75":[0,0,45],"0.9167":[0,0,-67.5],"0.9583":[0,0,-70],"1.0":[0,0,-67.5]},"position":{"0.75":[0,0,0],"0.9167":[0,0,0.05]}},"arm_right":{"rotation":{"0.0":[0,0,-17.5],"0.7917":[0,0,-20]}},"string6":{"rotation":{"0.0":[7.5,-22.5,0],"0.3333":[0,-22.5,0],"0.4583":[-1,-22.5,0],"0.5":[0,-20,3],"0.5417":[-3,-22.5,0],"0.75":[-5,-22.5,0],"0.9583":[14,-22.5,0],"1.0":[13,-22.5,0]}},"string5":{"rotation":{"0.0":[5,-30,0],"0.3333":[-2.62905,1.92456,1.75381],"0.75":[-2.63,1.92,1.75],"1.0":[-3.63,1.92,1.75]}},"string4":{"rotation":{"0.0":[0.5,-37.5,0],"0.3333":[-4.16,6.41,-2.28],"0.75":[-4.16,6.41,-2.28],"1.0":[-6.16,6.41,-2.28]}},"string3":{"rotation":{"0.0":[-2.5,-27.5,0],"0.3333":[-7,6,-3],"0.4583":[-7,6,-3],"0.5":[-6,5,-3],"0.5417":[-7,6,-3],"0.75":[-7,6,-3],"1.0":[-4.5,6,-1]}},"string2":{"rotation":{"0.0":[-5.12646,-25.42273,-4.3966],"0.3333":[-10.6,10.4,-0.8],"0.4167":[-11,11,0],"0.4583":[-10.6,10.41,-0.8],"0.75":[-10.6,10.42,-0.8],"1.0":[-16.6,10.42,-0.8]}},"string":{"rotation":{"0.0":[9.31228,-22.19033,-2.13632],"0.3333":[-3,9,-4],"0.75":[-3,9,-4],"1.0":[-4,9,-4]}},"bundle":{"rotation":{"0.0":[2,-3,10],"0.75":[2,-3,10],"1.0":[21,-3,7]}},"torso":{"rotation":{"0.0":[0,0,0],"0.3333":[0,0,7.5],"0.4167":[0,0,3],"0.5":[0,0,2.5],"0.75":[0,0,0]},"position":{"0.0":[0,0,0],"0.2917":[0,0.5,0],"0.3333":[0,0.3,0],"0.4167":[0,0.5,0],"0.5":[0,0.3,0],"0.75":[0,0,0],"0.8333":[0,0,0],"0.9583":[0,-3.3,0],"1.0":[0,-3,0]},"scale":{"0.25":[1,1,1],"0.2917":[1,1.01,1],"0.3333":[1.02,1,1],"0.4167":[1,1.01,1],"0.5":[1,1,1]}},"close_eye_left2":{"position":{"0.1667":[0,0,0],"0.2083":{"pre":[0,0,0],"post":[0,0,1]},"0.2917":{"pre":[0,0,1],"post":[0,0,0]},"0.375":{"pre":[0,0,0],"post":[0,0,1]},"0.4583":{"pre":[0,0,1],"post":[0,0,0]},"0.75":{"pre":[0,0,0],"post":[0,0,1]}}},"close_eye_right2":{"position":{"0.2917":[0,0,0],"0.375":{"pre":[0,0,0],"post":[0,0,1]},"0.4583":{"pre":[0,0,1],"post":[0,0,0]},"0.75":{"pre":[0,0,0],"post":[0,0,1]}}},"leg_right":{"rotation":{"0.0":[0,0,0],"0.3333":[0,0,17.5],"0.5833":[0,0,0]},"position":{"0.0":[0,0,0],"0.3333":[0,1,0],"0.5833":[0,0,0]}},"body":{"rotation":{"0.0":[0,0,0],"0.3333":[0,-14,0]}}}}}}