{"format_version":"1.8.0","animations":{"animation.kyurem_prisoner.air_idle_overlay":{"loop":true,"bones":{"neck_chain":{"rotation":["-15-math.sin(q.anim_time*90*2+180)*2",0,0]},"neck_chain_seg2":{"rotation":["0+math.sin(q.anim_time*90*2+260)*6",0,0]},"neck_chain_seg3":{"rotation":["0+math.sin(q.anim_time*90*2+280)*6",0,0]},"left_frill_chain":{"rotation":["-10-math.sin(q.anim_time*90*2+170)*2",0,0]},"left_frill_chain_seg2":{"rotation":["0+math.sin(q.anim_time*90*2+200)*4",0,0]},"left_frill_chain_seg3":{"rotation":["0+math.sin(q.anim_time*90*2+240)*6",0,0]},"left_frill_chain_seg4":{"rotation":["0+math.sin(q.anim_time*90*2+260)*8",0,0]},"left_frill_chain_seg5":{"rotation":["0+math.sin(q.anim_time*90*2+280)*10",0,0]},"left_frill_chain_seg_6":{"rotation":["0+math.sin(q.anim_time*90*2+300)*12",0,0]},"right_frill_chain":{"rotation":["-20+math.sin(q.anim_time*90*2+180)*5",0,0]},"right_frill_chain_seg2":{"rotation":["0+math.sin(q.anim_time*90*2+200)*6",0,0]},"right_frill_chain_seg3":{"rotation":["0+math.sin(q.anim_time*90*2+240)*8",0,0]},"right_frill_chain_seg4":{"rotation":["0+math.sin(q.anim_time*90*2+280)*10",0,0]},"left_shoulder_chain":{"rotation":[0,0,17.5]},"left_shoulder_chain_seg2":{"rotation":[0,0,0]},"left_shoulder_chain_seg3":{"rotation":[0,"-math.sin(q.anim_time*90*2+180)*5",17.5]},"right_shoulder_chain":{"rotation":[0,0,-2.5]},"right_shoulder_chain_seg3":{"rotation":[0,"0-math.sin(q.anim_time*90*2+180)*5",-37.5]},"right_shoulder_chain_seg4":{"rotation":[0,"0-math.sin(q.anim_time*90*2+220)*8",0]},"right_shoulder_chain_seg5":{"rotation":[0,"0-math.sin(q.anim_time*90*2+260)*10",0]},"chain_left":{"rotation":[0,0,"55+math.cos(q.anim_time*90*2+140)*6"]},"chain_left2":{"rotation":[0,0,"30+math.cos(q.anim_time*90*2+180)*12"]},"right_ice_arm_chain":{"rotation":["20+math.sin(q.anim_time*90*2+180)*5",0,17.5]},"right_ice_arm_chain_seg2":{"rotation":["0+math.sin(q.anim_time*90*2+220)*8",0,0]},"right_ice_arm_chain_seg3":{"rotation":["0+math.sin(q.anim_time*90*2+270)*12",0,0]},"leg_left_chain":{"rotation":["-42.5+math.sin(q.anim_time*90*2+180)*5",0,0]},"leg_left_chain_seg2":{"rotation":["-45+math.sin(q.anim_time*90*2+220)*7",0,0]},"leg_right_chain":{"rotation":["-42.5+math.sin(q.anim_time*90*2+180)*5",0,0]},"leg_right_chain_seg2":{"rotation":["-45+math.sin(q.anim_time*90*2+220)*7",0,0]},"left_ice_arm_chain":{"rotation":[17.5,0,"0-math.sin(q.anim_time*90*3+200)*5"]},"left_ice_arm_chain_seg2":{"rotation":[0,0,"0-math.sin(q.anim_time*90*3+240)*8"]},"left_ice_arm_chain_seg3":{"rotation":[0,0,"0-math.sin(q.anim_time*90*3+270)*10"]}}},"animation.kyurem_prisoner.ground_idle_overlay":{"loop":true,"bones":{"neck_chain":{"rotation":["0-math.sin(q.anim_time*90*3+200)*5",0,0],"position":[0,0,0]},"neck_chain_seg2":{"rotation":["0-math.sin(q.anim_time*90*3+220)*7",0,0]},"neck_chain_seg3":{"rotation":["0-math.sin(q.anim_time*90*3+260)*9",0,0]},"left_frill_chain":{"rotation":["0-math.sin(q.anim_time*90*3+160)*2",0,0]},"left_frill_chain_seg2":{"rotation":["0-math.sin(q.anim_time*90*3+200)*5",0,0]},"left_frill_chain_seg3":{"rotation":["0+math.sin(q.anim_time*90*3+220)*8",0,0]},"left_frill_chain_seg4":{"rotation":["0+math.sin(q.anim_time*90*3+260)*10",0,0]},"left_frill_chain_seg5":{"rotation":["0+math.sin(q.anim_time*90*3+280)*12",0,0]},"left_frill_chain_seg_6":{"rotation":["0+math.sin(q.anim_time*90*3+280)*16",0,0]},"right_frill_chain":{"rotation":["-17.5+math.sin(q.anim_time*90*3+200)*5",0,0]},"right_frill_chain_seg2":{"rotation":["0+math.sin(q.anim_time*90*3+250)*7",0,0]},"right_frill_chain_seg3":{"rotation":["0+math.sin(q.anim_time*90*3+280)*9",0,0]},"right_frill_chain_seg4":{"rotation":["0+math.sin(q.anim_time*90*3+310)*11",0,0]},"left_shoulder_chain":{"rotation":[-8.29012,-39.27345,"12.9625+math.cos(q.anim_time*90*2+180)*3"]},"left_shoulder_chain_seg2":{"rotation":[0,0,32.5]},"left_shoulder_chain_seg3":{"rotation":[0,0,5]},"right_shoulder_chain":{"rotation":[0,30,"0-math.cos(q.anim_time*90*2+140)*2"]},"right_shoulder_chain_seg2":{"rotation":[0,0,-25]},"right_shoulder_chain_seg3":{"rotation":[0,0,"2.5+math.cos(q.anim_time*90*2+220)*4"]},"right_shoulder_chain_seg4":{"rotation":[0,"0-math.sin(q.anim_time*90*3+200)*5",-30]},"right_shoulder_chain_seg5":{"rotation":[0,"0-math.sin(q.anim_time*90*3+220)*7",-27.5]},"chain_left":{"rotation":[0,0,"57.5-math.cos(q.anim_time*90*2+140)*6"]},"chain_left2":{"rotation":[0,0,"30-math.cos(q.anim_time*90*2+180)*12"]},"left_ice_arm_chain":{"rotation":[17.5,0,"0-math.sin(q.anim_time*90*3+200)*5"]},"left_ice_arm_chain_seg2":{"rotation":[0,0,"0-math.sin(q.anim_time*90*3+240)*8"]},"left_ice_arm_chain_seg3":{"rotation":[0,0,"0-math.sin(q.anim_time*90*3+270)*10"]},"right_ice_arm_chain":{"rotation":[30,0,0]},"right_ice_arm_chain_seg2":{"rotation":[-30,0,0]},"right_ice_arm_chain_seg3":{"rotation":["-15-math.sin(q.anim_time*90*3+200)*5",0,0]},"leg_left_chain":{"rotation":["-57.5-math.sin(q.anim_time*90*3+200)*5",0,0]},"leg_left_chain_seg2":{"rotation":["-45-math.sin(q.anim_time*90*3+260)*7",0,0]},"leg_right_chain":{"rotation":["-57.5-math.sin(q.anim_time*90*3+200)*5",0,0]},"leg_right_chain_seg2":{"rotation":["-45-math.sin(q.anim_time*90*3+260)*7",0,0]}}},"animation.kyurem_prisoner.air_fly_overlay":{"loop":true,"bones":{"neck_chain":{"rotation":["0-math.sin(q.anim_time*90*3+200)*5",0,0],"position":[0,0,0]},"neck_chain_seg2":{"rotation":["0-math.sin(q.anim_time*90*3+220)*7",0,0]},"neck_chain_seg3":{"rotation":["0-math.sin(q.anim_time*90*3+260)*9",0,0]},"left_frill_chain":{"rotation":["0-math.sin(q.anim_time*90*3+160)*2",0,0]},"left_frill_chain_seg2":{"rotation":["0-math.sin(q.anim_time*90*3+200)*5",0,0]},"left_frill_chain_seg3":{"rotation":["0+math.sin(q.anim_time*90*3+220)*8",0,0]},"left_frill_chain_seg4":{"rotation":["0+math.sin(q.anim_time*90*3+260)*10",0,0]},"left_frill_chain_seg5":{"rotation":["0+math.sin(q.anim_time*90*3+280)*12",0,0]},"left_frill_chain_seg_6":{"rotation":["0+math.sin(q.anim_time*90*3+280)*16",0,0]},"right_frill_chain":{"rotation":["-17.5+math.sin(q.anim_time*90*3+200)*5",0,0]},"right_frill_chain_seg2":{"rotation":["0+math.sin(q.anim_time*90*3+250)*7",0,0]},"right_frill_chain_seg3":{"rotation":["0+math.sin(q.anim_time*90*3+280)*9",0,0]},"right_frill_chain_seg4":{"rotation":["0+math.sin(q.anim_time*90*3+310)*11",0,0]},"left_shoulder_chain_seg2":{"rotation":[0,0,32.5]},"left_shoulder_chain_seg3":{"rotation":[0,0,5]},"right_shoulder_chain_seg2":{"rotation":[0,0,-25]},"right_shoulder_chain_seg4":{"rotation":[0,"0-math.sin(q.anim_time*90*3+200)*5",-30]},"right_shoulder_chain_seg5":{"rotation":[0,"0-math.sin(q.anim_time*90*3+220)*7",-27.5]},"chain_left":{"rotation":[0,0,"57.5-math.cos(q.anim_time*90*2+140)*6"]},"chain_left2":{"rotation":[0,0,"30-math.cos(q.anim_time*90*2+180)*12"]},"left_ice_arm_chain":{"rotation":[17.5,0,"0-math.sin(q.anim_time*90*3+200)*5"]},"left_ice_arm_chain_seg2":{"rotation":[0,0,"0-math.sin(q.anim_time*90*3+240)*8"]},"left_ice_arm_chain_seg3":{"rotation":[0,0,"0-math.sin(q.anim_time*90*3+270)*10"]},"right_ice_arm_chain":{"rotation":[30,0,0]},"right_ice_arm_chain_seg2":{"rotation":[-30,0,0]},"right_ice_arm_chain_seg3":{"rotation":["-15-math.sin(q.anim_time*90*3+200)*5",0,0]},"leg_left_chain":{"rotation":["-57.5-math.sin(q.anim_time*90*3+200)*5",0,0]},"leg_left_chain_seg2":{"rotation":["-45-math.sin(q.anim_time*90*3+260)*7",0,0]},"leg_right_chain":{"rotation":["-57.5-math.sin(q.anim_time*90*3+200)*5",0,0]},"leg_right_chain_seg2":{"rotation":["-45-math.sin(q.anim_time*90*3+260)*7",0,0]}}},"animation.kyurem_prisoner.ground_walk_overlay":{"loop":true,"animation_length":2,"bones":{"neck_chain":{"rotation":["0-math.cos(q.anim_time*90*4+120)*4",0,0]},"neck_chain_seg2":{"rotation":["0-math.cos(q.anim_time*90*4+160)*6",0,0]},"neck_chain_seg3":{"rotation":["0-math.cos(q.anim_time*90*4+180)*10",0,0]},"left_frill_chain":{"rotation":["0-math.cos(q.anim_time*90*4+220)*5",0,0]},"left_frill_chain_seg2":{"rotation":["0-math.cos(q.anim_time*90*4+260)*5",0,0]},"left_frill_chain_seg3":{"rotation":["0-math.cos(q.anim_time*90*4+300)*7",0,0]},"left_frill_chain_seg4":{"rotation":["0+math.cos(q.anim_time*90*4+360)*8",0,0]},"left_frill_chain_seg5":{"rotation":["0+math.cos(q.anim_time*90*4+380)*9",0,0]},"left_frill_chain_seg_6":{"rotation":["0+math.cos(q.anim_time*90*4+400)*10",0,0]},"right_frill_chain":{"rotation":["-7.5+math.cos(q.anim_time*90*4+120)*5",0,0]},"right_frill_chain_seg2":{"rotation":["0-math.cos(q.anim_time*90*4+160)*5",0,0]},"right_frill_chain_seg3":{"rotation":["0-math.cos(q.anim_time*90*4+220)*5",0,0]},"right_frill_chain_seg4":{"rotation":["0-math.cos(q.anim_time*90*4+260)*7",0,0]},"left_shoulder_chain":{"rotation":[0,"-25-math.cos(q.anim_time*90*4+120)*3",7.5]},"left_shoulder_chain_seg2":{"rotation":[0,"0+math.cos(q.anim_time*90*4+160)*4",0]},"left_shoulder_chain_seg3":{"rotation":[0,"0+math.cos(q.anim_time*90*4+220)*9",0]},"right_shoulder_chain":{"rotation":[0,"30+math.cos(q.anim_time*90*4+120)*3",0]},"right_shoulder_chain_seg2":{"rotation":[0,"0-math.cos(q.anim_time*90*4+160)*4",0]},"right_shoulder_chain_seg3":{"rotation":[-1.50699,"-0.2321-math.cos(q.anim_time*90*4+180)*5",-17.56274]},"right_shoulder_chain_seg4":{"rotation":[0,"0-math.cos(q.anim_time*90*4+200)*6",0]},"right_shoulder_chain_seg5":{"rotation":[0,"0-math.cos(q.anim_time*90*4+220)*7",0]},"chain_left":{"rotation":[0,0,"57+math.cos(q.anim_time*90*2+140)*6"]},"chain_left2":{"rotation":[0,0,"32.5+math.cos(q.anim_time*90*2+180)*12"]},"left_ice_arm_chain":{"rotation":["20+math.cos(q.anim_time*90*4+120)*3",0,"0+math.cos(q.anim_time*90*4+120)*3"]},"left_ice_arm_chain_seg2":{"rotation":["0+math.cos(q.anim_time*90*4+160)*5",0,"0+math.cos(q.anim_time*90*4+160)*5"]},"left_ice_arm_chain_seg3":{"rotation":["0+math.cos(q.anim_time*90*4+200)*8",0,"0-math.cos(q.anim_time*90*4+200)*9"]},"right_ice_arm_chain":{"rotation":["0+math.cos(q.anim_time*90*4+120)*5",0,12.5]},"right_ice_arm_chain_seg2":{"rotation":["0-math.cos(q.anim_time*90*4+160)*7",0,0]},"right_ice_arm_chain_seg3":{"rotation":["0+math.cos(q.anim_time*90*4+290)*9",0,0]},"leg_left_chain":{"rotation":{"0.0":[0,0,0],"0.25":{"pre":[-20,0,0],"post":[-20,0,0],"lerp_mode":"catmullrom"},"0.9167":{"post":[-32.5,0,0],"lerp_mode":"catmullrom"},"1.125":{"post":[65,0,0],"lerp_mode":"catmullrom"},"1.5417":{"post":[12.5,0,0],"lerp_mode":"catmullrom"},"2.0":[0,0,0]}},"leg_left_chain_seg2":{"rotation":{"0.0":[-22.5,0,0],"0.875":{"pre":[-33.61,0,0],"post":[-33.61,0,0],"lerp_mode":"catmullrom"},"1.0417":{"post":[45,0,0],"lerp_mode":"catmullrom"},"1.2083":{"post":[-20,0,0],"lerp_mode":"catmullrom"},"1.375":{"post":[-37.5,0,0],"lerp_mode":"catmullrom"},"1.5417":{"post":[10,0,0],"lerp_mode":"catmullrom"},"2.0":[-22.5,0,0]}},"leg_right_chain":{"rotation":{"0.0":[22.5,0,0],"0.0833":{"pre":[42.5,0,0],"post":[42.5,0,0],"lerp_mode":"catmullrom"},"0.2917":{"post":[70,0,0],"lerp_mode":"catmullrom"},"0.5833":{"post":[15,0,0],"lerp_mode":"catmullrom"},"0.9583":{"post":[-7.5,0,0],"lerp_mode":"catmullrom"},"1.5":{"post":[-37.5,0,0],"lerp_mode":"catmullrom"},"2.0":[22.5,0,0]}},"leg_right_chain_seg2":{"rotation":{"0.0":[-60,0,0],"0.1667":{"pre":[35,0,0],"post":[35,0,0],"lerp_mode":"catmullrom"},"0.5833":{"post":[-12.5,0,0],"lerp_mode":"catmullrom"},"1.0417":{"post":[2.5,0,0],"lerp_mode":"catmullrom"},"1.5417":{"post":[-20,0,0],"lerp_mode":"catmullrom"},"1.8333":{"post":[-90,0,0],"lerp_mode":"catmullrom"},"2.0":[-60,0,0]}}}}}}