{"format_version":"1.8.0","animations":{"animation.lucario_mega_animeallstars_shiny.saiyan_aura":{"loop":true,"particle_effects":{"0.0":{"effect":"cobblemon:saiyan_yellow_aura","locator":"saiyan_aura"}}},"animation.lucario_mega_animeallstars_shiny.saiyan_aura_dust":{"loop":true,"particle_effects":{"0.0":{"effect":"cobblemon:saiyan_aura_dust","locator":"saiyan_aura_dust"}}},"animation.lucario_mega_animeallstars_shiny.saiyan_electricity":{"loop":true,"particle_effects":{"0.0":{"effect":"cobblemon:saiyan_yellow_electricity","locator":"saiyan_electricity"}}}}}