{"format_version":"1.8.0","animations":{"animation.lucario_mega_animeallstars.ground_idle":{"loop":true,"bones":{"torso":{"position":[0,"0+0.06*(math.sin(q.anim_time*90*1-90)*1+1)",0]},"waist":{"rotation":["-2.5-0.5*(math.sin(q.anim_time*90*1-90)*1+1)",0,0],"position":[0,"0+0.02*(math.sin(q.anim_time*90*1-90)*1+1)",0]},"head":{"rotation":["2.5+0.5*(math.sin(q.anim_time*90*1)*1+1)",0,0],"position":[0,"0+0.01*(math.sin(q.anim_time*90*1-90)*1+1)",0]},"arm_right":{"rotation":[0,"13-2.5*(math.sin(q.anim_time*90*1)*1+1)",-65],"position":[0,"0-0.06*(math.sin(q.anim_time*90*1-40)*1+1)",0]},"arm_right2":{"rotation":[0,"-20-0.6*math.clamp(-math.sin(q.anim_time*90*3/2)*1+1,0,1)",0]},"finger_right_front":{"rotation":[0,0,-25]},"finger_right_middle":{"rotation":[0,0,-20]},"finger_right_back":{"rotation":[0,0,-25]},"arm_left":{"rotation":[0,"-13+2.5*(math.sin(q.anim_time*90*1)*1+1)",65],"position":[0,"0-0.06*(math.sin(q.anim_time*90*1-40)*1+1)",0]},"arm_left2":{"rotation":[0,"20-0.6*math.clamp(math.sin(q.anim_time*90*3/2)*1+1,0,1)+0.6*math.clamp(-math.sin(q.anim_time*90*3/2)*1+1,0,1)",0]},"finger_left_front":{"rotation":[0,0,25]},"finger_left_middle":{"rotation":[0,0,20]},"finger_left_back":{"rotation":[0,0,25]},"chest":{"rotation":["2.5+0.2*(math.sin(q.anim_time*90*1-90)*1+1)",0,0]},"leg_right":{"rotation":[0,0,2.5],"position":[0,"-0.1+0.03*(math.sin(q.anim_time*90*1-90)*1+1)",0]},"foot_right":{"rotation":[0,0,-5],"position":[0,"0-0.03*(math.sin(q.anim_time*90*1-90)*1+1)",0]},"leg_left":{"rotation":[0,0,-2.5],"position":[0,"-0.1+0.03*(math.sin(q.anim_time*90*1-90)*1+1)",0]},"foot_left":{"rotation":[0,0,5],"position":[0,"0-0.03*(math.sin(q.anim_time*90*1-90)*1+1)",0]},"leg_right2":{"rotation":[0,0,2.5]},"leg_left2":{"rotation":[0,0,-2.5]},"bone":{"rotation":[-42.5,0,0]},"bone2":{"rotation":[-22.5,0,0]},"aura_sensor_outer_right":{"rotation":["-24+1*(math.sin(q.anim_time*90*4-40)*1+1)",-15,0]},"aura_sensor_outer_right2":{"rotation":["-15+1.5*(math.sin(q.anim_time*90*4-80)*1+1)",0,0]},"aura_sensor_outer_right3":{"rotation":["-18+1*(math.sin(q.anim_time*90*4-120)*1+1)",0,0]},"aura_sensor_outer_right4":{"rotation":["12+1*(math.sin(q.anim_time*90*4-120)*1+1)",0,0]},"aura_sensor_inner_right":{"rotation":["-16+1.5*(math.sin(q.anim_time*90*4-90)*1+1)",-12,0]},"aura_sensor_inner_right2":{"rotation":["-12+1.5*(math.sin(q.anim_time*90*4-140)*1+1)",0,0]},"aura_sensor_inner_right3":{"rotation":["-16+1*(math.sin(q.anim_time*90*4-180)*1+1)",0,0]},"aura_sensor_inner_right4":{"rotation":["10+1.2*(math.sin(q.anim_time*90*4-180)*1+1)",0,0]},"aura_sensor_outer_left":{"rotation":["-24+1*(math.sin(q.anim_time*90*4-40)*1+1)",15,0]},"aura_sensor_outer_left2":{"rotation":["-15+1.5*(math.sin(q.anim_time*90*4-80)*1+1)",0,0]},"aura_sensor_outer_left3":{"rotation":["-15+1.5*(math.sin(q.anim_time*90*4-80)*1+1)",0,0]},"aura_sensor_outer_left4":{"rotation":["12+1*(math.sin(q.anim_time*90*4-120)*1+1)",0,0]},"aura_sensor_inner_left":{"rotation":["-16+1.5*(math.sin(q.anim_time*90*4-90)*1+1)",12,0]},"aura_sensor_inner_left2":{"rotation":["-12+1.5*(math.sin(q.anim_time*90*4-140)*1+1)",0,0]},"aura_sensor_inner_left3":{"rotation":["-16+1*(math.sin(q.anim_time*90*4-180)*1+1)",0,0]},"aura_sensor_inner_left4":{"rotation":["10+1.2*(math.sin(q.anim_time*90*4-180)*1+1)",0,0]}}},"animation.lucario_mega_animeallstars.ground_walk":{"loop":true,"animation_length":1,"bones":{"body":{"position":[0,"0 - (12/21) + math.abs(math.sin(((query.anim_time) - (1/4)) * 90 * 4+40) * (12/21))",0]},"torso":{"rotation":[0,"0 - math.sin(((query.anim_time) - (0.25/4)) * 90 * 4) * 0",0]},"head":{"rotation":["10+math.clamp(math.sin(((query.anim_time) - (0.75/4)) * 90 * 8) * 0.6, 0, 0.6)",0,0],"position":[0,0,"0 - (0 / 10)"]},"arm_left2":{"rotation":[0,"-0+math.clamp(math.sin(((query.anim_time) + (0.75/4)) * 90 * 4+90) * 12, 0, 12)",0]},"arm_right2":{"rotation":[0,"0- math.clamp(math.sin(((query.anim_time) - (0.75/4)) * 90 * 4+90) * 12, 0, 12)",0]},"torso2":{"rotation":[0,"0 - math.sin(((query.anim_time) - (0.5/4)) * 90 * 4) * 0",0]},"leg_left":{"rotation":["math.sin((query.anim_time) * 90 * 4+270) * 7.5",0,"0 - 0 + (math.clamp((math.sin(((query.anim_time - (1.75 / 4))) * 180 * 4) * 1) - math.clamp((math.sin(((query.anim_time - (1.75 / 4))) * 90 * 4) * 2), 0, 1), 0, 1)) * 0"],"position":[0,"math.clamp(math.sin(((query.anim_time) + (1/4)) * 90 * 4) * 0.1, 0, 0.1)",0]},"leg_left2":{"rotation":{"0.0":[-18,0,0],"0.125":[-11.75,0,0],"0.2083":[-0.5,0,0],"0.3333":[11,0,0],"0.4167":[14.5,0,0],"0.5":[13.5,0,0],"0.6667":[6,0,0],"0.8333":[-12.5,0,0],"0.875":[-17.55,0,0]}},"foot_left":{"rotation":["0 - math.clamp(math.sin(((query.anim_time) - (0.75/4)) * 90 * 4) * 0, -0, 0)",0,0]},"arm_left":{"rotation":[0,"0 - math.sin(((query.anim_time) - (0.5/4)) * 90 * 4+90) * 20",65]},"arm_right":{"rotation":[0,"0 - math.sin(((query.anim_time) - (0.5/4)) * 90 * 4+90) * 20",-65]},"knee_left":{"rotation":["0 - math.clamp(math.sin(((query.anim_time) - (0.75/4)) * 90 * 4) * 11, -11, 0)",0,0]},"knee_right":{"rotation":["math.clamp(math.sin(((query.anim_time) - (0.75/4)) * 90 * 4) * 11, 0, 11)",0,0]},"dread_left":{"rotation":[0,0,"-5*math.sin(q.anim_time*90*5.5*1.5)"]},"dread_right":{"rotation":[0,0,"5*math.sin(q.anim_time*90*5.5*1.5)"]},"hand_left2":{"rotation":[0,0,35]},"hand_right2":{"rotation":[0,0,-30]},"leg_left3":{"rotation":{"0.0":[29.95,0,0],"0.125":[10.55,0,0],"0.25":[4.35,0,0],"0.5":[11,0,0],"0.625":[25.25,0,0],"0.7917":[50.2,0,0],"0.875":[53.33,0,0],"1.0":[29.95,0,0]}},"finger_right_front":{"rotation":[0,0,-25]},"finger_right_middle":{"rotation":[0,0,-20]},"finger_right_back":{"rotation":[0,0,-25]},"finger_left_front":{"rotation":[0,0,25]},"finger_left_middle":{"rotation":[0,0,20]},"finger_left_back":{"rotation":[0,0,25]},"foot_left3":{"rotation":{"0.0":[-8.42,0,0],"0.125":[-5.57,0,0],"0.2083":[-4.6,0,0],"0.2917":[-9,0,0],"0.375":[-23.6,0,0],"0.4167":[-25.8,0,0],"0.5":[-22.8,0,0],"0.6667":[-21.24,0,0],"0.9167":[-9.84,0,0]}},"leg_right":{"rotation":["math.sin((query.anim_time) * 90 * 4+90) * 7.5",0,"0 - (math.clamp((math.sin(((query.anim_time + (0.25 / 4))) * 180 * 4) * 1) - math.clamp((math.sin(((query.anim_time + (0.25 / 4))) * 90 * 4) * 2), 0, 1), 0, 1)) * 0"],"position":[0,"math.clamp(math.sin(((query.anim_time) - (1/4)) * 90 * 4) * 0.1, 0, 0.1)",0]},"leg_right2":{"rotation":{"0.0":[13.5,0,0],"0.1667":[6,0,0],"0.3333":[-12.5,0,0],"0.375":[-17.55,0,0],"0.5":[-19,0,0],"0.625":[-12.75,0,0],"0.7083":[-1.5,0,0],"0.8333":[10,0,0],"0.9167":[13.5,0,0]}},"leg_right3":{"rotation":{"0.0":[12,0,0],"0.125":[25.25,0,0],"0.2917":[50.2,0,0],"0.375":[53.33,0,0],"0.5":[29.95,0,0],"0.625":[11.55,0,0],"0.75":[5.35,0,0],"0.9167":[12,0,0]}},"foot_right":{"rotation":["math.clamp(math.sin(((query.anim_time) - (0.75/4)) * 90 * 4) * 0, 0, 0)",0,0]},"foot_right3":{"rotation":{"0.0":[-22.8,0,0],"0.1667":[-21.24,0,0],"0.5417":[-5.57,0,0],"0.625":[-4.6,0,0],"0.7083":[-9,0,0],"0.7917":[-23.6,0,0],"0.8333":[-25.8,0,0],"0.9167":[-22.8,0,0]}},"waist":{"rotation":[-2.5,0,0],"position":{"0.1667":[0,0,0],"0.25":[0,-0.1,0],"0.375":[0,0,0],"0.6667":[0,0,0],"0.75":[0,-0.1,0],"0.875":[0,0,0]}},"chest":{"rotation":[5,0,0]},"foot_right2":{"rotation":{"0.0":[10,0,0],"0.5":[-6.37,0,0],"0.5833":[-7.5,0,0],"0.6667":[-7.5,0,0],"0.75":[-2.5,0,0],"0.7917":[5,0,0],"0.8333":[9.8,0,0],"0.9167":[10,0,0]}},"foot_left2":{"rotation":{"0.0":[-4.03,0,0],"0.0833":[-6.37,0,0],"0.1667":[-7.5,0,0],"0.25":[-7.5,0,0],"0.3333":[-2.5,0,0],"0.375":[5,0,0],"0.4167":[9.8,0,0],"0.5":[10,0,0],"0.9167":[-4.03,0,0]}},"bone":{"rotation":[-42.5,0,0]},"bone2":{"rotation":[-22.5,0,0]},"aura_sensor_outer_right":{"rotation":["-24+1*(math.sin(q.anim_time*90*4-40)*1+1)",-15,0]},"aura_sensor_outer_right2":{"rotation":["-15+1.5*(math.sin(q.anim_time*90*4-80)*1+1)",0,0]},"aura_sensor_outer_right3":{"rotation":["-18+1*(math.sin(q.anim_time*90*4-120)*1+1)",0,0]},"aura_sensor_outer_right4":{"rotation":["12+1*(math.sin(q.anim_time*90*4-120)*1+1)",0,0]},"aura_sensor_inner_right":{"rotation":["-16+1.5*(math.sin(q.anim_time*90*4-90)*1+1)",-12,0]},"aura_sensor_inner_right2":{"rotation":["-12+1.5*(math.sin(q.anim_time*90*4-140)*1+1)",0,0]},"aura_sensor_inner_right3":{"rotation":["-16+1*(math.sin(q.anim_time*90*4-180)*1+1)",0,0]},"aura_sensor_inner_right4":{"rotation":["10+1.2*(math.sin(q.anim_time*90*4-180)*1+1)",0,0]},"aura_sensor_outer_left":{"rotation":["-24+1*(math.sin(q.anim_time*90*4-40)*1+1)",15,0]},"aura_sensor_outer_left2":{"rotation":["-15+1.5*(math.sin(q.anim_time*90*4-80)*1+1)",0,0]},"aura_sensor_outer_left3":{"rotation":["-15+1.5*(math.sin(q.anim_time*90*4-80)*1+1)",0,0]},"aura_sensor_outer_left4":{"rotation":["12+1*(math.sin(q.anim_time*90*4-120)*1+1)",0,0]},"aura_sensor_inner_left":{"rotation":["-16+1.5*(math.sin(q.anim_time*90*4-90)*1+1)",12,0]},"aura_sensor_inner_left2":{"rotation":["-12+1.5*(math.sin(q.anim_time*90*4-140)*1+1)",0,0]},"aura_sensor_inner_left3":{"rotation":["-16+1*(math.sin(q.anim_time*90*4-180)*1+1)",0,0]},"aura_sensor_inner_left4":{"rotation":["10+1.2*(math.sin(q.anim_time*90*4-180)*1+1)",0,0]}}},"animation.lucario_mega_animeallstars.water_idle":{"loop":true,"bones":{"body":{"rotation":["-math.clamp(math.sin(q.anim_time*90*2+80)*0.5,0,0.5)-math.clamp(math.sin(q.anim_time*90*2+80)*0.5,-0.5,0)",0,0],"position":[0,"-math.clamp(math.sin(q.anim_time*90*2-45)*0.25,0,0.25)-math.clamp(math.sin(q.anim_time*90*2-45)*0.25,-0.25,0)-0.5",0]},"torso":{"rotation":[-5,0,0]},"waist":{"rotation":[2.5,0,0]},"chest":{"rotation":[2.5,0,0]},"head":{"rotation":["2.5-1.5*(math.sin(q.anim_time*90*2+45+180)*1)",0,0]},"arm_right":{"rotation":["35+2*(math.sin(q.anim_time*90*2+45+180)*2-2)","math.sin(query.anim_time*90*2+45+180)*10","-12.5+2*(math.sin(q.anim_time*90*2+45+180)*1)"]},"arm_right2":{"rotation":[0,-45,0]},"finger_right_front":{"rotation":[0,0,-15]},"finger_right_middle":{"rotation":[0,0,-10]},"finger_right_back":{"rotation":[0,0,-15]},"arm_left":{"rotation":["35+2*(math.sin(q.anim_time*90*2+45+180)*2-2)","-math.sin(query.anim_time*90*2+45+180)*10","12.5-2*(math.sin(q.anim_time*90*2+45+180)*1)"]},"arm_left2":{"rotation":[0,45,0]},"finger_left_front":{"rotation":[0,0,15]},"finger_left_middle":{"rotation":[0,0,10]},"finger_left_back":{"rotation":[0,0,15]},"leg_right":{"rotation":["1.6*(math.sin(q.anim_time*90*4+90)*1+1)",0,0]},"leg_right2":{"rotation":["5+8*(math.sin(q.anim_time*90*4+90)*1+1)",0,0]},"foot_right":{"rotation":[17.5,0,0]},"foot_right2":{"rotation":[15,0,0]},"leg_left":{"rotation":["1.6*(math.sin(q.anim_time*90*4-90)*1+1)",0,0]},"leg_left2":{"rotation":["5+8*(math.sin(q.anim_time*90*4-90)*1+1)",0,0]},"foot_left":{"rotation":[17.5,0,0]},"foot_left2":{"rotation":[15,0,0]},"bone":{"rotation":[-42.5,0,0]},"bone2":{"rotation":[-22.5,0,0]},"aura_sensor_outer_right":{"rotation":["-24+1*(math.sin(q.anim_time*90*4-40)*1+1)",-15,0]},"aura_sensor_outer_right2":{"rotation":["-15+1.5*(math.sin(q.anim_time*90*4-80)*1+1)",0,0]},"aura_sensor_outer_right3":{"rotation":["-18+1*(math.sin(q.anim_time*90*4-120)*1+1)",0,0]},"aura_sensor_outer_right4":{"rotation":["12+1*(math.sin(q.anim_time*90*4-120)*1+1)",0,0]},"aura_sensor_inner_right":{"rotation":["-16+1.5*(math.sin(q.anim_time*90*4-90)*1+1)",-12,0]},"aura_sensor_inner_right2":{"rotation":["-12+1.5*(math.sin(q.anim_time*90*4-140)*1+1)",0,0]},"aura_sensor_inner_right3":{"rotation":["-16+1*(math.sin(q.anim_time*90*4-180)*1+1)",0,0]},"aura_sensor_inner_right4":{"rotation":["10+1.2*(math.sin(q.anim_time*90*4-180)*1+1)",0,0]},"aura_sensor_outer_left":{"rotation":["-24+1*(math.sin(q.anim_time*90*4-40)*1+1)",15,0]},"aura_sensor_outer_left2":{"rotation":["-15+1.5*(math.sin(q.anim_time*90*4-80)*1+1)",0,0]},"aura_sensor_outer_left3":{"rotation":["-15+1.5*(math.sin(q.anim_time*90*4-80)*1+1)",0,0]},"aura_sensor_outer_left4":{"rotation":["12+1*(math.sin(q.anim_time*90*4-120)*1+1)",0,0]},"aura_sensor_inner_left":{"rotation":["-16+1.5*(math.sin(q.anim_time*90*4-90)*1+1)",12,0]},"aura_sensor_inner_left2":{"rotation":["-12+1.5*(math.sin(q.anim_time*90*4-140)*1+1)",0,0]},"aura_sensor_inner_left3":{"rotation":["-16+1*(math.sin(q.anim_time*90*4-180)*1+1)",0,0]},"aura_sensor_inner_left4":{"rotation":["10+1.2*(math.sin(q.anim_time*90*4-180)*1+1)",0,0]}}},"animation.lucario_mega_animeallstars.water_swim":{"loop":true,"bones":{"body":{"rotation":["37.5-math.clamp(math.sin(q.anim_time*90*4*2+80)*2,0,2)-math.clamp(math.sin(q.anim_time*90*4*2+80)*2,-2,0)",0,0],"position":[0,"-math.clamp(math.sin(q.anim_time*90*4*2-45)*0.25,0,5)-math.clamp(math.sin(q.anim_time*90*4*2-45)*0.5,-3,0)-0.5","-math.clamp(math.sin(q.anim_time*90*4*2+90)*0.5,0,5)-math.clamp(math.sin(q.anim_time*90*4*2+90)*1,-3,0)-0.5"]},"waist":{"rotation":[-5,0,0]},"chest":{"rotation":[-5,0,0]},"head":{"rotation":["-25-2*(math.sin(q.anim_time*90*8+45+180)*1)",0,0]},"arm_right":{"rotation":[25,"-80+45*(math.sin(q.anim_time*90*4)*1.2+1)","0+5*(math.sin(q.anim_time*90*4)*1+1)"]},"arm_right2":{"rotation":[0,"-45+25*(math.sin(q.anim_time*90*4-140)*1+1)",0]},"hand_right":{"rotation":[12.5,0,0]},"arm_left":{"rotation":[25,"80-45*(math.sin(q.anim_time*90*4+180)*1.2+1)","0-5*(math.sin(q.anim_time*90*4)*1+1)"]},"arm_left2":{"rotation":[0,"45-25*(math.sin(q.anim_time*90*4+40)*1+1)",0]},"hand_left":{"rotation":[12.5,0,0]},"leg_right":{"rotation":["0+3.5*(math.sin(q.anim_time*90*4+90)*1+1)",0,0]},"leg_right2":{"rotation":["4+16*(math.sin(q.anim_time*90*4+90)*1+1)",0,0]},"foot_right":{"rotation":["20-math.clamp(math.sin(q.anim_time*90*4*2+140)*6,0,200)-math.clamp(math.sin(q.anim_time*90*4*2+140)*10,-200,0)",0,0]},"leg_left":{"rotation":["0+3.5*(math.sin(q.anim_time*90*4-90)*1+1)",0,0]},"leg_left2":{"rotation":["4+16*(math.sin(q.anim_time*90*4-90)*1+1)",0,0]},"foot_left":{"rotation":["20-math.clamp(math.sin(q.anim_time*90*4*2+140)*6,0,200)-math.clamp(math.sin(q.anim_time*90*4*2+140)*10,-200,0)",0,0]},"bone":{"rotation":[-42.5,0,0]},"bone2":{"rotation":[-22.5,0,0]},"aura_sensor_outer_right":{"rotation":["-24+1*(math.sin(q.anim_time*90*4-40)*1+1)",-15,0]},"aura_sensor_outer_right2":{"rotation":["-15+1.5*(math.sin(q.anim_time*90*4-80)*1+1)",0,0]},"aura_sensor_outer_right3":{"rotation":["-18+1*(math.sin(q.anim_time*90*4-120)*1+1)",0,0]},"aura_sensor_outer_right4":{"rotation":["12+1*(math.sin(q.anim_time*90*4-120)*1+1)",0,0]},"aura_sensor_inner_right":{"rotation":["-16+1.5*(math.sin(q.anim_time*90*4-90)*1+1)",-12,0]},"aura_sensor_inner_right2":{"rotation":["-12+1.5*(math.sin(q.anim_time*90*4-140)*1+1)",0,0]},"aura_sensor_inner_right3":{"rotation":["-16+1*(math.sin(q.anim_time*90*4-180)*1+1)",0,0]},"aura_sensor_inner_right4":{"rotation":["10+1.2*(math.sin(q.anim_time*90*4-180)*1+1)",0,0]},"aura_sensor_outer_left":{"rotation":["-24+1*(math.sin(q.anim_time*90*4-40)*1+1)",15,0]},"aura_sensor_outer_left2":{"rotation":["-15+1.5*(math.sin(q.anim_time*90*4-80)*1+1)",0,0]},"aura_sensor_outer_left3":{"rotation":["-15+1.5*(math.sin(q.anim_time*90*4-80)*1+1)",0,0]},"aura_sensor_outer_left4":{"rotation":["12+1*(math.sin(q.anim_time*90*4-120)*1+1)",0,0]},"aura_sensor_inner_left":{"rotation":["-16+1.5*(math.sin(q.anim_time*90*4-90)*1+1)",12,0]},"aura_sensor_inner_left2":{"rotation":["-12+1.5*(math.sin(q.anim_time*90*4-140)*1+1)",0,0]},"aura_sensor_inner_left3":{"rotation":["-16+1*(math.sin(q.anim_time*90*4-180)*1+1)",0,0]},"aura_sensor_inner_left4":{"rotation":["10+1.2*(math.sin(q.anim_time*90*4-180)*1+1)",0,0]}}},"animation.lucario_mega_animeallstars.battle_idle":{"loop":true,"bones":{"tail":{"rotation":["-50+Math.cos((query.anim_time - 0.2) * 90) * 4",0,0],"position":[0,1,-1]},"tail2":{"rotation":["-15+Math.cos((query.anim_time - 0.5) * 90) * 4",0,0]},"dread_left":{"rotation":["-7.5+Math.cos((query.anim_time - 0.2) * 180) * -8",4.34972,-7.43536]},"dread_left2":{"rotation":["-7.5+Math.cos((query.anim_time - 0.5) * 180) * -8",0,0]},"dread_back_left":{"rotation":["-7.5+Math.cos((query.anim_time - 0.5) * 180) * -8",0,0]},"dread_back_left2":{"rotation":["-10+Math.cos((query.anim_time - 0.8) * 180) * -8",0,0]},"dread_back_left3":{"rotation":["Math.cos((query.anim_time - 1.1) * 180) * -8",0,0]},"dread_right":{"rotation":["-9.2372+Math.cos((query.anim_time - 0.2) * 180) * 8",-4.34972,7.43536]},"dread_right2":{"rotation":["-7.5+Math.cos((query.anim_time - 0.5) * 180) * 8",0,0]},"dread_back_right":{"rotation":["-7.5+Math.cos((query.anim_time - 0.5) * 180) * 8",0,0]},"dread_back_right2":{"rotation":["-10+Math.cos((query.anim_time - 0.8) * 180) * 8",0,0]},"dread_back_right3":{"rotation":["Math.cos((query.anim_time - 1.1) * 180) * 8",0,0]},"aura_sensor_right_outer":{"rotation":["-66.7372+Math.cos((query.anim_time - 0.2) * 180) * 8",-4.34972,7.43536]},"aura_sensor_right_outer2":{"rotation":["15+Math.cos((query.anim_time - 0.2) * 180) * 8",0,0]},"aura_sensor_right_inner":{"rotation":["-47.5+Math.cos((query.anim_time - 0.5) * 180) * 8",0,0]},"aura_sensor_right_inner2":{"rotation":["-10+Math.cos((query.anim_time - 0.8) * 180) * 8",0,0]},"aura_sensor_left_outer":{"rotation":["-66.7372-Math.cos((query.anim_time - 0.2) * 180) * 8",4.3497,-7.4354]},"aura_sensor_left_outer2":{"rotation":["15-Math.cos((query.anim_time - 0.2) * 180) * 8",0,0]},"aura_sensor_left_inner":{"rotation":["-52.5+Math.cos((query.anim_time - 0.5) * 180) * 8",0,0]},"aura_sensor_left_inner2":{"rotation":["-10+Math.cos((query.anim_time - 0.8) * 180) * 8",0,0]},"body":{"rotation":[0,-20,0]},"torso":{"rotation":[-1,0,0]},"bone":{"rotation":["-22.5+Math.cos((query.anim_time - 0.8) * 180) * 8",0,0]},"bone2":{"rotation":["-16.7372+Math.cos((query.anim_time - 1.1) * 180) * 8",0,0]},"waist":{"rotation":[-7.5,"-12.5+Math.cos((query.anim_time - 0.8) * 90) * 2",0]},"chest":{"rotation":["15+Math.cos((query.anim_time - 0.8) * 90) * -4",10,0]},"head":{"rotation":["-2.5+Math.cos((query.anim_time - 0.8) * 90) * 4",22.5,-2.5]},"aura_sensor_outer_right":{"rotation":["-24+1*(math.sin(q.anim_time*90*4-40)*1+1)",-15,0]},"aura_sensor_outer_right2":{"rotation":["-15+1.5*(math.sin(q.anim_time*90*4-80)*1+1)",0,0]},"aura_sensor_outer_right3":{"rotation":["-18+1*(math.sin(q.anim_time*90*4-120)*1+1)",0,0]},"aura_sensor_outer_right4":{"rotation":["12+1*(math.sin(q.anim_time*90*4-120)*1+1)",0,0]},"aura_sensor_inner_right":{"rotation":["-16+1.5*(math.sin(q.anim_time*90*4-90)*1+1)",-12,0]},"aura_sensor_inner_right2":{"rotation":["-12+1.5*(math.sin(q.anim_time*90*4-140)*1+1)",0,0]},"aura_sensor_inner_right3":{"rotation":["-16+1*(math.sin(q.anim_time*90*4-180)*1+1)",0,0]},"aura_sensor_inner_right4":{"rotation":["10+1.2*(math.sin(q.anim_time*90*4-180)*1+1)",0,0]},"aura_sensor_outer_left":{"rotation":["-24+1*(math.sin(q.anim_time*90*4-40)*1+1)",15,0]},"aura_sensor_outer_left2":{"rotation":["-15+1.5*(math.sin(q.anim_time*90*4-80)*1+1)",0,0]},"aura_sensor_outer_left3":{"rotation":["-15+1.5*(math.sin(q.anim_time*90*4-80)*1+1)",0,0]},"aura_sensor_outer_left4":{"rotation":["12+1*(math.sin(q.anim_time*90*4-120)*1+1)",0,0]},"aura_sensor_inner_left":{"rotation":["-16+1.5*(math.sin(q.anim_time*90*4-90)*1+1)",12,0]},"aura_sensor_inner_left2":{"rotation":["-12+1.5*(math.sin(q.anim_time*90*4-140)*1+1)",0,0]},"aura_sensor_inner_left3":{"rotation":["-16+1*(math.sin(q.anim_time*90*4-180)*1+1)",0,0]},"aura_sensor_inner_left4":{"rotation":["10+1.2*(math.sin(q.anim_time*90*4-180)*1+1)",0,0]},"arm_right":{"rotation":[0.88045,"9.9616+Math.cos((query.anim_time - 0.2) * 90) * 4",-47.4233]},"arm_right2":{"rotation":[0,"-65+Math.cos((query.anim_time - 0.2) * 90) * 4",0]},"hand_right":{"rotation":[0,"0+Math.cos((query.anim_time - 0.2) * 90) * 4",-15]},"finger_right_front":{"rotation":[0,0,-30]},"finger_right_middle":{"rotation":[0,0,-25]},"finger_right_back":{"rotation":[0,0,-30]},"arm_left":{"rotation":[0,"-20+Math.cos((query.anim_time - 0.2) * 90) * 4",52.5]},"arm_left2":{"rotation":[0,"50+Math.cos((query.anim_time - 0.2) * 90) * 4",0]},"hand_left":{"rotation":[0,"0+Math.cos((query.anim_time - 0.2) * 90) * 4",10]},"finger_left_front":{"rotation":[0,0,30]},"finger_left_middle":{"rotation":[0,0,25]},"finger_left_back":{"rotation":[0,0,32.5]},"leg_right":{"rotation":[-5,5,0]},"leg_right2":{"rotation":[-22.5,25,0]},"leg_right3":{"rotation":[7.5,0,0]},"leg_right4":{"rotation":[2.5,0,0]},"foot_right":{"rotation":[5,0,2.5]},"foot_right2":{"rotation":[12.5,0,0]},"foot_right3":{"rotation":[0,0,0]},"leg_left":{"rotation":[5,-12.5,-10]},"leg_left2":{"rotation":[0,20,-4]},"leg_left3":{"rotation":[2.5,0,0]},"leg_left4":{"rotation":[20,0,0]},"foot_left":{"rotation":[2.5,2.5,15]},"foot_left2":{"rotation":[-13,0,0]},"foot_left3":{"rotation":[-15.5,0,0]}}},"animation.lucario_mega_animeallstars.faint":{"loop":true,"animation_length":3,"bones":{"body":{"rotation":{"1.75":[0,0,0],"2.0":[50,0,0]},"position":{"0.0":[0,-1,0],"0.5":[0,-1,0],"0.6667":[0,-2.56,2.44],"0.875":[0,-8,11],"1.0417":[0,-8,11],"1.75":[0,-8,11],"1.8333":[0,-10,11],"2.0":[0,-17,11]}},"torso":{"rotation":{"0.0":[-7.5,0,0],"0.4167":[-9.37,-4.55,0],"0.5":[-10,-5,0],"0.5833":[-4.18,-4.49,0],"0.75":[29.81,-0.9,0],"0.8333":[46.8,0,0],"0.9167":[50,0,0],"1.0":[45,0,0]},"position":{"0.0":[0,0.7,0],"0.125":[0,0.9,0.37],"0.2917":[0,1,0.86],"0.5":[0,1,1.1],"0.625":[0,1,0.86],"0.875":[0,1,0],"0.9167":[0,0.7,0],"1.0417":[0,1,0],"1.25":[0,1,0],"1.2917":[0,1.3,0],"1.3333":[0,1,0],"1.375":[0,1.3,0],"1.4167":[0,1,0],"1.4583":[0,1.3,0],"1.5":[0,1,0],"1.5417":[0,1.3,0],"1.5833":[0,1,0],"1.625":[0,1.3,0],"1.6667":[0,1,0],"1.7083":[0,1.3,0],"1.75":[0,1,0],"2.0":[0,1.01,0],"2.0417":[0,0.8,-0.2],"2.0833":[0,0.9,-0.1]}},"waist":{"rotation":{"0.0":[-5,0,0],"0.2917":[-2.3,-4.17,0],"0.4167":[-7.95,-4.785,0],"0.5417":[-5,-4.6,0],"0.625":[-0.83,-3.89,0],"0.875":[25,0,0],"0.9167":[30,0,0],"1.0":[27.5,0,0],"1.125":[27.5,0,0],"1.2917":[35,0,0],"1.75":[32.5,0,0],"2.0":[2.5,0,0]},"position":{"0.7917":[0,0,0],"0.9167":[0,-1.1,-1.4],"1.7917":[0,-1.1,-1.4],"1.9583":[0,0,0]}},"chest":{"rotation":{"0.0":[20,0,0],"0.375":[8.75,-2.17,0],"0.5":[5,-2.5,0],"0.625":[4.17,-2.27,0],"0.7917":[3.06,-0.46,0],"0.875":[2.5,0,0],"0.9167":[5,0,0],"1.0":[5,0,0],"1.75":[-7.5,0,0],"2.0":[-7.5,0,0],"2.125":[-12.5,0,0],"2.2917":[2.5,0,0],"2.4167":[-4.5,0,0]}},"head":{"rotation":{"0.0":[20,0,0],"0.125":[14.38,10.27,0],"0.2083":[10.63,13.79,0],"0.3333":[6.88,12.49,0],"0.4167":[2.19,4.99,0],"0.5833":[-15,-8.5,0],"0.6667":[-38.58,-11.33,0],"0.75":[-46,-9.05,0],"0.8333":[-27.5,0,0],"0.9583":[28.5,0,0],"1.0417":[22.5,0,0],"1.1667":[5.5,0,0],"1.4583":[-52.25,0,0],"1.75":[-62,0,0],"1.8333":[-72.4,6,-3.5],"1.9583":[-88,15,-23.9],"2.0":[-76.5,15,-25],"2.0417":[-73,15,-25],"2.0833":[-78.5,15,-25],"2.125":[-92,15,-25],"2.1667":[-95.5,15,-25],"2.2917":[-90.5,10,-25],"2.4167":[-93.5,10,-25],"2.5417":[-88.5,10,-25]},"position":{"1.75":[0,0,0],"2.0":[0,2,-1],"2.0417":[0,2,-1.3],"2.0833":[0,2,-0.67],"2.125":[0,2,-0.5],"2.1667":[0,2,-0.65],"2.2083":[0,2,-1],"2.25":[0,2,-1.2],"2.2917":[0,2,-0.55],"2.375":[0,2,-1.4],"2.5":[0,2,-1.7]}},"pupil_right":{"position":{"0.125":[0,0,0.1],"0.1667":[0,0,0],"0.625":[0,0,0],"0.6667":[0,0,0.1],"1.1667":[0,0,0.1],"1.2083":[0.2,0.12,0],"1.8333":[0.2,0.4,0],"1.875":[0,0.2,0.1],"2.0417":[0,0,0.1],"2.0833":[0,0,0],"2.2083":[0,0,0],"2.25":[0,0.2,0.1]}},"eyelid_right":{"position":{"0.1667":[-0.1,0,-0.1],"0.2083":[0,0,0],"0.5833":[0,0,0],"0.625":[-0.1,0,-0.1],"1.2083":[-0.1,0,-0.1],"1.25":[0,0,0],"1.7917":[0,0,0],"1.8333":[-0.1,0,-0.1],"2.0833":[-0.1,0,-0.1],"2.125":[0,0,0],"2.1667":[0,0,0],"2.2083":[-0.1,0,-0.1]}},"pupil_left":{"position":{"0.125":[0,0,0.1],"0.1667":[0,0,0],"0.625":[0,0,0],"0.6667":[0,0,0.1]}},"eyelid_left":{"position":{"0.1667":[0.1,0,-0.1],"0.2083":[0,0,0],"0.5833":[0,0,0],"0.625":[0.1,0,-0.1]}},"mouth_open2":{"position":{"0.0":[0,-1.1,-1],"1.25":[0,-1.1,-1],"1.2917":[0,0,0],"1.9583":[0,0,0],"2.0":[0,-0.7,-1.1],"2.125":[0,-1.1,-1],"2.1667":[0,0,0],"2.3333":[0,0,0],"2.375":[0,-0.7,-1.1]}},"arm_right":{"rotation":{"0.0":[0,0,-37.5],"0.0833":[0.37,12.79,-37.5],"0.125":[0.56,16.49,-37.5],"0.25":[-6.29,18.23,-37.5],"0.5":[-20,17.5,-37.5],"0.875":[-20,2.5,-22.5],"0.9167":[-20,-7.5,-22.5],"1.0":[-20,2.5,-22.5],"1.75":[-20,2.5,-22.5],"2.0":[-97.5,-10,-2.5],"2.0833":[-107.5,7.5,-2.5],"2.2083":[-95,-17.5,-7.5],"2.2917":[-107,-17.5,-7.5],"2.4167":[-99.5,-17.5,-7.5]}},"arm_right2":{"rotation":{"0.0":[0,-60,0],"0.125":[0,-51.67,0],"0.25":[0,-46.81,0],"0.3333":[0,-49.97,0],"0.5":[0,-65,0],"0.875":[0,-67.5,0],"1.0":[0,-67.5,0]}},"finger_right_front":{"rotation":{"0.0":[0,0,-30],"1.75":[0,0,-30],"2.0":[0,0,-12.5]}},"finger_right_middle":{"rotation":{"0.0":[0,0,-22.5],"1.75":[0,0,-22.5],"2.0":[0,0,-7.5]}},"finger_right_back":{"rotation":{"0.0":[0,0,-30],"1.75":[0,0,-30],"2.0":[0,0,-5]}},"arm_left":{"rotation":{"0.0":[0,-45,47.5],"0.125":[-5.83,-62.13,47.5],"0.25":[-12.22,-68.68,47.5],"0.375":[-18.61,-59.44,47.5],"0.5":[-17.5,-47.5,47.5],"0.625":[-4.33,-8.5,50],"0.75":[15.34,30.5,52.5],"0.875":[55,69.5,55],"0.9167":[7.5,62,12.5],"0.9583":[16.5,63.25,18],"1.0":[34,69.5,34],"1.0833":[38.33,69.5,37.67],"1.125":[40,69.5,39],"1.25":[20.88,69.75,20.25],"1.2917":[14.5,72.5,14],"1.3333":[16.36,67.96,16.04],"1.375":[18.22,71.71,18.09],"1.4167":[20.08,67.91,20.14],"1.4583":[21.94,73.36,22.18],"1.5":[23.81,68.81,24.23],"1.5417":[25.68,72.59,26.28],"1.5833":[27.54,67.17,28.32],"1.625":[29.41,71.25,30.37],"1.6667":[31.27,64,32.41],"1.7083":[33.14,65.75,34.45],"1.75":[35,55.5,36.5],"1.8333":[17.5,35.5,12.5],"1.9167":[15.83,10,21.33],"2.0":[87.5,14,39],"2.0417":[90,1.5,29],"2.125":[82.5,11.5,21.5],"2.2083":[85,1.5,26.5],"2.375":[85,11.5,26.5],"2.4583":[85,16.5,26.5],"2.5417":[85,15.5,26.5]},"position":{"0.0":[0,0,0],"0.5":[0,0,0],"0.875":[0,-0.5,-2],"0.9167":[0,-0.5,-1.5],"1.0":[0,-0.5,-2],"1.125":[0,-0.5,-2],"1.2917":[0,-0.5,-2],"1.75":[0,-0.7,-2.5],"2.0":[0,0,0]}},"arm_left2":{"rotation":{"0.0":[0,72.5,0],"0.125":[0,65,0],"0.25":[0,60.3,0],"0.375":[0,63.5,0],"0.5":[0,72.5,0],"0.5833":[0,69.83,0],"0.875":[0,14,0],"0.9167":[0,43.5,0],"0.9583":[0,36,0],"1.0":[0,24,0],"1.125":[0,24,0],"1.25":[0,35.25,0],"1.2917":[0,35,0],"1.3333":[0,43.09,0],"1.375":[0,37.48,0],"1.4167":[0,42.54,0],"1.4583":[0,35.1,0],"1.5":[0,41.8,0],"1.5417":[0,31.67,0],"1.5833":[0,39.74,0],"1.625":[0,31.56,0],"1.6667":[0,40.71,0],"1.7083":[0,37.85,0],"1.75":[0,47,0],"1.8333":[0,79.5,0],"1.9167":[0,112,0],"2.0":[0,42,0]}},"hand_left":{"rotation":{"0.875":[0,0,0],"0.9167":[0,-10,0],"0.9583":[0,-5,0],"1.125":[0,-8,0],"1.2917":[0,-18,0],"1.3333":[0,-20.91,0],"1.4167":[0,-21.13,0],"1.5":[0,-23.1,0],"1.5417":[0,-17.08,0],"1.5833":[0,-19.06,0],"1.625":[0,-15.54,0],"1.75":[0,-17,0],"1.7917":[0,-24.5,0],"1.8333":[0,-24.5,-30],"1.875":[0,18.5,-51],"1.9167":[0,12.33,-60.67],"1.9583":[0,6.17,19.66],"2.0":[0,0,10]}},"finger_left_front":{"rotation":{"0.0":[0,0,32.5],"0.5":[0,0,32.5],"0.875":[0,0,90],"1.0":[0,0,90]},"position":{"0.0":[0,0,0],"0.5":[0,0,0],"0.875":[1,-0.1,0],"1.0":[1,-0.1,0]}},"finger_left_middle":{"rotation":{"0.0":[0,0,22.5],"0.5":[0,0,22.5],"0.875":[0,0,90],"1.0":[0,0,90]},"position":{"0.0":[0,0,0],"0.5":[0,0,0],"0.875":[1,-0.1,0],"1.0":[1,-0.1,0]}},"finger_left_back":{"rotation":{"0.0":[0,0,25],"0.5":[0,0,25],"0.875":[0,0,90],"1.0":[0,0,90]},"position":{"0.0":[0,0,0],"0.5":[0,0,0],"0.875":[1,-0.1,0],"1.0":[1,-0.1,0]}},"leg_left":{"rotation":{"0.0":[2.5,0,0],"0.125":[4.18,0,0],"0.375":[17.63,0,0],"0.5":[20,0,0],"0.875":[30,0,0],"1.0":[30,0,0],"1.75":[30,0,0],"1.875":[33.75,0,-7.5],"2.0833":[54,0,-7.5],"2.1667":[55.9,0,-7.5],"2.25":[52.25,0,-7.5],"2.3333":[34,0,-7.5],"2.4167":[32,0,-7.5],"2.5417":[36,0,-7.5]},"position":{"0.0":[0,0,-0.1],"0.5":[0,0,0.6],"0.875":[0,-1.2,-0.1],"0.9167":[0,-1.7,-0.1],"1.0":[0,-1.2,-0.1],"1.75":[0,-1.2,-0.1],"2.0":[1,0,0]}},"leg_left2":{"rotation":{"0.0":[0,0,0],"0.5":[-5,0,0],"0.875":[-27.5,0,0],"1.0":[-27.5,0,0],"1.75":[-27.5,0,0],"2.0":[-27.5,12.5,0],"2.1667":[-22.5,12.5,0],"2.25":[-23.3,12.5,0],"2.375":[-27.5,12.5,0]},"position":{"0.0":[0,0,0],"0.5":[0,-0.5,0],"0.875":[0,0.8,0],"1.0":[0,0.8,0],"1.75":[0,0.8,0],"2.0":[0,0,0]}},"leg_left3":{"rotation":{"0.0":[17.5,0,0],"0.5":[7.5,0,0],"0.875":[60,0,0],"1.0":[60,0,0],"1.75":[60,0,0],"2.0417":[-33,0,0]},"position":{"0.0":[0,0,0],"0.5":[0,0,0],"0.875":[0,-2.8,1],"1.0":[0,-2.8,1],"1.75":[0,-2.8,1],"2.0":[0,0,0]}},"leg_left4":{"rotation":{"0.0":[0,0,0],"0.5":[22.5,0,0],"0.875":[42.5,0,0],"0.9167":[47.5,0,0],"1.0":[42.5,0,0],"1.75":[42.5,0,0],"2.0833":[52.5,0,0],"2.2083":[65,0,0],"2.2917":[72.8,0,0],"2.375":[69.3,0,0],"2.5":[67.9,0,0],"2.625":[65.4,0,0]},"position":{"1.75":[0,0,0],"2.0":[0,1,0]}},"foot_left":{"rotation":{"0.0":[0,0,0],"0.5":[0,0,0],"0.875":[-17.5,0,0],"0.9167":[-22.5,0,0],"1.0":[-17.5,0,0],"1.75":[-17.5,0,0],"1.9167":[50,0,0],"2.0417":[38.1,0,0],"2.1667":[26.1,0,0],"2.2917":[30.1,0,0],"2.375":[51.1,0,0],"2.4583":[47.8,0,0],"2.5833":[48.8,0,0]}},"foot_left2":{"rotation":{"0.0":[-12.5,0,0],"0.5":[-10,0,0],"0.875":[2.5,0,0],"1.0":[2.5,0,0],"1.75":[2.5,0,0],"2.0417":[12.5,0,0],"2.125":[17.6,0,0],"2.25":[21.25,0,0],"2.375":[37.5,0,0],"2.4583":[34.5,0,0],"2.5833":[27.5,0,0]}},"foot_left3":{"rotation":{"0.0":[-7.5,0,0],"0.5":[-32.5,0,0],"0.875":[-87.5,0,0],"1.0":[-87.5,0,0],"1.75":[-87.5,0,0],"2.0":[0,0,0]},"position":{"0.0":[0,0,0],"0.5":[0,0,0],"0.875":[0,3,0],"1.0":[0,3,0],"1.75":[0,3,0],"2.0":[0,0,0]}},"leg_right":{"rotation":{"0.0":[7.5,0,0],"0.5":[7.5,0,0],"0.875":[-97.5,12.5,0],"1.0":[-97.5,12.5,0],"1.25":[-97.5,12.5,0],"1.375":[-97.4723,11.50852,0.8332],"1.5":[-97.5,12.5,-0.4],"1.625":[-97.4723,11.50852,0.8332],"1.75":[-97.5,12.5,0],"1.7917":[-52.5,12.5,0.83],"1.8333":[25.83,12.5,1.66],"1.9583":[74,12.5,3.33],"2.0833":[62.87,10,3.33],"2.25":[25.1,10,3.33],"2.2917":[12.5,10,3.33],"2.4167":[21.6,10,3.33],"2.5":[13.6,10,3.33],"2.6667":[17.5,10,3.33]},"position":{"0.0":[0,0,-0.4],"0.5":[0,0,0.2],"0.875":[0,1.8,2.8],"0.9167":[0,1.3,2.8],"1.0":[0,1.8,2.8],"1.25":[0,-0.2,2.8],"1.75":[0,-0.2,2.8],"1.8333":[0,0.8,1],"1.9583":[-0.2,0.8,1],"2.0417":[-0.4,0,0],"2.0833":[-0.5,0,0],"2.125":[-0.5,0,0],"2.25":[-0.1,0.2,0.5]}},"leg_right2":{"rotation":{"0.0":[12.5,0,0],"0.5":[9.5,0,0],"0.5833":[23.22,2.78,1.11],"0.75":[35.67,8.33,3.33],"0.875":[37.5,12.5,5],"0.9167":[25.5,12.5,5],"1.0":[37.5,12.5,5],"1.75":[37.5,12.5,5],"1.7917":[7.08,6.67,5],"1.9583":[10.42,-16.67,5],"2.0":[5,-22.5,5],"2.0833":[10,-22.5,5],"2.2083":[20,-22.5,5],"2.2917":[15,-22.5,5],"2.3333":[27,-22.5,5],"2.4167":[30.5,-22.5,5],"2.5":[29.5,-22.5,5],"2.5833":[19.5,-22.5,5],"2.6667":[17,-22.5,5]},"position":{"0.0":[0,0,0],"0.5":[0,0,0],"0.875":[0,-0.4,-1],"1.0":[0,-0.4,-1],"1.75":[0,-0.4,-1],"1.8333":[0,-0.4,-1]}},"leg_right3":{"rotation":{"0.0":[12.5,0,0],"0.5":[12.5,0,0],"0.5833":[23.61,0,0],"0.75":[30.83,0,0],"0.875":[32.5,0,0],"1.0":[32.5,0,0],"1.75":[32.5,0,0],"1.8333":[-12.5,0,0],"1.9167":[-25,0,0],"2.2083":[-17.5,0,0],"2.2917":[-25,0,0],"2.4167":[-27.5,0,0],"2.5417":[-30,0,0],"2.6667":[-22.5,0,0],"2.75":[-28.5,0,0],"2.7917":[-31,0,0]},"position":{"0.0":[0,0,0],"0.5":[0,0,0],"0.875":[0,-1,0],"1.0":[0,-1,0],"1.75":[0,-1,0],"1.8333":[0,0,0]}},"leg_right4":{"rotation":{"0.0":[-7.5,0,0],"0.5":[-7.5,0,0],"0.5833":[3,0,0],"0.6667":[27.75,0,0],"0.7083":[33.63,0,0],"0.75":[37.5,0,0],"0.7917":[45.5,0,0],"0.8333":[51,0,0],"0.875":[51.5,0,0],"0.9167":[68.83,0,0],"1.0":[52.5,0,0],"1.75":[52.5,0,0],"1.7917":[39.58,0,0],"1.8333":[44.66,0,0],"1.9167":[46.08,0,0],"2.0":[42.5,0,0],"2.1667":[57.5,0,0],"2.2917":[42.5,0,0],"2.4167":[57.5,0,0],"2.625":[30,0,0],"2.7083":[32.5,0,0],"2.75":[34.5,0,0]},"position":{"0.875":[0,1,0],"1.0":[0,1,0],"1.75":[0,1,0],"1.8333":[0,1,0],"2.3333":[0,1,0],"2.4583":[0,0,0]}},"foot_right":{"rotation":{"0.0":[10,0,0],"0.5":[10,0,0],"0.5833":[-2.33,0,0],"0.6667":[-13.91,0,0],"0.75":[-22.5,0,0],"0.7917":[-29.17,0,0],"0.8333":[-33.33,0,0],"0.875":[-29.5,0,0],"0.9167":[-38,0,0],"1.0":[-30.5,0,0],"1.75":[-27.5,0,0],"1.7917":[-67.08,0,0],"1.8333":[48.34,0,0],"2.0":[35,0,0],"2.25":[27.5,0,0],"2.2917":[41.25,0,0],"2.3333":[15,0,0],"2.5":[35,0,0],"2.6667":[42,0,0]}},"foot_right2":{"rotation":{"0.0":[-15,0,0],"0.5":[-16,0,0],"0.5417":[-19.91,0,0],"0.5833":[-19.83,0,0],"0.625":[-19.75,0,0],"0.6667":[-16.33,0,0],"0.7083":[-17.91,0,0],"0.75":[-15.5,0,0],"0.8333":[2.17,0,0],"0.875":[7.5,0,0],"0.9167":[10.17,0,0],"1.0":[7.5,0,0],"1.75":[3.5,0,0],"1.7917":[28.08,0,0],"1.8333":[43.66,0,0],"2.0":[31,0,0],"2.2917":[42.56,0,0],"2.75":[35,0,0],"2.7917":[40,0,0]},"position":{"1.75":[0,0,0],"1.7917":[0,1,0],"1.8333":[0,0,0]}},"foot_right3":{"rotation":{"0.0":[-20,0,0],"0.5":[-16,0,0],"0.5417":[-13.36,0,0],"0.6667":[-11.05,0,0],"0.7083":[-7.61,0,0],"0.75":[-6.17,0,0],"0.7917":[0,0,0],"0.875":[-5,0,0],"0.9167":[1,0,0],"1.0":[-2,0,0],"1.75":[-5,0,0]}},"teeth_clench":{"position":{"1.25":[0,0,0],"1.2917":[0,-0.4,-1],"1.9583":[0,-0.4,-1],"2.0":[0,0,0],"2.125":[0,0,0],"2.1667":[0,-0.4,-1],"2.3333":[0,-0.4,-1],"2.375":[0,0,0]}},"eye_right_emote3":{"position":{"0.1667":[0,0,0],"0.2083":[-0.1,0,-0.1],"0.5833":[-0.1,0,-0.1],"0.625":[0,0,0]}},"eye_left_emote3":{"position":{"0.1667":[0,0,0],"0.2083":[0.1,0,-0.1],"0.5833":[0.1,0,-0.1],"0.625":[0,0,0]}},"eye_right_emote":{"rotation":[0,0,0],"position":{"1.0833":[0,0,0],"1.125":[0,0.5,0],"2.0":[0,0.5,0],"2.0417":[0,1,0]}},"pouch":{"rotation":{"0.6667":[0,0,0],"0.75":[0,0,-12.5],"0.875":[0,0,-25],"1.1667":[0,0,-30],"1.9583":[0,0,-30],"2.125":[0,0,-5]}},"bone":{"rotation":[-42.5,0,0]},"bone2":{"rotation":[-22.5,0,0]},"aura_sensor_outer_right":{"rotation":["-24+1*(math.sin(q.anim_time*90*4-40)*1+1)",-15,0]},"aura_sensor_outer_right2":{"rotation":["-15+1.5*(math.sin(q.anim_time*90*4-80)*1+1)",0,0]},"aura_sensor_outer_right3":{"rotation":["-18+1*(math.sin(q.anim_time*90*4-120)*1+1)",0,0]},"aura_sensor_outer_right4":{"rotation":["12+1*(math.sin(q.anim_time*90*4-120)*1+1)",0,0]},"aura_sensor_inner_right":{"rotation":["-16+1.5*(math.sin(q.anim_time*90*4-90)*1+1)",-12,0]},"aura_sensor_inner_right2":{"rotation":["-12+1.5*(math.sin(q.anim_time*90*4-140)*1+1)",0,0]},"aura_sensor_inner_right3":{"rotation":["-16+1*(math.sin(q.anim_time*90*4-180)*1+1)",0,0]},"aura_sensor_inner_right4":{"rotation":["10+1.2*(math.sin(q.anim_time*90*4-180)*1+1)",0,0]},"aura_sensor_outer_left":{"rotation":["-24+1*(math.sin(q.anim_time*90*4-40)*1+1)",15,0]},"aura_sensor_outer_left2":{"rotation":["-15+1.5*(math.sin(q.anim_time*90*4-80)*1+1)",0,0]},"aura_sensor_outer_left3":{"rotation":["-15+1.5*(math.sin(q.anim_time*90*4-80)*1+1)",0,0]},"aura_sensor_outer_left4":{"rotation":["12+1*(math.sin(q.anim_time*90*4-120)*1+1)",0,0]},"aura_sensor_inner_left":{"rotation":["-16+1.5*(math.sin(q.anim_time*90*4-90)*1+1)",12,0]},"aura_sensor_inner_left2":{"rotation":["-12+1.5*(math.sin(q.anim_time*90*4-140)*1+1)",0,0]},"aura_sensor_inner_left3":{"rotation":["-16+1*(math.sin(q.anim_time*90*4-180)*1+1)",0,0]},"aura_sensor_inner_left4":{"rotation":["10+1.2*(math.sin(q.anim_time*90*4-180)*1+1)",0,0]}}},"animation.lucario_mega_animeallstars.portrait":{"loop":true,"bones":{"torso":{"position":[0,"0+0.06*(math.sin(q.anim_time*90*1-90)*1+1)",0]},"waist":{"rotation":["-2.5-0.5*(math.sin(q.anim_time*90*1-90)*1+1)",0,0],"position":[0,"0+0.02*(math.sin(q.anim_time*90*1-90)*1+1)",0]},"head":{"rotation":["8.2222+0.5*(math.sin(q.anim_time*90*1)*1+1)",-2.96154,4.40023],"position":[0,"0+0.01*(math.sin(q.anim_time*90*1-90)*1+1)",0]},"arm_right":{"rotation":[0,"13-2.5*(math.sin(q.anim_time*90*1)*1+1)",-65],"position":[0,"0-0.06*(math.sin(q.anim_time*90*1-40)*1+1)",0]},"arm_right2":{"rotation":[0,"-20-0.6*math.clamp(-math.sin(q.anim_time*90*3/2)*1+1,0,1)",0]},"finger_right_front":{"rotation":[0,0,-25]},"finger_right_middle":{"rotation":[0,0,-20]},"finger_right_back":{"rotation":[0,0,-25]},"arm_left":{"rotation":[0,"-13+2.5*(math.sin(q.anim_time*90*1)*1+1)",65],"position":[0,"0-0.06*(math.sin(q.anim_time*90*1-40)*1+1)",0]},"arm_left2":{"rotation":[0,"20-0.6*math.clamp(math.sin(q.anim_time*90*3/2)*1+1,0,1)+0.6*math.clamp(-math.sin(q.anim_time*90*3/2)*1+1,0,1)",0]},"finger_left_front":{"rotation":[0,0,25]},"finger_left_middle":{"rotation":[0,0,20]},"finger_left_back":{"rotation":[0,0,25]},"chest":{"rotation":["2.5+0.2*(math.sin(q.anim_time*90*1-90)*1+1)",0,0]},"leg_right":{"rotation":[0,0,5],"position":[0,"-0.1+0.03*(math.sin(q.anim_time*90*1-90)*1+1)",0]},"foot_right":{"rotation":[0,0,-5],"position":[0,"0-0.03*(math.sin(q.anim_time*90*1-90)*1+1)",0]},"leg_left":{"rotation":[0,0,-5],"position":[0,"-0.1+0.03*(math.sin(q.anim_time*90*1-90)*1+1)",0]},"foot_left":{"rotation":[0,0,5],"position":[0,"0-0.03*(math.sin(q.anim_time*90*1-90)*1+1)",0]},"leg_right2":{"rotation":[0,0,2.5]},"leg_left2":{"rotation":[0,0,-2.5]},"pupil_right":{"position":[0,0,0]},"foot_right3":{"rotation":[0,0,-2.5]},"foot_left3":{"rotation":[0,0,2.5]},"bone":{"rotation":[-39.11421,26.66839,-27.40216]},"bone2":{"rotation":[-36.33914,24.94169,-17.23442]},"aura_sensors2":{"rotation":[13.7372,2.41993,-6.40327]},"aura_sensor_outer_right":{"rotation":["6+1*(math.sin(q.anim_time*90*4-40)*1+1)",-15,0]},"aura_sensor_outer_right2":{"rotation":["-15+1.5*(math.sin(q.anim_time*90*4-80)*1+1)",0,0]},"aura_sensor_outer_right3":{"rotation":["-18+1*(math.sin(q.anim_time*90*4-120)*1+1)",0,0]},"aura_sensor_outer_right4":{"rotation":["12+1*(math.sin(q.anim_time*90*4-120)*1+1)",0,0]},"aura_sensor_inner_right":{"rotation":["1.5+1.5*(math.sin(q.anim_time*90*4-90)*1+1)",-12,0]},"aura_sensor_inner_right2":{"rotation":["-12+1.5*(math.sin(q.anim_time*90*4-140)*1+1)",0,0]},"aura_sensor_inner_right3":{"rotation":["-16+1*(math.sin(q.anim_time*90*4-180)*1+1)",0,0]},"aura_sensor_inner_right4":{"rotation":["10+1.2*(math.sin(q.anim_time*90*4-180)*1+1)",0,0]},"aura_sensor_outer_left":{"rotation":["-24+1*(math.sin(q.anim_time*90*4-40)*1+1)",15,0]},"aura_sensor_outer_left2":{"rotation":["-15+1.5*(math.sin(q.anim_time*90*4-80)*1+1)",0,0]},"aura_sensor_outer_left3":{"rotation":["-15+1.5*(math.sin(q.anim_time*90*4-80)*1+1)",0,0]},"aura_sensor_outer_left4":{"rotation":["12+1*(math.sin(q.anim_time*90*4-120)*1+1)",0,0]},"aura_sensor_inner_left":{"rotation":["-16+1.5*(math.sin(q.anim_time*90*4-90)*1+1)",12,0]},"aura_sensor_inner_left2":{"rotation":["-12+1.5*(math.sin(q.anim_time*90*4-140)*1+1)",0,0]},"aura_sensor_inner_left3":{"rotation":["-16+1*(math.sin(q.anim_time*90*4-180)*1+1)",0,0]},"aura_sensor_inner_left4":{"rotation":["10+1.2*(math.sin(q.anim_time*90*4-180)*1+1)",0,0]},"lucario":{"rotation":[0,70,0]}}},"animation.lucario_mega_animeallstars.cry":{"animation_length":0.7917,"bones":{"head":{"rotation":{"0.0":{"post":[0,0,0],"lerp_mode":"catmullrom"},"0.1667":{"post":[-5,0,0],"lerp_mode":"catmullrom"},"0.4583":{"post":[0,0,0],"lerp_mode":"catmullrom"},"0.7917":{"post":[0,0,0],"lerp_mode":"catmullrom"}}},"jaw":{"rotation":{"0.0":{"post":[0,0,0],"lerp_mode":"catmullrom"},"0.125":{"post":[50,0,0],"lerp_mode":"catmullrom"},"0.2917":{"post":[27.5,0,0],"lerp_mode":"catmullrom"},"0.375":{"post":[30,0,0],"lerp_mode":"catmullrom"},"0.4583":{"post":[27.5,0,0],"lerp_mode":"catmullrom"},"0.5417":{"post":[30,0,0],"lerp_mode":"catmullrom"},"0.625":{"post":[27.5,0,0],"lerp_mode":"catmullrom"},"0.7917":{"post":[0,0,0],"lerp_mode":"catmullrom"}}}},"sound_effects":{"0.0833":{"effect":"pokemon.lucario.cry"}}},"animation.lucario_mega_animeallstars.blink":{"animation_length":0.1667,"bones":{"eyelid_left":{"position":{"0.0":[0.1,0,-0.2],"0.125":[0.1,0,-0.2],"0.1667":[0,0,0]}},"eyelid_right":{"position":{"0.0":[-0.1,0,-0.2],"0.125":[-0.1,0,-0.2],"0.1667":[0,0,0]}}}},"animation.lucario_mega_animeallstars.sleep":{"loop":true,"bones":{"body":{"position":[0,-15.6,4]},"waist":{"rotation":[5,0,0],"position":[0,"0+0.05*(math.sin(q.anim_time*90*1-90)*1+1)",0]},"chest":{"rotation":[25,0,0]},"head":{"rotation":["22.5+(math.sin(q.anim_time*90*1+45)*1+1)",0,0]},"pupil_right":{"position":[0,0,0.01]},"pupil_left":{"position":[0,0,0.01]},"arm_right":{"rotation":[22.5,-50,"-27.5+0.5*(math.sin(q.anim_time*90*1-90)*1+1)"]},"arm_right2":{"rotation":[0,-42.5,0]},"finger_right_front":{"rotation":[0,0,-12.5]},"finger_right_middle":{"rotation":[0,0,-10]},"finger_right_back":{"rotation":[0,0,-12.5]},"arm_left":{"rotation":[-20,22.5,"65+0.5*(math.sin(q.anim_time*90*1-90)*1+1)"],"position":[0,-1.7,-0.8]},"finger_left_front":{"rotation":[0,0,-20],"position":[-1,0,0]},"finger_left_middle":{"rotation":[0,0,-20],"position":[-1,0,0]},"finger_left_back":{"rotation":[0,0,-17.5],"position":[-1,0,0]},"leg_left":{"rotation":[-120,-22.5,40]},"leg_left2":{"rotation":[42.5,-60,-35]},"leg_left3":{"rotation":[22.5,2.5,0]},"leg_left4":{"rotation":[35,0,0]},"foot_left":{"rotation":[12.5,0,0]},"foot_left2":{"rotation":[5,0,0]},"eyelid_right":{"position":[-0.1,0,-0.1]},"eyelid_left":{"position":[0.1,0,-0.1]},"hand_left":{"rotation":[0,0,-20]},"hand_right":{"rotation":[0,0,20]},"leg_right":{"rotation":[-125,42.5,10]},"leg_right2":{"rotation":[25,35,0],"position":[0.5,0,0.5]},"leg_right3":{"rotation":[20,0,0]},"leg_right4":{"rotation":[2.5,0,0]},"foot_right":{"rotation":[35,0,0]},"foot_right2":{"rotation":[7.5,0,0]},"bone":{"rotation":[-42.5,0,0]},"bone2":{"rotation":[35,0,0]},"aura_sensor_outer_right":{"rotation":["-24+1*(math.sin(q.anim_time*90*4-40)*1+1)",-15,0]},"aura_sensor_outer_right2":{"rotation":["-15+1.5*(math.sin(q.anim_time*90*4-80)*1+1)",0,0]},"aura_sensor_outer_right3":{"rotation":["-18+1*(math.sin(q.anim_time*90*4-120)*1+1)",0,0]},"aura_sensor_outer_right4":{"rotation":["12+1*(math.sin(q.anim_time*90*4-120)*1+1)",0,0]},"aura_sensor_inner_right":{"rotation":["-16+1.5*(math.sin(q.anim_time*90*4-90)*1+1)",-12,0]},"aura_sensor_inner_right2":{"rotation":["-12+1.5*(math.sin(q.anim_time*90*4-140)*1+1)",0,0]},"aura_sensor_inner_right3":{"rotation":["-16+1*(math.sin(q.anim_time*90*4-180)*1+1)",0,0]},"aura_sensor_inner_right4":{"rotation":["10+1.2*(math.sin(q.anim_time*90*4-180)*1+1)",0,0]},"aura_sensor_outer_left":{"rotation":["-24+1*(math.sin(q.anim_time*90*4-40)*1+1)",15,0]},"aura_sensor_outer_left2":{"rotation":["-15+1.5*(math.sin(q.anim_time*90*4-80)*1+1)",0,0]},"aura_sensor_outer_left3":{"rotation":["-15+1.5*(math.sin(q.anim_time*90*4-80)*1+1)",0,0]},"aura_sensor_outer_left4":{"rotation":["12+1*(math.sin(q.anim_time*90*4-120)*1+1)",0,0]},"aura_sensor_inner_left":{"rotation":["-16+1.5*(math.sin(q.anim_time*90*4-90)*1+1)",12,0]},"aura_sensor_inner_left2":{"rotation":["-12+1.5*(math.sin(q.anim_time*90*4-140)*1+1)",0,0]},"aura_sensor_inner_left3":{"rotation":["-16+1*(math.sin(q.anim_time*90*4-180)*1+1)",0,0]},"aura_sensor_inner_left4":{"rotation":["10+1.2*(math.sin(q.anim_time*90*4-180)*1+1)",0,0]}}},"animation.lucario_mega_animeallstars.paint":{"loop":true,"bones":{"muzzle":{"position":[0,2,-6]}}},"animation.lucario_mega_animeallstars.saiyan_aura":{"loop":true,"particle_effects":{"0.0":{"effect":"cobblemon:saiyan_blue_aura","locator":"saiyan_aura"}}},"animation.lucario_mega_animeallstars.saiyan_aura_dust":{"loop":true,"particle_effects":{"0.0":{"effect":"cobblemon:saiyan_aura_dust","locator":"saiyan_aura_dust"}}},"animation.lucario_mega_animeallstars.saiyan_electricity":{"loop":true,"particle_effects":{"0.0":{"effect":"cobblemon:saiyan_blue_electricity","locator":"saiyan_electricity"}}}}}