{"format_version":"1.8.0","animations":{"animation.mimikyu_hauntedhalloween.ground_idle":{"loop":true,"bones":{"hand_right":{"position":[7,0,0]},"hand_right2":{"position":[4,0,0]},"hand_right3":{"position":[4,0,0]},"hand_right4":{"position":[4,0,0]},"hand_right5":{"position":[4,0,0]},"hand_left":{"position":[-7,0,0]},"hand_left2":{"position":[-4,0,0]},"hand_left3":{"position":[-4,0,0]},"hand_left4":{"position":[-4,0,0]},"hand_left5":{"position":[-4,0,0]},"torso_top":{"rotation":["-4.9953-math.cos(q.anim_time*90*3/2)*1",0.21782,2.4905],"position":[0,"0-math.sin(q.anim_time*90*3/2)*0.1",0]},"head":{"rotation":["-9.8511-math.cos(q.anim_time*90*3/2-60)*1",1.72794,9.85108]},"gem":{"scale":[1.225,0.75,1]},"sleve_pad_left2":{"rotation":[0,0,-12.5]},"sleve_pad_left3":{"rotation":[0,0,5]},"sleve_pad_right":{"rotation":[0,0,-5]},"sleve_pad_right3":{"rotation":[0,0,-2.5]},"sleeve_back":{"rotation":[0,0,-2.5],"position":[0,0.475,0]},"sleeve_back3":{"rotation":[5,0,0]},"pad_left3":{"rotation":[0,0,5]},"pad_left4":{"rotation":[0,0,-7.5]},"pad_left5":{"rotation":[0,-7.5,0]},"pad_left6":{"rotation":[0,-5,0]},"pad_right5":{"rotation":[0,7.5,0]},"pad_right6":{"rotation":[0,5,0]},"eye_crystal":{"rotation":[0,0,"-12.5-math.cos(q.anim_time*90*3/2-120)*5"]},"gemonly":{"scale":[1.225,0.75,1]},"ear_right1":{"rotation":[0,0,"0+math.cos(q.anim_time*90*3/2-160)*3/2"]},"ear_left1":{"rotation":[0,0,"0-math.cos(q.anim_time*90*3/2-160)*3/2"]},"tail1":{"rotation":["0+math.cos(q.anim_time*90*3/2)*1",0,0]},"tail_bend":{"rotation":[12.5,0,0]},"eye_crystal2":{"rotation":[0,0,"-12.5-math.cos(q.anim_time*90*3/2-60)*3"]}}},"animation.mimikyu_hauntedhalloween.ground_walk":{"loop":true,"bones":{"hand_right":{"position":[7,0,0]},"hand_right2":{"position":[4,0,0]},"hand_right3":{"position":[4,0,0]},"hand_right4":{"position":[4,0,0]},"hand_right5":{"position":[4,0,0]},"hand_left":{"position":[-7,0,0]},"hand_left2":{"position":[-4,0,0]},"hand_left3":{"position":[-4,0,0]},"hand_left4":{"position":[-4,0,0]},"hand_left5":{"position":[-4,0,0]},"torso_top":{"rotation":["-4.9953+math.cos(q.anim_time*90*4*2-30)*1",0.21782,"2.4905-math.cos(q.anim_time*90*4-30)*2"],"position":[0,"0-math.sin(q.anim_time*90*3/2)*0.1",0]},"head":{"rotation":["-9.8511+math.cos(q.anim_time*90*4*2-60)*1",1.72794,"9.8511-math.cos(q.anim_time*90*4-60)*2"]},"gem":{"scale":[1.225,0.75,1]},"sleve_pad_left2":{"rotation":[0,0,-2.5]},"sleve_pad_left3":{"rotation":[0,0,5]},"sleve_pad_right":{"rotation":[0,0,2.5]},"sleve_pad_right3":{"rotation":[0,0,-2.5]},"sleeve_back":{"rotation":[0,0,-2.5],"position":[0,0.475,0]},"sleeve_back3":{"rotation":[5,0,0]},"pad_left3":{"rotation":[0,0,"2.5-math.cos(q.anim_time*90*4*2-20)*2"]},"pad_left4":{"rotation":[0,0,"-7.5+math.cos(q.anim_time*90*4*2-20)*2"]},"pad_left5":{"rotation":[0,-7.5,0]},"pad_left6":{"rotation":[0,-5,0]},"pad_right5":{"rotation":[0,7.5,0]},"pad_right6":{"rotation":[0,5,0]},"eye_crystal":{"rotation":[0,0,"-12.5+math.cos(q.anim_time*90*2*2-60)*3"]},"gemonly":{"scale":[1.225,0.75,1]},"ear_right1":{"rotation":[0,0,"0+math.cos(q.anim_time*90*3/2-160)*3/2"]},"ear_left1":{"rotation":[0,0,"0-math.cos(q.anim_time*90*3/2-160)*3/2"]},"tail1":{"rotation":["2.5-math.cos(q.anim_time*90*4*2-30)*2",0,0]},"tail_bend":{"rotation":[12.5,0,0]},"eye_crystal2":{"rotation":[0,0,"-12.5-math.cos(q.anim_time*90*4*2-60)*1"]},"body":{"rotation":["0+math.cos(q.anim_time*90*4*2)*0.5","0+math.sin(q.anim_time*90*4)*1","0-math.cos(q.anim_time*90*4+30)*1"],"position":[0,"0.225+math.sin(q.anim_time*90*4*2)*0.2",0]},"pad_right2":{"rotation":[0,0,"0-math.cos(q.anim_time*90*4*2-30)*2"]},"pad_right3":{"rotation":[0,0,"2.5+math.cos(q.anim_time*90*4*2-20)*2"]},"pad_right4":{"rotation":[0,0,"0-math.cos(q.anim_time*90*4*2-20)*2"]},"pad_left2":{"rotation":[0,0,"0+math.cos(q.anim_time*90*4*2-30)*2"]},"tail_bottom":{"rotation":[0,"0+math.sin(q.anim_time*90*4)*4",0]},"right_torso":{"rotation":[0,0,"0-math.cos(q.anim_time*90*4*2-30)*2"]},"front_torso":{"rotation":["0+math.cos(q.anim_time*90*4*2-30)*2",0,0]},"left_torso":{"rotation":[0,0,"0+math.cos(q.anim_time*90*4*2-30)*2"]}}},"animation.mimikyu_hauntedhalloween.shoulder_left":{"loop":true,"bones":{"body":{"rotation":[0,0,17.5],"position":[0,-6,8]},"head":{"rotation":[-10,0,10],"position":[0,0,-0.5]},"ear_left1":{"rotation":[0,0,15]},"torso_bottom":{"rotation":[-17.5,0,-12.5]},"right_torso":{"rotation":[0,0,0]},"front_torso":{"rotation":[-17.5,0,0]},"left_torso":{"rotation":[0,0,2.5]},"tail1":{"rotation":[1.94138,25.51448,20.55281]},"hand_right":{"rotation":[113.5,-81,-123.5],"position":[2,-0.5,0]},"hand_right2":{"rotation":[0,0,75]},"hand_right3":{"rotation":[0,0,40]},"hand_right4":{"rotation":[0,0,-75]},"hand_right5":{"rotation":[0,0,-46.5]},"finger_right1":{"rotation":[0,0,-10]},"finger_right_joint1":{"rotation":[0,0,-12.5]},"finger_right2":{"rotation":[0,0,-17.5]},"finger_right_joint2":{"rotation":[0,0,-20]},"finger_right3":{"rotation":[0,0,-20]},"hand_left":{"rotation":[98,70,83],"position":[0,0.5,0]},"hand_left2":{"rotation":[0,0,-87.5]},"hand_left3":{"rotation":[0,0,-37.5]},"hand_left4":{"rotation":[0,0,67.5]},"hand_left5":{"rotation":[0,0,51]},"finger_left1":{"rotation":[0,0,17.5]},"finger_left_joint1":{"rotation":[0,0,25]},"finger_left2":{"rotation":[0,0,22.5]},"finger_left_joint2":{"rotation":[0,0,20]},"finger_left3":{"rotation":[0,0,15]},"finger_left_joint3":{"rotation":[0,0,20]},"gem":{"scale":[1.225,0.75,1]},"gemonly":{"scale":[1.225,0.75,1]},"eye_crystal":{"rotation":[0,0,-30]},"pad_right4":{"rotation":[0,-10,0]},"pad_right5":{"rotation":[-32.5,0,0]},"pad_right6":{"rotation":[-40,0,0]},"pad_left4":{"rotation":[0,12.5,0]},"pad_left5":{"rotation":[-40,0,0]},"pad_left6":{"rotation":[-40,0,0]},"sleve_pad_right2":{"rotation":[0,0,15]},"sleve_pad_right3":{"rotation":[0,0,-45]},"sleve_pad_left2":{"rotation":[0,0,-22.5]},"sleve_pad_left3":{"rotation":[0,0,37.5]},"eye_crystal2":{"rotation":[18.62797,-6.90639,24.06513]}}},"animation.mimikyu_hauntedhalloween.cry":{"animation_length":1,"bones":{"body":{"rotation":{"0.0":[0,0,0],"0.0833":[0,5,0],"0.125":[0,5,0],"0.2083":[0,-4,0],"0.25":[0,-5,0],"0.3333":{"pre":[0,-3.84,0],"post":[0,-3.84,0],"lerp_mode":"catmullrom"},"0.4167":{"post":[0,-0.67,0],"lerp_mode":"catmullrom"},"0.6667":{"post":[0,2.16,0],"lerp_mode":"catmullrom"},"1.0":{"post":[0,0,0],"lerp_mode":"catmullrom"}},"position":{"0.0":[0,0,0],"0.0417":[0,-0.65,0],"0.0833":[0,-0.75,0],"0.125":[0,-0.65,0],"0.1667":[0,0,0]}},"torso_top":{"rotation":{"0.0":[0,0,0],"0.0833":[-10,0,0],"0.1667":{"pre":[0,0,-7.5],"post":[0,0,-7.5],"lerp_mode":"catmullrom"},"0.2083":{"post":[9.99067,0.43399,-6.21207],"lerp_mode":"catmullrom"},"0.25":{"post":[10,0,0],"lerp_mode":"catmullrom"},"0.3333":{"post":[2.5,0,2.5],"lerp_mode":"catmullrom"},"0.5417":{"post":[13.64192,0,0.5555],"lerp_mode":"catmullrom"},"0.9167":[0,0,0]},"position":{"0.0417":[0,0,0],"0.0833":[0,-0.5,0],"0.1667":[0,-0.5,0],"0.2083":[0,0,0]}},"head":{"rotation":{"0.0417":[0,0,0],"0.125":{"pre":[-10,0,0],"post":[-10,0,0],"lerp_mode":"catmullrom"},"0.2083":{"post":[0,0,-7.5],"lerp_mode":"catmullrom"},"0.25":{"post":[9.99067,0.43399,-6.21207],"lerp_mode":"catmullrom"},"0.2917":{"post":[10,0,0],"lerp_mode":"catmullrom"},"0.375":{"post":[-12.54292,-7.4713,3.1574],"lerp_mode":"catmullrom"},"0.5833":{"post":[10,0,0],"lerp_mode":"catmullrom"},"1.0":[0,0,0]}},"ear_right1":{"rotation":{"0.0833":[0,0,0],"0.1667":{"pre":[-10,0,0],"post":[-10,0,0],"lerp_mode":"catmullrom"},"0.25":{"post":[0,0,-15],"lerp_mode":"catmullrom"},"0.3333":{"post":[14.99067,0.43399,-6.21207],"lerp_mode":"catmullrom"},"0.375":{"post":[10,0,0],"lerp_mode":"catmullrom"},"0.5417":{"post":[2.5,0,2.5],"lerp_mode":"catmullrom"},"0.6667":[0,0,0]}},"ear_left1":{"rotation":{"0.0833":[0,0,0],"0.1667":[-10,0,0],"0.25":{"pre":[0,0,-17.5],"post":[0,0,-17.5],"lerp_mode":"catmullrom"},"0.3333":{"post":[16.93331,0.56011,-13.9582],"lerp_mode":"catmullrom"},"0.375":{"post":[10,0,0],"lerp_mode":"catmullrom"},"0.5417":{"post":[2.5,0,2.5],"lerp_mode":"catmullrom"},"0.6667":[0,0,0]}},"tail_bottom":{"position":{"0.0":[0,0,0],"0.0417":[0,0.75,0],"0.125":[0,0.75,0],"0.1667":[0,0,0]}},"right_torso":{"rotation":{"0.0":[0,0,0],"0.0417":[0,0,7.5],"0.125":[0,0,7.5],"0.1667":[0,0,0]},"position":{"0.0":[0,0,0],"0.0417":[0,0.35,0],"0.125":[0,0.35,0],"0.1667":[0,0,0]}},"front_torso":{"rotation":{"0.0":[0,0,0],"0.0417":[-7.5,0,0],"0.125":[-7.5,0,0],"0.1667":[0,0,0]},"position":{"0.0":[0,0,0],"0.0417":[0,0.35,0],"0.125":[0,0.35,0],"0.1667":[0,0,0]}},"left_torso":{"rotation":{"0.0":[0,0,0],"0.0417":[0,0,-7.5],"0.125":[0,0,-7.5],"0.1667":[0,0,0]},"position":{"0.0":[0,0,0],"0.0417":[0,0.35,0],"0.125":[0,0.35,0],"0.1667":[0,0,0]}},"back_torso":{"rotation":{"0.0":[0,0,0],"0.0417":[7.5,0,0],"0.125":[7.5,0,0],"0.1667":[0,0,0]},"position":{"0.0":[0,0,0],"0.0417":[0,0.35,0],"0.125":[0,0.35,0],"0.1667":[0,0,0]}},"tail1":{"rotation":{"0.0":[0,0,0],"0.0417":[7.5,0,0],"0.125":[0,0,0],"0.1667":[-5,0,0],"0.25":[2.5,0,0],"0.3333":[0,0,0]}},"gem":{"scale":[1.225,0.75,1]},"gemonly":{"scale":[1.225,0.75,1]}},"sound_effects":{"0.0":{"effect":"pokemon.mimikyu_hauntedhalloween.cry"}}},"animation.mimikyu_hauntedhalloween.glare":{"animation_length":0.75,"bones":{"eye_right":{"position":{"0.0":[0,0,0],"0.25":[0,0,0],"0.2917":[0,0,1]}},"eye_left":{"position":{"0.0":[0,0,0],"0.25":[0,0,0],"0.2917":[0,0,1]}},"eye_left_glare":{"rotation":{"0.0":[0,0,-360],"0.1667":{"pre":[0,0,-157.5],"post":[0,0,-157.5],"lerp_mode":"catmullrom"},"0.375":[0,0,-7.5]},"position":[0,0,-3],"scale":{"0.0":[0,0,0],"0.2083":{"pre":[1.05,1.05,1.05],"post":[1.05,1.05,1.05],"lerp_mode":"catmullrom"},"0.4583":[1.25,1.25,1.25]}},"eye_right_glare":{"rotation":{"0.0833":{"pre":[0,0,-360],"post":[0,0,-360],"lerp_mode":"catmullrom"},"0.25":{"post":[0,0,-180],"lerp_mode":"catmullrom"},"0.375":[0,0,7.5]},"position":[0,0,-3],"scale":{"0.0833":[0,0,0],"0.2917":{"pre":[1.05,1.05,1.05],"post":[1.05,1.05,1.05],"lerp_mode":"catmullrom"},"0.375":{"post":[1,1,1],"lerp_mode":"catmullrom"},"0.4583":[1,1,1]}},"gem":{"scale":[1.225,0.75,1]},"gemonly":{"scale":[1.225,0.75,1]}}},"animation.mimikyu_hauntedhalloween.render":{"loop":true,"bones":{"torso_top":{"rotation":[-17.35932,2.24944,7.15656]},"head":{"rotation":[-21.56177,-7.71401,15.65029]},"ear_right1":{"rotation":[0,0,15]},"ear_right2":{"rotation":[0,0,-7.5]},"ear_right3":{"rotation":[0,0,-5]},"ear_left2":{"rotation":[0,0,22.5]},"ear_left3":{"rotation":[0,0,20]},"tail1":{"rotation":[16.0129,-37.15855,-25.41377]},"eye_right":{"position":[0,0,1]},"eye_left":{"position":[0,0,1]},"hand_right":{"rotation":[0,-32.5,0]},"hand_right2":{"rotation":[1.35486,-17.4409,17.2634]},"hand_right3":{"rotation":[0,-17.5,17.5]},"hand_right4":{"rotation":[0,0,15]},"hand_right5":{"rotation":[0,0,20]},"finger_right1":{"rotation":[0,12.5,30]},"finger_right_joint1":{"rotation":[0,0,22.5]},"finger_right2":{"rotation":[0,0,32.5]},"finger_right_joint2":{"rotation":[0,0,30]},"finger_right3":{"rotation":[0,-12.5,32.5]},"finger_right_joint3":{"rotation":[0,0,32.5]},"hand_left":{"rotation":[0,45,0]},"hand_left2":{"rotation":[0,5,-15]},"hand_left3":{"rotation":[-0.55404,12.48791,-15.06062]},"hand_left4":{"rotation":[-1.10693,12.45167,-25.12076]},"hand_left5":{"rotation":[0,0,-25]},"finger_left1":{"rotation":[5.123,-16.93857,-25.9936]},"finger_left_joint1":{"rotation":[0,0,-20]},"finger_left2":{"rotation":[0,0,-20]},"finger_left_joint2":{"rotation":[0,0,-20]},"finger_left3":{"rotation":[0,15,-22.5]},"finger_left_joint3":{"rotation":[0,0,-25]},"eye_left_glare":{"position":[0,0,-3.1]},"eye_right_glare":{"position":[0,0,-3]},"tail_bend":{"rotation":[-19.18246,-23.7695,7.98205]},"gem":{"scale":[1.225,0.75,1]},"gemonly":{"scale":[1.225,0.75,1]}}},"animation.mimikyu_hauntedhalloween.battle_idle":{"loop":true,"bones":{"torso_top":{"rotation":["-17.3593+math.sin(q.anim_time*90*2-20)*1.5",2.24944,7.15656],"position":[0,-0.25,0]},"head":{"rotation":["-21.5618+math.sin(q.anim_time*90*2-40)*1.5",-7.71401,15.65029]},"ear_right1":{"rotation":[0,0,"15+math.sin(q.anim_time*90*2-200+180)*5"]},"ear_right2":{"rotation":[0,0,-7.5]},"ear_right3":{"rotation":[0,0,-5]},"ear_left2":{"rotation":[0,0,22.5]},"ear_left3":{"rotation":[0,0,20]},"tail1":{"rotation":[8.54993,"-20.2253+math.sin(q.anim_time*90*2-75)*4.5",-20.34211]},"eye_right":{"position":[0,0,1]},"eye_left":{"position":[0,0,1]},"hand_right":{"rotation":[0,"-32.5+math.sin(q.anim_time*90*2-50+90)*2.5",0]},"hand_right2":{"rotation":[1.35486,-17.4409,17.2634]},"hand_right3":{"rotation":[0,"-17.5+math.sin(q.anim_time*90*2-80+90)*2",17.5]},"hand_right4":{"rotation":[0,-7.5,15]},"hand_right5":{"rotation":[0,0,"20-math.sin(q.anim_time*90*2-110+90)*5"]},"finger_right1":{"rotation":[0,12.5,"30-math.sin(q.anim_time*90*2-140+90)*4"]},"finger_right_joint1":{"rotation":[0,0,22.5]},"finger_right2":{"rotation":[0,0,"32.5-math.sin(q.anim_time*90*2-140+90)*4"]},"finger_right_joint2":{"rotation":[0,0,30]},"finger_right3":{"rotation":[0,-12.5,"32.5-math.sin(q.anim_time*90*2-140+90)*4"]},"finger_right_joint3":{"rotation":[0,0,32.5]},"hand_left":{"rotation":[0,"45-math.sin(q.anim_time*90*2-50+180)*2.5",0]},"hand_left2":{"rotation":[0,5,-15]},"hand_left3":{"rotation":[-0.55404,"12.4879-math.sin(q.anim_time*90*2-80+180)*2",-15.06062]},"hand_left4":{"rotation":[-1.10693,12.45167,-25.12076]},"hand_left5":{"rotation":[0,0,"-25+math.sin(q.anim_time*90*2-110+180)*5"]},"finger_left1":{"rotation":[5.123,-16.93857,"-25.9936+math.sin(q.anim_time*90*2-140+180)*4"]},"finger_left_joint1":{"rotation":[0,0,-20]},"finger_left2":{"rotation":[0,0,"-20+math.sin(q.anim_time*90*2-140+180)*4"]},"finger_left_joint2":{"rotation":[0,0,-20]},"finger_left3":{"rotation":[0,15,"-22.5+math.sin(q.anim_time*90*2-140+180)*4"]},"finger_left_joint3":{"rotation":[0,0,-25]},"eye_left_glare":{"position":[0,0,-3.1],"scale":[1,"2-math.sin(q.anim_time*90*5*2-90)*0.02-1","1.9-math.sin(q.anim_time*90*6*2)*0.02-1"]},"eye_right_glare":{"position":[0,0,-3],"scale":[1,"2-math.sin(q.anim_time*90*6*2-10)*0.02-1","1.9-math.sin(q.anim_time*90*9*2-150)*0.02-1"]},"tail_bend":{"rotation":[-19.18246,"-23.7695+math.sin(q.anim_time*90*2-100)*5",7.98205]},"gem":{"scale":[1.225,0.75,1]},"gemonly":{"scale":[1.225,0.75,1]},"ear_left1":{"rotation":[0,0,"0-math.sin(q.anim_time*90*2-180+180)*7"]},"pad_right5":{"rotation":[-2.5,5,0]},"pad_right6":{"rotation":[0,5,0]},"pad_left5":{"rotation":[0,-5,0]},"pad_left6":{"rotation":[0,-5,0]},"eye_crystal2":{"rotation":[0,10,27.5]}}},"animation.mimikyu_hauntedhalloween.blink":{"animation_length":0.625,"bones":{"eye_right":{"scale":{"0.0":[1,1,1],"0.2083":[1,1,1],"0.2917":[1,0,1],"0.375":[1,0,1],"0.4583":[1,1.1,1],"0.5":[1,1,1],"0.625":[1,1,1]}},"eye_left":{"scale":{"0.0":[1,1,1],"0.2083":[1,1,1],"0.2917":[1,0,1],"0.375":[1,0,1],"0.4583":[1,1.1,1],"0.5":[1,1,1],"0.625":[1,1,1]}}}}}}