{"format_version":"1.8.0","animations":{"animation.sinistea_frostbound.sleep":{"loop":true,"animation_length":2,"bones":{"torso":{"rotation":[0,"math.sin(query.anim_time*90*2-50)*4","math.sin(query.anim_time*90*2+50)*4"]},"arm":{"rotation":[0,0,0]},"right_finger":{"rotation":[0,0,"112.5+math.sin(query.anim_time*90*2)*8"]},"tounge":{"rotation":["math.sin(query.anim_time*90*2+70)*8",0,0]},"tounge_segment":{"rotation":[0,0,0]},"mouth":{"scale":[1,0.2,1]},"eyelids":{"position":[0,0,0.2]},"body":{"position":[0,"14+math.sin(query.anim_time*90*2-60)*1",0]}}},"animation.sinistea_frostbound.particle":{"loop":true,"particle_effects":{"0.0":{"effect":"cobblemon:smoke","locator":"smoke"}}}}}