{"format_version":"1.8.0","animations":{"animation.palafin_zero_placeholder.ground_idle":{"loop":true,"bones":{"body":{"rotation":[-7.5,0,0],"position":[0,2,0]},"fin_left":{"rotation":[0,-7.5,32.5]},"fin_right":{"rotation":[0,7.5,-32.5]},"head":{"rotation":[5,0,0]},"tail":{"rotation":[-5,0,0]},"tail2":{"rotation":[12.5,0,0]},"tail3":{"rotation":[2.5,0,0]},"tail4":{"rotation":[-10,0,0]},"tail_end":{"rotation":[-5,0,0]}}},"animation.palafin_zero_placeholder.blink":{"animation_length":0.1667,"bones":{"eyelid_left":{"position":{"0.0":[0.1,0,-0.1],"0.125":[0.1,0,-0.1],"0.1667":[0,0,0]}},"eyelid_right":{"position":{"0.0":[-0.1,0,-0.1],"0.125":[-0.1,0,-0.1],"0.1667":[0,0,0]}}}}}}