{"format_version":"1.8.0","animations":{"animation.revavroom_blackfriday2024.pose":{"loop":true,"bones":{"tongue":{"position":[0,0,5]}}},"animation.revavroom_blackfriday2024.ground_walk":{"loop":true,"animation_length":1.3333,"bones":{"wheel_back":{"rotation":["-970*1+q.anim_time*90*3",0,"0+math.sin(q.anim_time*90*6+20+90)*2.5"],"position":[0,"math.clamp(math.sin(query.anim_time*90*1*12+0)*0.55,-0.1,0.4)",0]},"back":{"rotation":["0+math.sin(q.anim_time*90*12+0)*1.5",0,"0+math.sin(q.anim_time*90*18+0)*2"]},"front":{"rotation":["0+math.sin(q.anim_time*90*12+0)*2",0,0]},"tail":{"rotation":["0+math.sin(q.anim_time*90*12+0)*2",0,0]},"tail2":{"rotation":["0+math.sin(q.anim_time*90*12-25)*1.5",0,0],"scale":["1+math.clamp(math.sin(query.anim_time*90*1*6+280)*0.005,-0.005,0.005)","1+math.clamp(math.sin(query.anim_time*90*1*6+280)*0.005,-0.005,0.005)","1+math.clamp(math.sin(query.anim_time*90*1*6+280)*0.05,-0.01,0.03)"]},"tail3":{"rotation":["0+math.sin(q.anim_time*90*12-55)*1",0,0],"scale":["1+math.clamp(math.sin(query.anim_time*90*1*6+220)*0.005,-0.005,0.005)","1+math.clamp(math.sin(query.anim_time*90*1*6+220)*0.005,-0.005,0.005)","1+math.clamp(math.sin(query.anim_time*90*1*6+220)*0.05,-0.01,0.03)"]},"body":{"position":[0,"0+math.clamp(math.sin(query.anim_time*90*1*12+260)*0.2,-0.0,0.15)",0]},"torso":{"rotation":["0+math.sin(q.anim_time*90*12+20)*1.25",0,"0+math.sin(q.anim_time*90*6+0)*1.5"],"position":[0,"0+math.sin(q.anim_time*90*12-160)*0.3",0]},"engine":{"rotation":[0,0,"0+math.sin(q.anim_time*90*6-45)*0.25"]},"cylinder":{"rotation":[0,"0+math.sin(q.anim_time*90*18-90)*2","0+math.sin(q.anim_time*90*6-90)*2.5"]},"top":{"position":[0,"0+math.sin(q.anim_time*90*12-190)*0.25",0]},"tongue":{"rotation":["0+math.sin(q.anim_time*90*12-190+180)*5","-125+math.sin(q.anim_time*90*12-220)*2.5+math.sin(q.anim_time*90*18-100)*1.5",0],"position":[3,0,3]},"pipe_right":{"rotation":["0+math.sin(q.anim_time*90*12+0)*0.5",0,0]},"pipe_right2":{"rotation":["0+math.sin(q.anim_time*90*12-20)*0.5",0,0]},"pipe_right3":{"rotation":["0+math.sin(q.anim_time*90*12-45)*1",0,0],"scale":["1+math.clamp(math.sin(query.anim_time*90*1*6+280)*0.005,-0.005,0.005)","1+math.clamp(math.sin(query.anim_time*90*1*6+280)*0.005,-0.005,0.005)","1+math.clamp(math.sin(query.anim_time*90*1*6+280)*0.05,-0.01,0.03)"]},"pipe_right4":{"rotation":["0+math.sin(q.anim_time*90*12-75)*1.5",0,0],"scale":["1+math.clamp(math.sin(query.anim_time*90*1*6+220)*0.005,-0.005,0.005)","1+math.clamp(math.sin(query.anim_time*90*1*6+220)*0.005,-0.005,0.005)","1+math.clamp(math.sin(query.anim_time*90*1*6+220)*0.05,-0.01,0.03)"]},"pipe_left":{"rotation":["0+math.sin(q.anim_time*90*12+0)*0.5",0,0]},"pipe_left2":{"rotation":["0+math.sin(q.anim_time*90*12-20)*0.5",0,0]},"pipe_left3":{"rotation":["0+math.sin(q.anim_time*90*12-45)*1",0,0],"scale":["1+math.clamp(math.sin(query.anim_time*90*1*6+280)*0.005,-0.005,0.005)","1+math.clamp(math.sin(query.anim_time*90*1*6+280)*0.005,-0.005,0.005)","1+math.clamp(math.sin(query.anim_time*90*1*6+280)*0.05,-0.01,0.03)"]},"pipe_left4":{"rotation":["0+math.sin(q.anim_time*90*12-75)*1.5",0,0],"scale":["1+math.clamp(math.sin(query.anim_time*90*1*6+220)*0.005,-0.005,0.005)","1+math.clamp(math.sin(query.anim_time*90*1*6+220)*0.005,-0.005,0.005)","1+math.clamp(math.sin(query.anim_time*90*1*6+220)*0.05,-0.01,0.03)"]},"torso2":{"rotation":["0+math.sin(q.anim_time*90*12+0)*0.5",0,0]},"wheel_left":{"rotation":{"0.0":["0*1+q.anim_time*90*3",0,"0+math.sin(q.anim_time*90*6+20)*5"],"1.2917":["0*1+q.anim_time*90*3",0,"0+math.sin(q.anim_time*90*6+20)*5"],"1.3333":{"pre":["0*1+q.anim_time*90*3",0,"0+math.sin(q.anim_time*90*6+20)*5"],"post":[0,0,0]}},"position":{"0.0":[0,"math.clamp(math.sin(query.anim_time*90*1*12+280)*1,-0.1,0.9)",0.1],"1.2917":[0,"math.clamp(math.sin(query.anim_time*90*1*12+280)*1,-0.1,0.9)",0.1],"1.3333":{"pre":[0,"math.clamp(math.sin(query.anim_time*90*1*12+280)*1,-0.1,0.9)",0.1],"post":[0,0,0]}}},"wheel_left2":{"rotation":{"0.0":["0*1+q.anim_time*90*3",0,"0+math.sin(q.anim_time*90*6+20)*5"],"1.2917":["0*1+q.anim_time*90*3",0,"0+math.sin(q.anim_time*90*6+20)*5"],"1.3333":{"pre":["0*1+q.anim_time*90*3",0,"0+math.sin(q.anim_time*90*6+20)*5"],"post":[0,0,0]}},"position":{"0.0":[0,"math.clamp(math.sin(query.anim_time*90*1*12+280)*0.75,-0.1,0.6)",0],"1.2917":[0,"math.clamp(math.sin(query.anim_time*90*1*12+280)*1,-0.1,0.9)",0.1],"1.3333":{"pre":[0,"math.clamp(math.sin(query.anim_time*90*1*12+280)*1,-0.1,0.9)",0.1],"post":[0,0,0]}}},"wheel_right":{"rotation":{"0.0":["0*1+q.anim_time*90*3",0,"0+math.sin(q.anim_time*90*6+20+180)*5"],"1.2917":["0*1+q.anim_time*90*3",0,"0+math.sin(q.anim_time*90*6+20)*5"],"1.3333":{"pre":["0*1+q.anim_time*90*3",0,"0+math.sin(q.anim_time*90*6+20)*5"],"post":[0,0,0]}},"position":{"0.0":[0,"math.clamp(math.sin(query.anim_time*90*1*12+280)*1,-0.1,0.9)",0.1],"1.2917":[0,"math.clamp(math.sin(query.anim_time*90*1*12+280)*1,-0.1,0.9)",0.1],"1.3333":{"pre":[0,"math.clamp(math.sin(query.anim_time*90*1*12+280)*1,-0.1,0.9)",0.1],"post":[0,0,0]}}},"wheel_right2":{"rotation":{"0.0":["0*1+q.anim_time*90*3",0,"0+math.sin(q.anim_time*90*6+20+180)*5"],"1.2917":["0*1+q.anim_time*90*3",0,"0+math.sin(q.anim_time*90*6+20)*5"],"1.3333":{"pre":["0*1+q.anim_time*90*3",0,"0+math.sin(q.anim_time*90*6+20)*5"],"post":[0,0,0]}},"position":{"0.0":[0,"math.clamp(math.sin(query.anim_time*90*1*12+280)*0.75,-0.1,0.6)",0],"1.2917":[0,"math.clamp(math.sin(query.anim_time*90*1*12+280)*1,-0.1,0.9)",0.1],"1.3333":{"pre":[0,"math.clamp(math.sin(query.anim_time*90*1*12+280)*1,-0.1,0.9)",0.1],"post":[0,0,0]}}},"exhaust_left1":{"position":[0,"-0.25+math.sin(q.anim_time*90*12-45)*0.25",0]},"exhaust_left2":{"position":[0,"-0.3+math.sin(q.anim_time*90*12-45+135)*0.3",0]},"exhaust_left3":{"position":[0,"-0.25+math.sin(q.anim_time*90*12-45+270)*0.25",0]},"exhaust_right1":{"position":[0,"-0.25+math.sin(q.anim_time*90*12-45)*0.25",0]},"exhaust_right2":{"position":[0,"-0.3+math.sin(q.anim_time*90*12-45+135)*0.3",0]},"exhaust_right3":{"position":[0,"-0.25+math.sin(q.anim_time*90*12-45+270)*0.25",0]},"box":{"rotation":[0,"0-math.sin(q.anim_time*90*18-90)*2","0+math.sin(q.anim_time*90*6-90)*2.5"],"position":[0,"0+math.sin(q.anim_time*90*12-190)*0.25",0]},"box2":{"rotation":[0,"0+math.sin(q.anim_time*90*18-90)*2","0+math.sin(q.anim_time*90*6-90)*2.5"],"position":[0,"0+math.sin(q.anim_time*90*12-190)*0.25",0]},"box3":{"rotation":[0,"0-math.sin(q.anim_time*90*18-90)*2","0-math.sin(q.anim_time*90*6-90)*2.5"],"position":[0,"0+math.sin(q.anim_time*90*12-190)*0.25",0]}}},"animation.revavroom_blackfriday2024.ground_idle":{"loop":true,"bones":{"back":{"rotation":["0+math.sin(q.anim_time*90*6+0)*1.5",0,"0+math.sin(q.anim_time*90*12+0)*2"]},"front":{"rotation":["0+math.sin(q.anim_time*90*3-190)*2",0,0]},"tail":{"rotation":["0+math.sin(q.anim_time*90*3-190)*2",0,0]},"tail2":{"rotation":["0+math.sin(q.anim_time*90*3-210)*2",0,0]},"tail3":{"rotation":["0+math.sin(q.anim_time*90*3-240)*2",0,0]},"wheel_back":{"rotation":["0+math.sin(q.anim_time*90*3-170)*30",0,"0+math.sin(q.anim_time*90*1.5+20+90)*3"],"position":[0,"0+math.clamp(math.sin(query.anim_time*90*1*6+320)*0.45,-0.1,0.35)",0]},"body":{"position":[0,0,"0+math.sin(q.anim_time*90*1.5-160+180)*0.75"]},"torso":{"rotation":["0+math.sin(q.anim_time*90*1.5-160+180)*3",0,0],"position":[0,"0+math.sin(q.anim_time*90*3-160)*0.2",0]},"cylinder":{"rotation":["0+math.sin(q.anim_time*90*3-210+180)*3","0+math.sin(q.anim_time*90*12-90)*1.5","0+math.sin(q.anim_time*90*1.5-80)*2"]},"top":{"position":[0,"0+math.sin(q.anim_time*90*3-80)*0.2",0]},"tongue":{"position":[0,0,5]},"pipe_right":{"rotation":["0+math.sin(q.anim_time*90*3-190+180)*0.5",0,0]},"pipe_right2":{"rotation":["0+math.sin(q.anim_time*90*1.5-210+180)*1",0,0]},"pipe_right3":{"rotation":["0+math.sin(q.anim_time*90*1.5-240+180)*0.5",0,0]},"pipe_right4":{"rotation":["0+math.sin(q.anim_time*90*3-270+180)*0.5",0,0]},"pipe_left2":{"rotation":["0+math.sin(q.anim_time*90*3-210+180)*1",0,0]},"pipe_left3":{"rotation":["0+math.sin(q.anim_time*90*1.5-240+180)*0.5",0,0]},"pipe_left4":{"rotation":["0+math.sin(q.anim_time*90*3-270+180)*0.5",0,0]},"wheel_left":{"rotation":["0+math.sin(q.anim_time*90*1.5-160)*30",0,"0+math.sin(q.anim_time*90*1.5+20)*3"],"position":[0,"0+math.clamp(math.sin(query.anim_time*90*1*3+330)*0.5,-0.1,0.9)",0]},"wheel_left2":{"rotation":["0+math.sin(q.anim_time*90*1.5-160)*30",0,"0+math.sin(q.anim_time*90*1.5+20+180)*3"],"position":[0,"0+math.clamp(math.sin(query.anim_time*90*1*3+330)*0.5,-0.1,0.4)",0]},"wheel_right":{"rotation":["0+math.sin(q.anim_time*90*1.5-160)*30",0,"0+math.sin(q.anim_time*90*1.5+20+180)*3"],"position":[0,"0+math.clamp(math.sin(query.anim_time*90*1*3+330)*0.5,-0.1,0.9)",0]},"wheel_right2":{"rotation":["0+math.sin(q.anim_time*90*1.5-160)*30",0,"0+math.sin(q.anim_time*90*1.5+20)*3"],"position":[0,"0+math.clamp(math.sin(query.anim_time*90*1*3+330)*0.5,-0.1,0.4)",0]},"exhaust_left1":{"position":[0,"-0.05+math.sin(q.anim_time*90*4.5-45)*0.05",0]},"exhaust_left2":{"position":[0,"-0.05+math.sin(q.anim_time*90*4.5-45+135)*0.05",0]},"exhaust_left3":{"position":[0,"-0.05+math.sin(q.anim_time*90*4.5-45+270)*0.05",0]},"exhaust_right1":{"position":[0,"-0.05+math.sin(q.anim_time*90*4.5-45)*0.05",0]},"exhaust_right2":{"position":[0,"-0.05+math.sin(q.anim_time*90*4.5-45+135)*0.05",0]},"exhaust_right3":{"position":[0,"-0.05+math.sin(q.anim_time*90*4.5-45+270)*0.05",0]},"box":{"rotation":["0-math.sin(q.anim_time*90*3-210+180)*3",0,"0+math.sin(q.anim_time*90*1.5-80)*2"]},"box2":{"rotation":["0+math.sin(q.anim_time*90*3-210+180)*3",0,"0+math.sin(q.anim_time*90*1.5-80)*2"]},"box3":{"rotation":["0-math.sin(q.anim_time*90*3-210+180)*3",0,"0-math.sin(q.anim_time*90*1.5-80)*2"]}}},"animation.revavroom_blackfriday2024.sleep":{"loop":true,"bones":{"torso":{"rotation":["-5+math.sin(q.anim_time*90*1.5-20+180)*1",0,0],"position":[0,-2.25,0]},"engine":{"rotation":["7.5+math.sin(q.anim_time*90*1.5-50+180)*1",0,0],"position":[0,-1,0]},"cylinder":{"rotation":["5+math.sin(q.anim_time*90*1.5-75+180)*2","0+math.sin(q.anim_time*90*12-90)*1","0+math.sin(q.anim_time*90*9-90)*0.5"],"position":[0,0,-0.25]},"top":{"position":[0,"-0.5+math.sin(q.anim_time*90*1.5-75)*0.25",0]},"tongue":{"position":[0,0,5]},"pipe_right":{"rotation":["0+math.sin(q.anim_time*90*1.5-50+180)*0.25",0,0]},"pipe_right2":{"rotation":["0+math.sin(q.anim_time*90*1.5-75+180)*0.3",0,0]},"pipe_right3":{"rotation":["0+math.sin(q.anim_time*90*1.5-100+180)*0.4",0,0]},"pipe_right4":{"rotation":["0+math.sin(q.anim_time*90*1.5-130+180)*0.5",0,0]},"pipe_left":{"rotation":["0+math.sin(q.anim_time*90*1.5-50+180)*0.25",0,0]},"pipe_left2":{"rotation":["0+math.sin(q.anim_time*90*1.5-75+180)*0.3",0,0]},"pipe_left3":{"rotation":["0+math.sin(q.anim_time*90*1.5-100+180)*0.4",0,0]},"pipe_left4":{"rotation":["0+math.sin(q.anim_time*90*1.5-130+180)*0.5",0,0]},"eyelid":{"position":[0,0,-0.1]},"torso2":{"rotation":["0+math.sin(q.anim_time*90*1.5-40)*1.5",0,0]},"wheel_left":{"rotation":["2+math.sin(q.anim_time*90*1.5-45)*2",7.5,10],"position":[0.75,0,0]},"wheel_left2":{"rotation":["2.2529+math.sin(q.anim_time*90*1.5-35+180)*3",12.19908,-12.79362],"position":[1.25,0.5,-0.5]},"wheel_right":{"rotation":["2+math.sin(q.anim_time*90*1.5-45)*2",-7.5,-10],"position":[-0.75,0,0]},"wheel_right2":{"rotation":["2.2529+math.sin(q.anim_time*90*1.5-35+180)*3",-12.19908,12.79362],"position":[-1.25,0.5,-0.5]},"exhaust_left1":{"position":[0,"-0.025+math.sin(q.anim_time*90*3-45)*0.025",0]},"exhaust_left2":{"position":[0,"-0.025+math.sin(q.anim_time*90*3-45+135)*0.025",0]},"exhaust_left3":{"position":[0,"-0.025+math.sin(q.anim_time*90*3-45+270)*0.025",0]},"exhaust_right1":{"position":[0,"-0.025+math.sin(q.anim_time*90*3-45)*0.025",0]},"exhaust_right2":{"position":[0,"-0.025+math.sin(q.anim_time*90*3-45+135)*0.025",0]},"exhaust_right3":{"position":[0,"-0.025+math.sin(q.anim_time*90*3-45+270)*0.025",0]}}},"animation.revavroom_blackfriday2024.cry":{"animation_length":1.25,"bones":{"front":{"rotation":{"0.0":[0,0,0],"0.25":[-7.5,0,0],"1.0":[-7.5,0,0],"1.25":[0,0,0]}},"mouth":{"scale":{"0.0":[1,1,1],"0.25":[1,1.1,1],"0.375":[1,1.05,1],"0.5":[1,1.1,1],"0.625":[1,1.05,1],"0.75":[1,1.1,1],"0.875":[1,1.1,1],"1.0":[1,1.02,1],"1.25":[1,1,1]}},"chin":{"position":{"0.0":[0,0,0],"0.25":[0,-0.25,0],"0.375":[0,-0.1,0],"0.5":[0,-0.3,0],"0.625":[0,-0.15,0],"0.75":[0,-0.3,0],"0.875":[0,-0.25,0],"1.0":[0,0,0],"1.25":[0,0,0]}},"top":{"position":{"0.0":[0,0,0],"0.1667":[0,1.5,0],"0.3333":[0,1.25,0],"0.4583":[0,1.5,0],"0.625":[0,1.25,0],"0.7917":[0,1.5,0],"0.9167":[0,1.25,0],"1.0833":[0,1.5,0],"1.25":[0,0,0]}},"torso":{"rotation":{"0.0":{"post":[0,0,0],"lerp_mode":"catmullrom"},"0.0833":{"post":[2,0,0],"lerp_mode":"catmullrom"},"0.2083":{"post":[-1.21,0,0],"lerp_mode":"catmullrom"},"0.625":{"post":[-1.21,0,0],"lerp_mode":"catmullrom"},"1.25":{"post":[0,0,0],"lerp_mode":"catmullrom"}}}},"sound_effects":{"0.0417":{"effect":"pokemon.revavroom_blackfriday2024.cry"}}},"animation.revavroom_blackfriday2024.blink":{"animation_length":0.1667,"bones":{"eyelid":{"position":{"0.0":[0,0,-0.1],"0.125":[0,0,-0.1],"0.1667":[0,0,0]}}}}}}