{"format_version":"1.8.0","animations":{"animation.scorbunny_animeallstars.ground_idle":{"loop":true,"animation_length":1,"bones":{"body":{"rotation":{"0.0":[5,0,0],"0.25":[5,0,0],"0.75":[5,0,0]},"position":{"0.0":{"post":[0,-0.01,0],"lerp_mode":"catmullrom"},"0.25":{"post":[0,-0.42,0],"lerp_mode":"catmullrom"},"0.5":{"post":[0,-0.01,0],"lerp_mode":"catmullrom"},"0.75":{"post":[0,-0.42,0],"lerp_mode":"catmullrom"},"1.0":{"post":[0,-0.01,0],"lerp_mode":"catmullrom"}}},"torso":{"rotation":["4.9668-Math.cos((query.anim_time-0.13) * 90 * 8) *1.5",-9.9519,"0.6566+Math.cos((query.anim_time-0.35) * 90 * 4) *2.5"],"position":[0,"Math.cos((query.anim_time-0.15) * 90 * 8) *0.07",0]},"neck":{"rotation":["-10.0743+Math.cos((query.anim_time+0.4) * 90 * 8) * 2",4.77692,-1.52578],"position":[0.14772,"0.0069-Math.cos((query.anim_time-0.15) * 90 * 8) *0.05",-0.02514]},"head":{"rotation":["-5.2437+Math.cos((query.anim_time+0.3) * 90 * 8) * 1",4.92846,"1.043-Math.cos((query.anim_time-0.55) * 90 * 4) *2"],"position":[0,"-Math.cos((query.anim_time-0.15) * 90 * 8) *0.1",0]},"leg_right":{"rotation":{"0.0":{"post":[-7.8485,9.20214,8.25],"lerp_mode":"catmullrom"},"0.25":{"post":[-16.63,9.2,8.25],"lerp_mode":"catmullrom"},"0.5":{"post":[-7.8485,9.20214,8.25],"lerp_mode":"catmullrom"},"0.75":{"post":[-16.63,9.2,8.25],"lerp_mode":"catmullrom"},"1.0":{"post":[-7.8485,9.20214,8.25],"lerp_mode":"catmullrom"}},"position":{"0.0":{"post":[-0.16564,-0.35131,-0.02759],"lerp_mode":"catmullrom"},"0.25":{"post":[-0.23,-0.37,-0.02],"lerp_mode":"catmullrom"},"0.5":{"post":[-0.16564,-0.35131,-0.02759],"lerp_mode":"catmullrom"},"0.75":{"post":[-0.23,-0.37,-0.02],"lerp_mode":"catmullrom"},"1.0":{"post":[-0.16564,-0.35131,-0.02759],"lerp_mode":"catmullrom"}}},"leg_right2":{"rotation":{"0.0":{"post":[35.5,0,0],"lerp_mode":"catmullrom"},"0.25":{"post":[52.51,0,0],"lerp_mode":"catmullrom"},"0.5":{"post":[35.5,0,0],"lerp_mode":"catmullrom"},"0.75":{"post":[52.51,0,0],"lerp_mode":"catmullrom"},"1.0":{"post":[35.5,0,0],"lerp_mode":"catmullrom"}}},"foot_right":{"rotation":{"0.0":{"post":[-31.5,-3.4,-9],"lerp_mode":"catmullrom"},"0.25":{"post":[-39.77,-4.5,-8.24],"lerp_mode":"catmullrom"},"0.5":{"post":[-31.5,-3.4,-9],"lerp_mode":"catmullrom"},"0.75":{"post":[-39.77,-4.5,-8.24],"lerp_mode":"catmullrom"},"1.0":{"post":[-31.5,-3.4,-9],"lerp_mode":"catmullrom"}},"position":{"0.0":[-0.07994,-0.27486,-0.26759],"0.25":[-0.08,-0.27,-0.27],"0.75":[-0.08,-0.27,-0.27]}},"hair_right_top":{"rotation":[-25,0,"2.5-Math.cos((query.anim_time-0.37) * 90 * 8) * 3"]},"hair_left_top":{"rotation":[-25,0,"2.5+Math.cos((query.anim_time-0.39) * 90 * 8) * 3.5"]},"arm_right":{"rotation":[-7.42617,2.55406,"-34.2396+Math.cos((query.anim_time-0.2) * 90 * 8) * 3 - Math.cos((query.anim_time-0.3) * 90 * 4) * 1"],"position":[0.10329,-0.14355,0.22469]},"arm_right2":{"rotation":[0,-17.5,"Math.cos((query.anim_time-0.3) * 90 * 8) * 3"],"position":[0.03155,0.03569,0.01519]},"arm_left":{"rotation":[0,20,"37.5-Math.cos((query.anim_time-0.2) * 90 * 8) * 3 + Math.cos((query.anim_time-0.3) * 90 * 4) * 1"]},"arm_left2":{"rotation":[0,17.5,"-(Math.cos((query.anim_time-0.3) * 90 * 8) * 3)"],"position":[-0.03155,0.03569,0.01519]},"tail":{"rotation":["-22.5+Math.cos((query.anim_time-0.68) * 90 * 8) * 7",7.5,-5]},"leg_left":{"rotation":{"0.0":{"post":[5.6491,-26.47377,-7.48686],"lerp_mode":"catmullrom"},"0.25":{"post":[-2.03,-26.47,-7.49],"lerp_mode":"catmullrom"},"0.5":{"post":[5.6491,-26.47377,-7.48686],"lerp_mode":"catmullrom"},"0.75":{"post":[-2.03,-26.47,-7.49],"lerp_mode":"catmullrom"},"1.0":{"post":[5.6491,-26.47377,-7.48686],"lerp_mode":"catmullrom"}},"position":{"0.0":{"post":[0.4,-0.275,0.01],"lerp_mode":"catmullrom"},"0.25":{"post":[0.44,-0.29,0.02],"lerp_mode":"catmullrom"},"0.5":{"post":[0.4,-0.275,0.01],"lerp_mode":"catmullrom"},"0.75":{"post":[0.44,-0.29,0.02],"lerp_mode":"catmullrom"},"1.0":{"post":[0.4,-0.275,0.01],"lerp_mode":"catmullrom"}}},"leg_left2":{"rotation":{"0.0":{"post":[27.5,0,0],"lerp_mode":"catmullrom"},"0.25":{"post":[44.51,0,0],"lerp_mode":"catmullrom"},"0.5":{"post":[27.5,0,0],"lerp_mode":"catmullrom"},"0.75":{"post":[44.51,0,0],"lerp_mode":"catmullrom"},"1.0":{"post":[27.5,0,0],"lerp_mode":"catmullrom"}}},"foot_left":{"rotation":{"0.0":{"post":[-33.23967,2.85218,9.16215],"lerp_mode":"catmullrom"},"0.25":{"post":[-42.62,4.03,8.56],"lerp_mode":"catmullrom"},"0.5":{"post":[-33.23967,2.85218,9.16215],"lerp_mode":"catmullrom"},"0.75":{"post":[-42.62,4.03,8.56],"lerp_mode":"catmullrom"},"1.0":{"post":[-33.23967,2.85218,9.16215],"lerp_mode":"catmullrom"}},"position":{"0.0":{"post":[0.08372,-0.35746,-0.22548],"lerp_mode":"catmullrom"},"0.25":{"post":[0.09,-0.34,-0.25],"lerp_mode":"catmullrom"},"0.5":{"post":[0.08372,-0.35746,-0.22548],"lerp_mode":"catmullrom"},"0.75":{"post":[0.09,-0.34,-0.25],"lerp_mode":"catmullrom"},"1.0":{"post":[0.08372,-0.35746,-0.22548],"lerp_mode":"catmullrom"}}},"hair_left_bottom":{"rotation":[0,0,"2.5+Math.cos((query.anim_time-0.44) * 90 * 8) * 3"]},"arm_right3":{"rotation":[0,0,"-3+Math.cos((query.anim_time-0.4) * 90 * 8) * 3"]},"arm_left3":{"rotation":[0,0,"3-Math.cos((query.anim_time-0.4) * 90 * 8) * 3"]},"ear_right":{"rotation":["-2.4967-Math.cos((query.anim_time-0.43) * 90 * 8) * 1.5",0.15066,"2.4955+Math.cos((query.anim_time-0.45) * 90 * 4) * 2"],"position":[-0.25,0,0]},"ear_right2":{"rotation":["-12.5-Math.cos((query.anim_time-0.56) * 90 * 8) * 3",0,"Math.cos((query.anim_time-0.60) * 90 * 4) * 4"],"position":[0,-0.2,0]},"ear_right3":{"rotation":["-20-Math.cos((query.anim_time-0.63) * 90 * 8) * 5",0,"Math.cos((query.anim_time-0.72) * 90 * 4) * 3"],"position":[0,-0.25,0]},"ear_left":{"rotation":["-4.4812-Math.cos((query.anim_time-0.40) * 90 * 8) * 1.5",0.79579,"4.9306+Math.cos((query.anim_time-0.40) * 90 * 4) * 1.5"],"position":[-0.25,0,0]},"ear_left2":{"rotation":["-10-Math.cos((query.anim_time-0.52) * 90 * 8) * 3",0,"Math.cos((query.anim_time-0.50) * 90 * 4) * 3.5"],"position":[0,-0.2,0]},"ear_left3":{"rotation":["-15-Math.cos((query.anim_time-0.60) * 90 * 8) * 5",0,"Math.cos((query.anim_time-0.60) * 90 * 4) * 3"],"position":[0,-0.25,0]},"ear_left4":{"rotation":[0,0,"Math.cos((query.anim_time-0.40)*90 * 4) * 3"]},"hair_right_bottom":{"rotation":[0,0,"2.5-Math.cos((query.anim_time-0.43) * 90 * 8) * 2.5 "]}}},"animation.scorbunny_animeallstars.ground_walk":{"loop":true,"animation_length":1.6667,"bones":{"body":{"position":{"0.0":{"post":[-0.25,2,0],"lerp_mode":"catmullrom"},"0.0833":{"post":[0.3,4,0],"lerp_mode":"catmullrom"},"0.2083":{"post":[2.5,12,0],"lerp_mode":"catmullrom"},"0.4167":{"post":[5.5,10.5,0],"lerp_mode":"catmullrom"},"0.5417":{"post":[8.61,1.81,0],"lerp_mode":"catmullrom"},"0.6667":{"post":[10,-1,0],"lerp_mode":"catmullrom"},"0.75":{"post":[10.3,0.5,0],"lerp_mode":"catmullrom"},"0.8333":{"post":[10.25,2,0],"lerp_mode":"catmullrom"},"0.9167":{"post":[9.7,4,0],"lerp_mode":"catmullrom"},"1.0417":{"post":[7.5,12,0],"lerp_mode":"catmullrom"},"1.25":{"post":[3.5,10.5,0],"lerp_mode":"catmullrom"},"1.375":{"post":[1.39,1.81,0],"lerp_mode":"catmullrom"},"1.5":{"post":[0,-1,0],"lerp_mode":"catmullrom"},"1.5833":{"post":[-0.3,0.5,0],"lerp_mode":"catmullrom"},"1.6667":{"post":[-0.25,2,0],"lerp_mode":"catmullrom"}}},"torso":{"rotation":{"0.0":{"post":[0.55,14.36,-1.86],"lerp_mode":"catmullrom"},"0.2083":{"post":[-10.5,19,-18.5],"lerp_mode":"catmullrom"},"0.4167":{"post":[-12.11,15,-21.22],"lerp_mode":"catmullrom"},"0.625":{"post":[6.5,0,-19],"lerp_mode":"catmullrom"},"0.7917":{"post":[7.01,-18.84,-4.44],"lerp_mode":"catmullrom"},"1.0833":{"post":[-9.5,-19.44,19.31],"lerp_mode":"catmullrom"},"1.4167":{"post":[14,0,22.5],"lerp_mode":"catmullrom"},"1.6667":{"post":[0.55,14.36,-1.86],"lerp_mode":"catmullrom"}},"position":{"0.0":{"post":[-0.1,-0.5,0.25],"lerp_mode":"catmullrom"},"0.5833":{"post":[-0.25,0.25,-0.25],"lerp_mode":"catmullrom"},"0.875":{"post":[0,-0.5,0.25],"lerp_mode":"catmullrom"},"1.3333":{"post":[0.25,0.25,-0.25],"lerp_mode":"catmullrom"},"1.6667":{"post":[-0.1,-0.5,0.25],"lerp_mode":"catmullrom"}}},"neck":{"rotation":{"0.0":{"post":[-8.238,-13.53305,0.54098],"lerp_mode":"catmullrom"},"0.25":{"post":[-6.17,-13.28,9.35],"lerp_mode":"catmullrom"},"0.5":{"post":[-0.02641,-3,9.76211],"lerp_mode":"catmullrom"},"0.9167":{"post":[-4.97198,10.99041,-0.28596],"lerp_mode":"catmullrom"},"1.2083":{"post":[0.36072,11.75011,-9.60838],"lerp_mode":"catmullrom"},"1.4583":{"post":[-6.72156,-5.95476,-9.32903],"lerp_mode":"catmullrom"},"1.6667":{"post":[-8.238,-13.53305,0.54098],"lerp_mode":"catmullrom"}}},"head":{"rotation":{"0.0":{"post":[-1.41,-6.22,-3],"lerp_mode":"catmullrom"},"0.25":{"post":[3.69,-15.8,11.48],"lerp_mode":"catmullrom"},"0.5833":{"post":[1.96,-5.91,22.29],"lerp_mode":"catmullrom"},"0.8333":{"post":[-2.47198,10.99041,-0.28596],"lerp_mode":"catmullrom"},"1.125":{"post":[-1.13928,14.25011,-17.10838],"lerp_mode":"catmullrom"},"1.375":{"post":[-0.72156,9.04524,-16.82903],"lerp_mode":"catmullrom"},"1.6667":{"post":[-1.41,-6.22,-3],"lerp_mode":"catmullrom"}}},"leg_left":{"rotation":{"0.0":[39.48,0.22,5.38],"0.0833":[41.14651,0.21736,5.37928],"0.5":{"pre":[-47.38,-11.36,-25.84],"post":[-47.38,-11.36,-25.84],"lerp_mode":"catmullrom"},"0.625":{"post":[-56.76498,-20.90433,0.96822],"lerp_mode":"catmullrom"},"0.7083":[-51.14713,-18.69826,0.02031],"0.7917":[14.14319,-14.4238,-9.3],"0.8333":[26.79633,-6.7867,-15.69509],"0.875":[33.98869,-0.78823,-18.41221],"1.0417":{"pre":[29.14743,12.43547,-5.56431],"post":[29.14743,12.43547,-5.56431],"lerp_mode":"catmullrom"},"1.2083":{"post":[-13.21,9.75,11.05],"lerp_mode":"catmullrom"},"1.3333":{"post":[-36,2.10258,9.29722],"lerp_mode":"catmullrom"},"1.4583":[21.03423,-4.46194,4.1408],"1.5":[29.77295,1.37478,5.95178],"1.5417":[36.4559,-2.97618,0.61931],"1.5833":[38.55,-1.13,1],"1.625":[38.64651,0.21736,5.37928],"1.6667":[39.48,0.22,5.38]},"position":{"0.0":[0.15,-0.45,-0.25],"0.0833":[0,-0.7,-0.65],"0.1667":[0,-0.7,-0.65],"0.25":[0,-0.2,-0.65],"0.5":{"pre":[0.21,0.6,-2.96],"post":[0.21,0.6,-2.96],"lerp_mode":"catmullrom"},"0.625":{"post":[0.95,0.25,-2.25],"lerp_mode":"catmullrom"},"0.7083":[1.25,-0.15,-1.5],"0.7917":[1.05,-1.15,-0.5],"0.8333":[1,-1.28,-0.45],"0.875":[0.95,-1.4,-0.4],"1.0417":[0.75,-1,-0.25],"1.0833":[0.95,-0.4,-0.4],"1.3333":[0.4,-1.05,-1.1],"1.375":[0.48,-0.71,-1.33],"1.4167":[0.51,-0.31,-1.77],"1.4583":[0.45,-0.32,-1.16],"1.5":[0.5,-0.3,-0.56],"1.5417":[0.4,-0.42,-0.46],"1.6667":[0.15,-0.45,-0.25]},"scale":{"0.0":[1,0.9958,1],"0.8333":[1,0.9935,1],"0.875":[1,1,1],"0.9583":{"pre":[1,1.3,1],"post":[1,1.3,1],"lerp_mode":"catmullrom"},"1.0417":{"post":[1,1.3,1],"lerp_mode":"catmullrom"},"1.2083":{"post":[1,1,1],"lerp_mode":"catmullrom"},"1.2917":{"post":[0.9,1.27,1],"lerp_mode":"catmullrom"},"1.4167":{"post":[1,1.1,1],"lerp_mode":"catmullrom"},"1.5833":{"post":[1,1,1],"lerp_mode":"catmullrom"},"1.6667":[1,0.9958,1]}},"leg_left2":{"rotation":{"0.0":[48.82,0,0],"0.0833":[27.15,0,0],"0.625":[36,0,0],"0.7083":[68.5,0,0],"0.7917":[15.5,0,0],"0.8333":[15.85,0,0],"1.0417":[12.5,0,0],"1.3333":[20,0,0],"1.375":[35.36939,0,0],"1.4583":[41.29525,0,0],"1.5":[62,0,0],"1.5417":[60.48603,0,0],"1.625":[59.65,0,0],"1.6667":[48.82,0,0]},"position":{"0.0":[0,0,0],"0.0833":[0,0,0],"0.5417":[0,0,0],"0.8333":[0,0,0],"1.6667":[0,0,0]}},"foot_left":{"rotation":{"0.0":{"post":[9.76,-20.09,14.46],"lerp_mode":"catmullrom"},"0.0833":{"post":[57.39162,-22.47949,12.5679],"lerp_mode":"catmullrom"},"0.3333":{"post":[84.89162,-17.47949,7.5679],"lerp_mode":"catmullrom"},"0.5":{"post":[-26.67,-7.77,1.34],"lerp_mode":"catmullrom"},"0.625":[-10.43,4.15,2.5],"0.7083":[-17.14742,1.06579,-0.74121],"0.7917":[-26.82718,0.89849,9.70151],"0.8333":[-19.17209,1.60528,17.92201],"0.875":[-7.517,2.31206,26.14252],"0.9583":{"pre":[12.77497,-9.23244,21.33234],"post":[12.77497,-9.23244,21.33234],"lerp_mode":"catmullrom"},"1.0417":{"post":[65,-15,12.5],"lerp_mode":"catmullrom"},"1.1667":{"post":[84.96,-7.96,6.76],"lerp_mode":"catmullrom"},"1.3333":{"post":[39.82725,0.6817,2.55337],"lerp_mode":"catmullrom"},"1.375":[-12.69267,-0.81959,-7.41523],"1.4167":[-38.16814,-2.36849,-3.53783],"1.4583":[-60.81103,-3.76042,0.04718],"1.5":[-68.97529,-4.41896,10.68576],"1.5417":[-55.5401,0.28185,13.93547],"1.625":{"pre":[-14.00437,-17.00384,14.89391],"post":[-14.00437,-17.00384,14.89391],"lerp_mode":"catmullrom"},"1.6667":{"post":[9.76,-20.09,14.46],"lerp_mode":"catmullrom"}},"position":{"0.0":[0,-0.32,-0.33],"0.0833":[0,-1.09,-0.33],"0.5":[0,-0.75,0],"0.625":[0,-0.75,0],"0.6667":[0,-0.25,-0.27],"0.7083":[0,-0.75,-0.35],"0.75":[0,-0.65,-0.15],"0.7917":[0,-0.65,-0.35],"0.8333":[0,-0.77,-0.3],"1.3333":[0,-0.75,0.25],"1.375":[0,-0.94,-0.17],"1.4167":[0,-0.31,-0.4],"1.4583":[0,-0.14,-0.53],"1.5":[0,0.33,-0.43],"1.5417":[0,0.16,-0.43],"1.625":[0,0.06,-0.33],"1.6667":[0,-0.32,-0.33]},"scale":{"0.0":{"post":[0.95,1.05,1],"lerp_mode":"catmullrom"},"0.125":{"post":[0.9,1.3,1],"lerp_mode":"catmullrom"},"0.6667":{"post":[1,1,1],"lerp_mode":"catmullrom"},"0.875":{"post":[1.25,0.85,0.95],"lerp_mode":"catmullrom"},"0.9583":{"post":[1.1019,0.88,1.1037],"lerp_mode":"catmullrom"},"1.0833":{"post":[0.95,1,1.1],"lerp_mode":"catmullrom"},"1.2083":{"post":[0.92,0.98,1],"lerp_mode":"catmullrom"},"1.2917":{"post":[0.95,0.9,0.9],"lerp_mode":"catmullrom"},"1.375":{"post":[1.2,0.97,0.97],"lerp_mode":"catmullrom"},"1.5833":{"post":[1,1,1],"lerp_mode":"catmullrom"},"1.6667":{"post":[0.95,1.05,1],"lerp_mode":"catmullrom"}}},"leg_right":{"rotation":{"0.0":[26.79633,6.7867,15.69509],"0.0417":[33.98869,0.78823,18.41221],"0.2083":{"pre":[29.14743,-12.43547,5.56431],"post":[29.14743,-12.43547,5.56431],"lerp_mode":"catmullrom"},"0.375":{"post":[-13.21,-9.75,-11.05],"lerp_mode":"catmullrom"},"0.5":{"post":[-36,-2.10258,-9.29722],"lerp_mode":"catmullrom"},"0.625":[21.03423,4.46194,-4.1408],"0.6667":[29.77295,-1.37478,-5.95178],"0.7083":[36.4559,2.97618,-0.61931],"0.75":[38.55,1.13,-1],"0.7917":[38.64651,-0.21736,-5.37928],"0.9167":[41.14651,-0.21736,-5.37928],"1.3333":{"pre":[-47.38,11.36,25.84],"post":[-47.38,11.36,25.84],"lerp_mode":"catmullrom"},"1.4583":{"post":[-56.76498,20.90433,-0.96822],"lerp_mode":"catmullrom"},"1.5417":[-51.14713,18.69826,-0.02031],"1.625":[14.14319,14.4238,9.3],"1.6667":[26.79633,6.7867,15.69509]},"position":{"0.0":[-1,-1.28,-0.45],"0.0417":[-0.95,-1.4,-0.4],"0.2083":[-0.75,-1,-0.25],"0.25":[-0.95,-0.4,-0.4],"0.5":[-0.4,-1.05,-1.1],"0.5417":[-0.48,-0.71,-1.33],"0.5833":[-0.51,-0.31,-1.77],"0.625":[-0.45,-0.32,-1.16],"0.6667":[-0.5,-0.3,-0.56],"0.7083":[-0.4,-0.42,-0.46],"0.8333":[-0.15,-0.45,-0.25],"0.9167":[0,-0.7,-0.65],"1.0":[0,-0.7,-0.65],"1.0833":[0,-0.2,-0.65],"1.3333":{"pre":[-0.21,0.6,-2.96],"post":[-0.21,0.6,-2.96],"lerp_mode":"catmullrom"},"1.4583":{"post":[-0.95,0.25,-2.25],"lerp_mode":"catmullrom"},"1.5417":[-1.25,-0.15,-1.5],"1.625":[-1.05,-1.15,-0.5],"1.6667":[-1,-1.28,-0.45]},"scale":{"0.0":[1,0.9935,1],"0.0417":[1,1,1],"0.125":{"pre":[1,1.3,1],"post":[1,1.3,1],"lerp_mode":"catmullrom"},"0.2083":{"post":[1,1.3,1],"lerp_mode":"catmullrom"},"0.375":{"post":[1,1,1],"lerp_mode":"catmullrom"},"0.4583":{"post":[0.9,1.27,1],"lerp_mode":"catmullrom"},"0.5833":{"post":[1,1.1,1],"lerp_mode":"catmullrom"},"0.75":{"post":[1,1,1],"lerp_mode":"catmullrom"},"1.6667":[1,0.9935,1]}},"leg_right2":{"rotation":{"0.0":[15.85,0,0],"0.2083":[12.5,0,0],"0.5":[20,0,0],"0.5417":[35.36939,0,0],"0.625":[41.29525,0,0],"0.6667":[62,0,0],"0.7083":[60.48603,0,0],"0.7917":[59.65,0,0],"0.9167":[27.15,0,0],"1.4583":[36,0,0],"1.5417":[68.5,0,0],"1.625":[15.5,0,0],"1.6667":[15.85,0,0]},"position":{"0.0":[0,0,0],"0.9167":[0,0,0],"1.375":[0,0,0],"1.6667":[0,0,0]}},"foot_right":{"rotation":{"0.0":[-19.17209,-1.60528,-17.92201],"0.0417":[-7.517,-2.31206,-26.14252],"0.125":{"pre":[12.77497,9.23244,-21.33234],"post":[12.77497,9.23244,-21.33234],"lerp_mode":"catmullrom"},"0.2083":{"post":[65,15,-12.5],"lerp_mode":"catmullrom"},"0.3333":{"post":[84.96,7.96,-6.76],"lerp_mode":"catmullrom"},"0.5":{"post":[39.82725,-0.6817,-2.55337],"lerp_mode":"catmullrom"},"0.5417":[-12.69267,0.81959,7.41523],"0.5833":[-38.16814,2.36849,3.53783],"0.625":[-60.81103,3.76042,-0.04718],"0.6667":[-68.97529,4.41896,-10.68576],"0.7083":[-55.5401,-0.28185,-13.93547],"0.7917":{"pre":[-14.00437,17.00384,-14.89391],"post":[-14.00437,17.00384,-14.89391],"lerp_mode":"catmullrom"},"0.8333":{"post":[9.76,20.09,-14.46],"lerp_mode":"catmullrom"},"0.9167":{"post":[57.39162,22.47949,-12.5679],"lerp_mode":"catmullrom"},"1.1667":{"post":[84.89162,17.47949,-7.5679],"lerp_mode":"catmullrom"},"1.3333":{"post":[-26.67,7.77,-1.34],"lerp_mode":"catmullrom"},"1.4583":[-10.43,-4.15,-2.5],"1.5417":[-17.14742,-1.06579,0.74121],"1.625":[-26.82718,-0.89849,-9.70151],"1.6667":[-19.17209,-1.60528,-17.92201]},"position":{"0.0":[0,-0.77,-0.3],"0.5":[0,-0.75,0.25],"0.5417":[0,-0.94,-0.17],"0.5833":[0,-0.31,-0.4],"0.625":[0,-0.14,-0.53],"0.6667":[0,0.33,-0.43],"0.7083":[0,0.16,-0.43],"0.7917":[0,0.06,-0.33],"0.8333":[0,-0.32,-0.33],"0.9167":[0,-1.09,-0.33],"1.3333":[0,-0.75,0],"1.4583":[0,-0.75,0],"1.5":[0,-0.25,-0.27],"1.5417":[0,-0.75,-0.35],"1.5833":[0,-0.65,-0.15],"1.625":[0,-0.65,-0.35],"1.6667":[0,-0.77,-0.3]},"scale":{"0.0":{"post":[1.2231,0.8677,0.9478],"lerp_mode":"catmullrom"},"0.0417":{"post":[1.23,0.85,0.95],"lerp_mode":"catmullrom"},"0.125":{"post":[1.18,0.88,1.1037],"lerp_mode":"catmullrom"},"0.25":{"post":[0.95,1,1.1],"lerp_mode":"catmullrom"},"0.375":{"post":[0.92,0.98,1],"lerp_mode":"catmullrom"},"0.4583":{"post":[0.95,0.9,0.9],"lerp_mode":"catmullrom"},"0.5417":{"post":[1.2,0.97,0.97],"lerp_mode":"catmullrom"},"0.75":{"post":[1,1,1],"lerp_mode":"catmullrom"},"0.8333":{"post":[0.975,1.05,1],"lerp_mode":"catmullrom"},"0.9583":{"post":[0.9,1.3,1],"lerp_mode":"catmullrom"},"1.5":{"post":[1,1,1],"lerp_mode":"catmullrom"},"1.6667":{"post":[1.2231,0.8677,0.9478],"lerp_mode":"catmullrom"}}},"toe_right":{"rotation":{"0.0":[-18.25,0,0],"0.0417":[-36.5,0,0],"0.125":[0,0,0],"0.2083":[-27.5,0,0],"0.5":[-8.55,0,0],"0.5417":[0,0,0],"0.625":[0,0,0],"0.6667":[-22.34633,0,0],"0.7083":[-38.5,0,0],"0.9167":[0,0,0],"1.625":[0,0,0],"1.6667":[-18.25,0,0]}},"arm_right":{"rotation":{"0.0":{"post":[3.92,16.34,-12.95],"lerp_mode":"catmullrom"},"0.4583":{"post":[16.73706,40.98834,-9.99251],"lerp_mode":"catmullrom"},"0.8333":{"post":[11.28,-1.71,-13.81],"lerp_mode":"catmullrom"},"0.9583":{"post":[-22.86968,-27.25224,-20.69758],"lerp_mode":"catmullrom"},"1.2917":{"post":[-28.31224,-26.24371,-23.32668],"lerp_mode":"catmullrom"},"1.5":{"post":[-24.47315,7.78297,-20.61707],"lerp_mode":"catmullrom"},"1.6667":{"post":[3.92,16.34,-12.95],"lerp_mode":"catmullrom"}},"position":[-0.5,0,"math.sin(q.anim_time*90*2.4)"]},"arm_right2":{"rotation":{"0.0":{"post":[0,-53.09,0],"lerp_mode":"catmullrom"},"0.3333":{"post":[0,-2.5,0],"lerp_mode":"catmullrom"},"0.8333":{"post":[0,-2.5,0],"lerp_mode":"catmullrom"},"1.125":{"post":[0,-68,0],"lerp_mode":"catmullrom"},"1.5417":{"post":[0,-68,0],"lerp_mode":"catmullrom"},"1.6667":{"post":[0,-53.09,0],"lerp_mode":"catmullrom"}}},"arm_left":{"rotation":{"0.0":{"post":[11.28,1.71,16.31],"lerp_mode":"catmullrom"},"0.125":{"post":[-15.36968,27.25224,22.19758],"lerp_mode":"catmullrom"},"0.4583":{"post":[-20.81224,26.24371,25.82668],"lerp_mode":"catmullrom"},"0.6667":{"post":[-16.97315,-7.78297,23.11707],"lerp_mode":"catmullrom"},"0.875":{"post":[6.98165,-18.8941,16.71329],"lerp_mode":"catmullrom"},"1.2917":{"post":[16.73706,-40.98834,12.49251],"lerp_mode":"catmullrom"},"1.6667":{"post":[11.28,1.71,16.31],"lerp_mode":"catmullrom"}},"position":[0.5,0,"-math.sin(q.anim_time*90*2.4)"]},"arm_left2":{"rotation":{"0.0":{"post":[0,2.5,0],"lerp_mode":"catmullrom"},"0.2917":{"post":[0,68,0],"lerp_mode":"catmullrom"},"0.7083":{"post":[0,68,0],"lerp_mode":"catmullrom"},"1.1667":{"post":[0,2.5,0],"lerp_mode":"catmullrom"},"1.6667":{"post":[0,2.5,0],"lerp_mode":"catmullrom"}}},"toe_left":{"rotation":{"0.0":[-15.4,0,0],"0.0833":[0,0,0],"0.7917":[0,0,0],"0.8333":[-18.25,0,0],"0.875":[-36.5,0,0],"0.9583":[0,0,0],"1.0417":[-27.5,0,0],"1.3333":[-8.55,0,0],"1.375":[0,0,0],"1.4583":[0,0,0],"1.5":[-22.34633,0,0],"1.5417":[-38.5,0,0],"1.6667":[-15.4,0,0]}},"tail":{"rotation":{"0.0":{"post":[-14.79,-16.49056,0],"lerp_mode":"catmullrom"},"0.2917":{"post":[29.5,-22.46,-9.76],"lerp_mode":"catmullrom"},"0.5":{"post":[28.3,-19.42,-9.13],"lerp_mode":"catmullrom"},"0.6667":{"post":[-15,-1.23,-5.27],"lerp_mode":"catmullrom"},"1.0417":{"post":[-27.5,21.44154,10.75389],"lerp_mode":"catmullrom"},"1.25":{"post":[16.34,20.88507,11.9282],"lerp_mode":"catmullrom"},"1.4583":{"post":[15.14,9.04,7.41],"lerp_mode":"catmullrom"},"1.6667":{"post":[-14.79,-16.49056,0],"lerp_mode":"catmullrom"}}},"ear_right":{"rotation":{"0.0":{"post":[12.5,32.5,-5],"lerp_mode":"catmullrom"},"0.2083":{"post":[14.11,22.5,-18.36],"lerp_mode":"catmullrom"},"0.375":{"post":[5,10.5,-26.84],"lerp_mode":"catmullrom"},"0.625":{"post":[-5,1.5,-22.52],"lerp_mode":"catmullrom"},"0.7917":{"post":[9.64,3,-3.95],"lerp_mode":"catmullrom"},"0.9583":{"post":[10,12.5,11.31],"lerp_mode":"catmullrom"},"1.1667":{"post":[-12.5,30,16.15],"lerp_mode":"catmullrom"},"1.375":{"post":[-17.74,35,8.53],"lerp_mode":"catmullrom"},"1.6667":{"post":[12.5,32.5,-5],"lerp_mode":"catmullrom"}}},"ear_right2":{"rotation":{"0.0":{"post":[2.5,0,8.52],"lerp_mode":"catmullrom"},"0.125":{"post":[14,0,-1.05],"lerp_mode":"catmullrom"},"0.375":{"post":[25,0,-8.65],"lerp_mode":"catmullrom"},"0.5417":{"post":[2.5,0,-11.15],"lerp_mode":"catmullrom"},"0.75":{"post":[2.26,0,-8.53],"lerp_mode":"catmullrom"},"1.0":{"post":[16,0,0.25],"lerp_mode":"catmullrom"},"1.2083":{"post":[4.11,0,7.36],"lerp_mode":"catmullrom"},"1.375":{"post":[-2.5,0,9.84],"lerp_mode":"catmullrom"},"1.6667":{"post":[2.5,0,8.52],"lerp_mode":"catmullrom"}},"position":[0,-0.5,0]},"ear_left":{"rotation":{"0.0":{"post":[22.5,5,0],"lerp_mode":"catmullrom"},"0.25":{"post":[16.61,-2.5,-15.86],"lerp_mode":"catmullrom"},"0.4167":{"post":[2.5,-11.5,-24.34],"lerp_mode":"catmullrom"},"0.6667":{"post":[-7.5,-22.5,-20.02],"lerp_mode":"catmullrom"},"0.8333":{"post":[12.14,-22.5,-11.45],"lerp_mode":"catmullrom"},"1.0":{"post":[15,-17.5,8.81],"lerp_mode":"catmullrom"},"1.2083":{"post":[-12.5,-2.5,21.15],"lerp_mode":"catmullrom"},"1.4167":{"post":[-15.24,5,16.03],"lerp_mode":"catmullrom"},"1.6667":{"post":[22.5,5,0],"lerp_mode":"catmullrom"}}},"ear_left2":{"rotation":{"0.0":{"post":[2.5,0,8.52],"lerp_mode":"catmullrom"},"0.125":{"post":[14,0,-1.05],"lerp_mode":"catmullrom"},"0.4167":{"post":[25,0,-8.65],"lerp_mode":"catmullrom"},"0.5833":{"post":[2.5,0,-11.15],"lerp_mode":"catmullrom"},"0.75":{"post":[2.26,0,-8.03],"lerp_mode":"catmullrom"},"1.0":{"post":[16,0,0.25],"lerp_mode":"catmullrom"},"1.25":{"post":[4.11,0,10.86],"lerp_mode":"catmullrom"},"1.4167":{"post":[-2.5,0,13.34],"lerp_mode":"catmullrom"},"1.6667":{"post":[2.5,0,8.52],"lerp_mode":"catmullrom"}},"position":[0,-0.5,0]},"ear_left4":{"rotation":{"0.0":{"post":[0,0,2],"lerp_mode":"catmullrom"},"0.2083":{"post":[0,0,1.79],"lerp_mode":"catmullrom"},"0.4583":{"post":[0,0,-4.2],"lerp_mode":"catmullrom"},"0.7917":{"post":[0,0,-6.71],"lerp_mode":"catmullrom"},"1.0417":{"post":[0,0,5.96],"lerp_mode":"catmullrom"},"1.3333":{"post":[0,0,2.76],"lerp_mode":"catmullrom"},"1.6667":{"post":[0,0,2],"lerp_mode":"catmullrom"}}},"hair_right_top":{"rotation":{"0.0":{"post":[-30,33.27,-18.81],"lerp_mode":"catmullrom"},"0.4167":{"post":[-30,0,7.24],"lerp_mode":"catmullrom"},"0.625":{"post":[-30,-5,-6.57],"lerp_mode":"catmullrom"},"0.8333":{"post":[-30,2.5,-15],"lerp_mode":"catmullrom"},"1.25":{"post":[-30,30,19.2],"lerp_mode":"catmullrom"},"1.6667":{"post":[-30,33.27,-18.81],"lerp_mode":"catmullrom"}}},"hair_right_bottom":{"rotation":{"0.0":{"post":[0,20,-7.5],"lerp_mode":"catmullrom"},"0.4583":{"post":[0,-5,10.81],"lerp_mode":"catmullrom"},"0.9583":{"post":[0,-5,-4.26],"lerp_mode":"catmullrom"},"1.3333":{"post":[0,20,17.87],"lerp_mode":"catmullrom"},"1.6667":{"post":[0,20,-7.5],"lerp_mode":"catmullrom"}}},"hair_left_top":{"rotation":{"0.0":{"post":[-30,0,15],"lerp_mode":"catmullrom"},"0.4167":{"post":[-30,-30,-19.2],"lerp_mode":"catmullrom"},"0.875":{"post":[-30,-32.5,19.96],"lerp_mode":"catmullrom"},"1.25":{"post":[-30,2.5,-12.24],"lerp_mode":"catmullrom"},"1.4583":{"post":[-30,10,1.57],"lerp_mode":"catmullrom"},"1.6667":{"post":[-30,0,15.11],"lerp_mode":"catmullrom"}}},"hair_left_bottom":{"rotation":{"0.0":{"post":[0,2.5,7.5],"lerp_mode":"catmullrom"},"0.2083":{"post":[0,-7.5,7.29],"lerp_mode":"catmullrom"},"0.5417":{"post":[0,-17.5,-19.2],"lerp_mode":"catmullrom"},"0.9583":{"post":[0,-7.5,14.96],"lerp_mode":"catmullrom"},"1.3333":{"post":[0,2.5,-12.24],"lerp_mode":"catmullrom"},"1.6667":{"post":[0,2.5,7.5],"lerp_mode":"catmullrom"}}},"ear_right3":{"rotation":{"0.0":{"post":[-3.83,0,11.46],"lerp_mode":"catmullrom"},"0.125":{"post":[-0.33,0,11.46],"lerp_mode":"catmullrom"},"0.2083":{"post":[17.14,0,-1.05],"lerp_mode":"catmullrom"},"0.5":{"post":[25,0,-8.65],"lerp_mode":"catmullrom"},"0.7083":{"post":[6.5,0,-11.15],"lerp_mode":"catmullrom"},"0.875":{"post":[7.26,0,-6.03],"lerp_mode":"catmullrom"},"1.0833":{"post":[23.86,0,0.25],"lerp_mode":"catmullrom"},"1.2917":{"post":[4.11,0,10.86],"lerp_mode":"catmullrom"},"1.4583":{"post":[-2.5,0,13.34],"lerp_mode":"catmullrom"},"1.6667":{"post":[-3.83,0,11.46],"lerp_mode":"catmullrom"}},"position":[0,-0.5,0]},"ear_left3":{"rotation":{"0.0":{"post":[-2.64,0,12.68],"lerp_mode":"catmullrom"},"0.125":{"post":[2.5,0,8.52],"lerp_mode":"catmullrom"},"0.25":{"post":[22.14,0,-1.05],"lerp_mode":"catmullrom"},"0.5417":{"post":[25,0,-8.65],"lerp_mode":"catmullrom"},"0.7083":{"post":[2.5,0,-11.15],"lerp_mode":"catmullrom"},"0.9167":{"post":[9.76,0,-6.03],"lerp_mode":"catmullrom"},"1.125":{"post":[23.86,0,0.25],"lerp_mode":"catmullrom"},"1.375":{"post":[9.11,0,10.86],"lerp_mode":"catmullrom"},"1.5417":{"post":[-2.5,0,13.34],"lerp_mode":"catmullrom"},"1.6667":{"post":[-2.64,0,12.68],"lerp_mode":"catmullrom"}}}}},"animation.scorbunny_animeallstars.battle_idle":{"loop":true,"animation_length":0.9167,"bones":{"body":{"position":{"0.0":{"post":[1,-0.5,0],"lerp_mode":"catmullrom"},"0.0833":{"post":[1.15,-1.5,0],"lerp_mode":"catmullrom"},"0.2083":{"post":[1.1,-0.35,0],"lerp_mode":"catmullrom"},"0.2917":{"post":[1.75,3.35,0],"lerp_mode":"catmullrom"},"0.375":{"post":[2.6,3.35,0],"lerp_mode":"catmullrom"},"0.4583":{"post":[3,-0.5,0],"lerp_mode":"catmullrom"},"0.5417":{"post":[3.1,-1.5,0],"lerp_mode":"catmullrom"},"0.6667":{"post":[3.15,-0.35,0],"lerp_mode":"catmullrom"},"0.75":{"post":[2.25,3.85,0],"lerp_mode":"catmullrom"},"0.8333":{"post":[1.45,3.85,0],"lerp_mode":"catmullrom"},"0.9167":{"post":[1,-0.5,0],"lerp_mode":"catmullrom"}}},"torso":{"rotation":["25-math.cos(q.anim_time*90*8.74-30)*8","0+math.cos(q.anim_time*90*4.37-50)*20","0-math.cos(q.anim_time*90*4.37-50)*20"],"position":{"0.0":{"post":[-0.05,0.5,0],"lerp_mode":"catmullrom"},"0.0833":{"post":[-0.15,1,0],"lerp_mode":"catmullrom"},"0.1667":{"post":[-0.15,1.1,0],"lerp_mode":"catmullrom"},"0.5":{"post":[0.15,1,0],"lerp_mode":"catmullrom"},"0.5833":{"post":[0.15,1,0],"lerp_mode":"catmullrom"},"0.7083":{"post":[0.05,0.95,0],"lerp_mode":"catmullrom"},"0.7917":{"post":[-0.03,0.54,0],"lerp_mode":"catmullrom"},"0.8333":{"post":[-0.05,0.45,0],"lerp_mode":"catmullrom"},"0.9167":{"post":[-0.05,0.5,0],"lerp_mode":"catmullrom"}}},"neck":{"rotation":["5.5 - math.sin(q.anim_time*90*8.73-50)*6","0-math.cos(q.anim_time*90*4.37-50)*14","0+math.cos(q.anim_time*90*4.37-35)*17"],"position":["math.cos(q.anim_time*90*8.73)*0.2",0.25,-0.1]},"head":{"rotation":["-29.5 + math.cos(q.anim_time*90*8.73-20)*8","0 - math.cos(q.anim_time*90*4.37-50)*6","0 + math.cos(q.anim_time*90*4.37-50)*2"],"position":[0,0,-0.25]},"arm_right":{"rotation":["-20-math.cos((q.anim_time*90-15)*4.37)*30","NaN-math.cos((q.anim_time*90-18)*4.37)*50","-20+math.cos((q.anim_time*90-17)*4.37)*20"]},"leg_left":{"rotation":{"0.0":[-111.30606,-18.62164,-10.7198],"0.0833":{"pre":[-126.31,-18.62,-10.72],"post":[-126.31,-18.62,-10.72],"lerp_mode":"catmullrom"},"0.2083":{"post":[-118.80606,-18.62164,-10.7198],"lerp_mode":"catmullrom"},"0.3333":{"post":[-89.09,-20.54,-9.89],"lerp_mode":"catmullrom"},"0.4167":[-33.68295,-26.07812,-14.06587],"0.4583":[-33.95643,-24.97123,-2.25691],"0.5417":[-22.26275,-38.63577,-4.77657],"0.6667":[-17.26275,-38.63577,-4.77657],"0.7083":[-16.08697,-31.89624,-15.29499],"0.75":[-20.54808,-28.35461,-19.94737],"0.9167":[-111.30606,-18.62164,-10.7198]},"position":{"0.0":{"post":[-0.1,1.25,-3.3],"lerp_mode":"catmullrom"},"0.125":{"post":[0,2,-3.5],"lerp_mode":"catmullrom"},"0.2917":{"post":[0.3,0.77,-2.51],"lerp_mode":"catmullrom"},"0.4167":{"post":[0.22,-0.04,-0.62],"lerp_mode":"catmullrom"},"0.4583":{"post":[0.18,0.07,-0.14],"lerp_mode":"catmullrom"},"0.5417":{"post":[-0.06,0.23,-0.06],"lerp_mode":"catmullrom"},"0.6667":{"post":[-0.06,0.23,-0.31],"lerp_mode":"catmullrom"},"0.7083":{"post":[-0.05,-0.19,-0.88],"lerp_mode":"catmullrom"},"0.7917":{"post":[-0.02,0.58,-1.39],"lerp_mode":"catmullrom"},"0.9167":{"post":[-0.1,1.25,-3.3],"lerp_mode":"catmullrom"}}},"leg_left2":{"rotation":{"0.0":{"post":[125,0,0],"lerp_mode":"catmullrom"},"0.125":{"post":[115,0,0],"lerp_mode":"catmullrom"},"0.2917":{"post":[91.76,0,0],"lerp_mode":"catmullrom"},"0.4167":{"post":[47.81,0,0],"lerp_mode":"catmullrom"},"0.4583":{"post":[74.97,0,0],"lerp_mode":"catmullrom"},"0.5417":{"post":[66.8419,0,0],"lerp_mode":"catmullrom"},"0.6667":{"post":[49.3419,0,0],"lerp_mode":"catmullrom"},"0.7083":{"post":[39.17184,-2.18203,-0.4883],"lerp_mode":"catmullrom"},"0.75":{"post":[31.15388,0,0],"lerp_mode":"catmullrom"},"0.9167":{"post":[125,0,0],"lerp_mode":"catmullrom"}},"position":{"0.0":{"post":[0,0,1],"lerp_mode":"catmullrom"},"0.25":{"post":[0,0,0.9],"lerp_mode":"catmullrom"},"0.2917":{"post":[0,0,0.1],"lerp_mode":"catmullrom"},"0.7917":{"post":[0,0,0.1],"lerp_mode":"catmullrom"},"0.875":{"post":[0,0,0.9],"lerp_mode":"catmullrom"},"0.9167":{"post":[0,0,1],"lerp_mode":"catmullrom"}}},"foot_left":{"rotation":{"0.0":{"post":[-55,0,0],"lerp_mode":"catmullrom"},"0.125":{"post":[-55,0,0],"lerp_mode":"catmullrom"},"0.25":{"post":[-15.55,-0.88,1.32],"lerp_mode":"catmullrom"},"0.375":{"post":[50.94476,-11.56153,6.77035],"lerp_mode":"catmullrom"},"0.4167":{"post":[37.42021,-14.51815,16.74371],"lerp_mode":"catmullrom"},"0.4583":{"post":[-28.66806,-10.78695,12.96679],"lerp_mode":"catmullrom"},"0.5417":{"post":[-41.23544,1.54908,7.79228],"lerp_mode":"catmullrom"},"0.5833":[-35.62622,-0.25944,5.99551],"0.6667":[-18.78255,-0.67514,5.90759],"0.7083":[18.2052,-5.58497,12.92305],"0.75":{"pre":[49.95148,-7.59699,18.29643],"post":[49.95148,-7.59699,18.29643],"lerp_mode":"catmullrom"},"0.9167":{"post":[-55,0,0],"lerp_mode":"catmullrom"}},"position":{"0.0":[0,0,-0.25],"0.25":[0,0,-0.25],"0.2917":[0,-0.52,-0.4],"0.375":[0,-0.71,0],"0.4167":[0,-0.56,0],"0.5":[0,-0.06,0.1],"0.5417":[0,-0.11,0],"0.5833":[0,-0.21,0.1],"0.6667":[0,-0.11,0],"0.7083":[0,-0.61,0],"0.75":[0,-0.62,0],"0.8333":[0,-0.52,0],"0.9167":[0,0,-0.25]}},"toe_left":{"rotation":{"0.0":{"post":[0,0,0],"lerp_mode":"catmullrom"},"0.125":{"post":[-5,0,0],"lerp_mode":"catmullrom"},"0.25":{"post":[-27.54,0,0],"lerp_mode":"catmullrom"},"0.375":{"post":[-4.06,0,0],"lerp_mode":"catmullrom"},"0.4167":{"post":[-45.46,0,0],"lerp_mode":"catmullrom"},"0.4583":{"post":[-12.77,0,0],"lerp_mode":"catmullrom"},"0.5417":[-0.46,0,0],"0.5833":[0,0,0],"0.6667":[-10.46,0,0],"0.7083":[-26.5,0,0],"0.75":{"pre":[-4,0,0],"post":[-4,0,0],"lerp_mode":"catmullrom"},"0.9167":{"post":[0,0,0],"lerp_mode":"catmullrom"}}},"tail":{"rotation":["-30 - math.cos(q.anim_time*90*8.74-150)*21 - math.cos(q.anim_time*90*4.37*8-150)*3","-math.cos(q.anim_time*90*4.37*2-205)*8","math.cos(q.anim_time*90*4.37+20)*7"],"position":[0,"-0.5+math.sin(q.anim_time*90*9.6)*0.1",0]},"arm_right2":{"rotation":[0,"-25-math.cos((q.anim_time*90-22)*4.37)*25",0]},"hair_left_bottom":{"rotation":["-5+math.sin(((q.anim_time-0.09)-0.4)*90*8.73)*5","-10+math.sin(((q.anim_time-0.09)-0.61)*90*4.37)*19","-2.5 + math.cos((q.anim_time-0.07)*90*4.37+35)*9 -math.cos((q.anim_time-0.07)*90*4.37*4-150)*2"]},"hair_left_top":{"rotation":["-27.5+math.sin(((q.anim_time-0.09)-0.36)*90*8.73)*8","-5-math.sin(((q.anim_time-0.09)-0.14)*90*4.37)*11","2.5+math.sin(((q.anim_time-0.07)-0.13)*90*8.73)*5 + math.cos((q.anim_time-0.09)*90*4.37+45)*12"],"position":[0,0,0.25]},"hair_right_bottom":{"rotation":["0-math.sin(((q.anim_time-0.09)-0.185)*90*8.73)*5","10-math.sin(((q.anim_time-0.12)-0.13)*90*4.37)*18","-math.sin(((q.anim_time-0.07)-0.21)*90*8.73)*4 + math.cos((q.anim_time-0.07)*90*4.37+35)*9 +math.cos((q.anim_time-0.07)*90*4.37*4)*2"]},"hair_right_top":{"rotation":["-27.5-math.sin(((q.anim_time-0.165-0.06))*90*8.73)*8","5-math.sin(((q.anim_time-0.09)-0.14)*90*4.37)*12","-5-math.sin(((q.anim_time-0.04)-0.135)*90*8.73)*5 + math.cos((q.anim_time-0.04)*90*4.37+45)*15"],"position":[0,0,0.25]},"mouth_closed":{"position":[0,0,0.2]},"mouth_open":{"position":[0,0,-0.1]},"arm_left":{"rotation":["-20+math.cos((q.anim_time*90-17)*4.37)*30","-math.cos((q.anim_time*90-19)*4.37)*50","20+math.cos((q.anim_time*90-15)*4.37)*20"]},"ear_right":{"rotation":["-5.2089 - math.cos((q.anim_time-0.09)*90*8.74-220)*12","17.3525 + math.cos((q.anim_time-0.09)*90*4.37-30)*6","-4 + math.cos((q.anim_time-0.47)*90*8.73-62)*6 - math.cos((q.anim_time-0.33)*90*4.37+15)*8"]},"ear_right2":{"rotation":["5 - math.cos(q.anim_time*90*8.74-300)*8",0,"math.cos((q.anim_time-0.83)*90*4.37-45)*11"],"position":[0,-0.7,0]},"ear_left":{"rotation":["-5 + math.cos((q.anim_time-0.28)*90*8.74-270)*16","-19.5723 - math.cos((q.anim_time-0.26)*90*4.37-90)*5","3.9041 - math.cos((q.anim_time-0.57)*90*8.73-80)*4 + math.cos((q.anim_time-0.83)*90*4.37-15)*12"]},"ear_left2":{"rotation":["5 - math.cos(q.anim_time*90*8.74-290)*8",0,"math.cos((q.anim_time-0.83)*90*4.37-45)*11"],"position":[0,-0.7,0]},"arm_left2":{"rotation":[0,"25-math.cos((q.anim_time*90-24)*4.37)*25",0]},"ear_left4":{"rotation":[0,0,"-math.cos((q.anim_time-1.04)*90*8.73-100)*4 + math.cos((q.anim_time-1.04)*90*4.37+70)*7"]},"leg_right":{"rotation":{"0.0":[-33.95643,24.97123,2.25691],"0.0833":[-22.26275,38.63577,4.77657],"0.2083":[-17.26275,38.63577,4.77657],"0.25":[-16.08697,31.89624,15.29499],"0.2917":[-20.54808,28.35461,19.94737],"0.4583":{"pre":[-111.30606,18.62164,10.7198],"post":[-111.30606,18.62164,10.7198],"lerp_mode":"catmullrom"},"0.5417":{"post":[-126.31,18.62,10.72],"lerp_mode":"catmullrom"},"0.6667":{"post":[-118.80606,18.62164,10.7198],"lerp_mode":"catmullrom"},"0.7917":{"post":[-89.09,20.54,9.89],"lerp_mode":"catmullrom"},"0.875":[-33.68295,26.07812,14.06587],"0.9167":[-33.95643,24.97123,2.25691]},"position":{"0.0":{"post":[-0.18,0.07,-0.14],"lerp_mode":"catmullrom"},"0.0833":{"post":[0.06,0.23,-0.06],"lerp_mode":"catmullrom"},"0.2083":{"post":[0.06,0.23,-0.31],"lerp_mode":"catmullrom"},"0.25":{"post":[0.05,-0.19,-0.88],"lerp_mode":"catmullrom"},"0.3333":{"post":[0.02,0.58,-1.39],"lerp_mode":"catmullrom"},"0.4583":{"post":[0.1,1.25,-3.3],"lerp_mode":"catmullrom"},"0.5833":{"post":[0,2,-3.5],"lerp_mode":"catmullrom"},"0.75":{"post":[-0.3,0.77,-2.51],"lerp_mode":"catmullrom"},"0.875":{"post":[-0.22,-0.04,-0.62],"lerp_mode":"catmullrom"},"0.9167":{"post":[-0.18,0.07,-0.14],"lerp_mode":"catmullrom"}}},"leg_right2":{"rotation":{"0.0":{"post":[74.97,0,0],"lerp_mode":"catmullrom"},"0.0833":{"post":[66.8419,0,0],"lerp_mode":"catmullrom"},"0.2083":{"post":[49.3419,0,0],"lerp_mode":"catmullrom"},"0.25":{"post":[39.17184,2.18203,0.4883],"lerp_mode":"catmullrom"},"0.2917":{"post":[31.15388,0,0],"lerp_mode":"catmullrom"},"0.4583":{"post":[125,0,0],"lerp_mode":"catmullrom"},"0.5833":{"post":[115,0,0],"lerp_mode":"catmullrom"},"0.75":{"post":[91.76,0,0],"lerp_mode":"catmullrom"},"0.875":{"post":[47.81,0,0],"lerp_mode":"catmullrom"},"0.9167":{"post":[74.97,0,0],"lerp_mode":"catmullrom"}},"position":{"0.0":{"post":[0,0,0.01],"lerp_mode":"catmullrom"},"0.3333":{"post":[0,0,0.1],"lerp_mode":"catmullrom"},"0.4167":{"post":[0,0,0.9],"lerp_mode":"catmullrom"},"0.4583":{"post":[0,0,1],"lerp_mode":"catmullrom"},"0.7083":{"post":[0,0,0.9],"lerp_mode":"catmullrom"},"0.75":{"post":[0,0,0.1],"lerp_mode":"catmullrom"},"0.9167":{"post":[0,0,0.01],"lerp_mode":"catmullrom"}}},"foot_right":{"rotation":{"0.0":{"post":[-28.66806,10.78695,-12.96679],"lerp_mode":"catmullrom"},"0.0833":{"post":[-41.23544,-1.54908,-7.79228],"lerp_mode":"catmullrom"},"0.125":[-35.62622,0.25944,-5.99551],"0.2083":[-18.78255,0.67514,-5.90759],"0.25":[18.2052,5.58497,-12.92305],"0.2917":{"pre":[49.95148,7.59699,-18.29643],"post":[49.95148,7.59699,-18.29643],"lerp_mode":"catmullrom"},"0.4583":{"post":[-55,0,0],"lerp_mode":"catmullrom"},"0.5833":{"post":[-55,0,0],"lerp_mode":"catmullrom"},"0.7083":{"post":[-15.55,0.88,-1.32],"lerp_mode":"catmullrom"},"0.8333":{"post":[50.94476,11.56153,-6.77035],"lerp_mode":"catmullrom"},"0.875":{"post":[37.42021,14.51815,-16.74371],"lerp_mode":"catmullrom"},"0.9167":{"post":[-28.66806,10.78695,-12.96679],"lerp_mode":"catmullrom"}},"position":{"0.0":[0,-0.31,0.05],"0.0417":[0,-0.06,0.1],"0.0833":[0,-0.11,0],"0.125":[0,-0.21,0.1],"0.2083":[0,-0.11,0],"0.25":[0,-0.61,0],"0.2917":[0,-0.62,0],"0.375":[0,-0.52,0],"0.4583":[0,0,-0.25],"0.7083":[0,0,-0.25],"0.75":[0,-0.52,-0.4],"0.8333":[0,-0.71,0],"0.875":[0,-0.56,0],"0.9167":[0,-0.31,0.05]}},"toe_right":{"rotation":{"0.0":[-12.77,0,0],"0.0833":[-0.46,0,0],"0.125":[0,0,0],"0.2083":[-10.46,0,0],"0.25":[-26.5,0,0],"0.2917":[-5,0,0],"0.4583":{"pre":[0,0,0],"post":[0,0,0],"lerp_mode":"catmullrom"},"0.5833":{"post":[-7.5,0,0],"lerp_mode":"catmullrom"},"0.7083":{"post":[-27.54,0,0],"lerp_mode":"catmullrom"},"0.8333":{"post":[-4.06,0,0],"lerp_mode":"catmullrom"},"0.875":{"post":[-45.46,0,0],"lerp_mode":"catmullrom"},"0.9167":[-12.77,0,0]}},"ear_right3":{"rotation":["5 - math.cos(q.anim_time*90*8.74-300)*8",0,"math.cos((q.anim_time-0.83)*90*4.37-45)*16"],"position":[0,-0.7,0]},"ear_left3":{"rotation":["5 - math.cos(q.anim_time*90*8.74-290)*8",0,"math.cos((q.anim_time-0.83)*90*4.37-45)*16"],"position":[0,-0.7,0]}}},"animation.scorbunny_animeallstars.blink":{"animation_length":0.1667,"bones":{"eyelid_right":{"position":{"0.0":[0,0,-0.1],"0.125":[0,0,-0.1],"0.1667":[0,0,0]}},"eyelid_left":{"position":{"0.0":[0,0,-0.1],"0.125":[0,0,-0.1],"0.1667":[0,0,0]}}}},"animation.scorbunny_animeallstars.cry":{"animation_length":2,"bones":{"neck":{"rotation":{"0.0":{"post":[0,0,0],"lerp_mode":"catmullrom"},"0.25":{"post":[10,0,0],"lerp_mode":"catmullrom"},"1.25":{"post":[10,0,0],"lerp_mode":"catmullrom"},"1.5":{"post":[0,0,0],"lerp_mode":"catmullrom"}}},"head":{"rotation":{"0.0":{"post":[0,0,0],"lerp_mode":"catmullrom"},"0.25":{"post":[2.5,0,0],"lerp_mode":"catmullrom"},"0.5":{"post":[-20,0,0],"lerp_mode":"catmullrom"},"1.25":{"post":[-15,0,0],"lerp_mode":"catmullrom"},"1.5":{"post":[0,0,0],"lerp_mode":"catmullrom"},"2.0":{"post":[0,0,0],"lerp_mode":"catmullrom"}}},"mouth_closed":{"position":{"0.25":[0,0,0],"0.3333":[0,0,0.1],"1.1667":[0,0,0.1],"1.25":[0,0,0]}},"mouth_open":{"position":{"0.0":[0,0,0],"0.25":[0,0,-0.1],"1.25":[0,0,-0.1],"1.5":[0,0,0]}}}},"animation.scorbunny_animeallstars.pose":{"loop":true,"animation_length":8,"bones":{"body":{"rotation":[0,0,0],"position":[0,3.1,0]},"torso":{"rotation":[2.18559,9.76061,25.18663]},"neck":{"rotation":[0,-15,-12.5],"position":[-0.25,0,0]},"head":{"rotation":[-7.46533,-15.91701,-4.50555],"position":[0,0.25,0]},"ear_right":{"rotation":[-10.76,-1.35,-21.02]},"ear_right2":{"rotation":[-20,0,0]},"ear_left":{"rotation":[-7.61238,-29.73789,-19.31617]},"ear_left2":{"rotation":[-25,0,0]},"mouth_closed":{"position":[0,0,0.1]},"mouth_open":{"position":[0,0,-0.1]},"arm_right":{"rotation":[-29.67029,20.23258,-6.37191],"position":[0,-0.5,0]},"arm_right2":{"rotation":[0,-12.5,0]},"leg_left":{"rotation":[9.96271,-0.86717,17.42442],"position":[-0.25,-0.5,-0.65]},"leg_left2":{"rotation":[15,0,0],"position":[0,0,0]},"foot_left":{"rotation":[33.51125,-16.29766,-3.02632],"position":[0,-0.5,0]},"arm_right3":{"rotation":[0,0,0]},"toe_left":{"rotation":[-45,0,0]},"tail":{"rotation":[25,27.5,0],"position":[0.65,0.75,0]},"arm_left":{"rotation":[-19.42144,2.67038,-30.42654],"position":[0,0,0]},"arm_left2":{"rotation":[0,10,0]},"arm_left3":{"rotation":[0,0,0]},"mouth_closed_right":{"position":[0,0,0.1]},"mouth_closed_left":{"position":[0,0,0.1]},"leg_right":{"rotation":[-118.80606,18.62164,10.7198],"position":[-0.25,1.5,-2.9]},"leg_right2":{"rotation":[125,0,0],"position":[0,0,1]},"foot_right":{"rotation":[-55,0,0],"position":[0,0,-0.5]},"toe_right":{"rotation":[-17.5,0,0]},"ear_right3":{"rotation":[-20,0,0]},"ear_left3":{"rotation":[-25,0,0]}}},"animation.scorbunny_animeallstars.shocked":{"loop":true,"bones":{"pupil_right":{"position":[0,0,0.1]},"pupil_shocked_right":{"position":[0,0,-0.1]},"pupil_left":{"position":[0,0,0.1]},"pupil_shocked_left":{"position":[0,0,-0.1]},"mouth_closed":{"position":[0,0,0.1]},"mouth_open_shocked":{"position":[0,0,-0.1]},"eyebrow_right":{"position":[0,0,0]},"eyebrow_left":{"position":[0,0,0]},"eyebrow_angry_right":{"position":[0,0,0]},"eyebrow_angry_left":{"position":[0,0,0]}}},"animation.scorbunny_animeallstars.angry":{"loop":true,"bones":{"mouth_closed":{"position":[0,0.5,0]},"mouth_closed_right":{"position":[0,-1,0]},"mouth_closed_left":{"position":[0,-1,0]},"eyebrow_angry_right":{"rotation":[0,0,0],"position":[0,0.5,-0.1]},"eyebrow_angry_left":{"rotation":[0,0,0],"position":[0,0.5,-0.1]},"bandage":{"position":[0,0.5,0]},"eyebrow_angry_right2":{"position":[0,-1,0]},"eyebrow_angry_left2":{"position":[0,-1,0]}}},"animation.scorbunny_animeallstars.worried":{"loop":true,"bones":{"mouth_closed":{"position":[0,0.5,0]},"mouth_closed_right":{"position":[0,0,0.1]},"mouth_closed_left":{"position":[0,0,0.1]},"eyebrow_angry_right":{"rotation":[0,0,0],"position":[0,0.5,-0.1]},"eyebrow_angry_left":{"rotation":[0,0,0],"position":[0,0.5,-0.1]},"bandage":{"position":[0,0.25,0]}}},"animation.scorbunny_animeallstars.drowsy":{"loop":true,"bones":{"pupil_right":{"position":[0,0,0.1]},"pupil_shocked_right":{"position":[0,0,-0.1]},"pupil_left":{"position":[0,0,0.1]},"pupil_shocked_left":{"position":[0,0,-0.1]},"mouth_closed":{"position":[0,0,0.1]},"mouth_open_shocked":{"position":[0,0,-0.1]},"eyebrow_right":{"position":[0,0,-0.1]},"eyebrow_left":{"position":[0,0.5,-0.1]},"mouth_open":{"position":[0,0,0.1]}}},"animation.scorbunny_animeallstars.happy":{"loop":true,"bones":{"eyelid_happy_right":{"position":[-0.1,0,-0.1]},"eyelid_happy_left":{"position":[0.1,0,-0.1]},"mouth_closed":{"position":[0,0,0]},"mouth_closed_right":{"position":[0,0,0]},"mouth_closed_left":{"position":[0,0,0]}}},"animation.scorbunny_animeallstars.open_mouth":{"loop":true,"bones":{"neck":{"rotation":[10,0,0]},"head":{"rotation":[-15,0,0]},"mouth_closed":{"position":[0,0,0.1]},"mouth_open":{"position":[0,0,-0.1]}}},"animation.scorbunny_animeallstars.walk_speed":{"loop":true,"bones":{"body":{"position":[0,0,"-q.anim_time*40"]}}},"animation.scorbunny_animeallstars.ground_idle_UNUSED":{"loop":true,"animation_length":1,"bones":{"body":{"rotation":[5,0,0],"position":{"0.0":{"post":[0,0.59,0],"lerp_mode":"catmullrom"},"0.25":{"post":[0,-0.15,0],"lerp_mode":"catmullrom"},"0.5":{"post":[0,0.59,0],"lerp_mode":"catmullrom"},"0.75":{"post":[0,-0.15,0],"lerp_mode":"catmullrom"},"1.0":{"post":[0,0.59,0],"lerp_mode":"catmullrom"}}},"torso":{"rotation":["4.9668-Math.cos((query.anim_time-0.13) * 90 * 8) *1.5",-9.9519,"0.6566+Math.cos((query.anim_time-0.35) * 90 * 4) *2.5"],"position":[0,"Math.cos((query.anim_time-0.15) * 90 * 8) *0.07",0]},"neck":{"rotation":["-10.0743+Math.cos((query.anim_time+0.4) * 90 * 8) * 2",4.77692,-1.52578],"position":[0.14772,"0.0069-Math.cos((query.anim_time-0.15) * 90 * 8) *0.05",-0.02514]},"head":{"rotation":["-5.2437+Math.cos((query.anim_time+0.3) * 90 * 8) * 1",4.92846,"1.043-Math.cos((query.anim_time-0.55) * 90 * 4) *2"],"position":[0,"-Math.cos((query.anim_time-0.15) * 90 * 8) *0.1",0]},"leg_right":{"rotation":{"0.0":[-9.07,10.9,9.25],"0.0417":[-10.37,11.04,9.33],"0.2917":{"pre":[7.1515,9.20214,8.25],"post":[7.1515,9.20214,8.25],"lerp_mode":"catmullrom"},"0.5417":{"post":[-15.37,11.04,9.33],"lerp_mode":"catmullrom"},"0.7917":{"post":[2.12863,9.88405,7.41673],"lerp_mode":"catmullrom"},"1.0":[-9.07,10.9,9.25]},"position":{"0.0":[-0.15,-0.52376,0.01167],"0.0417":[-0.15,-0.43414,0.02039],"0.1667":{"pre":[-0.15,-0.34943,0.03693],"post":[-0.15,-0.34943,0.03693],"lerp_mode":"catmullrom"},"0.2917":{"post":[-0.2,-0.59876,-0.01833],"lerp_mode":"catmullrom"},"0.4167":[-0.15,-0.64829,0.01078],"0.5":[-0.15,-0.5549,0.01782],"0.5417":{"pre":[-0.15,-0.45905,0.01821],"post":[-0.15,-0.45905,0.01821],"lerp_mode":"catmullrom"},"0.6667":{"post":[-0.15,-0.34943,0.03693],"lerp_mode":"catmullrom"},"0.7917":[-0.2,-0.62149,-0.04541],"0.8333":[-0.2,-0.6949,-0.04218],"0.9167":[-0.175,-0.67319,0.0086],"1.0":[-0.15,-0.52376,0.01167]}},"leg_right2":{"rotation":{"0.0":[48.71,0,0],"0.0417":[49.81,0,0],"0.2917":{"pre":[35,0,0],"post":[35,0,0],"lerp_mode":"catmullrom"},"0.5417":{"post":[57.31,0,0],"lerp_mode":"catmullrom"},"0.7917":{"post":[44.75072,-1.36937,1.63647],"lerp_mode":"catmullrom"},"1.0":[48.71,0,0]}},"foot_right":{"rotation":{"0.0":[-26.08,-5.23,-9.71],"0.0417":[-24.91,-5.38,-9.69],"0.2917":{"pre":[-40.69398,-3.4,-10],"post":[-40.69398,-3.4,-10],"lerp_mode":"catmullrom"},"0.5417":{"post":[-24.91,-5.38,-9.69],"lerp_mode":"catmullrom"},"0.7917":{"post":[-43.10259,-3.83176,-10.38223],"lerp_mode":"catmullrom"},"1.0":[-26.08,-5.23,-9.71]},"position":{"0.0":[-0.21,-0.22,-0.02],"0.0417":[-0.22,-0.23,-0.01],"0.2917":{"pre":[-0.11931,-0.08719,-0.10718],"post":[-0.11931,-0.08719,-0.10718],"lerp_mode":"catmullrom"},"0.5417":{"post":[-0.22,-0.23,-0.01],"lerp_mode":"catmullrom"},"0.7917":{"post":[-0.11931,-0.08719,-0.10718],"lerp_mode":"catmullrom"},"1.0":[-0.21,-0.22,-0.02]}},"toe_right":{"rotation":{"0.0":[-15.74,0,0],"0.0417":[-16.66,0,0],"0.2917":{"pre":[-4.25,0,0],"post":[-4.25,0,0],"lerp_mode":"catmullrom"},"0.5417":{"post":[-19.16,0,0],"lerp_mode":"catmullrom"},"0.7917":{"post":[-6.68233,-0.07875,-0.57073],"lerp_mode":"catmullrom"},"1.0":[-15.74,0,0]}},"hair_right_top":{"rotation":[-25,0,"2.5-Math.cos((query.anim_time-0.37) * 90 * 8) * 3"]},"hair_left_top":{"rotation":[-25,0,"2.5+Math.cos((query.anim_time-0.39) * 90 * 8) * 3.5"]},"arm_right":{"rotation":[-7.42617,2.55406,"-34.2396+Math.cos((query.anim_time-0.2) * 90 * 8) * 3 - Math.cos((query.anim_time-0.3) * 90 * 4) * 1"],"position":[0.10329,-0.14355,0.22469]},"arm_right2":{"rotation":[0,-17.5,"Math.cos((query.anim_time-0.3) * 90 * 8) * 5"],"position":[0.03155,0.03569,0.01519]},"arm_left":{"rotation":[0,20,"37.5-Math.cos((query.anim_time-0.2) * 90 * 8) * 3 + Math.cos((query.anim_time-0.3) * 90 * 4) * 1"]},"arm_left2":{"rotation":[0,17.5,"-(Math.cos((query.anim_time-0.3) * 90 * 8) * 5)"],"position":[-0.03155,0.03569,0.01519]},"tail":{"rotation":["-22.5+Math.cos((query.anim_time-0.68) * 90 * 8) * 7",7.5,-5]},"leg_left":{"rotation":{"0.0":{"post":[-0.37,-11.04,-9.33],"lerp_mode":"catmullrom"},"0.25":{"post":[17.1515,-9.20214,-8.25],"lerp_mode":"catmullrom"},"0.5":{"post":[-0.37,-11.04,-9.33],"lerp_mode":"catmullrom"},"0.75":{"post":[17.1515,-9.20214,-8.25],"lerp_mode":"catmullrom"},"1.0":{"post":[-0.37,-11.04,-9.33],"lerp_mode":"catmullrom"}},"position":{"0.0":{"post":[0.4,-0.21,0.04],"lerp_mode":"catmullrom"},"0.125":{"post":[0.4,-0.2,0.05],"lerp_mode":"catmullrom"},"0.25":{"post":[0.4,-0.275,0.01],"lerp_mode":"catmullrom"},"0.375":{"post":[0.4,-0.2,0.05],"lerp_mode":"catmullrom"},"0.5":{"post":[0.4,-0.21,0.04],"lerp_mode":"catmullrom"},"0.625":{"post":[0.4,-0.2,0.05],"lerp_mode":"catmullrom"},"0.75":{"post":[0.4,-0.275,0.01],"lerp_mode":"catmullrom"},"0.875":{"post":[0.4,-0.2,0.05],"lerp_mode":"catmullrom"},"1.0":{"post":[0.4,-0.21,0.04],"lerp_mode":"catmullrom"}}},"leg_left2":{"rotation":{"0.0":{"post":[49.81,0,0],"lerp_mode":"catmullrom"},"0.25":{"post":[35,0,0],"lerp_mode":"catmullrom"},"0.5":{"post":[49.81,0,0],"lerp_mode":"catmullrom"},"0.75":{"post":[35,0,0],"lerp_mode":"catmullrom"},"1.0":{"post":[49.81,0,0],"lerp_mode":"catmullrom"}}},"foot_left":{"rotation":{"0.0":{"post":[-24.91,5.38,9.69],"lerp_mode":"catmullrom"},"0.25":{"post":[-40.69398,3.4,10],"lerp_mode":"catmullrom"},"0.5":{"post":[-24.91,5.38,9.69],"lerp_mode":"catmullrom"},"0.75":{"post":[-40.69398,3.4,10],"lerp_mode":"catmullrom"},"1.0":{"post":[-24.91,5.38,9.69],"lerp_mode":"catmullrom"}},"position":{"0.0":{"post":[0.21213,-0.22046,-0.07151],"lerp_mode":"catmullrom"},"0.25":{"post":[0.12824,-0.15048,-0.09251],"lerp_mode":"catmullrom"},"0.5":{"post":[0.21213,-0.22046,-0.07151],"lerp_mode":"catmullrom"},"0.75":{"post":[0.12824,-0.15048,-0.09251],"lerp_mode":"catmullrom"},"1.0":{"post":[0.21213,-0.22046,-0.07151],"lerp_mode":"catmullrom"}}},"toe_left":{"rotation":{"0.0":{"post":[-26.66,0,0],"lerp_mode":"catmullrom"},"0.25":{"post":[-14.25,0,0],"lerp_mode":"catmullrom"},"0.5":{"post":[-26.66,0,0],"lerp_mode":"catmullrom"},"0.75":{"post":[-14.25,0,0],"lerp_mode":"catmullrom"},"1.0":{"post":[-26.66,0,0],"lerp_mode":"catmullrom"}}},"hair_left_bottom":{"rotation":[0,0,"2.5+Math.cos((query.anim_time-0.44) * 90 * 8) * 3"]},"arm_right3":{"rotation":[0,0,"-3+Math.cos((query.anim_time-0.4) * 90 * 8) * 3"]},"arm_left3":{"rotation":[0,0,"3-Math.cos((query.anim_time-0.4) * 90 * 8) * 3"]},"ear_right":{"rotation":["-2.4967-Math.cos((query.anim_time-0.43) * 90 * 8) * 1.5",0.15066,"2.4955+Math.cos((query.anim_time-0.45) * 90 * 4) * 2"],"position":[-0.25,0,0]},"ear_right2":{"rotation":["-12.5-Math.cos((query.anim_time-0.56) * 90 * 8) * 3",0,"Math.cos((query.anim_time-0.60) * 90 * 4) * 4"],"position":[0,-0.2,0]},"ear_right3":{"rotation":["-20-Math.cos((query.anim_time-0.63) * 90 * 8) * 5",0,"Math.cos((query.anim_time-0.72) * 90 * 4) * 3"],"position":[0,-0.25,0]},"ear_left":{"rotation":["-4.4812-Math.cos((query.anim_time-0.40) * 90 * 8) * 1.5",0.79579,"4.9306+Math.cos((query.anim_time-0.40) * 90 * 4) * 1.5"],"position":[-0.25,0,0]},"ear_left2":{"rotation":["-10-Math.cos((query.anim_time-0.52) * 90 * 8) * 3",0,"Math.cos((query.anim_time-0.50) * 90 * 4) * 3.5"],"position":[0,-0.2,0]},"ear_left3":{"rotation":["-15-Math.cos((query.anim_time-0.60) * 90 * 8) * 5",0,"Math.cos((query.anim_time-0.60) * 90 * 4) * 3"],"position":[0,-0.25,0]},"ear_left4":{"rotation":[0,0,"Math.cos((query.anim_time-0.40)*90 * 4) * 3"]},"hair_right_bottom":{"rotation":[0,0,"2.5-Math.cos((query.anim_time-0.43) * 90 * 8) * 2.5 "]}}}}}