{"format_version":"1.8.0","animations":{"animation.serperior_loki.ground_idle":{"loop":true,"bones":{"body":{"rotation":["Math.cos((query.anim_time-0.2) * 90 * 1) * 2",0,0],"position":[0,4,0]},"neck2":{"rotation":[7.5,0,0]},"vine_left":{"rotation":[0,0,-90],"position":[-2,0,0]},"vine_left2":{"position":[-4,0,0]},"vine_left3":{"position":[-4,0,0]},"vine_left4":{"position":[-4,0,0]},"vine_left5":{"position":[-4,0,0]},"vine_left6":{"position":[-4,0,0]},"vine_left7":{"position":[-4,0,0]},"vine_left_end":{"position":[-3,0,0]},"vine_right":{"rotation":[0,0,90],"position":[2,0,0]},"vine_right2":{"position":[4,0,0]},"vine_right3":{"position":[4,0,0]},"vine_right4":{"position":[4,0,0]},"vine_right5":{"position":[4,0,0]},"vine_right6":{"position":[4,0,0]},"vine_right7":{"position":[4,0,0]},"vine_right_end":{"position":[3,0,0]},"head_rotation":{"rotation":["10+Math.cos((query.anim_time-0.8) * 90 * 1) * -6",0,0]},"ear_left":{"rotation":[-7.5,-5,0]},"ear_left2":{"rotation":[0,-5,0]},"ear_right":{"rotation":[-7.5,5,0]},"ear_right2":{"rotation":[0,5,0]},"segment1":{"rotation":[22.72183,9.6955,1.73294]},"arm_left":{"rotation":[8.75207,-50.11425,-55.00917]},"arm_left2":{"rotation":[0,-45,0]},"arm_right":{"rotation":[16.31827,50.17378,56.71886]},"arm_right2":{"rotation":[0,45,0]},"segment2":{"rotation":["26.1834+Math.cos((query.anim_time) * 90 * 1) * -3",12.82271,16.62149]},"segment3":{"rotation":[29.45793,-12.49746,-4.64042]},"segment6":{"rotation":[-31.4594,-45.46957,10.44053]},"segment7":{"rotation":[-14.10989,-36.34266,3.57809]},"segment8":{"rotation":["29.1777+Math.cos((query.anim_time-0.2) * 90 * 1) * -4","-49.7585+Math.cos((query.anim_time-0.6) * 90 * 1) * -4",-0.58851]},"segment9":{"rotation":[14.43461,-46.65934,-8.71674]},"segment4":{"rotation":[47.65469,-44.92991,-28.03723]},"segment5":{"rotation":[22.01394,"-35.962+Math.cos((query.anim_time) * 90 * 1) * 1",-0.07478]},"neck":{"rotation":["-12.5+Math.cos((query.anim_time-0.6) * 90 * 1) * 4",0,0]},"neck_leaf_left2":{"rotation":[2,0,0]},"neck_leaf_right2":{"rotation":[1,0,0]},"cape":{"rotation":["45+math.cos((q.anim_time)*360*0.5)*4",0,0]},"cape2":{"rotation":["20+math.cos((q.anim_time-0.1)*180*1)*6",0,0]},"cape3":{"rotation":["27.5+math.cos((q.anim_time-0.3)*180*1)*8",0,0]},"cape4":{"rotation":["7.5+math.cos((q.anim_time-0.3)*360*1)*8",0,0]}}},"animation.serperior_loki.ground_walk":{"loop":true,"bones":{"body":{"position":[0,2,"Math.cos((query.anim_time) * 90 * 2) * 1"]},"neck":{"rotation":["-20+Math.cos((query.anim_time-0.3) * 90 * 2) * -5",0,0]},"neck_leaf_left2":{"rotation":[-1,"0+Math.cos((query.anim_time) * 90 * 2) * 4",0]},"neck_leaf_right2":{"rotation":[-1,"0-(Math.cos((query.anim_time) * 90 * 2) * 4)",0]},"neck2":{"rotation":[17.4538,-0.15388,0.65402]},"vine_left":{"rotation":[8.10692,-46.96776,-101.02705],"position":[-1,0,0]},"vine_left2":{"rotation":[0,0,180]},"vine_left3":{"rotation":[0,0,-180]},"vine_left4":{"rotation":[0,0,180]},"vine_left5":{"rotation":[0,0,-180]},"vine_left6":{"rotation":[0,0,180]},"vine_left7":{"rotation":[0,0,180]},"vine_left_end":{"rotation":[0,0,180]},"vine_right":{"rotation":[8.10692,46.96776,101.02705]},"vine_right2":{"rotation":[0,0,-180]},"vine_right3":{"rotation":[0,0,180]},"vine_right4":{"rotation":[0,0,-180]},"vine_right5":{"rotation":[0,0,180]},"vine_right6":{"rotation":[0,0,-180]},"vine_right7":{"rotation":[0,0,-180]},"vine_right_end":{"rotation":[0,0,-180],"position":[0,1,0]},"head_rotation":{"rotation":["Math.cos((query.anim_time-0.5) * 90 * 2) * 5",0,0]},"ear_left2":{"rotation":[0,-10,0]},"ear_left3":{"rotation":[0,-12.5,0]},"ear_right2":{"rotation":[0,10,0]},"ear_right3":{"rotation":[0,12.5,0]},"segment1":{"rotation":["-5+Math.cos((query.anim_time-0.3) * 90 * 2) * -5",0,0]},"arm_left":{"rotation":[69.41164,-43.27775,-95.63498]},"arm_left2":{"rotation":[0,-32.5,0]},"arm_right":{"rotation":[69.41164,43.27775,95.63498]},"arm_right2":{"rotation":[0,30,0]},"segment2":{"rotation":["52.5+Math.cos((query.anim_time-0.3) * 90 * 2) * 5",0,"0+Math.cos((query.anim_time-1.25) * 90 * 4) * -5"]},"segment3":{"rotation":[42.5,"Math.cos((query.anim_time) * 90 * 4) * 10",0]},"segment4":{"rotation":[0,"Math.cos((query.anim_time) * 90 * 4 - 60) * 10",0]},"segment5":{"rotation":[0,"Math.cos((query.anim_time) * 90 * 4 - 120) * 10",0]},"segment6":{"rotation":[0,"Math.cos((query.anim_time) * 90 * 4 - 180) * 10",0]},"segment7":{"rotation":[0,"Math.cos((query.anim_time) * 90 * 4 - 240) * 15",0]},"segment8":{"rotation":[0,"Math.cos((query.anim_time) * 90 * 4 - 300) * 20",0]},"segment9":{"rotation":[0,"Math.cos((query.anim_time) * 90 * 4 - 360) * 5",0]},"cape":{"rotation":["72.5+math.cos((q.anim_time)*360*0.5)*12",0,0]},"cape2":{"rotation":["2.5+math.cos((q.anim_time-0.1)*180*1)*8",0,0]},"cape3":{"rotation":["7.5+math.cos((q.anim_time-0.3)*180*2)*15",0,0]},"cape4":{"rotation":["7.5+math.cos((q.anim_time-0.3)*180*2)*15",0,0]}}}}}