{"format_version":"1.8.0","animations":{"animation.varoom_frostbound.ground_walk":{"loop":true,"bones":{"body":{"position":[0,"0+math.clamp(math.sin(query.anim_time*90*1*12+260)*0.2,-0.0,0,1.5)",0]},"torso":{"rotation":[0,0,"0+math.sin(q.anim_time*90*6+0)*0.5"],"position":[0,"0+math.sin(q.anim_time*90*12-160)*0.1",0]},"back":{"rotation":["0+math.sin(q.anim_time*90*12+0)*1.5",0,"0+math.sin(q.anim_time*90*18+0)*2"]},"front":{"rotation":["0+math.sin(q.anim_time*90*12+0)*2",0,0]},"tail":{"rotation":["0+math.sin(q.anim_time*90*12+0)*2",0,0]},"tail2":{"rotation":["0+math.sin(q.anim_time*90*12-25)*1.5",0,0],"scale":["1+math.clamp(math.sin(query.anim_time*90*1*6+280)*0.005,-0.005,0.005)","1+math.clamp(math.sin(query.anim_time*90*1*6+280)*0.005,-0.005,0.005)","1+math.clamp(math.sin(query.anim_time*90*1*6+280)*0.05,-0.01,0.03)"]},"tail3":{"rotation":["0+math.sin(q.anim_time*90*12-55)*1",0,0],"scale":["1+math.clamp(math.sin(query.anim_time*90*1*6+220)*0.005,-0.005,0.005)","1+math.clamp(math.sin(query.anim_time*90*1*6+220)*0.005,-0.005,0.005)","1+math.clamp(math.sin(query.anim_time*90*1*6+220)*0.05,-0.01,0.03)"]}}},"animation.varoom_frostbound.ground_idle":{"loop":true,"bones":{"torso":{"rotation":["0+math.sin(q.anim_time*90*1.5-160)*1",0,0],"position":[0,"0+math.sin(q.anim_time*90*3-160)*0.1",0]},"back":{"rotation":["0+math.sin(q.anim_time*90*6+0)*1",0,"0+math.sin(q.anim_time*90*12+0)*0.5"]},"front":{"rotation":["0+math.sin(q.anim_time*90*3-190)*2",0,0]},"tail":{"rotation":["0+math.sin(q.anim_time*90*3-190)*2",0,0]},"tail2":{"rotation":["0+math.sin(q.anim_time*90*3-210)*2",0,0]},"tail3":{"rotation":["0+math.sin(q.anim_time*90*3-240)*2",0,0]}}},"animation.varoom_frostbound.sleep":{"loop":true,"bones":{"torso":{"rotation":["0+math.sin(q.anim_time*90*2-20+180)*1",0,0]},"eyelid_left":{"position":[0.1,0,0]},"eyelid_right":{"position":[-0.1,0,0]},"back":{"rotation":["0+math.sin(q.anim_time*90*2-50+180)*1",0,"0+math.sin(q.anim_time*90*6-75+180)*0.5"]},"front":{"rotation":["0+math.sin(q.anim_time*90*2-50+180)*2.5",0,0]},"tail":{"rotation":["-5+math.sin(q.anim_time*90*2-50+180)*1.5",0,0]},"tail2":{"rotation":["-10+math.sin(q.anim_time*90*2-75+180)*1",0,0]},"tail3":{"rotation":["5+math.sin(q.anim_time*90*2-100+180)*0.5",0,0]}}},"animation.varoom_frostbound.cry":{"animation_length":1.25,"bones":{"front":{"rotation":{"0.0":{"post":[0,0,0],"lerp_mode":"catmullrom"},"0.125":{"post":[1.25,0,0],"lerp_mode":"catmullrom"},"0.25":{"post":[-7.5,0,0],"lerp_mode":"catmullrom"},"1.0":{"post":[-7.5,0,0],"lerp_mode":"catmullrom"},"1.25":{"post":[0,0,0],"lerp_mode":"catmullrom"}}},"mouth":{"rotation":{"0.0":[0,0,0],"0.25":[2.5,0,0],"1.25":[0,0,0]},"position":{"0.0":[0,0,0],"0.25":[0,-0.5,0],"0.375":[0,-0.55,0],"0.5":[0,-0.5,0],"0.625":[0,-0.45,0],"0.75":[0,-0.5,0],"0.875":[0,-0.65,0],"1.0":[0,-0.6,0],"1.25":[0,0,0]},"scale":{"0.0":[1,1,1],"0.25":[1,1.1,1],"0.375":[1,1.1,1],"0.5":[1,1.1,1],"0.625":[1,1.05,1],"0.75":[1,1.1,1],"0.875":[1,1.02,1],"1.0417":[1,1.05,1],"1.25":[1,1,1]}},"torso":{"rotation":{"0.0":{"post":[0,0,0],"lerp_mode":"catmullrom"},"0.125":{"post":[2,0,0],"lerp_mode":"catmullrom"},"0.375":{"post":[-0.15,0,0],"lerp_mode":"catmullrom"},"1.25":{"post":[0,0,0],"lerp_mode":"catmullrom"}}}}},"animation.varoom_frostbound.blink":{"animation_length":0.1667,"bones":{"eyelid_left":{"position":{"0.0":[0.1,0,0],"0.125":[0.1,0,0],"0.1667":[0,0,0]}},"eyelid_right":{"position":{"0.0":[-0.1,0,0],"0.125":[-0.1,0,0],"0.1667":[0,0,0]}}}}}}