{"format_version":"1.8.0","animations":{"animation.venusaur_mega_hauntedhalloween.render2":{"loop":true,"bones":{"jaw":{"rotation":[17.5,0,0]},"torso":{"rotation":[-5,0,0]},"neck_flap":{"rotation":[20,0,0]},"arm_left":{"rotation":[9.96546,-15,-5.35697]},"elbow_left":{"rotation":[-15,0,0]},"hand_left":{"rotation":[5,0,6]},"torso2":{"rotation":[7.49746,-0.19577,1.48717]},"arm_right":{"rotation":[9.96546,1.5951,5.357]},"elbow_right":{"rotation":[-15,0,0]},"hand_right":{"rotation":[5,0,-6]},"leg_left":{"rotation":[7.5,-55,0]},"knee_left":{"rotation":[12.5,0,0]},"foot_left":{"rotation":[-20,0,0]},"leg_right":{"rotation":[7.5,45,0]},"knee_right":{"rotation":[12.5,0,0]},"foot_right":{"rotation":[-20,0,0]},"leaf_front":{"rotation":[2.5,0,0]},"leaf_front2":{"rotation":[0,0,0]},"leaf_front4":{"rotation":[-2.5,0,0]},"leaf_front3":{"rotation":[27.5,0,0]},"leaf_left":{"rotation":[5.2844,19.48625,-0.71377]},"leaf_left2":{"rotation":[0,0,25]},"leaf_left3":{"rotation":[0,0,35]},"leaf_left4":{"rotation":[0,0,-30]},"leaf_back2":{"rotation":["-6.5-7.5",0,0]},"leaf_back3":{"rotation":[-32.5,0,0]},"leaf_back4":{"rotation":[22.5,0,0]},"vine_right":{"rotation":[-16.15415,-13.2936,23.12641]},"vine_right2":{"rotation":[-0.6574,7.4713,-5.04292]},"vine_right3":{"rotation":[-1.6575,12.39135,-7.67995]},"vine_right4":{"rotation":[-2.20462,12.3071,-10.23772]},"vine_right5":{"rotation":[-1.08482,4.88119,-12.54624]},"vine_right6":{"rotation":[0,-12.5,0]},"vine_right7":{"rotation":[-2.26708,-7.15102,17.64168]},"vine_right_end":{"rotation":[0,-20,0]},"vine_right8":{"rotation":[-3.81397,-11.91276,17.89807]},"vine_right9":{"rotation":[-9.8491,-28.48042,20.00533]},"vine_right10":{"rotation":[-12.2127,-43.65747,17.40744]},"vine_right11":{"rotation":[0,-22.5,0]},"vine_right12":{"rotation":[0,-27.5,0]},"vine_left":{"rotation":[0,-35,0]},"vine_left2":{"rotation":[0,12.5,0]},"vine_left3":{"rotation":[0.6574,7.4713,5.04292]},"vine_left4":{"rotation":[1.75378,9.84655,10.15108]},"vine_left5":{"rotation":[1.63219,7.32123,12.60443]},"vine_left6":{"rotation":[0,-12.5,0]},"vine_left7":{"rotation":[6.1191,-21.69365,-16.17354]},"vine_left8":{"rotation":[6.42848,-26.79524,-14.03271]},"vine_left9":{"rotation":[2.60017,7.82624,-14.42786]},"vine_left10":{"rotation":[-7.85085,31.63886,-14.72765]},"vine_left11":{"rotation":[0,30,0]},"vine_left12":{"rotation":[0,17.5,0]},"vine_left_end":{"rotation":[0,17.5,0]},"leaf_front5":{"rotation":[32.5,0,0]},"leaf_left_back":{"rotation":[0,-19.48625,-0.71377]},"leaf_left_back2":{"rotation":[0,0,25]},"leaf_left_back3":{"rotation":[0,0,35]},"leaf_left_back4":{"rotation":[0,0,-30]},"leaf_front6":{"rotation":[0,0,-52.5]},"leaf_left_back5":{"rotation":[0,0,-52.5]},"leaf_right":{"rotation":[5.2844,-19.48625,0.71377]},"leaf_right2":{"rotation":[0,0,-25]},"leaf_right3":{"rotation":[0,0,-35]},"leaf_right4":{"rotation":[0,0,30]},"leaf_front7":{"rotation":[0,0,52.5]},"leaf_right_back":{"rotation":[0,19.48625,0.71377]},"leaf_right_back2":{"rotation":[0,0,-25]},"leaf_right_back3":{"rotation":[0,0,-35]},"leaf_right_back4":{"rotation":[0,0,30]},"leaf_right_back5":{"rotation":[0,0,52.5]},"leaf_front12":{"rotation":[32.5,0,0]},"leaf_back5":{"rotation":[22.5,0,0]},"bone4":{"rotation":[-56.50289,-5.0683,-8.64508]},"bone5":{"rotation":[22.19157,3.81024,-9.25249]},"bone9":{"rotation":[-33.60502,-17.72091,-24.60981]},"bone8":{"rotation":[-35.90686,10.58927,17.06488]},"bone7":{"rotation":[-26.01349,20.20435,35.28664]},"bone6":{"rotation":[31.28223,-9.29798,14.89149]},"bone12":{"rotation":[-35.26439,30,35.26439]},"bone11":{"rotation":[-35.3335,-13.47157,-18.19144]},"bone10":{"rotation":[-22.19157,3.81024,9.25249]},"bone13":{"rotation":[33.72587,8.94253,-29.56103]},"bone14":{"rotation":[19.32269,23.92746,-26.341]},"bone2":{"rotation":[19.32269,23.92746,-26.341]},"small_leaf3":{"rotation":[0,-35,0]},"small_leaf2":{"rotation":[0,32.5,0]},"small_leaf":{"rotation":[0,45,0]},"small_leaf4":{"rotation":[-3.61644,-19.6835,33.12758]},"small_leaf5":{"rotation":[0,32.5,0]},"small_leaf6":{"rotation":[0,-42.5,0]},"small_leaf7":{"rotation":[15.02126,-13.35981,-26.76926]},"small_leaf8":{"rotation":[0,32.5,0]},"bone":{"rotation":[0,-32.5,0]},"leaf":{"rotation":[0,0,-40]},"leaf2":{"rotation":[0,0,45]},"palm_left":{"rotation":[0,0,10]},"palm_left2":{"rotation":[0,0,15]},"palm_left3":{"rotation":[0,0,15]},"palm_leaf_bot":{"rotation":[-1.09041,-4.20157,-28.92092]},"palm_leaf_bot2":{"rotation":[10,0,0]},"palm_leaf_bot3":{"rotation":[10,0,0]},"palm_leaf_bot4":{"rotation":[10,0,0]},"palm_leaf_bot5":{"rotation":[10,0,0]},"palm_leaf_top":{"rotation":[176.40959,94.20157,-208.92092]},"palm_leaf_top2":{"rotation":[10,0,0]},"palm_leaf_top3":{"rotation":[10,0,0]},"palm_leaf_top4":{"rotation":[10,0,0]},"palm_leaf_top5":{"rotation":[10,0,0]},"palm_leaf_mid":{"rotation":[-22.5,0,0]},"palm_leaf_mid2":{"rotation":[10,0,0]},"palm_leaf_mid3":{"rotation":[10,0,0]},"palm_leaf_mid4":{"rotation":[10,0,0]},"palm_leaf_mid5":{"rotation":[10,0,0]},"palm_right":{"rotation":[0,0,-10]},"palm_right2":{"rotation":[0,0,-15]},"palm_right3":{"rotation":[0,0,-15]},"palm_leaf_bot6":{"rotation":[-1.09041,4.20157,28.92092]},"palm_leaf_bot7":{"rotation":[10,0,0]},"palm_leaf_bot8":{"rotation":[10,0,0]},"palm_leaf_bot9":{"rotation":[10,0,0]},"palm_leaf_bot10":{"rotation":[10,0,0]},"palm_leaf_top6":{"rotation":[176.40959,-94.20157,208.92092]},"palm_leaf_top7":{"rotation":[10,0,0]},"palm_leaf_top8":{"rotation":[10,0,0]},"palm_leaf_top9":{"rotation":[10,0,0]},"palm_leaf_top10":{"rotation":[10,0,0]},"palm_leaf_mid6":{"rotation":[-22.5,0,0]},"palm_leaf_mid7":{"rotation":[10,0,0]},"palm_leaf_mid8":{"rotation":[10,0,0]},"palm_leaf_mid9":{"rotation":[10,0,0]},"palm_leaf_mid10":{"rotation":[10,0,0]}}}}}