{"format_version":"1.8.0","animations":{"animation.latias_mega.air_fly":{"loop":true,"animation_length":8,"bones":{"wing_right":{"rotation":[0,0,"(math.sin(q.anim_time*180)*-15)"]},"wing_left":{"rotation":[0,0,"(math.sin(q.anim_time*180)*15)"]},"latias_mega":{"position":[0,5,0]},"body":{"rotation":[20,"(math.sin(q.anim_time*45)*5) ","(math.cos(q.anim_time*180)*10)"],"position":["(math.cos(q.anim_time*180)*2) ","3+(math.sin(q.anim_time*90)*1)","(math.sin(q.anim_time*90)*1) "]},"torso":{"rotation":[-25,0,0],"position":[0,0,0]},"arm_right":{"rotation":[0,0,-40]},"arm_right2":{"rotation":[201.19589,"-12.8595+(math.cos(q.anim_time*180)*-15)",27.3568],"position":[1,0,0]},"arm_left":{"rotation":[0,0,40]},"arm_left2":{"rotation":[201.19589,"12.8595+(math.cos(q.anim_time*180)*-15)",-27.35678],"position":[-1,1,-1]},"neck":{"rotation":["10+(math.cos(q.anim_time*180)*5)",0,0],"position":{"0.0":[0,0,2],"4.0":[0,0,3],"8.0":[0,0,2]}},"head":{"rotation":["-10+(math.cos(q.anim_time*180)*2.5)",0,0]},"rotation":{"position":{"0.0":[0,0,0],"4.0":[0,0,1],"8.0":[0,0,0]}},"foot":{"rotation":["85+math.sin(q.anim_time*90*2-45)*4",0,0],"position":[0,2,-1]},"tail":{"rotation":[-20,"4*(math.sin(q.anim_time*90*3)*1)+4*(math.sin(q.anim_time*90*3/2)*1)",0],"position":[0,0,-1]},"bone2":{"rotation":[0,0,7.5],"position":[0,-0.3,0]},"bone":{"rotation":[7.5,0,0],"position":[0,-0.3,0]}}},"animation.latias_mega.blink":{"animation_length":0.1667,"bones":{"eye_lid_left":{"position":{"0.0":[0.1,0,0],"0.125":[0.1,0,0],"0.1667":[0,0,0]}},"eye_lid_right":{"position":{"0.0":[0,0,-0.1],"0.125":[0,0,-0.1],"0.1667":[0,0,0]}}}},"animation.latias_mega.sleep":{"loop":true,"animation_length":8,"bones":{"wing_right":{"rotation":[0,0,"-35+(math.sin(q.anim_time*180)*-2.5)"]},"wing_left":{"rotation":[0,0,"35+(math.sin(q.anim_time*180)*2.5)"]},"body":{"rotation":["(math.cos(q.anim_time*180)*0.5)",0,0],"position":[0,"(math.cos(q.anim_time*180)*-0.1)",0]},"torso":{"rotation":[-5,0,0],"position":[0,0.25,0]},"arm_right":{"rotation":[205,-35,-40]},"arm_right2":{"rotation":[0,0,-55]},"arm_left":{"rotation":[212.5,35,40]},"arm_left2":{"rotation":[0,0,50]},"neck":{"rotation":["15+(math.cos(q.anim_time*180)*0.5)",-22.5,0]},"head":{"rotation":["(math.cos(q.anim_time*180)*2.5)",-22.5,0]},"eye_lid_left":{"position":[0.1,0,0]},"eye_lid_right":{"position":[0,0,-0.1]},"foot":{"rotation":[80,0,0],"position":[0,2,0]}}},"animation.latias_mega.air_idle":{"loop":true,"animation_length":8,"bones":{"wing_right":{"rotation":[0,0,"45+(math.sin(q.anim_time*90*3*1.5-60)*5)"]},"wing_left":{"rotation":[0,0,"-45+(math.sin(q.anim_time*90*3*1.5-60)*5)"]},"latias_mega":{"position":{"0.0":[0,5,0],"4.0":[0,7,0],"8.0":[0,5,0]}},"body":{"rotation":[0,0,"(math.cos(q.anim_time*180)*2.5)"],"position":["(math.cos(q.anim_time*180)*1)","2+(math.cos(q.anim_time*90)*0.1)",0]},"torso":{"rotation":[-45,0,0],"position":[0,3,0]},"arm_right":{"rotation":[41.542,23.37058,-48.13503],"position":[0,0,-2]},"arm_right2":{"rotation":[-25.02202,37.5997,"43.7133+(math.cos(q.anim_time*180)*2.5)"],"position":[0,0,-1]},"arm_left":{"rotation":[41.542,-23.3706,48.135],"position":[0,0,-2]},"arm_left2":{"rotation":[-19.58212,-37.59974,"-48.3354+(math.cos(q.anim_time*180)*2.5)"],"position":[0,0,-1]},"neck":{"rotation":["12.5+math.sin(q.anim_time*90*2-45)*2",0,0],"position":[0,-1,3]},"head":{"rotation":[40,0,0]},"rotation":{"rotation":["17.6679+math.sin(q.anim_time*90*2-45)*3",0.88876,10.85381]},"foot":{"rotation":["85+math.sin(q.anim_time*90*2-45)*4",0,0],"position":[0,2,0]},"tail":{"rotation":[17.5,"4*(math.sin(q.anim_time*90*3)*1)+4*(math.sin(q.anim_time*90*3/2)*1)",0],"position":[0,0,-1]}}}}}